# 3ds Max Wavefront OBJ Exporter v0.97b
mtllib table.mtl

# object Nikari_side_table
usemtl wire_154154229
v 28.8483 18.5571 -20.4496
...
v  28.8483 18.5571 -20.4496
v  29.7379 19.6929 -21.0801
v  29.7548 19.6872 -20.6538
v  28.8735 18.5628 -20.0421
v  28.7822 18.5506 -20.8446
v  29.6802 19.6994 -21.4949
v  28.6790 18.5453 -21.2264
v  29.5821 19.7047 -21.8948
v  28.5407 18.5413 -21.5931
v  29.4458 19.7087 -22.2778
v  28.3693 18.5385 -21.9425
v  29.2733 19.7115 -22.6417
v  28.1668 18.5369 -22.2727
v  29.0667 19.7131 -22.9844
v  27.9351 18.5365 -22.5817
v  28.8284 19.7135 -23.3037
v  28.5602 19.7128 -23.5977
v  27.6763 18.5372 -22.8674
v  28.2644 19.7110 -23.8642
v  27.3924 18.5390 -23.1279
v  27.9431 19.7080 -24.1010
v  27.0853 18.5420 -23.3611
v  27.5984 19.7039 -24.3061
v  26.7571 18.5461 -23.5651
v  27.2324 19.6985 -24.4772
v  26.4098 18.5515 -23.7379
v  26.8472 19.6919 -24.6124
v  26.0455 18.5581 -23.8774
v  26.4449 19.6841 -24.7094
v  25.6660 18.5659 -23.9816
v  26.0278 19.6750 -24.7664
v  25.2733 18.5750 -24.0484
v  25.5998 19.6677 -24.7829
v  24.8675 18.5823 -24.0740
v  -25.5998 19.6677 -24.7829
v  -24.8675 18.5823 -24.0740
v  -25.2733 18.5750 -24.0484
v  -26.0278 19.6750 -24.7664
v  -25.6660 18.5659 -23.9816
v  -26.4449 19.6841 -24.7094
v  -26.0455 18.5581 -23.8774
v  -26.8472 19.6919 -24.6124
v  -26.4098 18.5515 -23.7379
v  -27.2324 19.6985 -24.4772
v  -26.7571 18.5461 -23.5651
v  -27.5984 19.7039 -24.3061
v  -27.0853 18.5420 -23.3611
v  -27.9431 19.7080 -24.1010
v  -27.3924 18.5390 -23.1279
v  -28.2644 19.7110 -23.8642
v  -27.6763 18.5372 -22.8674
v  -28.5602 19.7128 -23.5977
v  -27.9351 18.5365 -22.5817
v  -28.8284 19.7135 -23.3037
v  -29.0667 19.7131 -22.9844
v  -28.1668 18.5369 -22.2727
v  -29.2733 19.7115 -22.6417
v  -28.3693 18.5385 -21.9425
v  -29.4458 19.7087 -22.2778
v  -28.5407 18.5413 -21.5931
v  -29.5821 19.7047 -21.8948
v  -28.6790 18.5453 -21.2264
v  -29.6802 19.6994 -21.4949
v  -28.7822 18.5506 -20.8446
v  -29.7379 19.6929 -21.0801
v  -28.8483 18.5571 -20.4496
v  -29.7548 19.6872 -20.6538
v  -28.8735 18.5628 -20.0421
v  -29.7548 19.6872 20.6538
v  -28.8735 18.5628 20.0421
v  -28.8483 18.5571 20.4496
v  -29.7379 19.6929 21.0801
v  -28.7822 18.5506 20.8446
v  -29.6802 19.6994 21.4949
v  -28.6790 18.5453 21.2264
v  -29.5821 19.7047 21.8948
v  -28.5407 18.5413 21.5931
v  -29.4458 19.7087 22.2778
v  -28.3693 18.5385 21.9425
v  -29.2733 19.7115 22.6417
v  -28.1668 18.5369 22.2727
v  -29.0667 19.7131 22.9844
v  -27.9351 18.5365 22.5817
v  -28.8284 19.7135 23.3037
v  -28.5602 19.7128 23.5977
v  -27.6763 18.5372 22.8674
v  -28.2644 19.7110 23.8642
v  -27.3924 18.5390 23.1279
v  -27.9431 19.7080 24.1010
v  -27.0853 18.5420 23.3611
v  -27.5984 19.7039 24.3061
v  -26.7571 18.5461 23.5651
v  -27.2324 19.6985 24.4772
v  -26.4098 18.5515 23.7379
v  -26.8472 19.6919 24.6124
v  -26.0455 18.5581 23.8774
v  -26.4449 19.6841 24.7094
v  -25.6660 18.5659 23.9816
v  -26.0278 19.6750 24.7664
v  -25.2733 18.5750 24.0484
v  -25.5998 19.6677 24.7829
v  -24.8675 18.5823 24.0740
v  25.5998 19.6677 24.7829
v  24.8675 18.5823 24.0740
v  25.2733 18.5750 24.0484
v  26.0278 19.6750 24.7664
v  25.6660 18.5659 23.9816
v  26.4449 19.6841 24.7094
v  26.0455 18.5581 23.8774
v  26.8472 19.6919 24.6124
v  26.4098 18.5515 23.7379
v  27.2324 19.6985 24.4772
v  26.7571 18.5461 23.5651
v  27.5984 19.7039 24.3061
v  27.0853 18.5420 23.3611
v  27.9431 19.7080 24.1010
v  27.3924 18.5390 23.1279
v  28.2644 19.7110 23.8642
v  27.6763 18.5372 22.8674
v  28.5602 19.7128 23.5977
v  27.9351 18.5365 22.5817
v  28.8284 19.7135 23.3037
v  29.0667 19.7131 22.9844
v  28.1668 18.5369 22.2727
v  29.2733 19.7115 22.6417
v  28.3693 18.5385 21.9425
v  29.4458 19.7087 22.2778
v  28.5407 18.5413 21.5931
v  29.5821 19.7047 21.8948
v  28.6790 18.5453 21.2264
v  29.6802 19.6994 21.4949
v  28.7822 18.5506 20.8446
v  29.7379 19.6929 21.0801
v  28.8483 18.5571 20.4496
v  29.7548 19.6872 20.6538
v  28.8735 18.5628 20.0421
v  -27.6294 18.2500 -21.8843
v  -27.4224 18.2500 -22.1622
v  -27.1896 18.2500 -22.4182
v  -27.8087 18.2500 -21.5868
v  -27.9584 18.2500 -21.2714
v  -28.0764 18.2500 -20.9403
v  -28.1607 18.2500 -20.5953
v  -26.9336 18.2500 -22.6510
v  -26.6557 18.2500 -22.8580
v  -26.3581 18.2500 -23.0373
v  -26.0428 18.2500 -23.1870
v  -25.7117 18.2500 -23.3050
v  -25.3667 18.2500 -23.3893
v  -28.2093 18.2500 -20.2386
v  -25.0100 18.2500 -23.4379
v  -24.6332 18.2500 -23.4570
v  -28.2284 18.2500 -19.8618
v  -28.2284 18.2500 19.8618
v  -28.2093 18.2500 20.2386
v  -28.1607 18.2500 20.5953
v  -28.0763 18.2500 20.9403
v  -27.9584 18.2500 21.2714
v  -27.8087 18.2500 21.5868
v  -27.6294 18.2500 21.8843
v  -27.4224 18.2500 22.1622
v  -27.1896 18.2500 22.4182
v  -26.9336 18.2500 22.6510
v  -26.6557 18.2500 22.8580
v  -26.3582 18.2500 23.0373
v  -26.0428 18.2500 23.1870
v  -25.7117 18.2500 23.3050
v  -25.3667 18.2500 23.3893
v  -25.0100 18.2500 23.4379
v  -24.6332 18.2500 23.4570
v  24.6332 18.2500 -23.4570
v  25.0100 18.2500 -23.4379
v  25.3667 18.2500 -23.3893
v  25.7117 18.2500 -23.3050
v  26.0428 18.2500 -23.1870
v  26.3582 18.2500 -23.0373
v  26.6557 18.2500 -22.8580
v  26.9336 18.2500 -22.6510
v  27.1896 18.2500 -22.4182
v  27.4224 18.2500 -22.1622
v  27.6294 18.2500 -21.8843
v  27.8087 18.2500 -21.5868
v  27.9584 18.2500 -21.2714
v  28.0763 18.2500 -20.9403
v  28.1607 18.2500 -20.5953
v  28.2093 18.2500 -20.2386
v  28.2284 18.2500 -19.8618
v  28.2284 18.2500 19.8618
v  24.6332 18.2500 23.4570
v  28.2093 18.2500 20.2386
v  28.1607 18.2500 20.5953
v  28.0764 18.2500 20.9403
v  27.9584 18.2500 21.2714
v  27.8087 18.2500 21.5868
v  27.6294 18.2500 21.8843
v  27.4224 18.2500 22.1622
v  27.1896 18.2500 22.4182
v  26.9336 18.2500 22.6510
v  26.6557 18.2500 22.8580
v  26.3581 18.2500 23.0373
v  26.0428 18.2500 23.1870
v  25.7117 18.2500 23.3050
v  25.3667 18.2500 23.3893
v  25.0100 18.2500 23.4379
v  25.8139 20.0000 24.6000
v  26.2102 20.0000 24.5800
v  26.5847 20.0000 24.5227
v  26.9461 20.0000 24.4297
v  27.2926 20.0000 24.3027
v  27.6224 20.0000 24.1437
v  27.9337 20.0000 23.9544
v  28.2246 20.0000 23.7369
v  28.4929 20.0000 23.4929
v  28.7369 20.0000 23.2246
v  28.9544 20.0000 22.9337
v  29.1437 20.0000 22.6224
v  29.3027 20.0000 22.2926
v  29.4297 20.0000 21.9461
v  29.5227 20.0000 21.5847
v  29.5800 20.0000 21.2102
v  29.6000 20.0000 20.8139
v  -25.8139 20.0000 24.6000
v  -28.4929 20.0000 -23.4929
v  -28.7369 20.0000 -23.2246
v  -28.9544 20.0000 -22.9337
v  -29.1437 20.0000 -22.6224
v  -29.3027 20.0000 -22.2926
v  -29.4297 20.0000 -21.9461
v  -29.5227 20.0000 -21.5847
v  -28.2246 20.0000 -23.7369
v  -27.9337 20.0000 -23.9544
v  -27.6224 20.0000 -24.1437
v  -27.2926 20.0000 -24.3027
v  -26.9461 20.0000 -24.4297
v  -26.5847 20.0000 -24.5227
v  -29.5800 20.0000 -21.2102
v  -26.2102 20.0000 -24.5800
v  -25.8139 20.0000 -24.6000
v  -29.6000 20.0000 -20.8139
v  -29.6000 20.0000 20.8139
v  -29.5800 20.0000 21.2102
v  -29.5227 20.0000 21.5847
v  -29.4297 20.0000 21.9461
v  -29.3027 20.0000 22.2926
v  -29.1437 20.0000 22.6224
v  -28.9544 20.0000 22.9337
v  -28.7369 20.0000 23.2246
v  -28.4929 20.0000 23.4929
v  -28.2246 20.0000 23.7369
v  -27.9337 20.0000 23.9544
v  -27.6224 20.0000 24.1437
v  -27.2926 20.0000 24.3027
v  -26.9461 20.0000 24.4297
v  -26.5847 20.0000 24.5227
v  -26.2102 20.0000 24.5800
v  25.8139 20.0000 -24.6000
v  26.2102 20.0000 -24.5800
v  26.5847 20.0000 -24.5227
v  26.9461 20.0000 -24.4297
v  27.2926 20.0000 -24.3027
v  27.6224 20.0000 -24.1437
v  27.9337 20.0000 -23.9544
v  28.2246 20.0000 -23.7369
v  28.4929 20.0000 -23.4929
v  28.7369 20.0000 -23.2246
v  28.9544 20.0000 -22.9337
v  29.1437 20.0000 -22.6224
v  29.3027 20.0000 -22.2926
v  29.4297 20.0000 -21.9461
v  29.5227 20.0000 -21.5847
v  29.5800 20.0000 -21.2102
v  29.6000 20.0000 -20.8139
v  29.8299 19.7829 -20.7059
v  29.8089 19.7836 -21.1305
v  28.7773 18.4664 -20.3992
v  28.7985 18.4671 -19.9900
v  29.7464 19.7841 -21.5428
v  28.7161 18.4659 -20.7967
v  29.6443 19.7846 -21.9408
v  28.6168 18.4654 -21.1804
v  29.5048 19.7849 -22.3224
v  28.4817 18.4651 -21.5484
v  29.3300 19.7851 -22.6855
v  28.3126 18.4649 -21.8986
v  29.1219 19.7852 -23.0280
v  28.1116 18.4648 -22.2291
v  28.8828 19.7853 -23.3477
v  27.8807 18.4647 -22.5377
v  28.6146 19.7852 -23.6427
v  27.6219 18.4648 -22.8224
v  28.3195 19.7851 -23.9107
v  27.3373 18.4649 -23.0814
v  27.9996 19.7848 -24.1497
v  27.0288 18.4652 -23.3124
v  27.6570 19.7845 -24.3576
v  26.6986 18.4655 -23.5135
v  27.2937 19.7840 -24.5323
v  26.3485 18.4660 -23.6827
v  26.9120 19.7835 -24.6717
v  25.9807 18.4665 -23.8180
v  26.5138 19.7829 -24.7737
v  25.5971 18.4671 -23.9173
v  26.1012 19.7821 -24.8362
v  25.1998 18.4679 -23.9786
v  25.6765 19.7813 -24.8572
v  24.7909 18.4687 -23.9998
v  -25.6765 19.7813 -24.8572
v  -24.7909 18.4687 -23.9998
v  -26.1012 19.7821 -24.8362
v  -25.1998 18.4679 -23.9786
v  -26.5137 19.7829 -24.7737
v  -25.5971 18.4671 -23.9173
v  -26.9120 19.7835 -24.6717
v  -25.9807 18.4665 -23.8180
v  -27.2937 19.7840 -24.5323
v  -26.3485 18.4660 -23.6827
v  -27.6570 19.7845 -24.3576
v  -26.6986 18.4655 -23.5135
v  -27.9996 19.7848 -24.1497
v  -27.0288 18.4652 -23.3124
v  -28.3195 19.7851 -23.9107
v  -27.3373 18.4649 -23.0814
v  -28.6146 19.7852 -23.6427
v  -27.6219 18.4648 -22.8224
v  -28.8828 19.7853 -23.3477
v  -27.8807 18.4647 -22.5377
v  -29.1219 19.7852 -23.0280
v  -28.1116 18.4648 -22.2291
v  -29.3300 19.7851 -22.6855
v  -28.3126 18.4649 -21.8986
v  -29.5048 19.7849 -22.3224
v  -28.4817 18.4651 -21.5484
v  -29.6443 19.7846 -21.9408
v  -28.6168 18.4654 -21.1804
v  -29.7464 19.7841 -21.5428
v  -28.7161 18.4659 -20.7967
v  -29.8089 19.7836 -21.1305
v  -28.7773 18.4664 -20.3992
v  -29.8299 19.7829 -20.7059
v  -28.7985 18.4671 -19.9900
v  -29.8299 19.7829 20.7059
v  -28.7985 18.4671 19.9900
v  -29.8089 19.7836 21.1305
v  -28.7773 18.4664 20.3992
v  -29.7464 19.7841 21.5428
v  -28.7161 18.4659 20.7967
v  -29.6443 19.7846 21.9408
v  -28.6168 18.4654 21.1804
v  -29.5048 19.7849 22.3224
v  -28.4817 18.4651 21.5484
v  -29.3300 19.7851 22.6855
v  -28.3126 18.4649 21.8986
v  -29.1219 19.7852 23.0280
v  -28.1116 18.4648 22.2291
v  -28.8828 19.7853 23.3477
v  -27.8807 18.4647 22.5377
v  -28.6146 19.7852 23.6427
v  -27.6219 18.4648 22.8224
v  -28.3195 19.7851 23.9107
v  -27.3373 18.4649 23.0814
v  -27.9996 19.7848 24.1497
v  -27.0288 18.4652 23.3124
v  -27.6570 19.7845 24.3576
v  -26.6986 18.4655 23.5135
v  -27.2937 19.7840 24.5323
v  -26.3485 18.4660 23.6827
v  -26.9120 19.7835 24.6717
v  -25.9807 18.4665 23.8180
v  -26.5138 19.7829 24.7737
v  -25.5971 18.4671 23.9173
v  -26.1012 19.7821 24.8362
v  -25.1998 18.4679 23.9786
v  -25.6765 19.7813 24.8572
v  -24.7909 18.4687 23.9998
v  25.6765 19.7813 24.8572
v  24.7909 18.4687 23.9998
v  26.1012 19.7821 24.8362
v  25.1998 18.4679 23.9786
v  26.5137 19.7829 24.7737
v  25.5971 18.4671 23.9173
v  26.9120 19.7835 24.6717
v  25.9807 18.4665 23.8180
v  27.2937 19.7840 24.5323
v  26.3485 18.4660 23.6827
v  27.6570 19.7845 24.3576
v  26.6986 18.4655 23.5135
v  27.9996 19.7848 24.1497
v  27.0288 18.4652 23.3124
v  28.3195 19.7851 23.9107
v  27.3373 18.4649 23.0814
v  28.6146 19.7852 23.6427
v  27.6219 18.4648 22.8224
v  28.8828 19.7853 23.3477
v  27.8807 18.4647 22.5377
v  29.1219 19.7852 23.0280
v  28.1116 18.4648 22.2291
v  29.3300 19.7851 22.6855
v  28.3126 18.4649 21.8986
v  29.5048 19.7849 22.3224
v  28.4817 18.4651 21.5484
v  29.6443 19.7846 21.9408
v  28.6168 18.4654 21.1804
v  29.7464 19.7841 21.5428
v  28.7161 18.4659 20.7967
v  29.8089 19.7836 21.1305
v  28.7773 18.4664 20.3992
v  29.8299 19.7829 20.7059
v  28.7985 18.4671 19.9900
v  24.6357 18.2500 23.5571
v  -24.6357 18.2500 23.5571
v  -25.0201 18.2500 23.5379
v  -25.3857 18.2500 23.4820
v  -25.7385 18.2500 23.3912
v  -26.0767 18.2500 23.2672
v  -26.3987 18.2500 23.1120
v  -26.7026 18.2500 22.9273
v  -26.9864 18.2500 22.7150
v  -27.2483 18.2500 22.4769
v  -27.4864 18.2500 22.2150
v  -27.6987 18.2500 21.9312
v  -27.8834 18.2500 21.6273
v  -28.0386 18.2500 21.3054
v  -28.1626 18.2500 20.9671
v  -28.2534 18.2500 20.6143
v  -28.3093 18.2500 20.2488
v  -28.3285 18.2500 19.8643
v  -28.3285 18.2500 -19.8643
v  -28.3093 18.2500 -20.2487
v  -28.2534 18.2500 -20.6143
v  -28.1626 18.2500 -20.9671
v  -28.0386 18.2500 -21.3054
v  -27.8834 18.2500 -21.6273
v  -27.6987 18.2500 -21.9312
v  -27.4864 18.2500 -22.2150
v  -27.2483 18.2500 -22.4769
v  -26.9864 18.2500 -22.7150
v  -26.7026 18.2500 -22.9273
v  -26.3987 18.2500 -23.1120
v  -26.0767 18.2500 -23.2672
v  -25.7385 18.2500 -23.3912
v  -25.3857 18.2500 -23.4820
v  -25.0201 18.2500 -23.5379
v  -24.6357 18.2500 -23.5571
v  24.6357 18.2500 -23.5571
v  25.0201 18.2500 -23.5379
v  25.3857 18.2500 -23.4820
v  25.7385 18.2500 -23.3912
v  26.0767 18.2500 -23.2672
v  26.3987 18.2500 -23.1120
v  26.7026 18.2500 -22.9273
v  26.9864 18.2500 -22.7150
v  27.2483 18.2500 -22.4769
v  27.4864 18.2500 -22.2150
v  27.6987 18.2500 -21.9312
v  27.8834 18.2500 -21.6273
v  28.0386 18.2500 -21.3054
v  28.1626 18.2500 -20.9671
v  28.2534 18.2500 -20.6143
v  28.3093 18.2500 -20.2488
v  28.3285 18.2500 -19.8643
v  28.3285 18.2500 19.8643
v  28.3093 18.2500 20.2487
v  28.2534 18.2500 20.6143
v  28.1626 18.2500 20.9671
v  28.0386 18.2500 21.3054
v  27.8834 18.2500 21.6273
v  27.6987 18.2500 21.9312
v  27.4864 18.2500 22.2150
v  27.2483 18.2500 22.4769
v  26.9864 18.2500 22.7150
v  26.7026 18.2500 22.9273
v  26.3987 18.2500 23.1120
v  26.0767 18.2500 23.2672
v  25.7385 18.2500 23.3912
v  25.3857 18.2500 23.4820
v  25.0201 18.2500 23.5379
v  25.8164 20.0000 24.7001
v  26.2203 20.0000 24.6799
v  26.6049 20.0000 24.6212
v  26.9759 20.0000 24.5256
v  27.3317 20.0000 24.3952
v  27.6704 20.0000 24.2320
v  27.9900 20.0000 24.0377
v  28.2885 20.0000 23.8144
v  28.5640 20.0000 23.5640
v  28.8144 20.0000 23.2885
v  29.0377 20.0000 22.9900
v  29.2320 20.0000 22.6704
v  29.3952 20.0000 22.3317
v  29.5256 20.0000 21.9759
v  29.6212 20.0000 21.6049
v  29.6799 20.0000 21.2203
v  29.7001 20.0000 20.8164
v  29.7001 20.0000 -20.8164
v  29.6799 20.0000 -21.2203
v  29.6212 20.0000 -21.6049
v  29.5256 20.0000 -21.9759
v  29.3952 20.0000 -22.3317
v  29.2320 20.0000 -22.6704
v  29.0377 20.0000 -22.9900
v  28.8144 20.0000 -23.2885
v  28.5640 20.0000 -23.5640
v  28.2885 20.0000 -23.8144
v  27.9900 20.0000 -24.0377
v  27.6704 20.0000 -24.2320
v  27.3317 20.0000 -24.3952
v  26.9759 20.0000 -24.5256
v  26.6049 20.0000 -24.6212
v  26.2203 20.0000 -24.6799
v  25.8164 20.0000 -24.7001
v  -25.8164 20.0000 -24.7001
v  -26.2203 20.0000 -24.6799
v  -26.6049 20.0000 -24.6212
v  -26.9759 20.0000 -24.5256
v  -27.3317 20.0000 -24.3952
v  -27.6704 20.0000 -24.2320
v  -27.9900 20.0000 -24.0377
v  -28.2885 20.0000 -23.8144
v  -28.5640 20.0000 -23.5640
v  -28.8144 20.0000 -23.2885
v  -29.0377 20.0000 -22.9900
v  -29.2320 20.0000 -22.6704
v  -29.3952 20.0000 -22.3317
v  -29.5256 20.0000 -21.9759
v  -29.6212 20.0000 -21.6049
v  -29.6799 20.0000 -21.2203
v  -29.7001 20.0000 -20.8164
v  -29.7001 20.0000 20.8164
v  -29.6799 20.0000 21.2203
v  -29.6212 20.0000 21.6049
v  -29.5256 20.0000 21.9759
v  -29.3952 20.0000 22.3317
v  -29.2320 20.0000 22.6704
v  -29.0377 20.0000 22.9900
v  -28.8144 20.0000 23.2885
v  -28.5640 20.0000 23.5640
v  -28.2885 20.0000 23.8144
v  -27.9900 20.0000 24.0377
v  -27.6704 20.0000 24.2320
v  -27.3317 20.0000 24.3952
v  -26.9759 20.0000 24.5256
v  -26.6049 20.0000 24.6212
v  -26.2203 20.0000 24.6799
v  -25.8164 20.0000 24.7001
v  28.6845 18.3717 -20.3447
v  28.7053 18.3721 -19.9379
v  29.8856 19.8779 -20.7571
v  29.8644 19.8783 -21.1812
v  28.6239 18.3714 -20.7394
v  29.8018 19.8786 -21.5925
v  28.5255 18.3712 -21.1205
v  29.6998 19.8788 -21.9896
v  28.3915 18.3710 -21.4859
v  29.5605 19.8790 -22.3703
v  28.2237 18.3709 -21.8336
v  29.3859 19.8791 -22.7326
v  28.0242 18.3708 -22.1617
v  29.1783 19.8792 -23.0743
v  27.7949 18.3708 -22.4681
v  28.9396 19.8792 -23.3934
v  27.5380 18.3708 -22.7508
v  28.6720 19.8792 -23.6878
v  27.2554 18.3709 -23.0078
v  28.3776 19.8791 -23.9553
v  26.9491 18.3710 -23.2371
v  28.0584 19.8790 -24.1939
v  26.6211 18.3712 -23.4367
v  27.7166 19.8788 -24.4015
v  26.2734 18.3715 -23.6046
v  27.3542 19.8785 -24.5760
v  25.9081 18.3718 -23.7387
v  26.9734 19.8782 -24.7152
v  25.5272 18.3721 -23.8371
v  26.5762 19.8779 -24.8172
v  25.1326 18.3725 -23.8977
v  26.1647 19.8775 -24.8798
v  24.7258 18.3730 -23.9186
v  25.7405 19.8770 -24.9009
v  -24.7258 18.3730 -23.9186
v  -25.7405 19.8770 -24.9009
v  -25.1326 18.3725 -23.8977
v  -26.1647 19.8775 -24.8798
v  -25.5272 18.3721 -23.8371
v  -26.5762 19.8779 -24.8172
v  -25.9081 18.3718 -23.7387
v  -26.9734 19.8782 -24.7152
v  -26.2734 18.3715 -23.6046
v  -27.3542 19.8785 -24.5760
v  -26.6211 18.3712 -23.4367
v  -27.7166 19.8788 -24.4015
v  -26.9491 18.3710 -23.2371
v  -28.0584 19.8790 -24.1939
v  -27.2554 18.3709 -23.0078
v  -28.3776 19.8791 -23.9553
v  -27.5380 18.3708 -22.7508
v  -28.6720 19.8792 -23.6878
v  -27.7949 18.3708 -22.4681
v  -28.9396 19.8792 -23.3934
v  -28.0242 18.3708 -22.1617
v  -29.1783 19.8792 -23.0743
v  -28.2237 18.3709 -21.8336
v  -29.3859 19.8791 -22.7326
v  -28.3915 18.3710 -21.4859
v  -29.5605 19.8790 -22.3703
v  -28.5255 18.3712 -21.1205
v  -29.6998 19.8788 -21.9896
v  -28.6239 18.3714 -20.7394
v  -29.8018 19.8786 -21.5925
v  -28.6845 18.3717 -20.3447
v  -29.8644 19.8783 -21.1812
v  -28.7053 18.3721 -19.9379
v  -29.8856 19.8779 -20.7571
v  -28.7053 18.3721 19.9379
v  -29.8856 19.8779 20.7571
v  -28.6845 18.3717 20.3447
v  -29.8644 19.8783 21.1812
v  -28.6239 18.3714 20.7394
v  -29.8018 19.8786 21.5925
v  -28.5255 18.3712 21.1205
v  -29.6998 19.8788 21.9896
v  -28.3915 18.3710 21.4859
v  -29.5605 19.8790 22.3703
v  -28.2237 18.3709 21.8336
v  -29.3859 19.8791 22.7326
v  -28.0242 18.3708 22.1617
v  -29.1783 19.8792 23.0743
v  -27.7949 18.3708 22.4681
v  -28.9396 19.8792 23.3934
v  -27.5380 18.3708 22.7508
v  -28.6720 19.8792 23.6878
v  -27.2554 18.3709 23.0078
v  -28.3776 19.8791 23.9553
v  -26.9491 18.3710 23.2371
v  -28.0584 19.8790 24.1939
v  -26.6211 18.3712 23.4367
v  -27.7166 19.8788 24.4015
v  -26.2734 18.3715 23.6046
v  -27.3542 19.8785 24.5760
v  -25.9081 18.3718 23.7387
v  -26.9734 19.8782 24.7152
v  -25.5272 18.3721 23.8371
v  -26.5762 19.8779 24.8172
v  -25.1326 18.3725 23.8977
v  -26.1647 19.8775 24.8798
v  -24.7258 18.3730 23.9186
v  -25.7405 19.8770 24.9009
v  24.7258 18.3730 23.9186
v  25.7405 19.8770 24.9009
v  25.1326 18.3725 23.8977
v  26.1647 19.8775 24.8798
v  25.5272 18.3721 23.8371
v  26.5762 19.8779 24.8172
v  25.9081 18.3718 23.7387
v  26.9734 19.8782 24.7152
v  26.2734 18.3715 23.6046
v  27.3542 19.8785 24.5760
v  26.6211 18.3712 23.4367
v  27.7166 19.8788 24.4015
v  26.9491 18.3710 23.2371
v  28.0584 19.8790 24.1939
v  27.2554 18.3709 23.0078
v  28.3776 19.8791 23.9553
v  27.5380 18.3708 22.7508
v  28.6720 19.8792 23.6878
v  27.7949 18.3708 22.4681
v  28.9396 19.8792 23.3934
v  28.0242 18.3708 22.1617
v  29.1783 19.8792 23.0743
v  28.2237 18.3709 21.8336
v  29.3859 19.8791 22.7326
v  28.3915 18.3710 21.4859
v  29.5605 19.8790 22.3703
v  28.5255 18.3712 21.1205
v  29.6998 19.8788 21.9896
v  28.6239 18.3714 20.7394
v  29.8018 19.8786 21.5925
v  28.6845 18.3717 20.3447
v  29.8644 19.8783 21.1812
v  28.7053 18.3721 19.9379
v  29.8856 19.8779 20.7571
v  28.5755 18.3041 -20.3015
v  28.5959 18.3043 -19.8995
v  28.4505 18.2635 -20.2695
v  28.4703 18.2636 -19.8750
v  29.8825 19.9457 -20.7926
v  29.8614 19.9459 -21.2130
v  29.8207 19.9864 -20.8124
v  29.7999 19.9865 -21.2261
v  28.5160 18.3040 -20.6900
v  28.3925 18.2635 -20.6483
v  29.7994 19.9460 -21.6194
v  29.7392 19.9865 -21.6235
v  28.4194 18.3039 -21.0650
v  28.2984 18.2635 -21.0138
v  29.6985 19.9461 -22.0117
v  29.6405 19.9865 -22.0072
v  28.2875 18.3038 -21.4246
v  28.1699 18.2634 -21.3644
v  29.5608 19.9462 -22.3878
v  29.5057 19.9866 -22.3750
v  28.1225 18.3037 -21.7668
v  28.0091 18.2634 -21.6980
v  29.3883 19.9463 -22.7458
v  29.3369 19.9866 -22.7250
v  27.9262 18.3037 -22.0896
v  27.8177 18.2634 -22.0128
v  29.1830 19.9463 -23.0835
v  29.1362 19.9866 -23.0553
v  27.7006 18.3037 -22.3911
v  27.5978 18.2634 -22.3068
v  28.9472 19.9463 -23.3988
v  28.9054 19.9866 -23.3638
v  27.4478 18.3037 -22.6694
v  27.3512 18.2634 -22.5780
v  28.6827 19.9463 -23.6897
v  28.6467 19.9866 -23.6484
v  27.1696 18.3037 -22.9223
v  27.0799 18.2634 -22.8246
v  28.3917 19.9463 -23.9541
v  28.3620 19.9866 -23.9071
v  26.8681 18.3038 -23.1479
v  26.7859 18.2634 -23.0446
v  28.0764 19.9462 -24.1900
v  28.0536 19.9866 -24.1379
v  26.5453 18.3039 -23.3442
v  26.4712 18.2635 -23.2359
v  27.7387 19.9461 -24.3952
v  27.7233 19.9865 -24.3387
v  26.2031 18.3040 -23.5093
v  26.1376 18.2635 -23.3968
v  27.3807 19.9460 -24.5677
v  27.3732 19.9865 -24.5074
v  25.8436 18.3041 -23.6411
v  25.7870 18.2635 -23.5253
v  27.0045 19.9459 -24.7054
v  27.0053 19.9865 -24.6422
v  25.4686 18.3043 -23.7378
v  25.4215 18.2636 -23.6194
v  26.6122 19.9457 -24.8063
v  26.6217 19.9864 -24.7409
v  25.0802 18.3045 -23.7973
v  25.0427 18.2636 -23.6774
v  26.2057 19.9455 -24.8683
v  26.2243 19.9864 -24.8016
v  24.6783 18.3047 -23.8177
v  24.6483 18.2637 -23.6972
v  25.7852 19.9453 -24.8893
v  25.8105 19.9863 -24.8224
v  -24.6783 18.3047 -23.8177
v  -24.6483 18.2637 -23.6972
v  -25.7852 19.9453 -24.8893
v  -25.8105 19.9863 -24.8224
v  -25.0802 18.3045 -23.7973
v  -25.0427 18.2636 -23.6774
v  -26.2057 19.9455 -24.8683
v  -26.2243 19.9864 -24.8016
v  -25.4686 18.3043 -23.7378
v  -25.4215 18.2636 -23.6194
v  -26.6122 19.9457 -24.8063
v  -26.6217 19.9864 -24.7409
v  -25.8436 18.3041 -23.6411
v  -25.7870 18.2635 -23.5253
v  -27.0045 19.9459 -24.7054
v  -27.0053 19.9865 -24.6422
v  -26.2031 18.3040 -23.5093
v  -26.1376 18.2635 -23.3968
v  -27.3807 19.9460 -24.5677
v  -27.3732 19.9865 -24.5074
v  -26.5453 18.3039 -23.3442
v  -26.4712 18.2635 -23.2359
v  -27.7386 19.9461 -24.3952
v  -27.7233 19.9865 -24.3387
v  -26.8681 18.3038 -23.1479
v  -26.7859 18.2634 -23.0446
v  -28.0764 19.9462 -24.1900
v  -28.0536 19.9866 -24.1379
v  -27.1696 18.3037 -22.9223
v  -27.0799 18.2634 -22.8246
v  -28.3917 19.9463 -23.9541
v  -28.3620 19.9866 -23.9071
v  -27.4478 18.3037 -22.6694
v  -27.3512 18.2634 -22.5780
v  -28.6827 19.9463 -23.6897
v  -28.6467 19.9866 -23.6484
v  -27.7006 18.3037 -22.3911
v  -27.5978 18.2634 -22.3068
v  -28.9472 19.9463 -23.3988
v  -28.9054 19.9866 -23.3638
v  -27.9262 18.3037 -22.0896
v  -27.8177 18.2634 -22.0128
v  -29.1830 19.9463 -23.0835
v  -29.1362 19.9866 -23.0553
v  -28.1225 18.3037 -21.7668
v  -28.0091 18.2634 -21.6980
v  -29.3883 19.9463 -22.7458
v  -29.3369 19.9866 -22.7250
v  -28.2875 18.3038 -21.4246
v  -28.1699 18.2634 -21.3644
v  -29.5608 19.9462 -22.3878
v  -29.5057 19.9866 -22.3750
v  -28.4194 18.3039 -21.0650
v  -28.2984 18.2635 -21.0138
v  -29.6985 19.9461 -22.0117
v  -29.6405 19.9865 -22.0072
v  -28.5160 18.3040 -20.6900
v  -28.3925 18.2635 -20.6483
v  -29.7994 19.9460 -21.6194
v  -29.7392 19.9865 -21.6235
v  -28.5755 18.3041 -20.3015
v  -28.4505 18.2635 -20.2695
v  -29.8614 19.9459 -21.2130
v  -29.7999 19.9865 -21.2261
v  -28.5959 18.3043 -19.8995
v  -28.4703 18.2636 -19.8750
v  -29.8825 19.9457 -20.7926
v  -29.8207 19.9864 -20.8124
v  -28.5959 18.3043 19.8995
v  -28.4703 18.2636 19.8750
v  -29.8825 19.9457 20.7926
v  -29.8207 19.9864 20.8124
v  -28.5755 18.3041 20.3015
v  -28.4505 18.2635 20.2695
v  -29.8614 19.9459 21.2130
v  -29.7999 19.9865 21.2261
v  -28.5160 18.3040 20.6900
v  -28.3925 18.2635 20.6483
v  -29.7994 19.9460 21.6194
v  -29.7392 19.9865 21.6235
v  -28.4194 18.3039 21.0650
v  -28.2984 18.2635 21.0138
v  -29.6985 19.9461 22.0117
v  -29.6405 19.9865 22.0072
v  -28.2875 18.3038 21.4246
v  -28.1699 18.2634 21.3644
v  -29.5608 19.9462 22.3878
v  -29.5057 19.9866 22.3750
v  -28.1225 18.3037 21.7668
v  -28.0091 18.2634 21.6980
v  -29.3883 19.9463 22.7458
v  -29.3369 19.9866 22.7250
v  -27.9262 18.3037 22.0896
v  -27.8177 18.2634 22.0128
v  -29.1830 19.9463 23.0835
v  -29.1362 19.9866 23.0553
v  -27.7006 18.3037 22.3911
v  -27.5978 18.2634 22.3068
v  -28.9472 19.9463 23.3988
v  -28.9054 19.9866 23.3638
v  -27.4478 18.3037 22.6694
v  -27.3512 18.2634 22.5780
v  -28.6827 19.9463 23.6897
v  -28.6467 19.9866 23.6484
v  -27.1696 18.3037 22.9223
v  -27.0799 18.2634 22.8246
v  -28.3917 19.9463 23.9541
v  -28.3620 19.9866 23.9071
v  -26.8681 18.3038 23.1479
v  -26.7859 18.2634 23.0446
v  -28.0764 19.9462 24.1900
v  -28.0536 19.9866 24.1379
v  -26.5453 18.3039 23.3442
v  -26.4712 18.2635 23.2359
v  -27.7387 19.9461 24.3952
v  -27.7233 19.9865 24.3387
v  -26.2031 18.3040 23.5093
v  -26.1376 18.2635 23.3968
v  -27.3807 19.9460 24.5677
v  -27.3732 19.9865 24.5074
v  -25.8436 18.3041 23.6411
v  -25.7870 18.2635 23.5253
v  -27.0045 19.9459 24.7054
v  -27.0053 19.9865 24.6422
v  -25.4686 18.3043 23.7378
v  -25.4215 18.2636 23.6194
v  -26.6122 19.9457 24.8063
v  -26.6217 19.9864 24.7409
v  -25.0802 18.3045 23.7973
v  -25.0427 18.2636 23.6774
v  -26.2057 19.9455 24.8683
v  -26.2243 19.9864 24.8016
v  -24.6783 18.3047 23.8177
v  -24.6483 18.2637 23.6972
v  -25.7852 19.9453 24.8893
v  -25.8105 19.9863 24.8224
v  24.6783 18.3047 23.8177
v  24.6483 18.2637 23.6972
v  25.7852 19.9453 24.8893
v  25.8105 19.9863 24.8224
v  25.0802 18.3045 23.7973
v  25.0427 18.2636 23.6774
v  26.2057 19.9455 24.8683
v  26.2243 19.9864 24.8016
v  25.4686 18.3043 23.7378
v  25.4215 18.2636 23.6194
v  26.6122 19.9457 24.8063
v  26.6217 19.9864 24.7409
v  25.8436 18.3041 23.6411
v  25.7870 18.2635 23.5253
v  27.0045 19.9459 24.7054
v  27.0053 19.9865 24.6422
v  26.2031 18.3040 23.5093
v  26.1376 18.2635 23.3968
v  27.3807 19.9460 24.5677
v  27.3732 19.9865 24.5074
v  26.5453 18.3039 23.3442
v  26.4712 18.2635 23.2359
v  27.7386 19.9461 24.3952
v  27.7233 19.9865 24.3387
v  26.8681 18.3038 23.1479
v  26.7859 18.2634 23.0446
v  28.0764 19.9462 24.1900
v  28.0536 19.9866 24.1379
v  27.1696 18.3037 22.9223
v  27.0799 18.2634 22.8246
v  28.3917 19.9463 23.9541
v  28.3620 19.9866 23.9071
v  27.4478 18.3037 22.6694
v  27.3512 18.2634 22.5780
v  28.6827 19.9463 23.6897
v  28.6467 19.9866 23.6484
v  27.7006 18.3037 22.3911
v  27.5978 18.2634 22.3068
v  28.9472 19.9463 23.3988
v  28.9054 19.9866 23.3638
v  27.9262 18.3037 22.0896
v  27.8177 18.2634 22.0128
v  29.1830 19.9463 23.0835
v  29.1362 19.9866 23.0553
v  28.1225 18.3037 21.7668
v  28.0091 18.2634 21.6980
v  29.3883 19.9463 22.7458
v  29.3369 19.9866 22.7250
v  28.2875 18.3038 21.4246
v  28.1699 18.2634 21.3644
v  29.5608 19.9462 22.3878
v  29.5057 19.9866 22.3750
v  28.4194 18.3039 21.0650
v  28.2984 18.2635 21.0138
v  29.6985 19.9461 22.0117
v  29.6405 19.9865 22.0072
v  28.5160 18.3040 20.6900
v  28.3925 18.2635 20.6483
v  29.7994 19.9460 21.6194
v  29.7392 19.9865 21.6235
v  28.5755 18.3041 20.3015
v  28.4505 18.2635 20.2695
v  29.8614 19.9459 21.2130
v  29.7999 19.9865 21.2261
v  28.5959 18.3043 19.8995
v  28.4703 18.2636 19.8750
v  29.8825 19.9457 20.7926
v  29.8207 19.9864 20.8124
v  5.7905 18.2712 5.7905
v  5.7905 18.2712 -5.7905
v  -5.7905 18.2712 -5.7905
v  -5.7905 18.2712 5.7905
v  -6.7905 18.2712 -6.7905
v  -6.7905 18.1701 -8.0748
v  -6.9914 18.1701 -8.0589
v  -7.1874 18.1701 -8.0119
v  -7.3735 18.1701 -7.9348
v  -7.5454 18.1701 -7.8295
v  -7.6986 18.1701 -7.6986
v  -7.8295 18.1701 -7.5454
v  -7.9348 18.1701 -7.3735
v  -8.0119 18.1701 -7.1874
v  -8.0589 18.1701 -6.9914
v  -8.0748 18.1701 -6.7905
v  -8.0748 18.1701 5.7905
v  -6.7905 18.2712 5.7905
v  -6.7905 18.2712 -5.7905
v  -8.0748 18.1701 -5.7905
v  -6.7905 18.2712 6.7905
v  -8.0748 18.1701 6.7905
v  -8.0589 18.1701 6.9914
v  -8.0119 18.1701 7.1874
v  -7.9348 18.1701 7.3735
v  -7.8295 18.1701 7.5454
v  -7.6986 18.1701 7.6986
v  -7.5454 18.1701 7.8295
v  -7.3735 18.1701 7.9348
v  -7.1874 18.1701 8.0119
v  -6.9914 18.1701 8.0589
v  -6.7905 18.1701 8.0748
v  5.7905 18.1701 8.0748
v  5.7905 18.2712 6.7905
v  -5.7905 18.2712 6.7905
v  -5.7905 18.1701 8.0748
v  6.7905 18.2712 6.7905
v  6.7905 18.1701 8.0748
v  6.9914 18.1701 8.0589
v  7.1874 18.1701 8.0119
v  7.3735 18.1701 7.9348
v  7.5454 18.1701 7.8295
v  7.6986 18.1701 7.6986
v  7.8295 18.1701 7.5454
v  7.9348 18.1701 7.3735
v  8.0119 18.1701 7.1874
v  8.0589 18.1701 6.9914
v  8.0748 18.1701 6.7905
v  8.0748 18.1701 -5.7905
v  6.7905 18.2712 -5.7905
v  6.7905 18.2712 5.7905
v  8.0748 18.1701 5.7905
v  6.7905 18.2712 -6.7905
v  8.0748 18.1701 -6.7905
v  8.0589 18.1701 -6.9914
v  8.0119 18.1701 -7.1874
v  7.9348 18.1701 -7.3735
v  7.8295 18.1701 -7.5454
v  7.6986 18.1701 -7.6986
v  7.5454 18.1701 -7.8295
v  7.3735 18.1701 -7.9348
v  7.1874 18.1701 -8.0119
v  6.9914 18.1701 -8.0589
v  6.7905 18.1701 -8.0748
v  -5.7905 18.1701 -8.0748
v  -5.7905 18.2712 -6.7905
v  5.7905 18.2712 -6.7905
v  5.7905 18.1701 -8.0748
v  -7.1874 17.8694 -9.2961
v  -6.7905 17.8694 -9.3274
v  -7.5744 17.8694 -9.2032
v  -7.9422 17.8694 -9.0509
v  -8.2816 17.8694 -8.8429
v  -8.5843 17.8694 -8.5843
v  -8.8429 17.8694 -8.2816
v  -9.0509 17.8694 -7.9422
v  -9.2032 17.8694 -7.5744
v  -9.2961 17.8694 -7.1874
v  -9.3274 17.8694 -6.7905
v  -9.3274 17.8694 5.7905
v  -9.3274 17.8694 -5.7905
v  -9.2961 17.8694 7.1874
v  -9.3274 17.8694 6.7905
v  -9.2032 17.8694 7.5744
v  -9.0509 17.8694 7.9422
v  -8.8429 17.8694 8.2816
v  -8.5843 17.8694 8.5843
v  -8.2816 17.8694 8.8429
v  -7.9422 17.8694 9.0509
v  -7.5744 17.8694 9.2032
v  -7.1874 17.8694 9.2961
v  -6.7905 17.8694 9.3274
v  5.7905 17.8694 9.3274
v  -5.7905 17.8694 9.3274
v  7.1874 17.8694 9.2961
v  6.7905 17.8694 9.3274
v  7.5744 17.8694 9.2032
v  7.9422 17.8694 9.0509
v  8.2816 17.8694 8.8429
v  8.5843 17.8694 8.5843
v  8.8429 17.8694 8.2816
v  9.0509 17.8694 7.9422
v  9.2032 17.8694 7.5744
v  9.2961 17.8694 7.1874
v  9.3274 17.8694 6.7905
v  9.3274 17.8694 -5.7905
v  9.3274 17.8694 5.7905
v  9.2961 17.8694 -7.1874
v  9.3274 17.8694 -6.7905
v  9.2032 17.8694 -7.5744
v  9.0509 17.8694 -7.9422
v  8.8429 17.8694 -8.2816
v  8.5843 17.8694 -8.5843
v  8.2816 17.8694 -8.8429
v  7.9422 17.8694 -9.0509
v  7.5744 17.8694 -9.2032
v  7.1874 17.8694 -9.2961
v  6.7905 17.8694 -9.3274
v  -5.7905 17.8694 -9.3274
v  5.7905 17.8694 -9.3274
v  -7.3735 17.3764 -10.4717
v  -6.7905 17.3764 -10.5175
v  -7.9422 17.3764 -10.3351
v  -8.4825 17.3764 -10.1113
v  -8.9812 17.3764 -9.8057
v  -9.4259 17.3764 -9.4259
v  -9.8057 17.3764 -8.9812
v  -10.1113 17.3764 -8.4825
v  -10.3351 17.3764 -7.9422
v  -10.4717 17.3764 -7.3735
v  -10.5175 17.3764 -6.7905
v  -10.5175 17.3764 5.7905
v  -10.5175 17.3764 -5.7905
v  -10.4717 17.3764 7.3735
v  -10.5175 17.3764 6.7905
v  -10.3351 17.3764 7.9422
v  -10.1113 17.3764 8.4825
v  -9.8057 17.3764 8.9812
v  -9.4259 17.3764 9.4259
v  -8.9812 17.3764 9.8057
v  -8.4825 17.3764 10.1113
v  -7.9422 17.3764 10.3351
v  -7.3735 17.3764 10.4717
v  -6.7905 17.3764 10.5175
v  5.7905 17.3764 10.5175
v  -5.7905 17.3764 10.5175
v  7.3735 17.3764 10.4717
v  6.7905 17.3764 10.5175
v  7.9422 17.3764 10.3351
v  8.4825 17.3764 10.1113
v  8.9812 17.3764 9.8057
v  9.4259 17.3764 9.4259
v  9.8057 17.3764 8.9812
v  10.1113 17.3764 8.4825
v  10.3351 17.3764 7.9422
v  10.4717 17.3764 7.3735
v  10.5175 17.3764 6.7905
v  10.5175 17.3764 -5.7905
v  10.5175 17.3764 5.7905
v  10.4717 17.3764 -7.3735
v  10.5175 17.3764 -6.7905
v  10.3351 17.3764 -7.9422
v  10.1113 17.3764 -8.4825
v  9.8057 17.3764 -8.9812
v  9.4259 17.3764 -9.4259
v  8.9812 17.3764 -9.8057
v  8.4825 17.3764 -10.1113
v  7.9422 17.3764 -10.3351
v  7.3735 17.3764 -10.4717
v  6.7905 17.3764 -10.5175
v  -5.7905 17.3764 -10.5175
v  5.7905 17.3764 -10.5175
v  -7.5454 16.7033 -11.5565
v  -6.7905 16.7033 -11.6159
v  -8.2816 16.7033 -11.3798
v  -8.9812 16.7033 -11.0900
v  -9.6268 16.7033 -10.6944
v  -10.2026 16.7033 -10.2026
v  -10.6944 16.7033 -9.6268
v  -11.0900 16.7033 -8.9812
v  -11.3798 16.7033 -8.2816
v  -11.5565 16.7033 -7.5454
v  -11.6159 16.7033 -6.7905
v  -11.6159 16.7033 5.7905
v  -11.6159 16.7033 -5.7905
v  -11.5565 16.7033 7.5454
v  -11.6159 16.7033 6.7905
v  -11.3798 16.7033 8.2816
v  -11.0900 16.7033 8.9812
v  -10.6944 16.7033 9.6268
v  -10.2026 16.7033 10.2026
v  -9.6268 16.7033 10.6944
v  -8.9812 16.7033 11.0900
v  -8.2816 16.7033 11.3798
v  -7.5454 16.7033 11.5565
v  -6.7905 16.7033 11.6159
v  5.7905 16.7033 11.6159
v  -5.7905 16.7033 11.6159
v  7.5454 16.7033 11.5565
v  6.7905 16.7033 11.6159
v  8.2816 16.7033 11.3798
v  8.9812 16.7033 11.0900
v  9.6268 16.7033 10.6944
v  10.2026 16.7033 10.2026
v  10.6944 16.7033 9.6268
v  11.0900 16.7033 8.9812
v  11.3798 16.7033 8.2816
v  11.5565 16.7033 7.5454
v  11.6159 16.7033 6.7905
v  11.6159 16.7033 -5.7905
v  11.6159 16.7033 5.7905
v  11.5565 16.7033 -7.5454
v  11.6159 16.7033 -6.7905
v  11.3798 16.7033 -8.2816
v  11.0900 16.7033 -8.9812
v  10.6944 16.7033 -9.6268
v  10.2026 16.7033 -10.2026
v  9.6268 16.7033 -10.6944
v  8.9812 16.7033 -11.0900
v  8.2816 16.7033 -11.3798
v  7.5454 16.7033 -11.5565
v  6.7905 16.7033 -11.6159
v  -5.7905 16.7033 -11.6159
v  5.7905 16.7033 -11.6159
v  -7.6986 15.8667 -12.5240
v  -6.7905 15.8667 -12.5955
v  -8.5843 15.8667 -12.3114
v  -9.4259 15.8667 -11.9628
v  -10.2026 15.8667 -11.4868
v  -10.8953 15.8667 -10.8953
v  -11.4868 15.8667 -10.2026
v  -11.9628 15.8667 -9.4259
v  -12.3114 15.8667 -8.5843
v  -12.5240 15.8667 -7.6986
v  -12.5955 15.8667 -6.7905
v  -12.5955 15.8667 5.7905
v  -12.5955 15.8667 -5.7905
v  -12.5240 15.8667 7.6986
v  -12.5955 15.8667 6.7905
v  -12.3114 15.8667 8.5843
v  -11.9628 15.8667 9.4259
v  -11.4868 15.8667 10.2026
v  -10.8953 15.8667 10.8953
v  -10.2026 15.8667 11.4868
v  -9.4259 15.8667 11.9628
v  -8.5843 15.8667 12.3114
v  -7.6986 15.8667 12.5240
v  -6.7905 15.8667 12.5955
v  5.7905 15.8667 12.5955
v  -5.7905 15.8667 12.5955
v  7.6986 15.8667 12.5240
v  6.7905 15.8667 12.5955
v  8.5843 15.8667 12.3114
v  9.4259 15.8667 11.9628
v  10.2026 15.8667 11.4868
v  10.8953 15.8667 10.8953
v  11.4868 15.8667 10.2026
v  11.9628 15.8667 9.4259
v  12.3114 15.8667 8.5843
v  12.5240 15.8667 7.6986
v  12.5955 15.8667 6.7905
v  12.5955 15.8667 -5.7905
v  12.5955 15.8667 5.7905
v  12.5240 15.8667 -7.6986
v  12.5955 15.8667 -6.7905
v  12.3114 15.8667 -8.5843
v  11.9628 15.8667 -9.4259
v  11.4868 15.8667 -10.2026
v  10.8953 15.8667 -10.8953
v  10.2026 15.8667 -11.4868
v  9.4259 15.8667 -11.9628
v  8.5843 15.8667 -12.3114
v  7.6986 15.8667 -12.5240
v  6.7905 15.8667 -12.5955
v  -5.7905 15.8667 -12.5955
v  5.7905 15.8667 -12.5955
v  -7.8295 14.8871 -13.3504
v  -6.7905 14.8871 -13.4321
v  -8.8429 14.8871 -13.1071
v  -9.8057 14.8871 -12.7082
v  -10.6944 14.8871 -12.1637
v  -11.4868 14.8871 -11.4868
v  -12.1637 14.8871 -10.6944
v  -12.7082 14.8871 -9.8057
v  -13.1071 14.8871 -8.8429
v  -13.3504 14.8871 -7.8295
v  -13.4321 14.8871 -6.7905
v  -13.4321 14.8871 5.7905
v  -13.4321 14.8871 -5.7905
v  -13.3504 14.8871 7.8295
v  -13.4321 14.8871 6.7905
v  -13.1071 14.8871 8.8429
v  -12.7082 14.8871 9.8057
v  -12.1637 14.8871 10.6944
v  -11.4868 14.8871 11.4868
v  -10.6944 14.8871 12.1637
v  -9.8057 14.8871 12.7082
v  -8.8429 14.8871 13.1071
v  -7.8295 14.8871 13.3504
v  -6.7905 14.8871 13.4321
v  5.7905 14.8871 13.4321
v  -5.7905 14.8871 13.4321
v  7.8295 14.8871 13.3504
v  6.7905 14.8871 13.4321
v  8.8429 14.8871 13.1071
v  9.8057 14.8871 12.7082
v  10.6944 14.8871 12.1637
v  11.4868 14.8871 11.4868
v  12.1637 14.8871 10.6944
v  12.7082 14.8871 9.8057
v  13.1071 14.8871 8.8429
v  13.3504 14.8871 7.8295
v  13.4321 14.8871 6.7905
v  13.4321 14.8871 -5.7905
v  13.4321 14.8871 5.7905
v  13.3504 14.8871 -7.8295
v  13.4321 14.8871 -6.7905
v  13.1071 14.8871 -8.8429
v  12.7082 14.8871 -9.8057
v  12.1637 14.8871 -10.6944
v  11.4868 14.8871 -11.4868
v  10.6944 14.8871 -12.1637
v  9.8057 14.8871 -12.7082
v  8.8429 14.8871 -13.1071
v  7.8295 14.8871 -13.3504
v  6.7905 14.8871 -13.4321
v  -5.7905 14.8871 -13.4321
v  5.7905 14.8871 -13.4321
v  -7.9348 13.7887 -14.0152
v  -6.7905 13.7887 -14.1052
v  -9.0509 13.7887 -13.7472
v  -10.1113 13.7887 -13.3080
v  -11.0900 13.7887 -12.7082
v  -11.9628 13.7887 -11.9628
v  -12.7082 13.7887 -11.0900
v  -13.3080 13.7887 -10.1113
v  -13.7472 13.7887 -9.0509
v  -14.0152 13.7887 -7.9348
v  -14.1052 13.7887 -6.7905
v  -14.1052 13.7887 5.7905
v  -14.1052 13.7887 -5.7905
v  -14.0152 13.7887 7.9348
v  -14.1052 13.7887 6.7905
v  -13.7472 13.7887 9.0509
v  -13.3080 13.7887 10.1113
v  -12.7082 13.7887 11.0900
v  -11.9628 13.7887 11.9628
v  -11.0900 13.7887 12.7082
v  -10.1113 13.7887 13.3080
v  -9.0509 13.7887 13.7472
v  -7.9348 13.7887 14.0152
v  -6.7905 13.7887 14.1052
v  5.7905 13.7887 14.1052
v  -5.7905 13.7887 14.1052
v  7.9348 13.7887 14.0152
v  6.7905 13.7887 14.1052
v  9.0509 13.7887 13.7472
v  10.1113 13.7887 13.3080
v  11.0900 13.7887 12.7082
v  11.9628 13.7887 11.9628
v  12.7082 13.7887 11.0900
v  13.3080 13.7887 10.1113
v  13.7472 13.7887 9.0509
v  14.0152 13.7887 7.9348
v  14.1052 13.7887 6.7905
v  14.1052 13.7887 -5.7905
v  14.1052 13.7887 5.7905
v  14.0152 13.7887 -7.9348
v  14.1052 13.7887 -6.7905
v  13.7472 13.7887 -9.0509
v  13.3080 13.7887 -10.1113
v  12.7082 13.7887 -11.0900
v  11.9628 13.7887 -11.9628
v  11.0900 13.7887 -12.7082
v  10.1113 13.7887 -13.3080
v  9.0509 13.7887 -13.7472
v  7.9348 13.7887 -14.0152
v  6.7905 13.7887 -14.1052
v  -5.7905 13.7887 -14.1052
v  5.7905 13.7887 -14.1052
v  -8.0119 12.5985 -14.5021
v  -6.7905 12.5985 -14.5982
v  -9.2032 12.5985 -14.2161
v  -10.3351 12.5985 -13.7472
v  -11.3798 12.5985 -13.1071
v  -12.3114 12.5985 -12.3114
v  -13.1071 12.5985 -11.3798
v  -13.7472 12.5985 -10.3351
v  -14.2161 12.5985 -9.2032
v  -14.5021 12.5985 -8.0119
v  -14.5982 12.5985 -6.7905
v  -14.5982 12.5985 5.7905
v  -14.5982 12.5985 -5.7905
v  -14.5021 12.5985 8.0119
v  -14.5982 12.5985 6.7905
v  -14.2161 12.5985 9.2032
v  -13.7472 12.5985 10.3351
v  -13.1071 12.5985 11.3798
v  -12.3114 12.5985 12.3114
v  -11.3798 12.5985 13.1071
v  -10.3351 12.5985 13.7472
v  -9.2032 12.5985 14.2161
v  -8.0119 12.5985 14.5021
v  -6.7905 12.5985 14.5982
v  5.7905 12.5985 14.5982
v  -5.7905 12.5985 14.5982
v  8.0119 12.5985 14.5021
v  6.7905 12.5985 14.5982
v  9.2032 12.5985 14.2161
v  10.3351 12.5985 13.7472
v  11.3798 12.5985 13.1071
v  12.3114 12.5985 12.3114
v  13.1071 12.5985 11.3798
v  13.7472 12.5985 10.3351
v  14.2161 12.5985 9.2032
v  14.5021 12.5985 8.0119
v  14.5982 12.5985 6.7905
v  14.5982 12.5985 -5.7905
v  14.5982 12.5985 5.7905
v  14.5021 12.5985 -8.0119
v  14.5982 12.5985 -6.7905
v  14.2161 12.5985 -9.2032
v  13.7472 12.5985 -10.3351
v  13.1071 12.5985 -11.3798
v  12.3114 12.5985 -12.3114
v  11.3798 12.5985 -13.1071
v  10.3351 12.5985 -13.7472
v  9.2032 12.5985 -14.2161
v  8.0119 12.5985 -14.5021
v  6.7905 12.5985 -14.5982
v  -5.7905 12.5985 -14.5982
v  5.7905 12.5985 -14.5982
v  -8.0589 11.3459 -14.7991
v  -6.7905 11.3459 -14.8989
v  -9.2961 11.3459 -14.5021
v  -10.4717 11.3459 -14.0152
v  -11.5565 11.3459 -13.3504
v  -12.5240 11.3459 -12.5240
v  -13.3504 11.3459 -11.5565
v  -14.0152 11.3459 -10.4717
v  -14.5021 11.3459 -9.2961
v  -14.7991 11.3459 -8.0589
v  -14.8989 11.3459 -6.7905
v  -14.8989 11.3459 5.7905
v  -14.8989 11.3459 -5.7905
v  -14.7991 11.3459 8.0589
v  -14.8989 11.3459 6.7905
v  -14.5021 11.3459 9.2961
v  -14.0152 11.3459 10.4717
v  -13.3504 11.3459 11.5565
v  -12.5240 11.3459 12.5240
v  -11.5565 11.3459 13.3504
v  -10.4717 11.3459 14.0152
v  -9.2961 11.3459 14.5021
v  -8.0589 11.3459 14.7991
v  -6.7905 11.3459 14.8989
v  5.7905 11.3459 14.8989
v  -5.7905 11.3459 14.8989
v  8.0589 11.3459 14.7991
v  6.7905 11.3459 14.8989
v  9.2961 11.3459 14.5021
v  10.4717 11.3459 14.0152
v  11.5565 11.3459 13.3504
v  12.5240 11.3459 12.5240
v  13.3504 11.3459 11.5565
v  14.0152 11.3459 10.4717
v  14.5021 11.3459 9.2961
v  14.7991 11.3459 8.0589
v  14.8989 11.3459 6.7905
v  14.8989 11.3459 -5.7905
v  14.8989 11.3459 5.7905
v  14.7991 11.3459 -8.0589
v  14.8989 11.3459 -6.7905
v  14.5021 11.3459 -9.2961
v  14.0152 11.3459 -10.4717
v  13.3504 11.3459 -11.5565
v  12.5240 11.3459 -12.5240
v  11.5565 11.3459 -13.3504
v  10.4717 11.3459 -14.0152
v  9.2961 11.3459 -14.5021
v  8.0589 11.3459 -14.7991
v  6.7905 11.3459 -14.8989
v  -5.7905 11.3459 -14.8989
v  5.7905 11.3459 -14.8989
v  -8.0748 10.0617 -14.8989
v  -6.7905 10.0617 -15.0000
v  -9.3274 10.0617 -14.5982
v  -10.5175 10.0617 -14.1052
v  -11.6159 10.0617 -13.4321
v  -12.5955 10.0617 -12.5955
v  -13.4321 10.0617 -11.6159
v  -14.1052 10.0617 -10.5175
v  -14.5982 10.0617 -9.3274
v  -14.8989 10.0617 -8.0748
v  -15.0000 10.0617 -6.7905
v  -15.0000 10.0617 5.7905
v  -15.0000 10.0617 -5.7905
v  -14.8989 10.0617 8.0748
v  -15.0000 10.0617 6.7905
v  -14.5982 10.0617 9.3274
v  -14.1052 10.0617 10.5175
v  -13.4321 10.0617 11.6159
v  -12.5955 10.0617 12.5955
v  -11.6159 10.0617 13.4321
v  -10.5175 10.0617 14.1052
v  -9.3274 10.0617 14.5982
v  -8.0748 10.0617 14.8989
v  -6.7905 10.0617 15.0000
v  5.7905 10.0617 15.0000
v  -5.7905 10.0617 15.0000
v  8.0748 10.0617 14.8989
v  6.7905 10.0617 15.0000
v  9.3274 10.0617 14.5982
v  10.5175 10.0617 14.1052
v  11.6159 10.0617 13.4321
v  12.5955 10.0617 12.5955
v  13.4321 10.0617 11.6159
v  14.1052 10.0617 10.5175
v  14.5982 10.0617 9.3274
v  14.8989 10.0617 8.0748
v  15.0000 10.0617 6.7905
v  15.0000 10.0617 -5.7905
v  15.0000 10.0617 5.7905
v  14.8989 10.0617 -8.0748
v  15.0000 10.0617 -6.7905
v  14.5982 10.0617 -9.3274
v  14.1052 10.0617 -10.5175
v  13.4321 10.0617 -11.6159
v  12.5955 10.0617 -12.5955
v  11.6159 10.0617 -13.4321
v  10.5175 10.0617 -14.1052
v  9.3274 10.0617 -14.5982
v  8.0748 10.0617 -14.8989
v  6.7905 10.0617 -15.0000
v  -5.7905 10.0617 -15.0000
v  5.7905 10.0617 -15.0000
v  -6.7905 8.8261 -15.0000
v  -8.0748 8.8261 -14.8989
v  -9.3274 8.8261 -14.5982
v  -10.5175 8.8261 -14.1052
v  -11.6159 8.8261 -13.4321
v  -12.5955 8.8261 -12.5955
v  -13.4321 8.8261 -11.6159
v  -14.1052 8.8261 -10.5175
v  -14.5982 8.8261 -9.3274
v  -14.8989 8.8261 -8.0748
v  -15.0000 8.8261 -6.7905
v  -15.0000 8.8261 -5.7905
v  -15.0000 8.8261 5.7905
v  -15.0000 8.8261 6.7905
v  -14.8989 8.8261 8.0748
v  -14.5982 8.8261 9.3274
v  -14.1052 8.8261 10.5175
v  -13.4321 8.8261 11.6159
v  -12.5955 8.8261 12.5955
v  -11.6159 8.8261 13.4321
v  -10.5175 8.8261 14.1052
v  -9.3274 8.8261 14.5982
v  -8.0748 8.8261 14.8989
v  -6.7905 8.8261 15.0000
v  -5.7905 8.8261 15.0000
v  5.7905 8.8261 15.0000
v  6.7905 8.8261 15.0000
v  8.0748 8.8261 14.8989
v  9.3274 8.8261 14.5982
v  10.5175 8.8261 14.1052
v  11.6159 8.8261 13.4321
v  12.5955 8.8261 12.5955
v  13.4321 8.8261 11.6159
v  14.1052 8.8261 10.5175
v  14.5982 8.8261 9.3274
v  14.8989 8.8261 8.0748
v  15.0000 8.8261 6.7905
v  15.0000 8.8261 5.7905
v  15.0000 8.8261 -5.7905
v  15.0000 8.8261 -6.7905
v  14.8989 8.8261 -8.0748
v  14.5982 8.8261 -9.3274
v  14.1052 8.8261 -10.5175
v  13.4321 8.8261 -11.6159
v  12.5955 8.8261 -12.5955
v  11.6159 8.8261 -13.4321
v  10.5175 8.8261 -14.1052
v  9.3274 8.8261 -14.5982
v  8.0748 8.8261 -14.8989
v  6.7905 8.8261 -15.0000
v  5.7905 8.8261 -15.0000
v  -5.7905 8.8261 -15.0000
v  -6.7905 0.3000 -15.0000
v  -8.0748 0.3000 -14.8989
v  -8.0748 7.8261 -14.8989
v  -6.7905 7.8261 -15.0000
v  -9.3274 0.3000 -14.5982
v  -9.3274 7.8261 -14.5982
v  -10.5175 0.3000 -14.1052
v  -10.5175 7.8261 -14.1052
v  -11.6159 0.3000 -13.4321
v  -11.6159 7.8261 -13.4321
v  -12.5955 0.3000 -12.5955
v  -12.5955 7.8261 -12.5955
v  -13.4321 0.3000 -11.6159
v  -13.4321 7.8261 -11.6159
v  -14.1052 0.3000 -10.5175
v  -14.1052 7.8261 -10.5175
v  -14.5982 0.3000 -9.3274
v  -14.5982 7.8261 -9.3274
v  -14.8989 0.3000 -8.0748
v  -14.8989 7.8261 -8.0748
v  -15.0000 0.3000 -6.7905
v  -15.0000 7.8261 -6.7905
v  -15.0000 0.3000 -5.7905
v  -15.0000 0.3000 5.7905
v  -15.0000 7.8261 5.7905
v  -15.0000 7.8261 -5.7905
v  -15.0000 0.3000 6.7905
v  -14.8989 0.3000 8.0748
v  -14.8989 7.8261 8.0748
v  -15.0000 7.8261 6.7905
v  -14.5982 0.3000 9.3274
v  -14.5982 7.8261 9.3274
v  -14.1052 0.3000 10.5175
v  -14.1052 7.8261 10.5175
v  -13.4321 0.3000 11.6159
v  -13.4321 7.8261 11.6159
v  -12.5955 0.3000 12.5955
v  -12.5955 7.8261 12.5955
v  -11.6159 0.3000 13.4321
v  -11.6159 7.8261 13.4321
v  -10.5175 0.3000 14.1052
v  -10.5175 7.8261 14.1052
v  -9.3274 0.3000 14.5982
v  -9.3274 7.8261 14.5982
v  -8.0748 0.3000 14.8989
v  -8.0748 7.8261 14.8989
v  -6.7905 0.3000 15.0000
v  -6.7905 7.8261 15.0000
v  -5.7905 0.3000 15.0000
v  5.7905 0.3000 15.0000
v  5.7905 7.8261 15.0000
v  -5.7905 7.8261 15.0000
v  6.7905 0.3000 15.0000
v  8.0748 0.3000 14.8989
v  8.0748 7.8261 14.8989
v  6.7905 7.8261 15.0000
v  9.3274 0.3000 14.5982
v  9.3274 7.8261 14.5982
v  10.5175 0.3000 14.1052
v  10.5175 7.8261 14.1052
v  11.6159 0.3000 13.4321
v  11.6159 7.8261 13.4321
v  12.5955 0.3000 12.5955
v  12.5955 7.8261 12.5955
v  13.4321 0.3000 11.6159
v  13.4321 7.8261 11.6159
v  14.1052 0.3000 10.5175
v  14.1052 7.8261 10.5175
v  14.5982 0.3000 9.3274
v  14.5982 7.8261 9.3274
v  14.8989 0.3000 8.0748
v  14.8989 7.8261 8.0748
v  15.0000 0.3000 6.7905
v  15.0000 7.8261 6.7905
v  15.0000 0.3000 5.7905
v  15.0000 0.3000 -5.7905
v  15.0000 7.8261 -5.7905
v  15.0000 7.8261 5.7905
v  15.0000 0.3000 -6.7905
v  14.8989 0.3000 -8.0748
v  14.8989 7.8261 -8.0748
v  15.0000 7.8261 -6.7905
v  14.5982 0.3000 -9.3274
v  14.5982 7.8261 -9.3274
v  14.1052 0.3000 -10.5175
v  14.1052 7.8261 -10.5175
v  13.4321 0.3000 -11.6159
v  13.4321 7.8261 -11.6159
v  12.5955 0.3000 -12.5955
v  12.5955 7.8261 -12.5955
v  11.6159 0.3000 -13.4321
v  11.6159 7.8261 -13.4321
v  10.5175 0.3000 -14.1052
v  10.5175 7.8261 -14.1052
v  9.3274 0.3000 -14.5982
v  9.3274 7.8261 -14.5982
v  8.0748 0.3000 -14.8989
v  8.0748 7.8261 -14.8989
v  6.7905 0.3000 -15.0000
v  6.7905 7.8261 -15.0000
v  5.7905 0.3000 -15.0000
v  -5.7905 0.3000 -15.0000
v  -5.7905 7.8261 -15.0000
v  5.7905 7.8261 -15.0000
v  -6.6568 0.0000 -14.7048
v  -5.3841 0.0000 -11.8932
v  -6.4023 0.0000 -11.8131
v  -7.9226 0.0000 -14.6182
v  -7.3955 0.0000 -11.5746
v  -9.1599 0.0000 -14.3361
v  -8.3391 0.0000 -11.1837
v  -10.3350 0.0000 -13.8604
v  -9.2100 0.0000 -10.6501
v  -11.4184 0.0000 -13.2037
v  -9.9867 0.0000 -9.9867
v  -12.3827 0.0000 -12.3827
v  -10.6501 0.0000 -9.2100
v  -13.2037 0.0000 -11.4184
v  -11.1837 0.0000 -8.3391
v  -13.8604 0.0000 -10.3350
v  -11.5746 0.0000 -7.3955
v  -14.3361 0.0000 -9.1599
v  -11.8131 0.0000 -6.4023
v  -14.6182 0.0000 -7.9226
v  -11.8932 0.0000 -5.3841
v  -14.7048 0.0000 -6.6568
v  -11.8932 0.0000 -4.5912
v  -11.8932 0.0000 4.5912
v  -14.7000 0.0000 5.6747
v  -14.7000 0.0000 -5.6747
v  -14.7048 0.0000 6.6568
v  -11.8932 0.0000 5.3841
v  -11.8131 0.0000 6.4023
v  -14.6182 0.0000 7.9226
v  -11.5746 0.0000 7.3955
v  -14.3361 0.0000 9.1599
v  -11.1837 0.0000 8.3391
v  -13.8604 0.0000 10.3350
v  -10.6501 0.0000 9.2100
v  -13.2037 0.0000 11.4184
v  -9.9867 0.0000 9.9867
v  -12.3827 0.0000 12.3827
v  -9.2100 0.0000 10.6501
v  -11.4184 0.0000 13.2037
v  -8.3391 0.0000 11.1837
v  -10.3350 0.0000 13.8604
v  -7.3955 0.0000 11.5746
v  -9.1599 0.0000 14.3361
v  -6.4023 0.0000 11.8131
v  -7.9226 0.0000 14.6182
v  -5.3841 0.0000 11.8932
v  -6.6568 0.0000 14.7047
v  -4.5912 0.0000 11.8932
v  4.5912 0.0000 11.8932
v  5.6747 0.0000 14.7000
v  -5.6747 0.0000 14.7000
v  6.6568 0.0000 14.7047
v  5.3841 0.0000 11.8932
v  6.4023 0.0000 11.8131
v  7.9226 0.0000 14.6182
v  7.3955 0.0000 11.5746
v  9.1599 0.0000 14.3361
v  8.3391 0.0000 11.1837
v  10.3350 0.0000 13.8604
v  9.2100 0.0000 10.6501
v  11.4184 0.0000 13.2037
v  9.9867 0.0000 9.9867
v  12.3827 0.0000 12.3827
v  10.6501 0.0000 9.2100
v  13.2037 0.0000 11.4184
v  11.1837 0.0000 8.3391
v  13.8604 0.0000 10.3350
v  11.5746 0.0000 7.3955
v  14.3361 0.0000 9.1599
v  11.8131 0.0000 6.4023
v  14.6182 0.0000 7.9226
v  11.8932 0.0000 5.3841
v  14.7048 0.0000 6.6568
v  11.8932 0.0000 4.5912
v  11.8932 0.0000 -4.5912
v  14.7000 0.0000 -5.6747
v  14.7000 0.0000 5.6747
v  14.7048 0.0000 -6.6568
v  11.8932 0.0000 -5.3841
v  11.8131 0.0000 -6.4023
v  14.6182 0.0000 -7.9226
v  11.5746 0.0000 -7.3955
v  14.3361 0.0000 -9.1599
v  11.1837 0.0000 -8.3391
v  13.8604 0.0000 -10.3350
v  10.6501 0.0000 -9.2100
v  13.2037 0.0000 -11.4184
v  9.9867 0.0000 -9.9867
v  12.3827 0.0000 -12.3827
v  9.2100 0.0000 -10.6501
v  11.4184 0.0000 -13.2037
v  8.3391 0.0000 -11.1837
v  10.3350 0.0000 -13.8604
v  7.3955 0.0000 -11.5746
v  9.1599 0.0000 -14.3361
v  6.4023 0.0000 -11.8131
v  7.9226 0.0000 -14.6182
v  5.3841 0.0000 -11.8932
v  6.6568 0.0000 -14.7048
v  4.5912 0.0000 -11.8932
v  -4.5912 0.0000 -11.8932
v  -5.6747 0.0000 -14.7000
v  5.6747 0.0000 -14.7000
v  -8.0748 0.2000 -14.8989
v  -6.7905 0.2000 -15.0000
v  -9.3274 0.2000 -14.5982
v  -10.5175 0.2000 -14.1052
v  -11.6159 0.2000 -13.4321
v  -12.5955 0.2000 -12.5955
v  -13.4321 0.2000 -11.6159
v  -14.1052 0.2000 -10.5175
v  -14.5982 0.2000 -9.3274
v  -14.8989 0.2000 -8.0748
v  -15.0000 0.2000 -6.7905
v  -15.0000 0.2000 5.7905
v  -15.0000 0.2000 -5.7905
v  -14.8989 0.2000 8.0748
v  -15.0000 0.2000 6.7905
v  -14.5982 0.2000 9.3274
v  -14.1052 0.2000 10.5175
v  -13.4321 0.2000 11.6159
v  -12.5955 0.2000 12.5955
v  -11.6159 0.2000 13.4321
v  -10.5175 0.2000 14.1052
v  -9.3274 0.2000 14.5982
v  -8.0748 0.2000 14.8989
v  -6.7905 0.2000 15.0000
v  5.7905 0.2000 15.0000
v  -5.7905 0.2000 15.0000
v  8.0748 0.2000 14.8989
v  6.7905 0.2000 15.0000
v  9.3274 0.2000 14.5982
v  10.5175 0.2000 14.1052
v  11.6159 0.2000 13.4321
v  12.5955 0.2000 12.5955
v  13.4321 0.2000 11.6159
v  14.1052 0.2000 10.5175
v  14.5982 0.2000 9.3274
v  14.8989 0.2000 8.0748
v  15.0000 0.2000 6.7905
v  15.0000 0.2000 -5.7905
v  15.0000 0.2000 5.7905
v  14.8989 0.2000 -8.0748
v  15.0000 0.2000 -6.7905
v  14.5982 0.2000 -9.3274
v  14.1052 0.2000 -10.5175
v  13.4321 0.2000 -11.6159
v  12.5955 0.2000 -12.5955
v  11.6159 0.2000 -13.4321
v  10.5175 0.2000 -14.1052
v  9.3274 0.2000 -14.5982
v  8.0748 0.2000 -14.8989
v  6.7905 0.2000 -15.0000
v  -5.7905 0.2000 -15.0000
v  5.7905 0.2000 -15.0000
v  -6.7080 0.0000 -14.8178
v  -7.9795 0.0000 -14.7231
v  -9.2197 0.0000 -14.4297
v  -10.3980 0.0000 -13.9449
v  -11.4851 0.0000 -13.2808
v  -12.4541 0.0000 -12.4541
v  -13.2808 0.0000 -11.4851
v  -13.9449 0.0000 -10.3980
v  -14.4297 0.0000 -9.2197
v  -14.7231 0.0000 -7.9795
v  -14.8178 0.0000 -6.7080
v  -14.8134 0.0000 -5.7185
v  -14.8134 0.0000 5.7185
v  -14.8178 0.0000 6.7080
v  -14.7231 0.0000 7.9795
v  -14.4297 0.0000 9.2197
v  -13.9449 0.0000 10.3980
v  -13.2808 0.0000 11.4851
v  -12.4541 0.0000 12.4541
v  -11.4851 0.0000 13.2808
v  -10.3980 0.0000 13.9449
v  -9.2197 0.0000 14.4297
v  -7.9795 0.0000 14.7231
v  -6.7080 0.0000 14.8178
v  -5.7185 0.0000 14.8134
v  5.7185 0.0000 14.8134
v  6.7080 0.0000 14.8178
v  7.9795 0.0000 14.7231
v  9.2197 0.0000 14.4297
v  10.3980 0.0000 13.9449
v  11.4851 0.0000 13.2808
v  12.4541 0.0000 12.4541
v  13.2808 0.0000 11.4851
v  13.9449 0.0000 10.3980
v  14.4297 0.0000 9.2197
v  14.7231 0.0000 7.9795
v  14.8178 0.0000 6.7080
v  14.8134 0.0000 5.7185
v  14.8134 0.0000 -5.7185
v  14.8178 0.0000 -6.7080
v  14.7231 0.0000 -7.9795
v  14.4297 0.0000 -9.2197
v  13.9449 0.0000 -10.3980
v  13.2808 0.0000 -11.4851
v  12.4541 0.0000 -12.4541
v  11.4851 0.0000 -13.2808
v  10.3980 0.0000 -13.9449
v  9.2197 0.0000 -14.4297
v  7.9795 0.0000 -14.7231
v  6.7080 0.0000 -14.8178
v  5.7185 0.0000 -14.8134
v  -5.7185 0.0000 -14.8134
v  -8.0688 0.1125 -14.8879
v  -6.7854 0.1125 -14.9886
v  -9.3206 0.1125 -14.5877
v  -10.5101 0.1125 -14.0952
v  -11.6077 0.1125 -13.4227
v  -12.5867 0.1125 -12.5867
v  -13.4227 0.1125 -11.6077
v  -14.0952 0.1125 -10.5101
v  -14.5877 0.1125 -9.3207
v  -14.8879 0.1125 -8.0688
v  -14.9886 0.1125 -6.7854
v  -14.9883 0.1125 5.7860
v  -14.9883 0.1125 -5.7860
v  -14.8879 0.1125 8.0688
v  -14.9886 0.1125 6.7854
v  -14.5877 0.1125 9.3206
v  -14.0952 0.1125 10.5101
v  -13.4227 0.1125 11.6077
v  -12.5867 0.1125 12.5867
v  -11.6077 0.1125 13.4227
v  -10.5101 0.1125 14.0952
v  -9.3206 0.1125 14.5877
v  -8.0688 0.1125 14.8879
v  -6.7854 0.1125 14.9886
v  5.7860 0.1125 14.9883
v  -5.7860 0.1125 14.9883
v  8.0688 0.1125 14.8879
v  6.7854 0.1125 14.9886
v  9.3206 0.1125 14.5877
v  10.5101 0.1125 14.0952
v  11.6077 0.1125 13.4227
v  12.5867 0.1125 12.5867
v  13.4227 0.1125 11.6077
v  14.0952 0.1125 10.5101
v  14.5877 0.1125 9.3206
v  14.8879 0.1125 8.0688
v  14.9886 0.1125 6.7854
v  14.9883 0.1125 -5.7860
v  14.9883 0.1125 5.7860
v  14.8879 0.1125 -8.0688
v  14.9886 0.1125 -6.7854
v  14.5877 0.1125 -9.3207
v  14.0952 0.1125 -10.5101
v  13.4227 0.1125 -11.6077
v  12.5867 0.1125 -12.5867
v  11.6077 0.1125 -13.4227
v  10.5101 0.1125 -14.0952
v  9.3206 0.1125 -14.5877
v  8.0688 0.1125 -14.8879
v  6.7854 0.1125 -14.9886
v  -5.7860 0.1125 -14.9883
v  5.7860 0.1125 -14.9883
v  -8.0509 0.0500 -14.8550
v  -6.7699 0.0500 -14.9545
v  -8.0211 0.0125 -14.8000
v  -6.7441 0.0125 -14.8975
v  -9.3005 0.0500 -14.5561
v  -9.2668 0.0125 -14.5034
v  -10.4876 0.0500 -14.0651
v  -10.4503 0.0125 -14.0150
v  -11.5832 0.0500 -13.3943
v  -11.5423 0.0125 -13.3470
v  -12.5601 0.0500 -12.5601
v  -12.5159 0.0125 -12.5159
v  -13.3943 0.0500 -11.5832
v  -13.3470 0.0125 -11.5423
v  -14.0651 0.0500 -10.4877
v  -14.0150 0.0125 -10.4503
v  -14.5561 0.0500 -9.3005
v  -14.5034 0.0125 -9.2668
v  -14.8550 0.0500 -8.0509
v  -14.8000 0.0125 -8.0211
v  -14.9544 0.0500 -6.7699
v  -14.8975 0.0125 -6.7441
v  -14.9534 0.0500 5.7725
v  -14.9534 0.0500 -5.7725
v  -14.8950 0.0125 5.7500
v  -14.8950 0.0125 -5.7500
v  -14.8550 0.0500 8.0509
v  -14.9544 0.0500 6.7699
v  -14.8000 0.0125 8.0211
v  -14.8975 0.0125 6.7441
v  -14.5561 0.0500 9.3005
v  -14.5034 0.0125 9.2668
v  -14.0651 0.0500 10.4876
v  -14.0150 0.0125 10.4503
v  -13.3943 0.0500 11.5832
v  -13.3470 0.0125 11.5423
v  -12.5601 0.0500 12.5601
v  -12.5159 0.0125 12.5159
v  -11.5832 0.0500 13.3943
v  -11.5423 0.0125 13.3470
v  -10.4876 0.0500 14.0651
v  -10.4503 0.0125 14.0150
v  -9.3005 0.0500 14.5561
v  -9.2668 0.0125 14.5034
v  -8.0509 0.0500 14.8550
v  -8.0211 0.0125 14.8000
v  -6.7699 0.0500 14.9544
v  -6.7441 0.0125 14.8975
v  5.7725 0.0500 14.9534
v  -5.7725 0.0500 14.9534
v  5.7500 0.0125 14.8950
v  -5.7500 0.0125 14.8950
v  8.0509 0.0500 14.8550
v  6.7699 0.0500 14.9544
v  8.0211 0.0125 14.8000
v  6.7441 0.0125 14.8975
v  9.3005 0.0500 14.5561
v  9.2668 0.0125 14.5034
v  10.4876 0.0500 14.0651
v  10.4503 0.0125 14.0150
v  11.5832 0.0500 13.3943
v  11.5423 0.0125 13.3470
v  12.5601 0.0500 12.5601
v  12.5159 0.0125 12.5159
v  13.3943 0.0500 11.5832
v  13.3470 0.0125 11.5423
v  14.0651 0.0500 10.4876
v  14.0150 0.0125 10.4503
v  14.5561 0.0500 9.3005
v  14.5034 0.0125 9.2668
v  14.8550 0.0500 8.0509
v  14.8000 0.0125 8.0211
v  14.9544 0.0500 6.7699
v  14.8975 0.0125 6.7441
v  14.9534 0.0500 -5.7725
v  14.9534 0.0500 5.7725
v  14.8950 0.0125 -5.7500
v  14.8950 0.0125 5.7500
v  14.8550 0.0500 -8.0509
v  14.9544 0.0500 -6.7699
v  14.8000 0.0125 -8.0211
v  14.8975 0.0125 -6.7441
v  14.5561 0.0500 -9.3005
v  14.5034 0.0125 -9.2668
v  14.0651 0.0500 -10.4877
v  14.0150 0.0125 -10.4503
v  13.3943 0.0500 -11.5832
v  13.3470 0.0125 -11.5423
v  12.5601 0.0500 -12.5601
v  12.5159 0.0125 -12.5159
v  11.5832 0.0500 -13.3943
v  11.5423 0.0125 -13.3470
v  10.4876 0.0500 -14.0651
v  10.4503 0.0125 -14.0150
v  9.3005 0.0500 -14.5561
v  9.2668 0.0125 -14.5034
v  8.0509 0.0500 -14.8550
v  8.0211 0.0125 -14.8000
v  6.7699 0.0500 -14.9545
v  6.7441 0.0125 -14.8975
v  -5.7725 0.0500 -14.9534
v  5.7725 0.0500 -14.9534
v  -5.7500 0.0125 -14.8950
v  5.7500 0.0125 -14.8950
# 2008 vertices

vn 0.7637 -0.6409 -0.0770
vn 0.7817 -0.6234 -0.0196
vn 0.7359 -0.6602 -0.1502
vn 0.7046 -0.6750 -0.2189
vn 0.6703 -0.6858 -0.2834
vn 0.6334 -0.6932 -0.3440
vn 0.6334 -0.6931 -0.3440
vn 0.5940 -0.6973 -0.4013
vn 0.5520 -0.6984 -0.4556
vn 0.5073 -0.6966 -0.5074
vn 0.4595 -0.6918 -0.5570
vn 0.4083 -0.6840 -0.6046
vn 0.3530 -0.6727 -0.6503
vn 0.2932 -0.6576 -0.6940
vn 0.2283 -0.6381 -0.7353
vn 0.1578 -0.6136 -0.7737
vn 0.0814 -0.5832 -0.8082
vn 0.0208 -0.5565 -0.8306
vn -0.0208 -0.5565 -0.8306
vn -0.0814 -0.5832 -0.8082
vn -0.1578 -0.6136 -0.7737
vn -0.2283 -0.6381 -0.7353
vn -0.2932 -0.6576 -0.6940
vn -0.3530 -0.6727 -0.6503
vn -0.4083 -0.6840 -0.6046
vn -0.4595 -0.6918 -0.5570
vn -0.5073 -0.6966 -0.5074
vn -0.5520 -0.6984 -0.4556
vn -0.5940 -0.6973 -0.4013
vn -0.6334 -0.6931 -0.3440
vn -0.6334 -0.6932 -0.3440
vn -0.6703 -0.6858 -0.2834
vn -0.7046 -0.6750 -0.2189
vn -0.7359 -0.6602 -0.1502
vn -0.7637 -0.6409 -0.0770
vn -0.7817 -0.6234 -0.0196
vn -0.7817 -0.6234 0.0196
vn -0.7637 -0.6409 0.0770
vn -0.7359 -0.6602 0.1502
vn -0.7046 -0.6750 0.2189
vn -0.6703 -0.6858 0.2834
vn -0.6334 -0.6932 0.3440
vn -0.6334 -0.6931 0.3440
vn -0.5940 -0.6973 0.4013
vn -0.5520 -0.6984 0.4556
vn -0.5073 -0.6966 0.5074
vn -0.4595 -0.6918 0.5570
vn -0.4083 -0.6840 0.6046
vn -0.3530 -0.6727 0.6503
vn -0.2932 -0.6576 0.6940
vn -0.2283 -0.6381 0.7353
vn -0.1578 -0.6136 0.7737
vn -0.0814 -0.5832 0.8082
vn -0.0208 -0.5565 0.8306
vn 0.0208 -0.5565 0.8306
vn 0.0814 -0.5832 0.8082
vn 0.1578 -0.6136 0.7737
vn 0.2283 -0.6381 0.7353
vn 0.2932 -0.6576 0.6940
vn 0.3530 -0.6727 0.6503
vn 0.4083 -0.6840 0.6046
vn 0.4595 -0.6918 0.5570
vn 0.5073 -0.6966 0.5074
vn 0.5520 -0.6984 0.4556
vn 0.5940 -0.6973 0.4013
vn 0.6334 -0.6931 0.3440
vn 0.6334 -0.6932 0.3440
vn 0.6703 -0.6858 0.2834
vn 0.7046 -0.6750 0.2189
vn 0.7359 -0.6602 0.1502
vn 0.7637 -0.6409 0.0770
vn 0.7817 -0.6234 0.0196
vn 0.0000 -1.0000 -0.0000
vn 0.0000 1.0000 -0.0000
vn 0.8218 -0.5694 -0.0201
vn 0.8042 -0.5889 -0.0802
vn 0.7300 -0.6795 -0.0728
vn 0.7469 -0.6646 -0.0183
vn 0.7756 -0.6113 -0.1575
vn 0.7032 -0.6965 -0.1428
vn 0.7429 -0.6286 -0.2301
vn 0.6731 -0.7095 -0.2086
vn 0.7069 -0.6413 -0.2983
vn 0.6403 -0.7191 -0.2702
vn 0.6681 -0.6498 -0.3625
vn 0.6049 -0.7255 -0.3283
vn 0.6265 -0.6546 -0.4231
vn 0.5672 -0.7291 -0.3830
vn 0.5821 -0.6559 -0.4805
vn 0.5270 -0.7301 -0.4350
vn 0.5348 -0.6538 -0.5352
vn 0.4842 -0.7285 -0.4845
vn 0.4843 -0.6483 -0.5875
vn 0.4386 -0.7243 -0.5320
vn 0.4300 -0.6391 -0.6377
vn 0.3895 -0.7174 -0.5776
vn 0.3715 -0.6259 -0.6857
vn 0.3367 -0.7075 -0.6214
vn 0.3082 -0.6083 -0.7315
vn 0.2795 -0.6942 -0.6633
vn 0.2394 -0.5856 -0.7744
vn 0.2174 -0.6770 -0.7031
vn 0.1649 -0.5572 -0.8139
vn 0.1500 -0.6554 -0.7402
vn 0.0843 -0.5223 -0.8486
vn 0.0768 -0.6287 -0.7739
vn 0.0212 -0.4928 -0.8699
vn 0.0193 -0.6058 -0.7954
vn -0.0212 -0.4928 -0.8699
vn -0.0193 -0.6058 -0.7954
vn -0.0843 -0.5223 -0.8486
vn -0.0768 -0.6287 -0.7739
vn -0.1649 -0.5572 -0.8138
vn -0.1500 -0.6554 -0.7402
vn -0.2394 -0.5856 -0.7744
vn -0.2174 -0.6771 -0.7031
vn -0.3082 -0.6083 -0.7314
vn -0.2795 -0.6942 -0.6633
vn -0.3715 -0.6259 -0.6857
vn -0.3367 -0.7075 -0.6214
vn -0.4300 -0.6391 -0.6377
vn -0.3895 -0.7174 -0.5776
vn -0.4843 -0.6483 -0.5875
vn -0.4385 -0.7243 -0.5320
vn -0.5348 -0.6538 -0.5352
vn -0.4842 -0.7285 -0.4845
vn -0.5821 -0.6560 -0.4805
vn -0.5270 -0.7301 -0.4350
vn -0.6265 -0.6546 -0.4231
vn -0.5672 -0.7291 -0.3830
vn -0.6681 -0.6498 -0.3625
vn -0.6049 -0.7255 -0.3283
vn -0.7070 -0.6413 -0.2983
vn -0.6403 -0.7190 -0.2702
vn -0.7429 -0.6286 -0.2301
vn -0.6731 -0.7095 -0.2086
vn -0.7756 -0.6113 -0.1575
vn -0.7032 -0.6965 -0.1428
vn -0.8042 -0.5889 -0.0802
vn -0.7300 -0.6795 -0.0728
vn -0.8218 -0.5694 -0.0201
vn -0.7470 -0.6646 -0.0183
vn -0.8218 -0.5694 0.0201
vn -0.7469 -0.6646 0.0183
vn -0.8042 -0.5889 0.0802
vn -0.7300 -0.6795 0.0728
vn -0.7756 -0.6113 0.1575
vn -0.7032 -0.6965 0.1428
vn -0.7429 -0.6286 0.2301
vn -0.6731 -0.7095 0.2086
vn -0.7069 -0.6413 0.2983
vn -0.6403 -0.7191 0.2702
vn -0.6681 -0.6498 0.3625
vn -0.6049 -0.7255 0.3283
vn -0.6265 -0.6546 0.4231
vn -0.5672 -0.7291 0.3830
vn -0.5821 -0.6559 0.4805
vn -0.5270 -0.7301 0.4350
vn -0.5348 -0.6538 0.5352
vn -0.4842 -0.7285 0.4845
vn -0.4843 -0.6483 0.5875
vn -0.4386 -0.7243 0.5320
vn -0.4300 -0.6391 0.6377
vn -0.3895 -0.7174 0.5776
vn -0.3715 -0.6259 0.6857
vn -0.3367 -0.7075 0.6214
vn -0.3082 -0.6083 0.7315
vn -0.2795 -0.6942 0.6633
vn -0.2394 -0.5856 0.7744
vn -0.2174 -0.6770 0.7031
vn -0.1649 -0.5572 0.8139
vn -0.1500 -0.6554 0.7402
vn -0.0843 -0.5223 0.8486
vn -0.0768 -0.6287 0.7739
vn -0.0212 -0.4928 0.8699
vn -0.0193 -0.6058 0.7954
vn 0.0212 -0.4928 0.8699
vn 0.0193 -0.6058 0.7954
vn 0.0843 -0.5223 0.8486
vn 0.0768 -0.6287 0.7739
vn 0.1649 -0.5572 0.8138
vn 0.1500 -0.6554 0.7402
vn 0.2394 -0.5856 0.7744
vn 0.2174 -0.6771 0.7031
vn 0.3082 -0.6083 0.7314
vn 0.2795 -0.6942 0.6633
vn 0.3715 -0.6259 0.6857
vn 0.3367 -0.7075 0.6214
vn 0.4300 -0.6391 0.6377
vn 0.3895 -0.7174 0.5776
vn 0.4843 -0.6483 0.5875
vn 0.4385 -0.7243 0.5320
vn 0.5348 -0.6538 0.5352
vn 0.4842 -0.7285 0.4845
vn 0.5821 -0.6560 0.4805
vn 0.5270 -0.7301 0.4350
vn 0.6265 -0.6546 0.4231
vn 0.5672 -0.7291 0.3830
vn 0.6681 -0.6498 0.3625
vn 0.6049 -0.7255 0.3283
vn 0.7070 -0.6413 0.2983
vn 0.6403 -0.7190 0.2702
vn 0.7429 -0.6286 0.2301
vn 0.6731 -0.7095 0.2086
vn 0.7756 -0.6113 0.1575
vn 0.7032 -0.6965 0.1428
vn 0.8042 -0.5889 0.0802
vn 0.7300 -0.6795 0.0728
vn 0.8218 -0.5694 0.0201
vn 0.7470 -0.6646 0.0183
vn 0.0012 -0.9988 0.0493
vn -0.0012 -0.9988 0.0492
vn -0.0049 -0.9988 0.0494
vn -0.0098 -0.9988 0.0482
vn -0.0144 -0.9988 0.0466
vn -0.0188 -0.9988 0.0447
vn -0.0230 -0.9988 0.0424
vn -0.0268 -0.9988 0.0398
vn -0.0304 -0.9989 0.0369
vn -0.0338 -0.9989 0.0338
vn -0.0368 -0.9989 0.0304
vn -0.0396 -0.9989 0.0267
vn -0.0421 -0.9989 0.0228
vn -0.0442 -0.9988 0.0187
vn -0.0461 -0.9988 0.0143
vn -0.0475 -0.9988 0.0096
vn -0.0486 -0.9988 0.0048
vn -0.0483 -0.9988 0.0012
vn -0.0483 -0.9988 -0.0012
vn -0.0486 -0.9988 -0.0048
vn -0.0475 -0.9988 -0.0096
vn -0.0461 -0.9988 -0.0143
vn -0.0442 -0.9988 -0.0187
vn -0.0421 -0.9989 -0.0228
vn -0.0396 -0.9989 -0.0267
vn -0.0368 -0.9989 -0.0304
vn -0.0338 -0.9989 -0.0338
vn -0.0304 -0.9989 -0.0369
vn -0.0268 -0.9988 -0.0398
vn -0.0230 -0.9988 -0.0424
vn -0.0188 -0.9988 -0.0447
vn -0.0144 -0.9988 -0.0467
vn -0.0098 -0.9988 -0.0483
vn -0.0049 -0.9988 -0.0494
vn -0.0012 -0.9988 -0.0493
vn 0.0012 -0.9988 -0.0492
vn 0.0049 -0.9988 -0.0494
vn 0.0098 -0.9988 -0.0482
vn 0.0144 -0.9988 -0.0466
vn 0.0188 -0.9988 -0.0447
vn 0.0230 -0.9988 -0.0424
vn 0.0268 -0.9988 -0.0398
vn 0.0304 -0.9989 -0.0369
vn 0.0338 -0.9989 -0.0338
vn 0.0368 -0.9989 -0.0304
vn 0.0396 -0.9989 -0.0267
vn 0.0421 -0.9989 -0.0228
vn 0.0442 -0.9988 -0.0187
vn 0.0461 -0.9988 -0.0143
vn 0.0475 -0.9988 -0.0096
vn 0.0486 -0.9988 -0.0048
vn 0.0483 -0.9988 -0.0012
vn 0.0483 -0.9988 0.0012
vn 0.0486 -0.9988 0.0048
vn 0.0475 -0.9988 0.0096
vn 0.0461 -0.9988 0.0143
vn 0.0442 -0.9988 0.0187
vn 0.0421 -0.9989 0.0228
vn 0.0396 -0.9989 0.0267
vn 0.0368 -0.9989 0.0304
vn 0.0338 -0.9989 0.0338
vn 0.0304 -0.9989 0.0369
vn 0.0268 -0.9988 0.0398
vn 0.0230 -0.9988 0.0424
vn 0.0188 -0.9988 0.0447
vn 0.0144 -0.9988 0.0467
vn 0.0098 -0.9988 0.0483
vn 0.0049 -0.9988 0.0494
vn 0.0015 0.9984 0.0566
vn 0.0059 0.9983 0.0573
vn 0.0117 0.9983 0.0565
vn 0.0173 0.9983 0.0552
vn 0.0226 0.9983 0.0534
vn 0.0278 0.9983 0.0510
vn 0.0326 0.9983 0.0481
vn 0.0371 0.9983 0.0448
vn 0.0412 0.9983 0.0411
vn 0.0449 0.9983 0.0371
vn 0.0482 0.9983 0.0326
vn 0.0511 0.9983 0.0278
vn 0.0536 0.9983 0.0227
vn 0.0555 0.9983 0.0173
vn 0.0569 0.9983 0.0117
vn 0.0576 0.9983 0.0059
vn 0.0569 0.9984 0.0015
vn 0.0569 0.9984 -0.0015
vn 0.0576 0.9983 -0.0059
vn 0.0568 0.9983 -0.0117
vn 0.0555 0.9983 -0.0173
vn 0.0536 0.9983 -0.0227
vn 0.0511 0.9983 -0.0278
vn 0.0482 0.9983 -0.0326
vn 0.0449 0.9983 -0.0371
vn 0.0412 0.9983 -0.0412
vn 0.0371 0.9983 -0.0449
vn 0.0326 0.9983 -0.0481
vn 0.0278 0.9983 -0.0510
vn 0.0227 0.9983 -0.0534
vn 0.0173 0.9983 -0.0552
vn 0.0117 0.9983 -0.0566
vn 0.0059 0.9983 -0.0573
vn 0.0015 0.9984 -0.0566
vn -0.0015 0.9984 -0.0566
vn -0.0059 0.9983 -0.0573
vn -0.0117 0.9983 -0.0565
vn -0.0173 0.9983 -0.0552
vn -0.0226 0.9983 -0.0534
vn -0.0278 0.9983 -0.0510
vn -0.0326 0.9983 -0.0481
vn -0.0371 0.9983 -0.0448
vn -0.0412 0.9983 -0.0411
vn -0.0449 0.9983 -0.0371
vn -0.0482 0.9983 -0.0326
vn -0.0511 0.9983 -0.0278
vn -0.0536 0.9983 -0.0227
vn -0.0555 0.9983 -0.0173
vn -0.0569 0.9983 -0.0117
vn -0.0576 0.9983 -0.0059
vn -0.0569 0.9984 -0.0015
vn -0.0569 0.9984 0.0015
vn -0.0576 0.9983 0.0059
vn -0.0568 0.9983 0.0117
vn -0.0555 0.9983 0.0173
vn -0.0536 0.9983 0.0227
vn -0.0511 0.9983 0.0278
vn -0.0482 0.9983 0.0326
vn -0.0449 0.9983 0.0371
vn -0.0412 0.9983 0.0412
vn -0.0371 0.9983 0.0449
vn -0.0326 0.9983 0.0481
vn -0.0278 0.9983 0.0510
vn -0.0227 0.9983 0.0534
vn -0.0173 0.9983 0.0552
vn -0.0117 0.9983 0.0566
vn -0.0059 0.9983 0.0573
vn -0.0015 0.9984 0.0566
vn 0.6090 -0.7910 -0.0596
vn 0.6221 -0.7828 -0.0146
vn 0.9681 -0.2496 -0.0232
vn 0.9560 -0.2777 -0.0943
vn 0.5866 -0.8012 -0.1183
vn 0.9312 -0.3123 -0.1881
vn 0.5617 -0.8090 -0.1733
vn 0.8987 -0.3398 -0.2774
vn 0.5344 -0.8148 -0.2250
vn 0.8597 -0.3605 -0.3620
vn 0.5049 -0.8186 -0.2736
vn 0.8151 -0.3748 -0.4417
vn 0.4734 -0.8208 -0.3195
vn 0.7657 -0.3829 -0.5168
vn 0.4398 -0.8214 -0.3631
vn 0.7117 -0.3850 -0.5875
vn 0.4040 -0.8205 -0.4045
vn 0.6532 -0.3815 -0.6541
vn 0.3657 -0.8180 -0.4441
vn 0.5899 -0.3722 -0.7166
vn 0.3245 -0.8138 -0.4821
vn 0.5216 -0.3569 -0.7750
vn 0.2802 -0.8078 -0.5186
vn 0.4479 -0.3355 -0.8288
vn 0.2323 -0.7998 -0.5535
vn 0.3685 -0.3076 -0.8773
vn 0.1803 -0.7895 -0.5867
vn 0.2833 -0.2728 -0.9194
vn 0.1238 -0.7765 -0.6179
vn 0.1925 -0.2309 -0.9537
vn 0.0625 -0.7604 -0.6464
vn 0.0968 -0.1821 -0.9785
vn 0.0152 -0.7477 -0.6639
vn 0.0241 -0.1435 -0.9894
vn -0.0153 -0.7477 -0.6638
vn -0.0240 -0.1434 -0.9894
vn -0.0625 -0.7604 -0.6464
vn -0.0968 -0.1822 -0.9785
vn -0.1238 -0.7765 -0.6178
vn -0.1925 -0.2311 -0.9537
vn -0.1802 -0.7895 -0.5867
vn -0.2833 -0.2729 -0.9194
vn -0.2322 -0.7998 -0.5535
vn -0.3685 -0.3076 -0.8772
vn -0.2802 -0.8078 -0.5186
vn -0.4479 -0.3356 -0.8287
vn -0.3245 -0.8138 -0.4821
vn -0.5216 -0.3570 -0.7749
vn -0.3657 -0.8180 -0.4441
vn -0.5899 -0.3722 -0.7166
vn -0.4040 -0.8205 -0.4045
vn -0.6532 -0.3815 -0.6541
vn -0.4398 -0.8214 -0.3631
vn -0.7117 -0.3850 -0.5875
vn -0.4734 -0.8208 -0.3196
vn -0.7657 -0.3828 -0.5168
vn -0.5049 -0.8186 -0.2737
vn -0.8152 -0.3747 -0.4417
vn -0.5344 -0.8147 -0.2250
vn -0.8597 -0.3605 -0.3619
vn -0.5617 -0.8090 -0.1733
vn -0.8987 -0.3397 -0.2774
vn -0.5867 -0.8011 -0.1183
vn -0.9312 -0.3122 -0.1880
vn -0.6090 -0.7909 -0.0596
vn -0.9560 -0.2776 -0.0943
vn -0.6221 -0.7828 -0.0146
vn -0.9681 -0.2496 -0.0232
vn -0.6221 -0.7828 0.0146
vn -0.9681 -0.2496 0.0232
vn -0.6090 -0.7910 0.0596
vn -0.9560 -0.2777 0.0943
vn -0.5866 -0.8012 0.1183
vn -0.9312 -0.3123 0.1881
vn -0.5617 -0.8090 0.1733
vn -0.8987 -0.3398 0.2774
vn -0.5344 -0.8148 0.2250
vn -0.8597 -0.3605 0.3620
vn -0.5049 -0.8186 0.2736
vn -0.8151 -0.3748 0.4417
vn -0.4734 -0.8208 0.3195
vn -0.7657 -0.3829 0.5168
vn -0.4398 -0.8214 0.3631
vn -0.7117 -0.3850 0.5875
vn -0.4040 -0.8205 0.4045
vn -0.6532 -0.3815 0.6541
vn -0.3657 -0.8180 0.4441
vn -0.5899 -0.3722 0.7166
vn -0.3245 -0.8138 0.4821
vn -0.5216 -0.3569 0.7750
vn -0.2802 -0.8078 0.5186
vn -0.4479 -0.3355 0.8288
vn -0.2323 -0.7998 0.5535
vn -0.3685 -0.3076 0.8773
vn -0.1803 -0.7895 0.5867
vn -0.2833 -0.2728 0.9194
vn -0.1238 -0.7765 0.6179
vn -0.1925 -0.2309 0.9537
vn -0.0625 -0.7604 0.6464
vn -0.0968 -0.1821 0.9785
vn -0.0152 -0.7477 0.6639
vn -0.0241 -0.1435 0.9894
vn 0.0153 -0.7477 0.6638
vn 0.0240 -0.1434 0.9894
vn 0.0625 -0.7604 0.6464
vn 0.0968 -0.1822 0.9785
vn 0.1238 -0.7765 0.6178
vn 0.1925 -0.2311 0.9537
vn 0.1802 -0.7895 0.5867
vn 0.2833 -0.2729 0.9194
vn 0.2322 -0.7998 0.5535
vn 0.3685 -0.3076 0.8772
vn 0.2802 -0.8078 0.5186
vn 0.4479 -0.3356 0.8287
vn 0.3245 -0.8138 0.4821
vn 0.5216 -0.3570 0.7749
vn 0.3657 -0.8180 0.4441
vn 0.5899 -0.3722 0.7166
vn 0.4040 -0.8205 0.4045
vn 0.6532 -0.3815 0.6541
vn 0.4398 -0.8214 0.3631
vn 0.7117 -0.3850 0.5875
vn 0.4734 -0.8208 0.3196
vn 0.7657 -0.3828 0.5168
vn 0.5049 -0.8186 0.2737
vn 0.8152 -0.3747 0.4417
vn 0.5344 -0.8147 0.2250
vn 0.8597 -0.3605 0.3619
vn 0.5617 -0.8090 0.1733
vn 0.8987 -0.3397 0.2774
vn 0.5867 -0.8011 0.1183
vn 0.9312 -0.3122 0.1880
vn 0.6090 -0.7909 0.0596
vn 0.9560 -0.2776 0.0943
vn 0.6221 -0.7828 0.0146
vn 0.9681 -0.2496 0.0232
vn 0.4130 -0.9098 -0.0402
vn 0.4200 -0.9075 -0.0097
vn 0.2023 -0.9791 -0.0197
vn 0.2038 -0.9790 -0.0047
vn 0.9991 0.0283 -0.0325
vn 0.9934 -0.0099 -0.1146
vn 0.3455 0.9384 -0.0098
vn 0.5523 0.8335 -0.0113
vn 0.5577 0.8284 -0.0517
vn 0.3519 0.9353 -0.0380
vn 0.3993 -0.9133 -0.0803
vn 0.1967 -0.9797 -0.0396
vn 0.9761 -0.0498 -0.2116
vn 0.5598 0.8213 -0.1103
vn 0.3520 0.9331 -0.0741
vn 0.3833 -0.9160 -0.1181
vn 0.1897 -0.9801 -0.0585
vn 0.9488 -0.0821 -0.3050
vn 0.5541 0.8152 -0.1688
vn 0.3476 0.9312 -0.1099
vn 0.3655 -0.9180 -0.1538
vn 0.1815 -0.9804 -0.0764
vn 0.9130 -0.1067 -0.3938
vn 0.5407 0.8103 -0.2259
vn 0.3387 0.9297 -0.1447
vn 0.3459 -0.9194 -0.1874
vn 0.1722 -0.9806 -0.0933
vn 0.8697 -0.1237 -0.4777
vn 0.5200 0.8068 -0.2806
vn 0.3255 0.9287 -0.1778
vn 0.3246 -0.9202 -0.2190
vn 0.1618 -0.9808 -0.1092
vn 0.8200 -0.1335 -0.5566
vn 0.4923 0.8047 -0.3317
vn 0.3084 0.9280 -0.2089
vn 0.3016 -0.9204 -0.2489
vn 0.1504 -0.9808 -0.1241
vn 0.7642 -0.1361 -0.6304
vn 0.4583 0.8042 -0.3785
vn 0.2876 0.9279 -0.2373
vn 0.2769 -0.9200 -0.2773
vn 0.1380 -0.9807 -0.1382
vn 0.7028 -0.1319 -0.6991
vn 0.4187 0.8051 -0.4201
vn 0.2635 0.9282 -0.2628
vn 0.2503 -0.9192 -0.3041
vn 0.1246 -0.9806 -0.1513
vn 0.6357 -0.1207 -0.7624
vn 0.3740 0.8075 -0.4562
vn 0.2365 0.9289 -0.2851
vn 0.2218 -0.9177 -0.3296
vn 0.1101 -0.9804 -0.1636
vn 0.5629 -0.1025 -0.8201
vn 0.3251 0.8112 -0.4860
vn 0.2069 0.9300 -0.3038
vn 0.1910 -0.9156 -0.3538
vn 0.0945 -0.9800 -0.1749
vn 0.4844 -0.0771 -0.8715
vn 0.2727 0.8162 -0.5093
vn 0.1751 0.9315 -0.3187
vn 0.1578 -0.9129 -0.3765
vn 0.0777 -0.9796 -0.1853
vn 0.4000 -0.0444 -0.9154
vn 0.2178 0.8224 -0.5256
vn 0.1417 0.9334 -0.3297
vn 0.1220 -0.9093 -0.3978
vn 0.0597 -0.9791 -0.1946
vn 0.3102 -0.0044 -0.9507
vn 0.1613 0.8295 -0.5348
vn 0.1071 0.9356 -0.3365
vn 0.0833 -0.9049 -0.4173
vn 0.0405 -0.9784 -0.2027
vn 0.2156 0.0428 -0.9755
vn 0.1044 0.8373 -0.5367
vn 0.0720 0.9380 -0.3390
vn 0.0416 -0.8995 -0.4348
vn 0.0201 -0.9776 -0.2095
vn 0.1175 0.0965 -0.9884
vn 0.0482 0.8455 -0.5318
vn 0.0369 0.9407 -0.3373
vn 0.0099 -0.8958 -0.4444
vn 0.0047 -0.9773 -0.2118
vn 0.0338 0.1456 -0.9888
vn 0.0103 0.8510 -0.5251
vn 0.0096 0.9439 -0.3301
vn -0.0100 -0.8958 -0.4443
vn -0.0048 -0.9773 -0.2118
vn -0.0336 0.1459 -0.9887
vn -0.0102 0.8510 -0.5251
vn -0.0095 0.9439 -0.3300
vn -0.0416 -0.8995 -0.4348
vn -0.0201 -0.9776 -0.2096
vn -0.1174 0.0969 -0.9884
vn -0.0482 0.8454 -0.5320
vn -0.0368 0.9407 -0.3372
vn -0.0833 -0.9049 -0.4173
vn -0.0405 -0.9784 -0.2028
vn -0.2155 0.0431 -0.9756
vn -0.1045 0.8371 -0.5370
vn -0.0719 0.9381 -0.3389
vn -0.1219 -0.9093 -0.3978
vn -0.0597 -0.9791 -0.1946
vn -0.3101 -0.0041 -0.9507
vn -0.1614 0.8293 -0.5349
vn -0.1071 0.9356 -0.3364
vn -0.1578 -0.9129 -0.3765
vn -0.0777 -0.9796 -0.1853
vn -0.4000 -0.0442 -0.9155
vn -0.2179 0.8223 -0.5257
vn -0.1416 0.9334 -0.3296
vn -0.1910 -0.9156 -0.3538
vn -0.0945 -0.9800 -0.1749
vn -0.4843 -0.0769 -0.8715
vn -0.2728 0.8161 -0.5094
vn -0.1751 0.9315 -0.3187
vn -0.2217 -0.9177 -0.3296
vn -0.1101 -0.9804 -0.1636
vn -0.5629 -0.1023 -0.8201
vn -0.3252 0.8112 -0.4861
vn -0.2068 0.9300 -0.3038
vn -0.2503 -0.9192 -0.3041
vn -0.1246 -0.9806 -0.1513
vn -0.6357 -0.1206 -0.7624
vn -0.3741 0.8074 -0.4562
vn -0.2364 0.9289 -0.2850
vn -0.2769 -0.9200 -0.2773
vn -0.1380 -0.9807 -0.1382
vn -0.7028 -0.1318 -0.6991
vn -0.4187 0.8051 -0.4201
vn -0.2635 0.9282 -0.2628
vn -0.3016 -0.9204 -0.2489
vn -0.1504 -0.9808 -0.1242
vn -0.7643 -0.1361 -0.6304
vn -0.4584 0.8042 -0.3784
vn -0.2876 0.9279 -0.2373
vn -0.3245 -0.9202 -0.2190
vn -0.1618 -0.9808 -0.1092
vn -0.8200 -0.1335 -0.5566
vn -0.4923 0.8048 -0.3317
vn -0.3084 0.9280 -0.2089
vn -0.3459 -0.9194 -0.1874
vn -0.1722 -0.9806 -0.0933
vn -0.8697 -0.1238 -0.4777
vn -0.5199 0.8068 -0.2805
vn -0.3256 0.9286 -0.1778
vn -0.3655 -0.9180 -0.1538
vn -0.1815 -0.9804 -0.0764
vn -0.9130 -0.1068 -0.3938
vn -0.5406 0.8104 -0.2259
vn -0.3387 0.9297 -0.1447
vn -0.3833 -0.9160 -0.1182
vn -0.1897 -0.9801 -0.0585
vn -0.9488 -0.0823 -0.3050
vn -0.5539 0.8153 -0.1687
vn -0.3476 0.9312 -0.1099
vn -0.3992 -0.9133 -0.0803
vn -0.1967 -0.9797 -0.0396
vn -0.9761 -0.0501 -0.2117
vn -0.5596 0.8214 -0.1102
vn -0.3521 0.9330 -0.0741
vn -0.4130 -0.9098 -0.0402
vn -0.2023 -0.9791 -0.0197
vn -0.9934 -0.0101 -0.1147
vn -0.5576 0.8285 -0.0516
vn -0.3520 0.9352 -0.0380
vn -0.4201 -0.9074 -0.0097
vn -0.2038 -0.9790 -0.0047
vn -0.9991 0.0281 -0.0327
vn -0.5523 0.8336 -0.0113
vn -0.3455 0.9383 -0.0099
vn -0.4200 -0.9075 0.0097
vn -0.2038 -0.9790 0.0047
vn -0.9991 0.0283 0.0325
vn -0.5523 0.8335 0.0113
vn -0.3455 0.9384 0.0098
vn -0.4130 -0.9098 0.0402
vn -0.2023 -0.9791 0.0197
vn -0.9934 -0.0099 0.1146
vn -0.5577 0.8284 0.0517
vn -0.3519 0.9353 0.0380
vn -0.3993 -0.9133 0.0803
vn -0.1967 -0.9797 0.0396
vn -0.9761 -0.0498 0.2116
vn -0.5598 0.8213 0.1103
vn -0.3520 0.9331 0.0741
vn -0.3833 -0.9160 0.1181
vn -0.1897 -0.9801 0.0585
vn -0.9488 -0.0821 0.3050
vn -0.5541 0.8152 0.1688
vn -0.3476 0.9312 0.1099
vn -0.3655 -0.9180 0.1538
vn -0.1815 -0.9804 0.0764
vn -0.9130 -0.1067 0.3938
vn -0.5407 0.8103 0.2259
vn -0.3387 0.9297 0.1447
vn -0.3459 -0.9194 0.1874
vn -0.1722 -0.9806 0.0933
vn -0.8697 -0.1237 0.4777
vn -0.5200 0.8068 0.2806
vn -0.3255 0.9287 0.1778
vn -0.3246 -0.9202 0.2190
vn -0.1618 -0.9808 0.1092
vn -0.8200 -0.1335 0.5566
vn -0.4923 0.8047 0.3317
vn -0.3084 0.9280 0.2089
vn -0.3016 -0.9204 0.2489
vn -0.1504 -0.9808 0.1241
vn -0.7642 -0.1361 0.6304
vn -0.4583 0.8042 0.3785
vn -0.2876 0.9279 0.2373
vn -0.2769 -0.9200 0.2773
vn -0.1380 -0.9807 0.1382
vn -0.7028 -0.1319 0.6991
vn -0.4187 0.8051 0.4201
vn -0.2635 0.9282 0.2628
vn -0.2503 -0.9192 0.3041
vn -0.1246 -0.9806 0.1513
vn -0.6357 -0.1207 0.7624
vn -0.3740 0.8075 0.4562
vn -0.2365 0.9289 0.2851
vn -0.2218 -0.9177 0.3296
vn -0.1101 -0.9804 0.1636
vn -0.5629 -0.1025 0.8201
vn -0.3251 0.8112 0.4860
vn -0.2069 0.9300 0.3038
vn -0.1910 -0.9156 0.3538
vn -0.0945 -0.9800 0.1749
vn -0.4844 -0.0771 0.8715
vn -0.2727 0.8162 0.5093
vn -0.1751 0.9315 0.3187
vn -0.1578 -0.9129 0.3765
vn -0.0777 -0.9796 0.1853
vn -0.4000 -0.0444 0.9154
vn -0.2178 0.8224 0.5256
vn -0.1417 0.9334 0.3297
vn -0.1220 -0.9093 0.3978
vn -0.0597 -0.9791 0.1946
vn -0.3102 -0.0044 0.9507
vn -0.1613 0.8295 0.5348
vn -0.1071 0.9356 0.3365
vn -0.0833 -0.9049 0.4173
vn -0.0405 -0.9784 0.2027
vn -0.2156 0.0428 0.9755
vn -0.1044 0.8373 0.5367
vn -0.0720 0.9380 0.3390
vn -0.0416 -0.8995 0.4348
vn -0.0201 -0.9776 0.2095
vn -0.1175 0.0965 0.9884
vn -0.0482 0.8455 0.5318
vn -0.0369 0.9407 0.3373
vn -0.0099 -0.8958 0.4444
vn -0.0047 -0.9773 0.2118
vn -0.0338 0.1456 0.9888
vn -0.0103 0.8510 0.5251
vn -0.0096 0.9439 0.3301
vn 0.0100 -0.8958 0.4443
vn 0.0048 -0.9773 0.2118
vn 0.0336 0.1459 0.9887
vn 0.0102 0.8510 0.5251
vn 0.0095 0.9439 0.3300
vn 0.0416 -0.8995 0.4348
vn 0.0201 -0.9776 0.2096
vn 0.1174 0.0969 0.9884
vn 0.0482 0.8454 0.5320
vn 0.0368 0.9407 0.3372
vn 0.0833 -0.9049 0.4173
vn 0.0405 -0.9784 0.2028
vn 0.2155 0.0431 0.9756
vn 0.1045 0.8371 0.5370
vn 0.0719 0.9381 0.3389
vn 0.1219 -0.9093 0.3978
vn 0.0597 -0.9791 0.1946
vn 0.3101 -0.0041 0.9507
vn 0.1614 0.8293 0.5349
vn 0.1071 0.9356 0.3364
vn 0.1578 -0.9129 0.3765
vn 0.0777 -0.9796 0.1853
vn 0.4000 -0.0442 0.9155
vn 0.2179 0.8223 0.5257
vn 0.1416 0.9334 0.3296
vn 0.1910 -0.9156 0.3538
vn 0.0945 -0.9800 0.1749
vn 0.4843 -0.0769 0.8715
vn 0.2728 0.8161 0.5094
vn 0.1751 0.9315 0.3187
vn 0.2217 -0.9177 0.3296
vn 0.1101 -0.9804 0.1636
vn 0.5629 -0.1023 0.8201
vn 0.3252 0.8112 0.4861
vn 0.2068 0.9300 0.3038
vn 0.2503 -0.9192 0.3041
vn 0.1246 -0.9806 0.1513
vn 0.6357 -0.1206 0.7624
vn 0.3741 0.8074 0.4562
vn 0.2364 0.9289 0.2850
vn 0.2769 -0.9200 0.2773
vn 0.1380 -0.9807 0.1382
vn 0.7028 -0.1318 0.6991
vn 0.4187 0.8051 0.4201
vn 0.2635 0.9282 0.2628
vn 0.3016 -0.9204 0.2489
vn 0.1504 -0.9808 0.1242
vn 0.7643 -0.1361 0.6304
vn 0.4584 0.8042 0.3784
vn 0.2876 0.9279 0.2373
vn 0.3245 -0.9202 0.2190
vn 0.1618 -0.9808 0.1092
vn 0.8200 -0.1335 0.5566
vn 0.4923 0.8048 0.3317
vn 0.3084 0.9280 0.2089
vn 0.3459 -0.9194 0.1874
vn 0.1722 -0.9806 0.0933
vn 0.8697 -0.1238 0.4777
vn 0.5199 0.8068 0.2805
vn 0.3256 0.9286 0.1778
vn 0.3655 -0.9180 0.1538
vn 0.1815 -0.9804 0.0764
vn 0.9130 -0.1068 0.3938
vn 0.5406 0.8104 0.2259
vn 0.3387 0.9297 0.1447
vn 0.3833 -0.9160 0.1182
vn 0.1897 -0.9801 0.0585
vn 0.9488 -0.0823 0.3050
vn 0.5539 0.8153 0.1687
vn 0.3476 0.9312 0.1099
vn 0.3992 -0.9133 0.0803
vn 0.1967 -0.9797 0.0396
vn 0.9761 -0.0501 0.2117
vn 0.5596 0.8214 0.1102
vn 0.3521 0.9330 0.0741
vn 0.4130 -0.9098 0.0402
vn 0.2023 -0.9791 0.0197
vn 0.9934 -0.0101 0.1147
vn 0.5576 0.8285 0.0516
vn 0.3520 0.9352 0.0380
vn 0.4201 -0.9074 0.0097
vn 0.2038 -0.9790 0.0047
vn 0.9991 0.0281 0.0327
vn 0.5523 0.8336 0.0113
vn 0.3455 0.9383 0.0099
vn -0.0322 0.9990 -0.0322
vn -0.0063 0.9874 -0.1583
vn -0.0251 0.9871 -0.1583
vn -0.0495 0.9871 -0.1524
vn -0.0728 0.9871 -0.1428
vn -0.0942 0.9871 -0.1297
vn -0.1133 0.9871 -0.1133
vn -0.1297 0.9871 -0.0942
vn -0.1428 0.9871 -0.0728
vn -0.1524 0.9871 -0.0495
vn -0.1583 0.9871 -0.0251
vn -0.1583 0.9874 -0.0063
vn -0.1564 0.9877 -0.0000
vn -0.0393 0.9992 -0.0000
vn -0.0322 0.9990 0.0322
vn -0.1583 0.9874 0.0063
vn -0.1583 0.9871 0.0251
vn -0.1524 0.9871 0.0495
vn -0.1428 0.9871 0.0728
vn -0.1297 0.9871 0.0942
vn -0.1133 0.9871 0.1133
vn -0.0942 0.9871 0.1297
vn -0.0728 0.9871 0.1428
vn -0.0495 0.9871 0.1524
vn -0.0251 0.9871 0.1583
vn -0.0063 0.9874 0.1583
vn 0.0000 0.9877 0.1564
vn 0.0000 0.9992 0.0393
vn 0.0322 0.9990 0.0322
vn 0.0063 0.9874 0.1583
vn 0.0251 0.9871 0.1583
vn 0.0495 0.9871 0.1524
vn 0.0728 0.9871 0.1428
vn 0.0942 0.9871 0.1297
vn 0.1133 0.9871 0.1133
vn 0.1297 0.9871 0.0942
vn 0.1428 0.9871 0.0728
vn 0.1524 0.9871 0.0495
vn 0.1583 0.9871 0.0251
vn 0.1583 0.9874 0.0063
vn 0.1564 0.9877 -0.0000
vn 0.0393 0.9992 -0.0000
vn 0.0322 0.9990 -0.0322
vn 0.1583 0.9874 -0.0063
vn 0.1583 0.9871 -0.0251
vn 0.1524 0.9871 -0.0495
vn 0.1428 0.9871 -0.0728
vn 0.1297 0.9871 -0.0942
vn 0.1133 0.9871 -0.1133
vn 0.0942 0.9871 -0.1297
vn 0.0728 0.9871 -0.1428
vn 0.0495 0.9871 -0.1524
vn 0.0251 0.9871 -0.1583
vn 0.0063 0.9874 -0.1583
vn 0.0000 0.9877 -0.1564
vn 0.0000 0.9992 -0.0393
vn -0.0489 0.9499 -0.3087
vn -0.0123 0.9504 -0.3108
vn -0.0966 0.9499 -0.2973
vn -0.1419 0.9499 -0.2785
vn -0.1837 0.9499 -0.2529
vn -0.2210 0.9499 -0.2210
vn -0.2529 0.9499 -0.1837
vn -0.2785 0.9499 -0.1419
vn -0.2973 0.9499 -0.0966
vn -0.3087 0.9499 -0.0489
vn -0.3108 0.9504 -0.0123
vn -0.3090 0.9511 -0.0000
vn -0.3087 0.9499 0.0489
vn -0.3108 0.9504 0.0123
vn -0.2973 0.9499 0.0966
vn -0.2785 0.9499 0.1419
vn -0.2529 0.9499 0.1837
vn -0.2210 0.9499 0.2210
vn -0.1837 0.9499 0.2529
vn -0.1419 0.9499 0.2785
vn -0.0966 0.9499 0.2973
vn -0.0489 0.9499 0.3087
vn -0.0123 0.9504 0.3108
vn 0.0000 0.9511 0.3090
vn 0.0489 0.9499 0.3087
vn 0.0123 0.9504 0.3108
vn 0.0966 0.9499 0.2973
vn 0.1419 0.9499 0.2785
vn 0.1837 0.9499 0.2529
vn 0.2210 0.9499 0.2210
vn 0.2529 0.9499 0.1837
vn 0.2785 0.9499 0.1419
vn 0.2973 0.9499 0.0966
vn 0.3087 0.9499 0.0489
vn 0.3108 0.9504 0.0123
vn 0.3090 0.9511 -0.0000
vn 0.3087 0.9499 -0.0489
vn 0.3108 0.9504 -0.0123
vn 0.2973 0.9499 -0.0966
vn 0.2785 0.9499 -0.1419
vn 0.2529 0.9499 -0.1837
vn 0.2210 0.9499 -0.2210
vn 0.1837 0.9499 -0.2529
vn 0.1419 0.9499 -0.2785
vn 0.0966 0.9499 -0.2973
vn 0.0489 0.9499 -0.3087
vn 0.0123 0.9504 -0.3108
vn 0.0000 0.9511 -0.3090
vn -0.0715 0.8894 -0.4515
vn -0.0180 0.8901 -0.4555
vn -0.1412 0.8894 -0.4347
vn -0.2075 0.8894 -0.4073
vn -0.2687 0.8894 -0.3698
vn -0.3232 0.8894 -0.3232
vn -0.3698 0.8894 -0.2687
vn -0.4073 0.8894 -0.2075
vn -0.4347 0.8894 -0.1412
vn -0.4515 0.8894 -0.0715
vn -0.4555 0.8901 -0.0180
vn -0.4540 0.8910 -0.0000
vn -0.4515 0.8894 0.0715
vn -0.4555 0.8901 0.0180
vn -0.4347 0.8894 0.1412
vn -0.4073 0.8894 0.2075
vn -0.3698 0.8894 0.2687
vn -0.3232 0.8894 0.3232
vn -0.2687 0.8894 0.3698
vn -0.2075 0.8894 0.4073
vn -0.1412 0.8894 0.4347
vn -0.0715 0.8894 0.4515
vn -0.0180 0.8901 0.4555
vn 0.0000 0.8910 0.4540
vn 0.0715 0.8894 0.4515
vn 0.0180 0.8901 0.4555
vn 0.1412 0.8894 0.4347
vn 0.2075 0.8894 0.4073
vn 0.2687 0.8894 0.3698
vn 0.3232 0.8894 0.3232
vn 0.3698 0.8894 0.2687
vn 0.4073 0.8894 0.2075
vn 0.4347 0.8894 0.1412
vn 0.4515 0.8894 0.0715
vn 0.4555 0.8901 0.0180
vn 0.4540 0.8910 -0.0000
vn 0.4515 0.8894 -0.0715
vn 0.4555 0.8901 -0.0180
vn 0.4347 0.8894 -0.1412
vn 0.4073 0.8894 -0.2075
vn 0.3698 0.8894 -0.2687
vn 0.3232 0.8894 -0.3232
vn 0.2687 0.8894 -0.3698
vn 0.2075 0.8894 -0.4073
vn 0.1412 0.8894 -0.4347
vn 0.0715 0.8894 -0.4515
vn 0.0180 0.8901 -0.4555
vn 0.0000 0.8910 -0.4540
vn -0.0923 0.8072 -0.5831
vn -0.0232 0.8079 -0.5889
vn -0.1824 0.8072 -0.5614
vn -0.2680 0.8072 -0.5260
vn -0.3470 0.8072 -0.4776
vn -0.4174 0.8072 -0.4174
vn -0.4776 0.8072 -0.3470
vn -0.5260 0.8072 -0.2680
vn -0.5614 0.8072 -0.1824
vn -0.5831 0.8072 -0.0923
vn -0.5889 0.8079 -0.0232
vn -0.5878 0.8090 -0.0000
vn -0.5831 0.8072 0.0923
vn -0.5889 0.8079 0.0232
vn -0.5614 0.8072 0.1824
vn -0.5260 0.8072 0.2680
vn -0.4776 0.8072 0.3470
vn -0.4174 0.8072 0.4174
vn -0.3470 0.8072 0.4776
vn -0.2680 0.8072 0.5260
vn -0.1824 0.8072 0.5614
vn -0.0923 0.8072 0.5831
vn -0.0232 0.8079 0.5889
vn 0.0000 0.8090 0.5878
vn 0.0923 0.8072 0.5831
vn 0.0232 0.8079 0.5889
vn 0.1824 0.8072 0.5614
vn 0.2680 0.8072 0.5260
vn 0.3470 0.8072 0.4776
vn 0.4174 0.8072 0.4174
vn 0.4776 0.8072 0.3470
vn 0.5260 0.8072 0.2680
vn 0.5614 0.8072 0.1824
vn 0.5831 0.8072 0.0923
vn 0.5889 0.8079 0.0232
vn 0.5878 0.8090 -0.0000
vn 0.5831 0.8072 -0.0923
vn 0.5889 0.8079 -0.0232
vn 0.5614 0.8072 -0.1824
vn 0.5260 0.8072 -0.2680
vn 0.4776 0.8072 -0.3470
vn 0.4174 0.8072 -0.4174
vn 0.3470 0.8072 -0.4776
vn 0.2680 0.8072 -0.5260
vn 0.1824 0.8072 -0.5614
vn 0.0923 0.8072 -0.5831
vn 0.0232 0.8079 -0.5889
vn 0.0000 0.8090 -0.5878
vn -0.1109 0.7052 -0.7003
vn -0.0278 0.7059 -0.7078
vn -0.2191 0.7052 -0.6744
vn -0.3219 0.7052 -0.6318
vn -0.4168 0.7052 -0.5736
vn -0.5014 0.7052 -0.5014
vn -0.5736 0.7052 -0.4168
vn -0.6318 0.7052 -0.3219
vn -0.6744 0.7052 -0.2191
vn -0.7003 0.7052 -0.1109
vn -0.7078 0.7059 -0.0278
vn -0.7071 0.7071 -0.0000
vn -0.7003 0.7052 0.1109
vn -0.7078 0.7059 0.0278
vn -0.6744 0.7052 0.2191
vn -0.6318 0.7052 0.3219
vn -0.5736 0.7052 0.4168
vn -0.5014 0.7052 0.5014
vn -0.4168 0.7052 0.5736
vn -0.3219 0.7052 0.6318
vn -0.2191 0.7052 0.6744
vn -0.1109 0.7052 0.7003
vn -0.0278 0.7059 0.7078
vn 0.0000 0.7071 0.7071
vn 0.1109 0.7052 0.7003
vn 0.0278 0.7059 0.7078
vn 0.2191 0.7052 0.6744
vn 0.3219 0.7052 0.6318
vn 0.4168 0.7052 0.5736
vn 0.5014 0.7052 0.5014
vn 0.5736 0.7052 0.4168
vn 0.6318 0.7052 0.3219
vn 0.6744 0.7052 0.2191
vn 0.7003 0.7052 0.1109
vn 0.7078 0.7059 0.0278
vn 0.7071 0.7071 -0.0000
vn 0.7003 0.7052 -0.1109
vn 0.7078 0.7059 -0.0278
vn 0.6744 0.7052 -0.2191
vn 0.6318 0.7052 -0.3219
vn 0.5736 0.7052 -0.4168
vn 0.5014 0.7052 -0.5014
vn 0.4168 0.7052 -0.5736
vn 0.3219 0.7052 -0.6318
vn 0.2191 0.7052 -0.6744
vn 0.1109 0.7052 -0.7003
vn 0.0278 0.7059 -0.7078
vn 0.0000 0.7071 -0.7071
vn -0.1268 0.5859 -0.8004
vn -0.0318 0.5866 -0.8093
vn -0.2504 0.5859 -0.7707
vn -0.3679 0.5859 -0.7220
vn -0.4763 0.5859 -0.6556
vn -0.5730 0.5859 -0.5730
vn -0.6556 0.5859 -0.4763
vn -0.7220 0.5859 -0.3679
vn -0.7707 0.5859 -0.2504
vn -0.8004 0.5859 -0.1268
vn -0.8093 0.5866 -0.0318
vn -0.8090 0.5878 -0.0000
vn -0.8004 0.5859 0.1268
vn -0.8093 0.5866 0.0318
vn -0.7707 0.5859 0.2504
vn -0.7220 0.5859 0.3679
vn -0.6556 0.5859 0.4763
vn -0.5730 0.5859 0.5730
vn -0.4763 0.5859 0.6556
vn -0.3679 0.5859 0.7220
vn -0.2504 0.5859 0.7707
vn -0.1268 0.5859 0.8004
vn -0.0318 0.5866 0.8093
vn 0.0000 0.5878 0.8090
vn 0.1268 0.5859 0.8004
vn 0.0318 0.5866 0.8093
vn 0.2504 0.5859 0.7707
vn 0.3679 0.5859 0.7220
vn 0.4763 0.5859 0.6556
vn 0.5730 0.5859 0.5730
vn 0.6556 0.5859 0.4763
vn 0.7220 0.5859 0.3679
vn 0.7707 0.5859 0.2504
vn 0.8004 0.5859 0.1268
vn 0.8093 0.5866 0.0318
vn 0.8090 0.5878 -0.0000
vn 0.8004 0.5859 -0.1268
vn 0.8093 0.5866 -0.0318
vn 0.7707 0.5859 -0.2504
vn 0.7220 0.5859 -0.3679
vn 0.6556 0.5859 -0.4763
vn 0.5730 0.5859 -0.5730
vn 0.4763 0.5859 -0.6556
vn 0.3679 0.5859 -0.7220
vn 0.2504 0.5859 -0.7707
vn 0.1268 0.5859 -0.8004
vn 0.0318 0.5866 -0.8093
vn 0.0000 0.5878 -0.8090
vn -0.1395 0.4524 -0.8808
vn -0.0350 0.4529 -0.8909
vn -0.2756 0.4524 -0.8482
vn -0.4049 0.4524 -0.7946
vn -0.5242 0.4524 -0.7215
vn -0.6306 0.4524 -0.6306
vn -0.7215 0.4524 -0.5242
vn -0.7946 0.4524 -0.4049
vn -0.8482 0.4524 -0.2756
vn -0.8808 0.4524 -0.1395
vn -0.8909 0.4529 -0.0350
vn -0.8910 0.4540 -0.0000
vn -0.8808 0.4524 0.1395
vn -0.8909 0.4529 0.0350
vn -0.8482 0.4524 0.2756
vn -0.7946 0.4524 0.4049
vn -0.7215 0.4524 0.5242
vn -0.6306 0.4524 0.6306
vn -0.5242 0.4524 0.7215
vn -0.4049 0.4524 0.7946
vn -0.2756 0.4524 0.8482
vn -0.1395 0.4524 0.8808
vn -0.0350 0.4529 0.8909
vn 0.0000 0.4540 0.8910
vn 0.1395 0.4524 0.8808
vn 0.0350 0.4529 0.8909
vn 0.2756 0.4524 0.8482
vn 0.4049 0.4524 0.7946
vn 0.5242 0.4524 0.7215
vn 0.6306 0.4524 0.6306
vn 0.7215 0.4524 0.5242
vn 0.7946 0.4524 0.4049
vn 0.8482 0.4524 0.2756
vn 0.8808 0.4524 0.1395
vn 0.8909 0.4529 0.0350
vn 0.8910 0.4540 -0.0000
vn 0.8808 0.4524 -0.1395
vn 0.8909 0.4529 -0.0350
vn 0.8482 0.4524 -0.2756
vn 0.7946 0.4524 -0.4049
vn 0.7215 0.4524 -0.5242
vn 0.6306 0.4524 -0.6306
vn 0.5242 0.4524 -0.7215
vn 0.4049 0.4524 -0.7946
vn 0.2756 0.4524 -0.8482
vn 0.1395 0.4524 -0.8808
vn 0.0350 0.4529 -0.8909
vn 0.0000 0.4540 -0.8910
vn -0.1488 0.3079 -0.9397
vn -0.0373 0.3082 -0.9506
vn -0.2940 0.3079 -0.9049
vn -0.4319 0.3079 -0.8477
vn -0.5592 0.3079 -0.7697
vn -0.6728 0.3079 -0.6728
vn -0.7697 0.3079 -0.5592
vn -0.8477 0.3079 -0.4319
vn -0.9049 0.3079 -0.2940
vn -0.9397 0.3079 -0.1488
vn -0.9506 0.3082 -0.0373
vn -0.9511 0.3090 -0.0000
vn -0.9397 0.3079 0.1488
vn -0.9506 0.3082 0.0373
vn -0.9049 0.3079 0.2940
vn -0.8477 0.3079 0.4319
vn -0.7697 0.3079 0.5592
vn -0.6728 0.3079 0.6728
vn -0.5592 0.3079 0.7697
vn -0.4319 0.3079 0.8477
vn -0.2940 0.3079 0.9049
vn -0.1488 0.3079 0.9397
vn -0.0373 0.3082 0.9506
vn 0.0000 0.3090 0.9511
vn 0.1488 0.3079 0.9397
vn 0.0373 0.3082 0.9506
vn 0.2940 0.3079 0.9049
vn 0.4319 0.3079 0.8477
vn 0.5592 0.3079 0.7697
vn 0.6728 0.3079 0.6728
vn 0.7697 0.3079 0.5592
vn 0.8477 0.3079 0.4319
vn 0.9049 0.3079 0.2940
vn 0.9397 0.3079 0.1488
vn 0.9506 0.3082 0.0373
vn 0.9511 0.3090 -0.0000
vn 0.9397 0.3079 -0.1488
vn 0.9506 0.3082 -0.0373
vn 0.9049 0.3079 -0.2940
vn 0.8477 0.3079 -0.4319
vn 0.7697 0.3079 -0.5592
vn 0.6728 0.3079 -0.6728
vn 0.5592 0.3079 -0.7697
vn 0.4319 0.3079 -0.8477
vn 0.2940 0.3079 -0.9049
vn 0.1488 0.3079 -0.9397
vn 0.0373 0.3082 -0.9506
vn 0.0000 0.3090 -0.9511
vn -0.1545 0.1558 -0.9756
vn -0.0387 0.1560 -0.9870
vn -0.3052 0.1558 -0.9394
vn -0.4484 0.1558 -0.8801
vn -0.5806 0.1558 -0.7991
vn -0.6985 0.1558 -0.6985
vn -0.7991 0.1558 -0.5806
vn -0.8801 0.1558 -0.4484
vn -0.9394 0.1558 -0.3052
vn -0.9756 0.1558 -0.1545
vn -0.9870 0.1560 -0.0387
vn -0.9877 0.1564 -0.0000
vn -0.9756 0.1558 0.1545
vn -0.9870 0.1560 0.0387
vn -0.9394 0.1558 0.3052
vn -0.8801 0.1558 0.4484
vn -0.7991 0.1558 0.5806
vn -0.6985 0.1558 0.6985
vn -0.5806 0.1558 0.7991
vn -0.4484 0.1558 0.8801
vn -0.3052 0.1558 0.9394
vn -0.1545 0.1558 0.9756
vn -0.0387 0.1560 0.9870
vn 0.0000 0.1564 0.9877
vn 0.1545 0.1558 0.9756
vn 0.0387 0.1560 0.9870
vn 0.3052 0.1558 0.9394
vn 0.4484 0.1558 0.8801
vn 0.5806 0.1558 0.7991
vn 0.6985 0.1558 0.6985
vn 0.7991 0.1558 0.5806
vn 0.8801 0.1558 0.4484
vn 0.9394 0.1558 0.3052
vn 0.9756 0.1558 0.1545
vn 0.9870 0.1560 0.0387
vn 0.9877 0.1564 -0.0000
vn 0.9756 0.1558 -0.1545
vn 0.9870 0.1560 -0.0387
vn 0.9394 0.1558 -0.3052
vn 0.8801 0.1558 -0.4484
vn 0.7991 0.1558 -0.5806
vn 0.6985 0.1558 -0.6985
vn 0.5806 0.1558 -0.7991
vn 0.4484 0.1558 -0.8801
vn 0.3052 0.1558 -0.9394
vn 0.1545 0.1558 -0.9756
vn 0.0387 0.1560 -0.9870
vn 0.0000 0.1564 -0.9877
vn -0.1563 0.0392 -0.9869
vn -0.0392 0.0392 -0.9985
vn -0.3088 0.0392 -0.9503
vn -0.4536 0.0392 -0.8903
vn -0.5873 0.0392 -0.8084
vn -0.7066 0.0392 -0.7066
vn -0.8084 0.0392 -0.5873
vn -0.8903 0.0392 -0.4536
vn -0.9503 0.0392 -0.3088
vn -0.9869 0.0392 -0.1563
vn -0.9985 0.0392 -0.0392
vn -0.9992 0.0393 -0.0000
vn -0.9869 0.0392 0.1563
vn -0.9985 0.0392 0.0392
vn -0.9503 0.0392 0.3088
vn -0.8903 0.0392 0.4536
vn -0.8084 0.0392 0.5873
vn -0.7066 0.0392 0.7066
vn -0.5873 0.0392 0.8084
vn -0.4536 0.0392 0.8903
vn -0.3088 0.0392 0.9503
vn -0.1563 0.0392 0.9869
vn -0.0392 0.0392 0.9985
vn 0.0000 0.0393 0.9992
vn 0.1563 0.0392 0.9869
vn 0.0392 0.0392 0.9985
vn 0.3088 0.0392 0.9503
vn 0.4536 0.0392 0.8903
vn 0.5873 0.0392 0.8084
vn 0.7066 0.0392 0.7066
vn 0.8084 0.0392 0.5873
vn 0.8903 0.0392 0.4536
vn 0.9503 0.0392 0.3088
vn 0.9869 0.0392 0.1563
vn 0.9985 0.0392 0.0392
vn 0.9992 0.0393 -0.0000
vn 0.9869 0.0392 -0.1563
vn 0.9985 0.0392 -0.0392
vn 0.9503 0.0392 -0.3088
vn 0.8903 0.0392 -0.4536
vn 0.8084 0.0392 -0.5873
vn 0.7066 0.0392 -0.7066
vn 0.5873 0.0392 -0.8084
vn 0.4536 0.0392 -0.8903
vn 0.3088 0.0392 -0.9503
vn 0.1563 0.0392 -0.9869
vn 0.0392 0.0392 -0.9985
vn 0.0000 0.0393 -0.9992
vn -0.0393 -0.0000 -0.9992
vn -0.1564 -0.0000 -0.9877
vn -0.3090 -0.0000 -0.9511
vn -0.4540 -0.0000 -0.8910
vn -0.5878 -0.0000 -0.8090
vn -0.7071 -0.0000 -0.7071
vn -0.8090 -0.0000 -0.5878
vn -0.8910 -0.0000 -0.4540
vn -0.9511 -0.0000 -0.3090
vn -0.9877 -0.0000 -0.1564
vn -0.9992 -0.0000 -0.0393
vn -1.0000 0.0000 -0.0000
vn -0.9992 0.0000 0.0393
vn -0.9877 0.0000 0.1564
vn -0.9511 0.0000 0.3090
vn -0.8910 0.0000 0.4540
vn -0.8090 0.0000 0.5878
vn -0.7071 0.0000 0.7071
vn -0.5878 0.0000 0.8090
vn -0.4540 0.0000 0.8910
vn -0.3090 0.0000 0.9511
vn -0.1564 0.0000 0.9877
vn -0.0393 0.0000 0.9992
vn 0.0000 0.0000 1.0000
vn 0.0393 0.0000 0.9992
vn 0.1564 0.0000 0.9877
vn 0.3090 0.0000 0.9511
vn 0.4540 0.0000 0.8910
vn 0.5878 0.0000 0.8090
vn 0.7071 0.0000 0.7071
vn 0.8090 0.0000 0.5878
vn 0.8910 0.0000 0.4540
vn 0.9511 0.0000 0.3090
vn 0.9877 0.0000 0.1564
vn 0.9992 0.0000 0.0393
vn 1.0000 0.0000 -0.0000
vn 0.9992 -0.0000 -0.0393
vn 0.9877 -0.0000 -0.1564
vn 0.9511 -0.0000 -0.3090
vn 0.8910 -0.0000 -0.4540
vn 0.8090 -0.0000 -0.5878
vn 0.7071 -0.0000 -0.7071
vn 0.5878 -0.0000 -0.8090
vn 0.4540 -0.0000 -0.8910
vn 0.3090 -0.0000 -0.9511
vn 0.1564 -0.0000 -0.9877
vn 0.0393 -0.0000 -0.9992
vn 0.0000 -0.0000 -1.0000
vn -0.0393 0.0000 -0.9992
vn -0.1564 0.0000 -0.9877
vn -0.3090 0.0000 -0.9511
vn -0.4540 0.0000 -0.8910
vn -0.5878 0.0000 -0.8090
vn -0.7071 0.0000 -0.7071
vn -0.8090 0.0000 -0.5878
vn -0.8910 0.0000 -0.4540
vn -0.9511 0.0000 -0.3090
vn -0.9877 0.0000 -0.1564
vn -0.9992 0.0000 -0.0393
vn -0.9992 -0.0000 0.0393
vn -0.9877 -0.0000 0.1564
vn -0.9511 -0.0000 0.3090
vn -0.8910 -0.0000 0.4540
vn -0.8090 -0.0000 0.5878
vn -0.7071 -0.0000 0.7071
vn -0.5878 -0.0000 0.8090
vn -0.4540 -0.0000 0.8910
vn -0.3090 -0.0000 0.9511
vn -0.1564 -0.0000 0.9877
vn -0.0393 -0.0000 0.9992
vn 0.0000 -0.0000 1.0000
vn 0.0393 -0.0000 0.9992
vn 0.1564 -0.0000 0.9877
vn 0.3090 -0.0000 0.9511
vn 0.4540 -0.0000 0.8910
vn 0.5878 -0.0000 0.8090
vn 0.7071 -0.0000 0.7071
vn 0.8090 -0.0000 0.5878
vn 0.8910 -0.0000 0.4540
vn 0.9511 -0.0000 0.3090
vn 0.9877 -0.0000 0.1564
vn 0.9992 -0.0000 0.0393
vn 0.9992 0.0000 -0.0393
vn 0.9877 0.0000 -0.1564
vn 0.9511 0.0000 -0.3090
vn 0.8910 0.0000 -0.4540
vn 0.8090 0.0000 -0.5878
vn 0.7071 0.0000 -0.7071
vn 0.5878 0.0000 -0.8090
vn 0.4540 0.0000 -0.8910
vn 0.3090 0.0000 -0.9511
vn 0.1564 0.0000 -0.9877
vn 0.0393 0.0000 -0.9992
vn 0.0000 0.0000 -1.0000
vn -0.0000 -1.0000 -0.0000
vn -0.0000 -1.0000 0.0000
vn 0.0000 -1.0000 0.0000
vn -0.1572 -0.0667 -0.9853
vn -0.0398 -0.0656 -0.9971
vn -0.3091 -0.0684 -0.9486
vn -0.4534 -0.0697 -0.8886
vn -0.5866 -0.0704 -0.8068
vn -0.7053 -0.0706 -0.7053
vn -0.8068 -0.0704 -0.5865
vn -0.8886 -0.0697 -0.4534
vn -0.9486 -0.0685 -0.3091
vn -0.9853 -0.0668 -0.1572
vn -0.9970 -0.0657 -0.0398
vn -0.9978 -0.0662 -0.0001
vn -0.9978 -0.0662 -0.0000
vn -0.9853 -0.0667 0.1572
vn -0.9971 -0.0656 0.0398
vn -0.9486 -0.0684 0.3091
vn -0.8886 -0.0697 0.4534
vn -0.8068 -0.0704 0.5866
vn -0.7053 -0.0706 0.7053
vn -0.5865 -0.0704 0.8068
vn -0.4534 -0.0697 0.8886
vn -0.3091 -0.0685 0.9486
vn -0.1572 -0.0668 0.9853
vn -0.0398 -0.0657 0.9970
vn -0.0001 -0.0662 0.9978
vn 0.0000 -0.0662 0.9978
vn 0.1572 -0.0667 0.9853
vn 0.0398 -0.0656 0.9971
vn 0.3091 -0.0684 0.9486
vn 0.4534 -0.0697 0.8886
vn 0.5866 -0.0704 0.8068
vn 0.7053 -0.0706 0.7053
vn 0.8068 -0.0704 0.5865
vn 0.8886 -0.0697 0.4534
vn 0.9486 -0.0685 0.3091
vn 0.9853 -0.0668 0.1572
vn 0.9970 -0.0657 0.0398
vn 0.9978 -0.0662 0.0001
vn 0.9978 -0.0662 -0.0000
vn 0.9853 -0.0667 -0.1572
vn 0.9971 -0.0656 -0.0398
vn 0.9486 -0.0684 -0.3091
vn 0.8886 -0.0697 -0.4534
vn 0.8068 -0.0704 -0.5866
vn 0.7053 -0.0706 -0.7053
vn 0.5865 -0.0704 -0.8068
vn 0.4534 -0.0697 -0.8886
vn 0.3091 -0.0685 -0.9486
vn 0.1572 -0.0668 -0.9853
vn 0.0398 -0.0657 -0.9970
vn 0.0001 -0.0662 -0.9978
vn 0.0000 -0.0662 -0.9978
vn -0.0021 -0.9969 -0.0786
vn -0.0108 -0.9968 -0.0787
vn -0.0227 -0.9970 -0.0737
vn -0.0336 -0.9971 -0.0677
vn -0.0436 -0.9972 -0.0607
vn -0.0526 -0.9972 -0.0526
vn -0.0607 -0.9972 -0.0436
vn -0.0678 -0.9971 -0.0336
vn -0.0738 -0.9970 -0.0227
vn -0.0788 -0.9968 -0.0107
vn -0.0788 -0.9969 -0.0020
vn -0.0759 -0.9971 0.0001
vn -0.0758 -0.9971 -0.0001
vn -0.0786 -0.9969 0.0021
vn -0.0787 -0.9968 0.0108
vn -0.0737 -0.9970 0.0227
vn -0.0677 -0.9971 0.0336
vn -0.0607 -0.9972 0.0436
vn -0.0526 -0.9972 0.0526
vn -0.0436 -0.9972 0.0607
vn -0.0336 -0.9971 0.0678
vn -0.0227 -0.9970 0.0738
vn -0.0107 -0.9968 0.0788
vn -0.0020 -0.9969 0.0788
vn 0.0001 -0.9971 0.0759
vn -0.0001 -0.9971 0.0758
vn 0.0021 -0.9969 0.0786
vn 0.0108 -0.9968 0.0787
vn 0.0227 -0.9970 0.0737
vn 0.0336 -0.9971 0.0677
vn 0.0436 -0.9972 0.0607
vn 0.0526 -0.9972 0.0526
vn 0.0607 -0.9972 0.0436
vn 0.0678 -0.9971 0.0336
vn 0.0738 -0.9970 0.0227
vn 0.0788 -0.9968 0.0107
vn 0.0788 -0.9969 0.0020
vn 0.0759 -0.9971 -0.0001
vn 0.0758 -0.9971 0.0001
vn 0.0786 -0.9969 -0.0021
vn 0.0787 -0.9968 -0.0108
vn 0.0737 -0.9970 -0.0227
vn 0.0677 -0.9971 -0.0336
vn 0.0607 -0.9972 -0.0436
vn 0.0526 -0.9972 -0.0526
vn 0.0436 -0.9972 -0.0607
vn 0.0336 -0.9971 -0.0678
vn 0.0227 -0.9970 -0.0738
vn 0.0107 -0.9968 -0.0788
vn 0.0020 -0.9969 -0.0788
vn -0.0001 -0.9971 -0.0759
vn 0.0001 -0.9971 -0.0758
vn -0.1505 -0.3163 -0.9366
vn -0.0384 -0.3129 -0.9490
vn -0.2940 -0.3230 -0.8996
vn -0.4299 -0.3277 -0.8413
vn -0.5552 -0.3306 -0.7632
vn -0.6671 -0.3315 -0.6671
vn -0.7632 -0.3306 -0.5551
vn -0.8413 -0.3278 -0.4298
vn -0.8996 -0.3231 -0.2939
vn -0.9366 -0.3164 -0.1505
vn -0.9490 -0.3131 -0.0384
vn -0.9488 -0.3157 -0.0003
vn -0.9488 -0.3158 0.0001
vn -0.9366 -0.3163 0.1505
vn -0.9490 -0.3129 0.0384
vn -0.8996 -0.3230 0.2940
vn -0.8413 -0.3277 0.4299
vn -0.7632 -0.3306 0.5552
vn -0.6671 -0.3315 0.6671
vn -0.5551 -0.3306 0.7632
vn -0.4298 -0.3278 0.8413
vn -0.2939 -0.3231 0.8996
vn -0.1505 -0.3164 0.9366
vn -0.0384 -0.3131 0.9490
vn -0.0003 -0.3157 0.9488
vn 0.0001 -0.3158 0.9488
vn 0.1505 -0.3163 0.9366
vn 0.0384 -0.3129 0.9490
vn 0.2940 -0.3230 0.8996
vn 0.4299 -0.3277 0.8413
vn 0.5552 -0.3306 0.7632
vn 0.6671 -0.3315 0.6671
vn 0.7632 -0.3306 0.5551
vn 0.8413 -0.3278 0.4298
vn 0.8996 -0.3231 0.2939
vn 0.9366 -0.3164 0.1505
vn 0.9490 -0.3131 0.0384
vn 0.9488 -0.3157 0.0003
vn 0.9488 -0.3158 -0.0001
vn 0.9366 -0.3163 -0.1505
vn 0.9490 -0.3129 -0.0384
vn 0.8996 -0.3230 -0.2940
vn 0.8413 -0.3277 -0.4299
vn 0.7632 -0.3306 -0.5552
vn 0.6671 -0.3315 -0.6671
vn 0.5551 -0.3306 -0.7632
vn 0.4298 -0.3278 -0.8413
vn 0.2939 -0.3231 -0.8996
vn 0.1505 -0.3164 -0.9366
vn 0.0384 -0.3131 -0.9490
vn 0.0003 -0.3157 -0.9488
vn -0.0001 -0.3158 -0.9488
vn -0.1132 -0.6827 -0.7219
vn -0.0279 -0.6799 -0.7327
vn -0.0526 -0.9326 -0.3571
vn -0.0117 -0.9325 -0.3609
vn -0.2226 -0.6909 -0.6879
vn -0.1063 -0.9356 -0.3367
vn -0.3252 -0.6966 -0.6395
vn -0.1561 -0.9376 -0.3106
vn -0.4196 -0.7000 -0.5779
vn -0.2017 -0.9388 -0.2792
vn -0.5043 -0.7011 -0.5042
vn -0.2428 -0.9392 -0.2428
vn -0.5780 -0.7000 -0.4195
vn -0.2792 -0.9388 -0.2016
vn -0.6396 -0.6966 -0.3251
vn -0.3107 -0.9376 -0.1561
vn -0.6879 -0.6909 -0.2225
vn -0.3368 -0.9356 -0.1063
vn -0.7219 -0.6827 -0.1131
vn -0.3572 -0.9325 -0.0525
vn -0.7327 -0.6799 -0.0279
vn -0.3611 -0.9325 -0.0117
vn -0.7286 -0.6849 -0.0006
vn -0.7285 -0.6850 0.0002
vn -0.3540 -0.9353 -0.0005
vn -0.3540 -0.9353 0.0002
vn -0.7219 -0.6827 0.1132
vn -0.7327 -0.6799 0.0279
vn -0.3571 -0.9326 0.0526
vn -0.3609 -0.9325 0.0117
vn -0.6879 -0.6909 0.2226
vn -0.3367 -0.9356 0.1063
vn -0.6395 -0.6966 0.3252
vn -0.3106 -0.9376 0.1561
vn -0.5779 -0.7000 0.4196
vn -0.2792 -0.9388 0.2017
vn -0.5042 -0.7011 0.5043
vn -0.2428 -0.9392 0.2428
vn -0.4195 -0.7000 0.5780
vn -0.2016 -0.9388 0.2792
vn -0.3251 -0.6966 0.6396
vn -0.1561 -0.9376 0.3107
vn -0.2225 -0.6909 0.6879
vn -0.1063 -0.9356 0.3368
vn -0.1131 -0.6827 0.7219
vn -0.0525 -0.9325 0.3572
vn -0.0279 -0.6799 0.7327
vn -0.0117 -0.9325 0.3611
vn -0.0006 -0.6849 0.7286
vn 0.0002 -0.6850 0.7285
vn -0.0005 -0.9353 0.3540
vn 0.0002 -0.9353 0.3540
vn 0.1132 -0.6827 0.7219
vn 0.0279 -0.6799 0.7327
vn 0.0526 -0.9326 0.3571
vn 0.0117 -0.9325 0.3609
vn 0.2226 -0.6909 0.6879
vn 0.1063 -0.9356 0.3367
vn 0.3252 -0.6966 0.6395
vn 0.1561 -0.9376 0.3106
vn 0.4196 -0.7000 0.5779
vn 0.2017 -0.9388 0.2792
vn 0.5042 -0.7011 0.5042
vn 0.2428 -0.9392 0.2428
vn 0.5780 -0.7000 0.4195
vn 0.2792 -0.9388 0.2016
vn 0.6396 -0.6966 0.3251
vn 0.3107 -0.9376 0.1561
vn 0.6879 -0.6909 0.2225
vn 0.3368 -0.9356 0.1063
vn 0.7219 -0.6827 0.1131
vn 0.3572 -0.9325 0.0525
vn 0.7327 -0.6799 0.0279
vn 0.3611 -0.9325 0.0117
vn 0.7286 -0.6849 0.0006
vn 0.7285 -0.6850 -0.0002
vn 0.3540 -0.9353 0.0005
vn 0.3540 -0.9353 -0.0002
vn 0.7219 -0.6827 -0.1132
vn 0.7327 -0.6799 -0.0279
vn 0.3571 -0.9326 -0.0526
vn 0.3609 -0.9325 -0.0117
vn 0.6879 -0.6909 -0.2226
vn 0.3367 -0.9356 -0.1063
vn 0.6395 -0.6966 -0.3252
vn 0.3106 -0.9376 -0.1561
vn 0.5779 -0.7000 -0.4196
vn 0.2792 -0.9388 -0.2017
vn 0.5042 -0.7011 -0.5043
vn 0.2428 -0.9392 -0.2428
vn 0.4195 -0.7000 -0.5780
vn 0.2016 -0.9388 -0.2792
vn 0.3251 -0.6966 -0.6396
vn 0.1561 -0.9376 -0.3107
vn 0.2225 -0.6909 -0.6879
vn 0.1063 -0.9356 -0.3368
vn 0.1131 -0.6827 -0.7219
vn 0.0525 -0.9325 -0.3572
vn 0.0279 -0.6799 -0.7327
vn 0.0117 -0.9325 -0.3611
vn 0.0006 -0.6849 -0.7286
vn -0.0002 -0.6850 -0.7285
vn 0.0005 -0.9353 -0.3540
vn -0.0002 -0.9353 -0.3540
# 1667 vertex normals

vt 0.4791 0.8793 1.1418
vt 0.4531 0.8910 1.1587
vt 0.4532 0.8831 1.1591
vt 0.4790 0.8718 1.1423
vt 0.8867 1.1405 0.4793
vt 0.8987 1.1576 0.4530
vt 0.8910 1.1587 0.4531
vt 0.8793 1.1418 0.4791
vt 0.8938 1.1385 0.4794
vt 0.9062 1.1558 0.4528
vt 0.9006 1.1359 0.4795
vt 0.9133 1.1532 0.4528
vt 0.9070 1.1326 0.4795
vt 0.9200 1.1499 0.4527
vt 0.9132 1.1288 0.4796
vt 0.9264 1.1459 0.4527
vt 0.9189 1.1243 0.4796
vt 0.9323 1.1414 0.4526
vt 0.9377 1.1363 0.4527
vt 0.9242 1.1194 0.4796
vt 0.9427 1.1306 0.4527
vt 0.9290 1.1140 0.4795
vt 0.9471 1.1245 0.4528
vt 0.9334 1.1081 0.4795
vt 0.9509 1.1179 0.4529
vt 0.9371 1.1019 0.4794
vt 0.9541 1.1109 0.4530
vt 0.9403 1.0952 0.4792
vt 0.9566 1.1036 0.4531
vt 0.9429 1.0883 0.4791
vt 0.9584 1.0959 0.4533
vt 0.9449 1.0811 0.4789
vt 0.5465 1.0880 0.9594
vt 0.5467 1.0959 0.9584
vt 0.5211 1.0811 0.9449
vt 0.5213 1.0736 0.9461
vt 0.5463 1.0798 0.9597
vt 0.5215 1.0658 0.9466
vt 0.5463 0.1030 0.9597
vt 0.5215 0.1169 0.9466
vt 0.5213 0.1092 0.9461
vt 0.5465 0.0948 0.9594
vt 0.5211 0.1017 0.9449
vt 0.5467 0.0868 0.9584
vt 0.9429 0.0945 0.4791
vt 0.9566 0.0792 0.4531
vt 0.9584 0.0868 0.4533
vt 0.9449 0.1017 0.4789
vt 0.9403 0.0875 0.4792
vt 0.9541 0.0718 0.4530
vt 0.9371 0.0809 0.4794
vt 0.9509 0.0648 0.4529
vt 0.9334 0.0746 0.4795
vt 0.9471 0.0583 0.4528
vt 0.9290 0.0688 0.4795
vt 0.9427 0.0521 0.4527
vt 0.9242 0.0633 0.4796
vt 0.9377 0.0465 0.4527
vt 0.9189 0.0584 0.4796
vt 0.9323 0.0414 0.4526
vt 0.9264 0.0368 0.4527
vt 0.9132 0.0540 0.4796
vt 0.9200 0.0329 0.4527
vt 0.9070 0.0501 0.4795
vt 0.9133 0.0296 0.4528
vt 0.9006 0.0469 0.4795
vt 0.9062 0.0270 0.4528
vt 0.8938 0.0442 0.4794
vt 0.8987 0.0251 0.4530
vt 0.8867 0.0422 0.4793
vt 0.8910 0.0240 0.4531
vt 0.8793 0.0410 0.4791
vt 0.5468 0.8831 0.0237
vt 0.5469 0.8910 0.0240
vt 0.5209 0.8793 0.0410
vt 0.5210 0.8718 0.0405
vt 0.5468 0.1169 0.0237
vt 0.5210 0.1282 0.0405
vt 0.5209 0.1207 0.0410
vt 0.5469 0.1090 0.0240
vt 0.1133 0.0422 0.4793
vt 0.1013 0.0251 0.4530
vt 0.1090 0.0240 0.4531
vt 0.1207 0.0410 0.4791
vt 0.1062 0.0442 0.4794
vt 0.0938 0.0270 0.4528
vt 0.0994 0.0469 0.4795
vt 0.0867 0.0296 0.4528
vt 0.0930 0.0501 0.4795
vt 0.0800 0.0329 0.4527
vt 0.0868 0.0540 0.4796
vt 0.0736 0.0368 0.4527
vt 0.0811 0.0584 0.4796
vt 0.0677 0.0414 0.4526
vt 0.0623 0.0465 0.4527
vt 0.0758 0.0633 0.4796
vt 0.0573 0.0521 0.4527
vt 0.0710 0.0688 0.4795
vt 0.0529 0.0583 0.4528
vt 0.0666 0.0746 0.4795
vt 0.0491 0.0648 0.4529
vt 0.0629 0.0809 0.4794
vt 0.0459 0.0718 0.4530
vt 0.0597 0.0875 0.4792
vt 0.0434 0.0792 0.4531
vt 0.0571 0.0945 0.4791
vt 0.0416 0.0868 0.4533
vt 0.0551 0.1017 0.4789
vt 0.4535 0.0948 0.0406
vt 0.4533 0.0868 0.0416
vt 0.4789 0.1017 0.0551
vt 0.4787 0.1092 0.0539
vt 0.4537 0.1030 0.0403
vt 0.4785 0.1169 0.0534
vt 0.4537 1.0798 0.0403
vt 0.4785 1.0658 0.0534
vt 0.4787 1.0736 0.0539
vt 0.4535 1.0880 0.0406
vt 0.4789 1.0811 0.0551
vt 0.4533 1.0959 0.0416
vt 0.0571 1.0883 0.4791
vt 0.0434 1.1036 0.4531
vt 0.0416 1.0959 0.4533
vt 0.0551 1.0811 0.4789
vt 0.0597 1.0952 0.4792
vt 0.0459 1.1109 0.4530
vt 0.0629 1.1019 0.4794
vt 0.0491 1.1179 0.4529
vt 0.0666 1.1081 0.4795
vt 0.0529 1.1245 0.4528
vt 0.0710 1.1140 0.4795
vt 0.0573 1.1306 0.4527
vt 0.0758 1.1194 0.4796
vt 0.0623 1.1363 0.4527
vt 0.0811 1.1243 0.4796
vt 0.0677 1.1414 0.4526
vt 0.0736 1.1459 0.4527
vt 0.0868 1.1288 0.4796
vt 0.0800 1.1499 0.4527
vt 0.0930 1.1326 0.4795
vt 0.0867 1.1532 0.4528
vt 0.0994 1.1359 0.4795
vt 0.0938 1.1558 0.4528
vt 0.1062 1.1385 0.4794
vt 0.1013 1.1576 0.4530
vt 0.1133 1.1405 0.4793
vt 0.1090 1.1587 0.4531
vt 0.1207 1.1418 0.4791
vt 0.4532 0.1169 1.1591
vt 0.4531 0.1090 1.1587
vt 0.4791 0.1207 1.1418
vt 0.4790 0.1282 1.1423
vt 0.9060 0.0642 0.4861
vt 0.9111 0.0682 0.4861
vt 0.9159 0.0726 0.4861
vt 0.9004 0.0608 0.4861
vt 0.8946 0.0580 0.4861
vt 0.8885 0.0557 0.4861
vt 0.8821 0.0541 0.4861
vt 0.9202 0.0775 0.4861
vt 0.9240 0.0828 0.4861
vt 0.9274 0.0885 0.4861
vt 0.9301 0.0945 0.4861
vt 0.9323 0.1008 0.4861
vt 0.9339 0.1074 0.4861
vt 0.8754 0.0532 0.4861
vt 0.9348 0.1142 0.4861
vt 0.9351 0.1214 0.4861
vt 0.8684 0.0528 0.4861
vt 0.1316 0.0528 0.4861
vt 0.1246 0.0532 0.4861
vt 0.1179 0.0541 0.4861
vt 0.1115 0.0557 0.4861
vt 0.1054 0.0580 0.4861
vt 0.0996 0.0608 0.4861
vt 0.0940 0.0642 0.4861
vt 0.0889 0.0682 0.4861
vt 0.0841 0.0726 0.4861
vt 0.0798 0.0775 0.4861
vt 0.0760 0.0828 0.4861
vt 0.0726 0.0885 0.4861
vt 0.0699 0.0945 0.4861
vt 0.0677 0.1008 0.4861
vt 0.0661 0.1074 0.4861
vt 0.0652 0.1142 0.4861
vt 0.0649 0.1214 0.4861
vt 0.9351 1.0614 0.4861
vt 0.9348 1.0685 0.4861
vt 0.9339 1.0753 0.4861
vt 0.9323 1.0819 0.4861
vt 0.9301 1.0882 0.4861
vt 0.9274 1.0943 0.4861
vt 0.9240 1.0999 0.4861
vt 0.9202 1.1052 0.4861
vt 0.9159 1.1101 0.4861
vt 0.9111 1.1146 0.4861
vt 0.9060 1.1185 0.4861
vt 0.9004 1.1219 0.4861
vt 0.8946 1.1248 0.4861
vt 0.8885 1.1270 0.4861
vt 0.8821 1.1287 0.4861
vt 0.8754 1.1296 0.4861
vt 0.8684 1.1299 0.4861
vt 0.1316 1.1299 0.4861
vt 0.0649 1.0614 0.4861
vt 0.1246 1.1296 0.4861
vt 0.1179 1.1287 0.4861
vt 0.1115 1.1270 0.4861
vt 0.1054 1.1248 0.4861
vt 0.0996 1.1219 0.4861
vt 0.0940 1.1185 0.4861
vt 0.0889 1.1146 0.4861
vt 0.0841 1.1101 0.4861
vt 0.0798 1.1052 0.4861
vt 0.0760 1.0999 0.4861
vt 0.0726 1.0943 0.4861
vt 0.0699 1.0882 0.4861
vt 0.0677 1.0819 0.4861
vt 0.0661 1.0753 0.4861
vt 0.0652 1.0685 0.4861
vt 0.9563 1.0839 0.4461
vt 0.9560 1.0914 0.4461
vt 0.9549 1.0986 0.4461
vt 0.9532 1.1055 0.4461
vt 0.9508 1.1121 0.4461
vt 0.9479 1.1184 0.4461
vt 0.9444 1.1243 0.4461
vt 0.9403 1.1299 0.4461
vt 0.9358 1.1350 0.4461
vt 0.9308 1.1396 0.4461
vt 0.9254 1.1438 0.4461
vt 0.9197 1.1474 0.4461
vt 0.9135 1.1504 0.4461
vt 0.9071 1.1529 0.4461
vt 0.9004 1.1546 0.4461
vt 0.8935 1.1557 0.4461
vt 0.8861 1.1561 0.4461
vt 0.9563 0.0989 0.4461
vt 0.0642 0.0478 0.4461
vt 0.0692 0.0431 0.4461
vt 0.0746 0.0390 0.4461
vt 0.0803 0.0353 0.4461
vt 0.0865 0.0323 0.4461
vt 0.0929 0.0299 0.4461
vt 0.0996 0.0281 0.4461
vt 0.0597 0.0529 0.4461
vt 0.0556 0.0584 0.4461
vt 0.0521 0.0644 0.4461
vt 0.0492 0.0707 0.4461
vt 0.0468 0.0773 0.4461
vt 0.0451 0.0842 0.4461
vt 0.1065 0.0270 0.4461
vt 0.0440 0.0913 0.4461
vt 0.0437 0.0989 0.4461
vt 0.1139 0.0266 0.4461
vt 0.8861 0.0266 0.4461
vt 0.8935 0.0270 0.4461
vt 0.9004 0.0281 0.4461
vt 0.9071 0.0299 0.4461
vt 0.9135 0.0323 0.4461
vt 0.9197 0.0353 0.4461
vt 0.9254 0.0390 0.4461
vt 0.9308 0.0431 0.4461
vt 0.9358 0.0478 0.4461
vt 0.9403 0.0529 0.4461
vt 0.9444 0.0584 0.4461
vt 0.9479 0.0644 0.4461
vt 0.9508 0.0707 0.4461
vt 0.9532 0.0773 0.4461
vt 0.9549 0.0842 0.4461
vt 0.9560 0.0913 0.4461
vt 0.0437 1.0839 0.4461
vt 0.0440 1.0914 0.4461
vt 0.0451 1.0986 0.4461
vt 0.0468 1.1055 0.4461
vt 0.0492 1.1121 0.4461
vt 0.0521 1.1184 0.4461
vt 0.0556 1.1243 0.4461
vt 0.0597 1.1299 0.4461
vt 0.0642 1.1350 0.4461
vt 0.0692 1.1396 0.4461
vt 0.0746 1.1438 0.4461
vt 0.0803 1.1474 0.4461
vt 0.0865 1.1504 0.4461
vt 0.0929 1.1529 0.4461
vt 0.0996 1.1546 0.4461
vt 0.1065 1.1557 0.4461
vt 0.1139 1.1561 0.4461
vt 0.4511 0.8841 1.1605
vt 0.4510 0.8920 1.1601
vt 0.4812 0.8784 1.1404
vt 0.4812 0.8708 1.1408
vt 0.8920 1.1601 0.4510
vt 0.8996 1.1589 0.4510
vt 0.8858 1.1392 0.4812
vt 0.8784 1.1404 0.4812
vt 0.9070 1.1570 0.4510
vt 0.8929 1.1374 0.4812
vt 0.9141 1.1543 0.4510
vt 0.8997 1.1348 0.4812
vt 0.9208 1.1510 0.4510
vt 0.9062 1.1315 0.4812
vt 0.9272 1.1470 0.4510
vt 0.9124 1.1277 0.4812
vt 0.9331 1.1424 0.4510
vt 0.9181 1.1233 0.4812
vt 0.9386 1.1373 0.4510
vt 0.9234 1.1184 0.4812
vt 0.9436 1.1317 0.4510
vt 0.9282 1.1129 0.4812
vt 0.9480 1.1256 0.4510
vt 0.9325 1.1071 0.4812
vt 0.9518 1.1190 0.4510
vt 0.9362 1.1008 0.4812
vt 0.9551 1.1121 0.4510
vt 0.9393 1.0941 0.4812
vt 0.9577 1.1048 0.4510
vt 0.9418 1.0871 0.4812
vt 0.9596 1.0972 0.4511
vt 0.9437 1.0797 0.4812
vt 0.5489 1.0972 0.9596
vt 0.5489 1.0894 0.9607
vt 0.5188 1.0722 0.9448
vt 0.5188 1.0797 0.9437
vt 0.5489 1.0813 0.9611
vt 0.5189 1.0644 0.9452
vt 0.5489 0.1015 0.9611
vt 0.5189 0.1184 0.9452
vt 0.5489 0.0934 0.9607
vt 0.5188 0.1106 0.9448
vt 0.5489 0.0855 0.9596
vt 0.5188 0.1030 0.9437
vt 0.9596 0.0855 0.4511
vt 0.9577 0.0779 0.4510
vt 0.9418 0.0957 0.4812
vt 0.9437 0.1030 0.4812
vt 0.9551 0.0706 0.4510
vt 0.9393 0.0887 0.4812
vt 0.9518 0.0637 0.4510
vt 0.9362 0.0820 0.4812
vt 0.9480 0.0572 0.4510
vt 0.9325 0.0757 0.4812
vt 0.9436 0.0511 0.4510
vt 0.9282 0.0698 0.4812
vt 0.9386 0.0454 0.4510
vt 0.9234 0.0644 0.4812
vt 0.9331 0.0403 0.4510
vt 0.9181 0.0594 0.4812
vt 0.9272 0.0358 0.4510
vt 0.9124 0.0550 0.4812
vt 0.9208 0.0318 0.4510
vt 0.9062 0.0512 0.4812
vt 0.9141 0.0285 0.4510
vt 0.8997 0.0480 0.4812
vt 0.9070 0.0258 0.4510
vt 0.8929 0.0454 0.4812
vt 0.8996 0.0238 0.4510
vt 0.8858 0.0435 0.4812
vt 0.8920 0.0227 0.4510
vt 0.8784 0.0423 0.4812
vt 0.5490 0.8920 0.0227
vt 0.5489 0.8841 0.0223
vt 0.5188 0.8708 0.0419
vt 0.5188 0.8784 0.0423
vt 0.5489 0.1159 0.0223
vt 0.5188 0.1292 0.0419
vt 0.5490 0.1080 0.0227
vt 0.5188 0.1216 0.0423
vt 0.1080 0.0227 0.4510
vt 0.1004 0.0238 0.4510
vt 0.1142 0.0435 0.4812
vt 0.1216 0.0423 0.4812
vt 0.0930 0.0258 0.4510
vt 0.1071 0.0454 0.4812
vt 0.0859 0.0285 0.4510
vt 0.1003 0.0480 0.4812
vt 0.0792 0.0318 0.4510
vt 0.0938 0.0512 0.4812
vt 0.0728 0.0358 0.4510
vt 0.0876 0.0550 0.4812
vt 0.0669 0.0403 0.4510
vt 0.0819 0.0594 0.4812
vt 0.0614 0.0454 0.4510
vt 0.0766 0.0644 0.4812
vt 0.0564 0.0511 0.4510
vt 0.0718 0.0698 0.4812
vt 0.0520 0.0572 0.4510
vt 0.0675 0.0757 0.4812
vt 0.0482 0.0637 0.4510
vt 0.0638 0.0820 0.4812
vt 0.0449 0.0706 0.4510
vt 0.0607 0.0887 0.4812
vt 0.0423 0.0779 0.4510
vt 0.0582 0.0957 0.4812
vt 0.0404 0.0855 0.4511
vt 0.0563 0.1030 0.4812
vt 0.4511 0.0855 0.0404
vt 0.4511 0.0934 0.0393
vt 0.4812 0.1106 0.0552
vt 0.4812 0.1030 0.0563
vt 0.4511 0.1015 0.0389
vt 0.4811 0.1184 0.0548
vt 0.4511 1.0813 0.0389
vt 0.4811 1.0644 0.0548
vt 0.4511 1.0894 0.0393
vt 0.4812 1.0722 0.0552
vt 0.4511 1.0972 0.0404
vt 0.4812 1.0797 0.0563
vt 0.0404 1.0972 0.4511
vt 0.0423 1.1048 0.4510
vt 0.0582 1.0871 0.4812
vt 0.0563 1.0797 0.4812
vt 0.0449 1.1121 0.4510
vt 0.0607 1.0941 0.4812
vt 0.0482 1.1190 0.4510
vt 0.0638 1.1008 0.4812
vt 0.0520 1.1256 0.4510
vt 0.0675 1.1071 0.4812
vt 0.0564 1.1317 0.4510
vt 0.0718 1.1129 0.4812
vt 0.0614 1.1373 0.4510
vt 0.0766 1.1184 0.4812
vt 0.0669 1.1424 0.4510
vt 0.0819 1.1233 0.4812
vt 0.0728 1.1470 0.4510
vt 0.0876 1.1277 0.4812
vt 0.0792 1.1510 0.4510
vt 0.0938 1.1315 0.4812
vt 0.0859 1.1543 0.4510
vt 0.1003 1.1348 0.4812
vt 0.0930 1.1570 0.4510
vt 0.1071 1.1374 0.4812
vt 0.1004 1.1589 0.4510
vt 0.1142 1.1392 0.4812
vt 0.1080 1.1601 0.4510
vt 0.1216 1.1404 0.4812
vt 0.4510 0.1080 1.1601
vt 0.4511 0.1159 1.1605
vt 0.4812 0.1292 1.1408
vt 0.4812 0.1216 1.1404
vt 0.0630 1.0614 0.4861
vt 0.0630 0.1214 0.4861
vt 0.0634 0.1140 0.4861
vt 0.0644 0.1070 0.4861
vt 0.0661 0.1003 0.4861
vt 0.0684 0.0939 0.4861
vt 0.0713 0.0877 0.4861
vt 0.0747 0.0819 0.4861
vt 0.0786 0.0765 0.4861
vt 0.0830 0.0715 0.4861
vt 0.0879 0.0670 0.4861
vt 0.0932 0.0629 0.4861
vt 0.0988 0.0594 0.4861
vt 0.1048 0.0564 0.4861
vt 0.1111 0.0541 0.4861
vt 0.1176 0.0523 0.4861
vt 0.1244 0.0513 0.4861
vt 0.1315 0.0509 0.4861
vt 0.8685 0.0509 0.4861
vt 0.8756 0.0513 0.4861
vt 0.8824 0.0523 0.4861
vt 0.8889 0.0541 0.4861
vt 0.8952 0.0564 0.4861
vt 0.9012 0.0594 0.4861
vt 0.9068 0.0629 0.4861
vt 0.9121 0.0670 0.4861
vt 0.9170 0.0715 0.4861
vt 0.9214 0.0765 0.4861
vt 0.9253 0.0819 0.4861
vt 0.9287 0.0877 0.4861
vt 0.9316 0.0939 0.4861
vt 0.9339 0.1003 0.4861
vt 0.9356 0.1070 0.4861
vt 0.9366 0.1140 0.4861
vt 0.9370 0.1214 0.4861
vt 0.9370 1.0614 0.4861
vt 0.9366 1.0687 0.4861
vt 0.9356 1.0757 0.4861
vt 0.9339 1.0824 0.4861
vt 0.9316 1.0889 0.4861
vt 0.9287 1.0950 0.4861
vt 0.9253 1.1008 0.4861
vt 0.9214 1.1062 0.4861
vt 0.9170 1.1112 0.4861
vt 0.9121 1.1158 0.4861
vt 0.9068 1.1198 0.4861
vt 0.9012 1.1234 0.4861
vt 0.8952 1.1263 0.4861
vt 0.8889 1.1287 0.4861
vt 0.8824 1.1304 0.4861
vt 0.8756 1.1315 0.4861
vt 0.8685 1.1319 0.4861
vt 0.1315 1.1319 0.4861
vt 0.1244 1.1315 0.4861
vt 0.1176 1.1304 0.4861
vt 0.1111 1.1287 0.4861
vt 0.1048 1.1263 0.4861
vt 0.0988 1.1234 0.4861
vt 0.0932 1.1198 0.4861
vt 0.0879 1.1158 0.4861
vt 0.0830 1.1112 0.4861
vt 0.0786 1.1062 0.4861
vt 0.0747 1.1008 0.4861
vt 0.0713 1.0950 0.4861
vt 0.0684 1.0889 0.4861
vt 0.0661 1.0824 0.4861
vt 0.0644 1.0757 0.4861
vt 0.0634 1.0687 0.4861
vt 0.9582 1.0839 0.4461
vt 0.9578 1.0916 0.4461
vt 0.9567 1.0990 0.4461
vt 0.9550 1.1060 0.4461
vt 0.9525 1.1128 0.4461
vt 0.9495 1.1193 0.4461
vt 0.9459 1.1254 0.4461
vt 0.9418 1.1311 0.4461
vt 0.9371 1.1363 0.4461
vt 0.9320 1.1411 0.4461
vt 0.9265 1.1454 0.4461
vt 0.9205 1.1491 0.4461
vt 0.9143 1.1522 0.4461
vt 0.9077 1.1547 0.4461
vt 0.9008 1.1565 0.4461
vt 0.8936 1.1576 0.4461
vt 0.8862 1.1580 0.4461
vt 0.1138 1.1580 0.4461
vt 0.1064 1.1576 0.4461
vt 0.0992 1.1565 0.4461
vt 0.0923 1.1547 0.4461
vt 0.0857 1.1522 0.4461
vt 0.0795 1.1491 0.4461
vt 0.0735 1.1454 0.4461
vt 0.0680 1.1411 0.4461
vt 0.0629 1.1363 0.4461
vt 0.0582 1.1311 0.4461
vt 0.0541 1.1254 0.4461
vt 0.0505 1.1193 0.4461
vt 0.0475 1.1128 0.4461
vt 0.0450 1.1060 0.4461
vt 0.0433 1.0990 0.4461
vt 0.0422 1.0916 0.4461
vt 0.0418 1.0839 0.4461
vt 0.0418 0.0988 0.4461
vt 0.0422 0.0911 0.4461
vt 0.0433 0.0838 0.4461
vt 0.0450 0.0767 0.4461
vt 0.0475 0.0699 0.4461
vt 0.0505 0.0635 0.4461
vt 0.0541 0.0574 0.4461
vt 0.0582 0.0517 0.4461
vt 0.0629 0.0464 0.4461
vt 0.0680 0.0416 0.4461
vt 0.0735 0.0374 0.4461
vt 0.0795 0.0337 0.4461
vt 0.0857 0.0305 0.4461
vt 0.0923 0.0281 0.4461
vt 0.0992 0.0262 0.4461
vt 0.1064 0.0251 0.4461
vt 0.1138 0.0247 0.4461
vt 0.8862 0.0247 0.4461
vt 0.8936 0.0251 0.4461
vt 0.9008 0.0262 0.4461
vt 0.9077 0.0281 0.4461
vt 0.9143 0.0305 0.4461
vt 0.9205 0.0337 0.4461
vt 0.9265 0.0374 0.4461
vt 0.9320 0.0416 0.4461
vt 0.9371 0.0464 0.4461
vt 0.9418 0.0517 0.4461
vt 0.9459 0.0574 0.4461
vt 0.9495 0.0635 0.4461
vt 0.9525 0.0699 0.4461
vt 0.9550 0.0767 0.4461
vt 0.9567 0.0838 0.4461
vt 0.9578 0.0911 0.4461
vt 0.9582 0.0988 0.4461
vt 0.8774 1.1386 0.4834
vt 0.8708 1.1408 0.4812
vt 0.8699 1.1390 0.4834
vt 0.4489 0.8851 1.1616
vt 0.4489 0.8929 1.1612
vt 0.8847 1.1375 0.4834
vt 0.4510 0.8996 1.1589
vt 0.4489 0.9006 1.1600
vt 0.8918 1.1356 0.4834
vt 0.4510 0.9070 1.1570
vt 0.4489 0.9079 1.1580
vt 0.8986 1.1331 0.4834
vt 0.4510 0.9141 1.1543
vt 0.4489 0.9150 1.1554
vt 0.9050 1.1299 0.4834
vt 0.9150 1.1554 0.4489
vt 0.9217 1.1520 0.4489
vt 0.9111 1.1260 0.4834
vt 0.9280 1.1481 0.4489
vt 0.9168 1.1217 0.4834
vt 0.9340 1.1435 0.4489
vt 0.9220 1.1168 0.4834
vt 0.9394 1.1384 0.4489
vt 0.9268 1.1114 0.4834
vt 0.9444 1.1328 0.4489
vt 0.9311 1.1055 0.4834
vt 0.9488 1.1267 0.4489
vt 0.9348 1.0993 0.4834
vt 0.9527 1.1202 0.4489
vt 0.9379 1.0926 0.4834
vt 0.5511 1.1202 0.9527
vt 0.5490 1.1190 0.9518
vt 0.5490 1.1121 0.9551
vt 0.5511 1.1133 0.9559
vt 0.9404 1.0857 0.4834
vt 0.5490 1.1048 0.9577
vt 0.5511 1.1060 0.9585
vt 0.9422 1.0784 0.4834
vt 0.5511 1.0984 0.9604
vt 0.9433 1.0709 0.4833
vt 0.9448 1.0722 0.4812
vt 0.5511 1.0906 0.9615
vt 0.9437 1.0631 0.4833
vt 0.9452 1.0644 0.4811
vt 0.5511 1.0825 0.9619
vt 0.9437 0.1196 0.4833
vt 0.9452 0.1184 0.4811
vt 0.5511 0.1003 0.9619
vt 0.9433 0.1119 0.4833
vt 0.9448 0.1106 0.4812
vt 0.5511 0.0922 0.9615
vt 0.9422 0.1043 0.4834
vt 0.5511 0.0843 0.9604
vt 0.9404 0.0971 0.4834
vt 0.5490 0.0779 0.9577
vt 0.5511 0.0768 0.9585
vt 0.9379 0.0901 0.4834
vt 0.5490 0.0706 0.9551
vt 0.5511 0.0695 0.9559
vt 0.9348 0.0835 0.4834
vt 0.5490 0.0637 0.9518
vt 0.5511 0.0626 0.9527
vt 0.9311 0.0772 0.4834
vt 0.9527 0.0626 0.4489
vt 0.9488 0.0561 0.4489
vt 0.9268 0.0714 0.4834
vt 0.9444 0.0500 0.4489
vt 0.9220 0.0660 0.4834
vt 0.9394 0.0443 0.4489
vt 0.9168 0.0611 0.4834
vt 0.9340 0.0392 0.4489
vt 0.9111 0.0567 0.4834
vt 0.9280 0.0347 0.4489
vt 0.9050 0.0529 0.4834
vt 0.9217 0.0307 0.4489
vt 0.8986 0.0497 0.4834
vt 0.9150 0.0274 0.4489
vt 0.8918 0.0471 0.4834
vt 0.5511 0.9150 0.0274
vt 0.5490 0.9141 0.0285
vt 0.5490 0.9070 0.0258
vt 0.5511 0.9079 0.0247
vt 0.8847 0.0453 0.4834
vt 0.5490 0.8996 0.0238
vt 0.5511 0.9006 0.0228
vt 0.8774 0.0441 0.4834
vt 0.5511 0.8929 0.0216
vt 0.8699 0.0437 0.4834
vt 0.8708 0.0419 0.4812
vt 0.5511 0.8851 0.0212
vt 0.1301 0.0437 0.4834
vt 0.1292 0.0419 0.4812
vt 0.5511 0.1149 0.0212
vt 0.1226 0.0441 0.4834
vt 0.5511 0.1071 0.0216
vt 0.1153 0.0453 0.4834
vt 0.5490 0.1004 0.0238
vt 0.5511 0.0994 0.0228
vt 0.1082 0.0471 0.4834
vt 0.5490 0.0930 0.0258
vt 0.5511 0.0921 0.0247
vt 0.1014 0.0497 0.4834
vt 0.5490 0.0859 0.0285
vt 0.5511 0.0850 0.0274
vt 0.0950 0.0529 0.4834
vt 0.0850 0.0274 0.4489
vt 0.0783 0.0307 0.4489
vt 0.0889 0.0567 0.4834
vt 0.0720 0.0347 0.4489
vt 0.0832 0.0611 0.4834
vt 0.0660 0.0392 0.4489
vt 0.0780 0.0660 0.4834
vt 0.0606 0.0443 0.4489
vt 0.0732 0.0714 0.4834
vt 0.0556 0.0500 0.4489
vt 0.0689 0.0772 0.4834
vt 0.0512 0.0561 0.4489
vt 0.0652 0.0835 0.4834
vt 0.0473 0.0626 0.4489
vt 0.0621 0.0901 0.4834
vt 0.4489 0.0626 0.0473
vt 0.4510 0.0637 0.0482
vt 0.4510 0.0706 0.0449
vt 0.4489 0.0695 0.0441
vt 0.0596 0.0971 0.4834
vt 0.4510 0.0779 0.0423
vt 0.4489 0.0768 0.0415
vt 0.0578 0.1043 0.4834
vt 0.4489 0.0843 0.0396
vt 0.0567 0.1119 0.4833
vt 0.0552 0.1106 0.4812
vt 0.4489 0.0922 0.0385
vt 0.0563 0.1196 0.4833
vt 0.0548 0.1184 0.4811
vt 0.4489 0.1003 0.0381
vt 0.0563 1.0631 0.4833
vt 0.0548 1.0644 0.4811
vt 0.4489 1.0825 0.0381
vt 0.0567 1.0709 0.4833
vt 0.0552 1.0722 0.4812
vt 0.4489 1.0906 0.0385
vt 0.0578 1.0784 0.4834
vt 0.4489 1.0984 0.0396
vt 0.0596 1.0857 0.4834
vt 0.4510 1.1048 0.0423
vt 0.4489 1.1060 0.0415
vt 0.0621 1.0926 0.4834
vt 0.4510 1.1121 0.0449
vt 0.4489 1.1133 0.0441
vt 0.0652 1.0993 0.4834
vt 0.4510 1.1190 0.0482
vt 0.4489 1.1202 0.0473
vt 0.0689 1.1055 0.4834
vt 0.0473 1.1202 0.4489
vt 0.0512 1.1267 0.4489
vt 0.0732 1.1114 0.4834
vt 0.0556 1.1328 0.4489
vt 0.0780 1.1168 0.4834
vt 0.0606 1.1384 0.4489
vt 0.0832 1.1217 0.4834
vt 0.0660 1.1435 0.4489
vt 0.0889 1.1260 0.4834
vt 0.0720 1.1481 0.4489
vt 0.0950 1.1299 0.4834
vt 0.0783 1.1520 0.4489
vt 0.1014 1.1331 0.4834
vt 0.0850 1.1554 0.4489
vt 0.1082 1.1356 0.4834
vt 0.4489 0.0850 1.1554
vt 0.4510 0.0859 1.1543
vt 0.4510 0.0930 1.1570
vt 0.4489 0.0921 1.1580
vt 0.1153 1.1375 0.4834
vt 0.4510 0.1004 1.1589
vt 0.4489 0.0994 1.1600
vt 0.1226 1.1386 0.4834
vt 0.4489 0.1071 1.1612
vt 0.1301 1.1390 0.4834
vt 0.1292 1.1408 0.4812
vt 0.4489 0.1149 1.1616
vt 0.8766 1.1366 0.4849
vt 0.8691 1.1370 0.4849
vt 0.8760 1.1342 0.4858
vt 0.8687 1.1346 0.4858
vt 0.4473 0.8857 1.1615
vt 0.4473 0.8935 1.1611
vt 0.1139 1.1603 0.4464
vt 0.1143 1.1615 0.4473
vt 0.1065 1.1611 0.4473
vt 0.1062 1.1599 0.4464
vt 0.8838 1.1354 0.4849
vt 0.8830 1.1331 0.4858
vt 0.4473 0.9010 1.1599
vt 0.0990 1.1599 0.4473
vt 0.0989 1.1588 0.4464
vt 0.8908 1.1336 0.4849
vt 0.8898 1.1313 0.4858
vt 0.4473 0.9083 1.1580
vt 0.0917 1.1580 0.4473
vt 0.0918 1.1569 0.4464
vt 0.8974 1.1311 0.4849
vt 0.8963 1.1288 0.4858
vt 0.4473 0.9153 1.1554
vt 0.0847 1.1554 0.4473
vt 0.0849 1.1543 0.4464
vt 0.9038 1.1279 0.4849
vt 0.9025 1.1258 0.4858
vt 0.4489 0.9217 1.1520
vt 0.4473 0.9219 1.1521
vt 0.0781 1.1521 0.4473
vt 0.0784 1.1511 0.4464
vt 0.9098 1.1242 0.4849
vt 0.9083 1.1221 0.4858
vt 0.4489 0.9280 1.1481
vt 0.4473 0.9282 1.1482
vt 0.0718 1.1482 0.4473
vt 0.0723 1.1473 0.4464
vt 0.9154 1.1199 0.4849
vt 0.9138 1.1179 0.4858
vt 0.4489 0.9340 1.1435
vt 0.4473 0.9341 1.1437
vt 0.0659 1.1437 0.4473
vt 0.0666 1.1429 0.4464
vt 0.9205 1.1150 0.4849
vt 0.9188 1.1132 0.4858
vt 0.4489 0.9394 1.1384
vt 0.4473 0.9395 1.1386
vt 0.0605 1.1386 0.4473
vt 0.0613 1.1379 0.4464
vt 0.9252 1.1097 0.4849
vt 0.9234 1.1080 0.4858
vt 0.5527 1.1386 0.9395
vt 0.5511 1.1384 0.9394
vt 0.5511 1.1328 0.9444
vt 0.5527 1.1331 0.9444
vt 0.0556 1.1331 0.4473
vt 0.0565 1.1325 0.4464
vt 0.9294 1.1040 0.4849
vt 0.9275 1.1024 0.4858
vt 0.5511 1.1267 0.9488
vt 0.5527 1.1270 0.9487
vt 0.0513 1.1270 0.4473
vt 0.0522 1.1266 0.4464
vt 0.9330 1.0978 0.4849
vt 0.9310 1.0964 0.4858
vt 0.5527 1.1206 0.9525
vt 0.0475 1.1206 0.4473
vt 0.0485 1.1203 0.4464
vt 0.9361 1.0913 0.4849
vt 0.9340 1.0901 0.4858
vt 0.5527 1.1138 0.9557
vt 0.0443 1.1138 0.4473
vt 0.0454 1.1136 0.4464
vt 0.9386 1.0844 0.4849
vt 0.9364 1.0834 0.4858
vt 0.5527 1.1066 0.9583
vt 0.0417 1.1066 0.4473
vt 0.0429 1.1066 0.4464
vt 0.9403 1.0773 0.4849
vt 0.9382 1.0764 0.4858
vt 0.5527 1.0991 0.9602
vt 0.0398 1.0991 0.4473
vt 0.0410 1.0993 0.4464
vt 0.9414 1.0699 0.4849
vt 0.9392 1.0692 0.4858
vt 0.5527 1.0914 0.9613
vt 0.0387 1.0914 0.4473
vt 0.0399 1.0917 0.4464
vt 0.9418 1.0622 0.4849
vt 0.9396 1.0616 0.4858
vt 0.5527 1.0833 0.9617
vt 0.0383 1.0833 0.4473
vt 0.0395 1.0838 0.4464
vt 0.9418 0.1205 0.4849
vt 0.9396 0.1211 0.4858
vt 0.5527 0.0994 0.9617
vt 0.0383 0.0994 0.4473
vt 0.0395 0.0989 0.4464
vt 0.9415 0.1129 0.4849
vt 0.9392 0.1136 0.4858
vt 0.5527 0.0914 0.9613
vt 0.0387 0.0914 0.4473
vt 0.0399 0.0910 0.4464
vt 0.9403 0.1055 0.4849
vt 0.9382 0.1064 0.4858
vt 0.5527 0.0836 0.9602
vt 0.0398 0.0836 0.4473
vt 0.0410 0.0835 0.4464
vt 0.9386 0.0983 0.4849
vt 0.9364 0.0994 0.4858
vt 0.5527 0.0762 0.9583
vt 0.0417 0.0762 0.4473
vt 0.0429 0.0761 0.4464
vt 0.9361 0.0914 0.4849
vt 0.9340 0.0927 0.4858
vt 0.5527 0.0690 0.9557
vt 0.0443 0.0690 0.4473
vt 0.0454 0.0691 0.4464
vt 0.9330 0.0849 0.4849
vt 0.9310 0.0863 0.4858
vt 0.5527 0.0622 0.9525
vt 0.0475 0.0622 0.4473
vt 0.0485 0.0624 0.4464
vt 0.9294 0.0788 0.4849
vt 0.9275 0.0803 0.4858
vt 0.5511 0.0561 0.9488
vt 0.5527 0.0557 0.9487
vt 0.0513 0.0557 0.4473
vt 0.0522 0.0561 0.4464
vt 0.9252 0.0730 0.4849
vt 0.9234 0.0747 0.4858
vt 0.5511 0.0500 0.9444
vt 0.5527 0.0497 0.9444
vt 0.0556 0.0497 0.4473
vt 0.0565 0.0503 0.4464
vt 0.9205 0.0677 0.4849
vt 0.9188 0.0695 0.4858
vt 0.5511 0.0443 0.9394
vt 0.5527 0.0441 0.9395
vt 0.0605 0.0441 0.4473
vt 0.0613 0.0448 0.4464
vt 0.9154 0.0629 0.4849
vt 0.9138 0.0648 0.4858
vt 0.5527 0.9395 0.0441
vt 0.5511 0.9394 0.0443
vt 0.5511 0.9340 0.0392
vt 0.5527 0.9341 0.0391
vt 0.0659 0.0391 0.4473
vt 0.0666 0.0399 0.4464
vt 0.9098 0.0586 0.4849
vt 0.9083 0.0606 0.4858
vt 0.5511 0.9280 0.0347
vt 0.5527 0.9282 0.0346
vt 0.0718 0.0346 0.4473
vt 0.0723 0.0355 0.4464
vt 0.9038 0.0548 0.4849
vt 0.9025 0.0570 0.4858
vt 0.5511 0.9217 0.0307
vt 0.5527 0.9219 0.0307
vt 0.0781 0.0307 0.4473
vt 0.0784 0.0317 0.4464
vt 0.8974 0.0517 0.4849
vt 0.8963 0.0539 0.4858
vt 0.5527 0.9153 0.0274
vt 0.0847 0.0274 0.4473
vt 0.0849 0.0284 0.4464
vt 0.8908 0.0492 0.4849
vt 0.8898 0.0515 0.4858
vt 0.5527 0.9083 0.0248
vt 0.0917 0.0248 0.4473
vt 0.0918 0.0259 0.4464
vt 0.8838 0.0473 0.4849
vt 0.8830 0.0497 0.4858
vt 0.5527 0.9010 0.0228
vt 0.0990 0.0228 0.4473
vt 0.0989 0.0240 0.4464
vt 0.8766 0.0462 0.4849
vt 0.8760 0.0486 0.4858
vt 0.5527 0.8935 0.0217
vt 0.1065 0.0217 0.4473
vt 0.1062 0.0228 0.4464
vt 0.8691 0.0458 0.4849
vt 0.8687 0.0482 0.4858
vt 0.5527 0.8857 0.0213
vt 0.1143 0.0213 0.4473
vt 0.1139 0.0224 0.4464
vt 0.1309 0.0458 0.4849
vt 0.1313 0.0482 0.4858
vt 0.5527 0.1143 0.0213
vt 0.8857 0.0213 0.4473
vt 0.8861 0.0224 0.4464
vt 0.1234 0.0462 0.4849
vt 0.1240 0.0486 0.4858
vt 0.5527 0.1065 0.0217
vt 0.8935 0.0217 0.4473
vt 0.8938 0.0228 0.4464
vt 0.1162 0.0473 0.4849
vt 0.1170 0.0497 0.4858
vt 0.5527 0.0990 0.0228
vt 0.9010 0.0228 0.4473
vt 0.9011 0.0240 0.4464
vt 0.1092 0.0492 0.4849
vt 0.1102 0.0515 0.4858
vt 0.5527 0.0917 0.0248
vt 0.9083 0.0248 0.4473
vt 0.9082 0.0259 0.4464
vt 0.1026 0.0517 0.4849
vt 0.1037 0.0539 0.4858
vt 0.5527 0.0847 0.0274
vt 0.9153 0.0274 0.4473
vt 0.9151 0.0284 0.4464
vt 0.0962 0.0548 0.4849
vt 0.0975 0.0570 0.4858
vt 0.5511 0.0783 0.0307
vt 0.5527 0.0781 0.0307
vt 0.9219 0.0307 0.4473
vt 0.9216 0.0317 0.4464
vt 0.0902 0.0586 0.4849
vt 0.0917 0.0606 0.4858
vt 0.5511 0.0720 0.0347
vt 0.5527 0.0718 0.0346
vt 0.9282 0.0346 0.4473
vt 0.9277 0.0355 0.4464
vt 0.0846 0.0629 0.4849
vt 0.0862 0.0648 0.4858
vt 0.5511 0.0660 0.0392
vt 0.5527 0.0659 0.0391
vt 0.9341 0.0391 0.4473
vt 0.9334 0.0399 0.4464
vt 0.0795 0.0677 0.4849
vt 0.0812 0.0695 0.4858
vt 0.5511 0.0606 0.0443
vt 0.5527 0.0605 0.0441
vt 0.9395 0.0441 0.4473
vt 0.9387 0.0448 0.4464
vt 0.0748 0.0730 0.4849
vt 0.0766 0.0747 0.4858
vt 0.4473 0.0441 0.0605
vt 0.4489 0.0443 0.0606
vt 0.4489 0.0500 0.0556
vt 0.4473 0.0497 0.0556
vt 0.9444 0.0497 0.4473
vt 0.9435 0.0503 0.4464
vt 0.0706 0.0788 0.4849
vt 0.0725 0.0803 0.4858
vt 0.4489 0.0561 0.0512
vt 0.4473 0.0557 0.0513
vt 0.9487 0.0557 0.4473
vt 0.9478 0.0561 0.4464
vt 0.0670 0.0849 0.4849
vt 0.0690 0.0863 0.4858
vt 0.4473 0.0622 0.0475
vt 0.9525 0.0622 0.4473
vt 0.9515 0.0624 0.4464
vt 0.0639 0.0914 0.4849
vt 0.0660 0.0927 0.4858
vt 0.4473 0.0690 0.0443
vt 0.9557 0.0690 0.4473
vt 0.9546 0.0691 0.4464
vt 0.0614 0.0983 0.4849
vt 0.0636 0.0994 0.4858
vt 0.4473 0.0762 0.0417
vt 0.9583 0.0762 0.4473
vt 0.9571 0.0761 0.4464
vt 0.0597 0.1055 0.4849
vt 0.0618 0.1064 0.4858
vt 0.4473 0.0836 0.0398
vt 0.9602 0.0836 0.4473
vt 0.9590 0.0835 0.4464
vt 0.0585 0.1129 0.4849
vt 0.0608 0.1136 0.4858
vt 0.4473 0.0914 0.0387
vt 0.9613 0.0914 0.4473
vt 0.9601 0.0910 0.4464
vt 0.0582 0.1205 0.4849
vt 0.0604 0.1211 0.4858
vt 0.4473 0.0994 0.0383
vt 0.9617 0.0994 0.4473
vt 0.9605 0.0989 0.4464
vt 0.0582 1.0622 0.4849
vt 0.0604 1.0616 0.4858
vt 0.4473 1.0833 0.0383
vt 0.9617 1.0833 0.4473
vt 0.9605 1.0838 0.4464
vt 0.0585 1.0699 0.4849
vt 0.0608 1.0692 0.4858
vt 0.4473 1.0914 0.0387
vt 0.9613 1.0914 0.4473
vt 0.9601 1.0917 0.4464
vt 0.0597 1.0773 0.4849
vt 0.0618 1.0764 0.4858
vt 0.4473 1.0991 0.0398
vt 0.9602 1.0991 0.4473
vt 0.9590 1.0993 0.4464
vt 0.0614 1.0844 0.4849
vt 0.0636 1.0834 0.4858
vt 0.4473 1.1066 0.0417
vt 0.9583 1.1066 0.4473
vt 0.9571 1.1066 0.4464
vt 0.0639 1.0913 0.4849
vt 0.0660 1.0901 0.4858
vt 0.4473 1.1138 0.0443
vt 0.9557 1.1138 0.4473
vt 0.9546 1.1136 0.4464
vt 0.0670 1.0978 0.4849
vt 0.0690 1.0964 0.4858
vt 0.4473 1.1206 0.0475
vt 0.9525 1.1206 0.4473
vt 0.9515 1.1203 0.4464
vt 0.0706 1.1040 0.4849
vt 0.0725 1.1024 0.4858
vt 0.4489 1.1267 0.0512
vt 0.4473 1.1270 0.0513
vt 0.9487 1.1270 0.4473
vt 0.9478 1.1266 0.4464
vt 0.0748 1.1097 0.4849
vt 0.0766 1.1080 0.4858
vt 0.4489 1.1328 0.0556
vt 0.4473 1.1331 0.0556
vt 0.9444 1.1331 0.4473
vt 0.9435 1.1325 0.4464
vt 0.0795 1.1150 0.4849
vt 0.0812 1.1132 0.4858
vt 0.4489 1.1384 0.0606
vt 0.4473 1.1386 0.0605
vt 0.9395 1.1386 0.4473
vt 0.9387 1.1379 0.4464
vt 0.0846 1.1199 0.4849
vt 0.0862 1.1179 0.4858
vt 0.4473 0.0605 1.1386
vt 0.4489 0.0606 1.1384
vt 0.4489 0.0660 1.1435
vt 0.4473 0.0659 1.1437
vt 0.9341 1.1437 0.4473
vt 0.9334 1.1429 0.4464
vt 0.0902 1.1242 0.4849
vt 0.0917 1.1221 0.4858
vt 0.4489 0.0720 1.1481
vt 0.4473 0.0718 1.1482
vt 0.9282 1.1482 0.4473
vt 0.9277 1.1473 0.4464
vt 0.0962 1.1279 0.4849
vt 0.0975 1.1258 0.4858
vt 0.4489 0.0783 1.1520
vt 0.4473 0.0781 1.1521
vt 0.9219 1.1521 0.4473
vt 0.9216 1.1511 0.4464
vt 0.1026 1.1311 0.4849
vt 0.1037 1.1288 0.4858
vt 0.4473 0.0847 1.1554
vt 0.9153 1.1554 0.4473
vt 0.9151 1.1543 0.4464
vt 0.1092 1.1336 0.4849
vt 0.1102 1.1313 0.4858
vt 0.4473 0.0917 1.1580
vt 0.9083 1.1580 0.4473
vt 0.9082 1.1569 0.4464
vt 0.1162 1.1354 0.4849
vt 0.1170 1.1331 0.4858
vt 0.4473 0.0990 1.1599
vt 0.9010 1.1599 0.4473
vt 0.9011 1.1588 0.4464
vt 0.1234 1.1366 0.4849
vt 0.1240 1.1342 0.4858
vt 0.4473 0.1065 1.1611
vt 0.8935 1.1611 0.4473
vt 0.8938 1.1599 0.4464
vt 0.1309 1.1370 0.4849
vt 0.1313 1.1346 0.4858
vt 0.4473 0.1143 1.1615
vt 0.8857 1.1615 0.4473
vt 0.8861 1.1603 0.4464
vt 0.6928 0.6607 0.1958
vt 0.3072 0.6607 0.1958
vt 0.3072 0.3393 0.1958
vt 0.6928 0.3393 0.1958
vt 0.2739 0.3115 0.1958
vt 0.2311 0.3115 0.1992
vt 0.2316 0.3060 0.1992
vt 0.2332 0.3005 0.1992
vt 0.2358 0.2954 0.1992
vt 0.2393 0.2906 0.1992
vt 0.2436 0.2863 0.1992
vt 0.2487 0.2827 0.1992
vt 0.2545 0.2798 0.1992
vt 0.2607 0.2776 0.1992
vt 0.2672 0.2763 0.1992
vt 0.2739 0.2759 0.1992
vt 0.6928 0.2759 0.1992
vt 0.6928 0.3115 0.1958
vt 0.3072 0.3115 0.1958
vt 0.3072 0.2759 0.1992
vt 0.7261 0.3115 0.1958
vt 0.7261 0.2759 0.1992
vt 0.7328 0.2763 0.1992
vt 0.7393 0.2776 0.1992
vt 0.7455 0.2798 0.1992
vt 0.7513 0.2827 0.1992
vt 0.7564 0.2863 0.1992
vt 0.7607 0.2906 0.1992
vt 0.7642 0.2954 0.1992
vt 0.7668 0.3005 0.1992
vt 0.7684 0.3060 0.1992
vt 0.7689 0.3115 0.1992
vt 0.7689 0.6607 0.1992
vt 0.7261 0.6607 0.1958
vt 0.7261 0.3393 0.1958
vt 0.7689 0.3393 0.1992
vt 0.7261 0.6885 0.1958
vt 0.7689 0.6885 0.1992
vt 0.7684 0.6940 0.1992
vt 0.7668 0.6995 0.1992
vt 0.7642 0.7046 0.1992
vt 0.7607 0.7094 0.1992
vt 0.7564 0.7137 0.1992
vt 0.7513 0.7173 0.1992
vt 0.7455 0.7202 0.1992
vt 0.7393 0.7224 0.1992
vt 0.7328 0.7237 0.1992
vt 0.7261 0.7241 0.1992
vt 0.3072 0.7241 0.1992
vt 0.3072 0.6885 0.1958
vt 0.6928 0.6885 0.1958
vt 0.6928 0.7241 0.1992
vt 0.2739 0.6885 0.1958
vt 0.2739 0.7241 0.1992
vt 0.2672 0.7237 0.1992
vt 0.2607 0.7224 0.1992
vt 0.2545 0.7202 0.1992
vt 0.2487 0.7173 0.1992
vt 0.2436 0.7137 0.1992
vt 0.2393 0.7094 0.1992
vt 0.2358 0.7046 0.1992
vt 0.2332 0.6995 0.1992
vt 0.2316 0.6940 0.1992
vt 0.2311 0.6885 0.1992
vt 0.2311 0.3393 0.1992
vt 0.2739 0.3393 0.1958
vt 0.2739 0.6607 0.1958
vt 0.2311 0.6607 0.1992
vt 0.1904 0.3005 0.2092
vt 0.1894 0.3115 0.2092
vt 0.1935 0.2898 0.2092
vt 0.1986 0.2796 0.2092
vt 0.2055 0.2701 0.2092
vt 0.2141 0.2617 0.2092
vt 0.2242 0.2546 0.2092
vt 0.2355 0.2488 0.2092
vt 0.2478 0.2446 0.2092
vt 0.2607 0.2420 0.2092
vt 0.2739 0.2411 0.2092
vt 0.6928 0.2411 0.2092
vt 0.3072 0.2411 0.2092
vt 0.7393 0.2420 0.2092
vt 0.7261 0.2411 0.2092
vt 0.7522 0.2446 0.2092
vt 0.7645 0.2488 0.2092
vt 0.7758 0.2546 0.2092
vt 0.7859 0.2617 0.2092
vt 0.7945 0.2701 0.2092
vt 0.8014 0.2796 0.2092
vt 0.8065 0.2898 0.2092
vt 0.8096 0.3005 0.2092
vt 0.8106 0.3115 0.2092
vt 0.8106 0.6607 0.2092
vt 0.8106 0.3393 0.2092
vt 0.8096 0.6995 0.2092
vt 0.8106 0.6885 0.2092
vt 0.8065 0.7102 0.2092
vt 0.8014 0.7204 0.2092
vt 0.7945 0.7299 0.2092
vt 0.7859 0.7383 0.2092
vt 0.7758 0.7454 0.2092
vt 0.7645 0.7512 0.2092
vt 0.7522 0.7554 0.2092
vt 0.7393 0.7580 0.2092
vt 0.7261 0.7589 0.2092
vt 0.3072 0.7589 0.2092
vt 0.6928 0.7589 0.2092
vt 0.2607 0.7580 0.2092
vt 0.2739 0.7589 0.2092
vt 0.2478 0.7554 0.2092
vt 0.2355 0.7512 0.2092
vt 0.2242 0.7454 0.2092
vt 0.2141 0.7383 0.2092
vt 0.2055 0.7299 0.2092
vt 0.1986 0.7204 0.2092
vt 0.1935 0.7102 0.2092
vt 0.1904 0.6995 0.2092
vt 0.1894 0.6885 0.2092
vt 0.1894 0.3393 0.2092
vt 0.1894 0.6607 0.2092
vt 0.1513 0.2954 0.2256
vt 0.1498 0.3115 0.2256
vt 0.1558 0.2796 0.2256
vt 0.1633 0.2646 0.2256
vt 0.1735 0.2507 0.2256
vt 0.1861 0.2384 0.2256
vt 0.2009 0.2278 0.2256
vt 0.2175 0.2194 0.2256
vt 0.2355 0.2132 0.2256
vt 0.2545 0.2094 0.2256
vt 0.2739 0.2081 0.2256
vt 0.6928 0.2081 0.2256
vt 0.3072 0.2081 0.2256
vt 0.7455 0.2094 0.2256
vt 0.7261 0.2081 0.2256
vt 0.7645 0.2132 0.2256
vt 0.7825 0.2194 0.2256
vt 0.7991 0.2278 0.2256
vt 0.8139 0.2384 0.2256
vt 0.8265 0.2507 0.2256
vt 0.8367 0.2646 0.2256
vt 0.8442 0.2796 0.2256
vt 0.8487 0.2954 0.2256
vt 0.8502 0.3115 0.2256
vt 0.8502 0.6607 0.2256
vt 0.8502 0.3393 0.2256
vt 0.8487 0.7046 0.2256
vt 0.8502 0.6885 0.2256
vt 0.8442 0.7204 0.2256
vt 0.8367 0.7354 0.2256
vt 0.8265 0.7493 0.2256
vt 0.8139 0.7616 0.2256
vt 0.7991 0.7722 0.2256
vt 0.7825 0.7806 0.2256
vt 0.7645 0.7868 0.2256
vt 0.7455 0.7906 0.2256
vt 0.7261 0.7919 0.2256
vt 0.3072 0.7919 0.2256
vt 0.6928 0.7919 0.2256
vt 0.2545 0.7906 0.2256
vt 0.2739 0.7919 0.2256
vt 0.2355 0.7868 0.2256
vt 0.2175 0.7806 0.2256
vt 0.2009 0.7722 0.2256
vt 0.1861 0.7616 0.2256
vt 0.1735 0.7493 0.2256
vt 0.1633 0.7354 0.2256
vt 0.1558 0.7204 0.2256
vt 0.1513 0.7046 0.2256
vt 0.1498 0.6885 0.2256
vt 0.1498 0.3393 0.2256
vt 0.1498 0.6607 0.2256
vt 0.1152 0.2906 0.2480
vt 0.1132 0.3115 0.2480
vt 0.1211 0.2701 0.2480
vt 0.1307 0.2507 0.2480
vt 0.1439 0.2328 0.2480
vt 0.1603 0.2168 0.2480
vt 0.1794 0.2032 0.2480
vt 0.2009 0.1922 0.2480
vt 0.2242 0.1842 0.2480
vt 0.2487 0.1793 0.2480
vt 0.2739 0.1776 0.2480
vt 0.6928 0.1776 0.2480
vt 0.3072 0.1776 0.2480
vt 0.7513 0.1793 0.2480
vt 0.7261 0.1776 0.2480
vt 0.7758 0.1842 0.2480
vt 0.7991 0.1922 0.2480
vt 0.8206 0.2032 0.2480
vt 0.8397 0.2168 0.2480
vt 0.8561 0.2328 0.2480
vt 0.8693 0.2507 0.2480
vt 0.8789 0.2701 0.2480
vt 0.8848 0.2906 0.2480
vt 0.8868 0.3115 0.2480
vt 0.8868 0.6607 0.2480
vt 0.8868 0.3393 0.2480
vt 0.8848 0.7094 0.2480
vt 0.8868 0.6885 0.2480
vt 0.8789 0.7299 0.2480
vt 0.8693 0.7493 0.2480
vt 0.8561 0.7672 0.2480
vt 0.8397 0.7832 0.2480
vt 0.8206 0.7968 0.2480
vt 0.7991 0.8078 0.2480
vt 0.7758 0.8158 0.2480
vt 0.7513 0.8207 0.2480
vt 0.7261 0.8224 0.2480
vt 0.3072 0.8224 0.2480
vt 0.6928 0.8224 0.2480
vt 0.2487 0.8207 0.2480
vt 0.2739 0.8224 0.2480
vt 0.2242 0.8158 0.2480
vt 0.2009 0.8078 0.2480
vt 0.1794 0.7968 0.2480
vt 0.1603 0.7832 0.2480
vt 0.1439 0.7672 0.2480
vt 0.1307 0.7493 0.2480
vt 0.1211 0.7299 0.2480
vt 0.1152 0.7094 0.2480
vt 0.1132 0.6885 0.2480
vt 0.1132 0.3393 0.2480
vt 0.1132 0.6607 0.2480
vt 0.0829 0.2863 0.2759
vt 0.0806 0.3115 0.2759
vt 0.0900 0.2617 0.2759
vt 0.1016 0.2384 0.2759
vt 0.1175 0.2168 0.2759
vt 0.1372 0.1976 0.2759
vt 0.1603 0.1812 0.2759
vt 0.1861 0.1680 0.2759
vt 0.2141 0.1583 0.2759
vt 0.2436 0.1524 0.2759
vt 0.2739 0.1504 0.2759
vt 0.6928 0.1504 0.2759
vt 0.3072 0.1504 0.2759
vt 0.7564 0.1524 0.2759
vt 0.7261 0.1504 0.2759
vt 0.7859 0.1583 0.2759
vt 0.8139 0.1680 0.2759
vt 0.8397 0.1812 0.2759
vt 0.8628 0.1976 0.2759
vt 0.8825 0.2168 0.2759
vt 0.8984 0.2384 0.2759
vt 0.9100 0.2617 0.2759
vt 0.9171 0.2863 0.2759
vt 0.9194 0.3115 0.2759
vt 0.9194 0.6607 0.2759
vt 0.9194 0.3393 0.2759
vt 0.9171 0.7137 0.2759
vt 0.9194 0.6885 0.2759
vt 0.9100 0.7383 0.2759
vt 0.8984 0.7616 0.2759
vt 0.8825 0.7832 0.2759
vt 0.8628 0.8024 0.2759
vt 0.8397 0.8188 0.2759
vt 0.8139 0.8320 0.2759
vt 0.7859 0.8417 0.2759
vt 0.7564 0.8476 0.2759
vt 0.7261 0.8496 0.2759
vt 0.3072 0.8496 0.2759
vt 0.6928 0.8496 0.2759
vt 0.2436 0.8476 0.2759
vt 0.2739 0.8496 0.2759
vt 0.2141 0.8417 0.2759
vt 0.1861 0.8320 0.2759
vt 0.1603 0.8188 0.2759
vt 0.1372 0.8024 0.2759
vt 0.1175 0.7832 0.2759
vt 0.1016 0.7616 0.2759
vt 0.0900 0.7383 0.2759
vt 0.0829 0.7137 0.2759
vt 0.0806 0.6885 0.2759
vt 0.0806 0.3393 0.2759
vt 0.0806 0.6607 0.2759
vt 0.6915 0.2827 0.9446
vt 0.7241 0.2863 0.9171
vt 0.7241 0.3115 0.9194
vt 0.6915 0.3115 0.9473
vt 0.6915 0.2546 0.9365
vt 0.7241 0.2617 0.9100
vt 0.6915 0.2278 0.9232
vt 0.7241 0.2384 0.8984
vt 0.6915 0.2032 0.9051
vt 0.7241 0.2168 0.8825
vt 0.1175 0.1812 0.3085
vt 0.0949 0.2032 0.3085
vt 0.1439 0.1624 0.3085
vt 0.1735 0.1473 0.3085
vt 0.2055 0.1362 0.3085
vt 0.2393 0.1295 0.3085
vt 0.2739 0.1272 0.3085
vt 0.6928 0.1272 0.3085
vt 0.3072 0.1272 0.3085
vt 0.7607 0.1295 0.3085
vt 0.7261 0.1272 0.3085
vt 0.7945 0.1362 0.3085
vt 0.8265 0.1473 0.3085
vt 0.8561 0.1624 0.3085
vt 0.8825 0.1812 0.3085
vt 0.9051 0.2032 0.3085
vt 0.3085 0.2278 0.0768
vt 0.2759 0.2384 0.1016
vt 0.2759 0.2168 0.1175
vt 0.3085 0.2032 0.0949
vt 0.3085 0.2546 0.0635
vt 0.2759 0.2617 0.0900
vt 0.3085 0.2827 0.0554
vt 0.2759 0.2863 0.0829
vt 0.3085 0.3115 0.0527
vt 0.2759 0.3115 0.0806
vt 0.3085 0.6607 0.0527
vt 0.2759 0.6607 0.0806
vt 0.2759 0.3393 0.0806
vt 0.3085 0.3393 0.0527
vt 0.3085 0.7173 0.0554
vt 0.2759 0.7137 0.0829
vt 0.2759 0.6885 0.0806
vt 0.3085 0.6885 0.0527
vt 0.3085 0.7454 0.0635
vt 0.2759 0.7383 0.0900
vt 0.3085 0.7722 0.0768
vt 0.2759 0.7616 0.1016
vt 0.3085 0.7968 0.0949
vt 0.2759 0.7832 0.1175
vt 0.8825 0.8188 0.3085
vt 0.9051 0.7968 0.3085
vt 0.8561 0.8376 0.3085
vt 0.8265 0.8527 0.3085
vt 0.7945 0.8638 0.3085
vt 0.7607 0.8705 0.3085
vt 0.7261 0.8728 0.3085
vt 0.3072 0.8728 0.3085
vt 0.6928 0.8728 0.3085
vt 0.2393 0.8705 0.3085
vt 0.2739 0.8728 0.3085
vt 0.2055 0.8638 0.3085
vt 0.1735 0.8527 0.3085
vt 0.1439 0.8376 0.3085
vt 0.1175 0.8188 0.3085
vt 0.0949 0.7968 0.3085
vt 0.6915 0.7722 0.9232
vt 0.7241 0.7616 0.8984
vt 0.7241 0.7832 0.8825
vt 0.6915 0.7968 0.9051
vt 0.6915 0.7454 0.9365
vt 0.7241 0.7383 0.9100
vt 0.6915 0.7173 0.9446
vt 0.7241 0.7137 0.9171
vt 0.6915 0.6885 0.9473
vt 0.7241 0.6885 0.9194
vt 0.6915 0.3393 0.9473
vt 0.7241 0.3393 0.9194
vt 0.7241 0.6607 0.9194
vt 0.6915 0.6607 0.9473
vt 0.6549 0.2798 0.9667
vt 0.6549 0.3115 0.9697
vt 0.6549 0.2488 0.9578
vt 0.6549 0.2194 0.9432
vt 0.6549 0.1922 0.9232
vt 0.6549 0.1680 0.8984
vt 0.6915 0.1812 0.8825
vt 0.6549 0.1473 0.8693
vt 0.6915 0.1624 0.8561
vt 0.6549 0.8367 0.1306
vt 0.6915 0.8265 0.1473
vt 0.6915 0.8561 0.1624
vt 0.6549 0.8693 0.1473
vt 0.6549 0.8014 0.1185
vt 0.6915 0.7945 0.1362
vt 0.6549 0.7642 0.1110
vt 0.6915 0.7607 0.1295
vt 0.6549 0.7261 0.1085
vt 0.6915 0.7261 0.1272
vt 0.6549 0.3072 0.1085
vt 0.6915 0.3072 0.1272
vt 0.6915 0.6928 0.1272
vt 0.6549 0.6928 0.1085
vt 0.6549 0.2358 0.1110
vt 0.6915 0.2393 0.1295
vt 0.6915 0.2739 0.1272
vt 0.6549 0.2739 0.1085
vt 0.6549 0.1986 0.1185
vt 0.6915 0.2055 0.1362
vt 0.6549 0.1633 0.1306
vt 0.6915 0.1735 0.1473
vt 0.6549 0.1307 0.1473
vt 0.6915 0.1439 0.1624
vt 0.3451 0.1680 0.1016
vt 0.3085 0.1812 0.1175
vt 0.3085 0.1624 0.1439
vt 0.3451 0.1473 0.1307
vt 0.3451 0.1922 0.0768
vt 0.3451 0.2194 0.0568
vt 0.3451 0.2488 0.0422
vt 0.3451 0.2798 0.0333
vt 0.3451 0.3115 0.0303
vt 0.3451 0.6607 0.0303
vt 0.3451 0.3393 0.0303
vt 0.3451 0.7202 0.0333
vt 0.3451 0.6885 0.0303
vt 0.3451 0.7512 0.0422
vt 0.3451 0.7806 0.0568
vt 0.3451 0.8078 0.0768
vt 0.3451 0.8320 0.1016
vt 0.3085 0.8188 0.1175
vt 0.3451 0.8527 0.1307
vt 0.3085 0.8376 0.1439
vt 0.3451 0.1633 0.8694
vt 0.3085 0.1735 0.8527
vt 0.3085 0.1439 0.8376
vt 0.3451 0.1307 0.8527
vt 0.3451 0.1986 0.8815
vt 0.3085 0.2055 0.8638
vt 0.3451 0.2358 0.8890
vt 0.3085 0.2393 0.8705
vt 0.3451 0.2739 0.8915
vt 0.3085 0.2739 0.8728
vt 0.3451 0.6928 0.8915
vt 0.3085 0.6928 0.8728
vt 0.3085 0.3072 0.8728
vt 0.3451 0.3072 0.8915
vt 0.3451 0.7642 0.8890
vt 0.3085 0.7607 0.8705
vt 0.3085 0.7261 0.8728
vt 0.3451 0.7261 0.8915
vt 0.3451 0.8014 0.8815
vt 0.3085 0.7945 0.8638
vt 0.3451 0.8367 0.8694
vt 0.3085 0.8265 0.8527
vt 0.3451 0.8693 0.8527
vt 0.3085 0.8561 0.8376
vt 0.6549 0.8320 0.8984
vt 0.6915 0.8188 0.8825
vt 0.6915 0.8376 0.8561
vt 0.6549 0.8527 0.8693
vt 0.6549 0.8078 0.9232
vt 0.6549 0.7806 0.9432
vt 0.6549 0.7512 0.9578
vt 0.6549 0.7202 0.9667
vt 0.6549 0.6885 0.9697
vt 0.6549 0.3393 0.9697
vt 0.6549 0.6607 0.9697
vt 0.6153 0.2776 0.9829
vt 0.6153 0.3115 0.9861
vt 0.6153 0.2446 0.9734
vt 0.6153 0.2132 0.9578
vt 0.6153 0.1842 0.9365
vt 0.6153 0.1583 0.9100
vt 0.6153 0.1362 0.8789
vt 0.6153 0.8442 0.1185
vt 0.6153 0.8789 0.1362
vt 0.6153 0.8065 0.1054
vt 0.6153 0.7668 0.0975
vt 0.6153 0.7261 0.0948
vt 0.6153 0.3072 0.0948
vt 0.6153 0.6928 0.0948
vt 0.6153 0.2332 0.0975
vt 0.6153 0.2739 0.0948
vt 0.6153 0.1935 0.1054
vt 0.6153 0.1558 0.1185
vt 0.6153 0.1211 0.1362
vt 0.3847 0.1583 0.0900
vt 0.3847 0.1362 0.1211
vt 0.3847 0.1842 0.0635
vt 0.3847 0.2132 0.0422
vt 0.3847 0.2446 0.0266
vt 0.3847 0.2776 0.0171
vt 0.3847 0.3115 0.0139
vt 0.3847 0.6607 0.0139
vt 0.3847 0.3393 0.0139
vt 0.3847 0.7224 0.0171
vt 0.3847 0.6885 0.0139
vt 0.3847 0.7554 0.0266
vt 0.3847 0.7868 0.0422
vt 0.3847 0.8158 0.0635
vt 0.3847 0.8417 0.0900
vt 0.3847 0.8638 0.1211
vt 0.3847 0.1558 0.8815
vt 0.3847 0.1211 0.8638
vt 0.3847 0.1935 0.8946
vt 0.3847 0.2332 0.9025
vt 0.3847 0.2739 0.9052
vt 0.3847 0.6928 0.9052
vt 0.3847 0.3072 0.9052
vt 0.3847 0.7668 0.9025
vt 0.3847 0.7261 0.9052
vt 0.3847 0.8065 0.8946
vt 0.3847 0.8442 0.8815
vt 0.3847 0.8789 0.8638
vt 0.6153 0.8417 0.9100
vt 0.6153 0.8638 0.8789
vt 0.6153 0.8158 0.9365
vt 0.6153 0.7868 0.9578
vt 0.6153 0.7554 0.9734
vt 0.6153 0.7224 0.9829
vt 0.6153 0.6885 0.9861
vt 0.6153 0.3393 0.9861
vt 0.6153 0.6607 0.9861
vt 0.5736 0.2763 0.9928
vt 0.5736 0.3115 0.9961
vt 0.5736 0.2420 0.9829
vt 0.5736 0.2094 0.9667
vt 0.5736 0.1793 0.9446
vt 0.5736 0.1524 0.9171
vt 0.5736 0.1295 0.8848
vt 0.5736 0.8487 0.1110
vt 0.5736 0.8848 0.1295
vt 0.5736 0.8096 0.0975
vt 0.5736 0.7684 0.0893
vt 0.5736 0.7261 0.0865
vt 0.5736 0.3072 0.0865
vt 0.5736 0.6928 0.0865
vt 0.5736 0.2316 0.0893
vt 0.5736 0.2739 0.0865
vt 0.5736 0.1904 0.0975
vt 0.5736 0.1513 0.1110
vt 0.5736 0.1152 0.1295
vt 0.4264 0.1524 0.0829
vt 0.4264 0.1295 0.1152
vt 0.4264 0.1793 0.0554
vt 0.4264 0.2094 0.0333
vt 0.4264 0.2420 0.0171
vt 0.4264 0.2763 0.0072
vt 0.4264 0.3115 0.0039
vt 0.4264 0.6607 0.0039
vt 0.4264 0.3393 0.0039
vt 0.4264 0.7237 0.0072
vt 0.4264 0.6885 0.0039
vt 0.4264 0.7580 0.0171
vt 0.4264 0.7906 0.0333
vt 0.4264 0.8207 0.0554
vt 0.4264 0.8476 0.0829
vt 0.4264 0.8705 0.1152
vt 0.4264 0.1513 0.8890
vt 0.4264 0.1152 0.8705
vt 0.4264 0.1904 0.9025
vt 0.4264 0.2316 0.9107
vt 0.4264 0.2739 0.9135
vt 0.4264 0.6928 0.9135
vt 0.4264 0.3072 0.9135
vt 0.4264 0.7684 0.9107
vt 0.4264 0.7261 0.9135
vt 0.4264 0.8096 0.9025
vt 0.4264 0.8487 0.8890
vt 0.4264 0.8848 0.8705
vt 0.5736 0.8476 0.9171
vt 0.5736 0.8705 0.8848
vt 0.5736 0.8207 0.9446
vt 0.5736 0.7906 0.9667
vt 0.5736 0.7580 0.9829
vt 0.5736 0.7237 0.9928
vt 0.5736 0.6885 0.9961
vt 0.5736 0.3393 0.9961
vt 0.5736 0.6607 0.9961
vt 0.5308 0.2759 0.9961
vt 0.5308 0.3115 0.9995
vt 0.5308 0.2411 0.9861
vt 0.5308 0.2081 0.9697
vt 0.5308 0.1776 0.9473
vt 0.5308 0.1504 0.9194
vt 0.5308 0.1272 0.8868
vt 0.5308 0.8502 0.1085
vt 0.5308 0.8868 0.1272
vt 0.5308 0.8106 0.0948
vt 0.5308 0.7689 0.0865
vt 0.5308 0.7261 0.0837
vt 0.5308 0.3072 0.0837
vt 0.5308 0.6928 0.0837
vt 0.5308 0.2311 0.0865
vt 0.5308 0.2739 0.0837
vt 0.5308 0.1894 0.0948
vt 0.5308 0.1498 0.1085
vt 0.5308 0.1132 0.1272
vt 0.4692 0.1504 0.0806
vt 0.4692 0.1272 0.1132
vt 0.4692 0.1776 0.0527
vt 0.4692 0.2081 0.0303
vt 0.4692 0.2411 0.0139
vt 0.4692 0.2759 0.0039
vt 0.4692 0.3115 0.0005
vt 0.4692 0.6607 0.0005
vt 0.4692 0.3393 0.0005
vt 0.4692 0.7241 0.0039
vt 0.4692 0.6885 0.0005
vt 0.4692 0.7589 0.0139
vt 0.4692 0.7919 0.0303
vt 0.4692 0.8224 0.0527
vt 0.4692 0.8496 0.0806
vt 0.4692 0.8728 0.1132
vt 0.4692 0.1498 0.8915
vt 0.4692 0.1132 0.8728
vt 0.4692 0.1894 0.9052
vt 0.4692 0.2311 0.9135
vt 0.4692 0.2739 0.9163
vt 0.4692 0.6928 0.9163
vt 0.4692 0.3072 0.9163
vt 0.4692 0.7689 0.9135
vt 0.4692 0.7261 0.9163
vt 0.4692 0.8106 0.9052
vt 0.4692 0.8502 0.8915
vt 0.4692 0.8868 0.8728
vt 0.5308 0.8496 0.9194
vt 0.5308 0.8728 0.8868
vt 0.5308 0.8224 0.9473
vt 0.5308 0.7919 0.9697
vt 0.5308 0.7589 0.9861
vt 0.5308 0.7241 0.9961
vt 0.5308 0.6885 0.9995
vt 0.5308 0.3393 0.9995
vt 0.5308 0.6607 0.9995
vt 0.4897 0.3115 0.9995
vt 0.4897 0.2759 0.9961
vt 0.4897 0.2411 0.9861
vt 0.4897 0.2081 0.9697
vt 0.4897 0.1776 0.9473
vt 0.4897 0.1504 0.9194
vt 0.4897 0.1272 0.8868
vt 0.4897 0.8868 0.1272
vt 0.4897 0.8502 0.1085
vt 0.4897 0.8106 0.0948
vt 0.4897 0.7689 0.0865
vt 0.4897 0.7261 0.0837
vt 0.4897 0.6928 0.0837
vt 0.4897 0.3072 0.0837
vt 0.4897 0.2739 0.0837
vt 0.4897 0.2311 0.0865
vt 0.4897 0.1894 0.0948
vt 0.4897 0.1498 0.1085
vt 0.4897 0.1132 0.1272
vt 0.5103 0.1272 0.1132
vt 0.5103 0.1504 0.0806
vt 0.5103 0.1776 0.0527
vt 0.5103 0.2081 0.0303
vt 0.5103 0.2411 0.0139
vt 0.5103 0.2759 0.0039
vt 0.5103 0.3115 0.0005
vt 0.5103 0.3393 0.0005
vt 0.5103 0.6607 0.0005
vt 0.5103 0.6885 0.0005
vt 0.5103 0.7241 0.0039
vt 0.5103 0.7589 0.0139
vt 0.5103 0.7919 0.0303
vt 0.5103 0.8224 0.0527
vt 0.5103 0.8496 0.0806
vt 0.5103 0.8728 0.1132
vt 0.5103 0.1132 0.8728
vt 0.5103 0.1498 0.8915
vt 0.5103 0.1894 0.9052
vt 0.5103 0.2311 0.9135
vt 0.5103 0.2739 0.9163
vt 0.5103 0.3072 0.9163
vt 0.5103 0.6928 0.9163
vt 0.5103 0.7261 0.9163
vt 0.5103 0.7689 0.9135
vt 0.5103 0.8106 0.9052
vt 0.5103 0.8502 0.8915
vt 0.5103 0.8868 0.8728
vt 0.4897 0.8728 0.8868
vt 0.4897 0.8496 0.9194
vt 0.4897 0.8224 0.9473
vt 0.4897 0.7919 0.9697
vt 0.4897 0.7589 0.9861
vt 0.4897 0.7241 0.9961
vt 0.4897 0.6885 0.9995
vt 0.4897 0.6607 0.9995
vt 0.4897 0.3393 0.9995
vt 0.2058 0.3115 0.9995
vt 0.2058 0.2759 0.9961
vt 0.4564 0.2759 0.9961
vt 0.4564 0.3115 0.9995
vt 0.2058 0.2411 0.9861
vt 0.4564 0.2411 0.9861
vt 0.2058 0.2081 0.9697
vt 0.4564 0.2081 0.9697
vt 0.2058 0.1776 0.9473
vt 0.4564 0.1776 0.9473
vt 0.2058 0.1504 0.9194
vt 0.4564 0.1504 0.9194
vt 0.2058 0.1272 0.8868
vt 0.4564 0.1272 0.8868
vt 0.2058 0.8868 0.1272
vt 0.2058 0.8502 0.1085
vt 0.4564 0.8502 0.1085
vt 0.4564 0.8868 0.1272
vt 0.2058 0.8106 0.0948
vt 0.4564 0.8106 0.0948
vt 0.2058 0.7689 0.0865
vt 0.4564 0.7689 0.0865
vt 0.2058 0.7261 0.0837
vt 0.4564 0.7261 0.0837
vt 0.2058 0.6928 0.0837
vt 0.2058 0.3072 0.0837
vt 0.4564 0.3072 0.0837
vt 0.4564 0.6928 0.0837
vt 0.2058 0.2739 0.0837
vt 0.2058 0.2311 0.0865
vt 0.4564 0.2311 0.0865
vt 0.4564 0.2739 0.0837
vt 0.2058 0.1894 0.0948
vt 0.4564 0.1894 0.0948
vt 0.2058 0.1498 0.1085
vt 0.4564 0.1498 0.1085
vt 0.2058 0.1132 0.1272
vt 0.4564 0.1132 0.1272
vt 0.7942 0.1272 0.1132
vt 0.7942 0.1504 0.0806
vt 0.5436 0.1504 0.0806
vt 0.5436 0.1272 0.1132
vt 0.7942 0.1776 0.0527
vt 0.5436 0.1776 0.0527
vt 0.7942 0.2081 0.0303
vt 0.5436 0.2081 0.0303
vt 0.7942 0.2411 0.0139
vt 0.5436 0.2411 0.0139
vt 0.7942 0.2759 0.0039
vt 0.5436 0.2759 0.0039
vt 0.7942 0.3115 0.0005
vt 0.5436 0.3115 0.0005
vt 0.7942 0.3393 0.0005
vt 0.7942 0.6607 0.0005
vt 0.5436 0.6607 0.0005
vt 0.5436 0.3393 0.0005
vt 0.7942 0.6885 0.0005
vt 0.7942 0.7241 0.0039
vt 0.5436 0.7241 0.0039
vt 0.5436 0.6885 0.0005
vt 0.7942 0.7589 0.0139
vt 0.5436 0.7589 0.0139
vt 0.7942 0.7919 0.0303
vt 0.5436 0.7919 0.0303
vt 0.7942 0.8224 0.0527
vt 0.5436 0.8224 0.0527
vt 0.7942 0.8496 0.0806
vt 0.5436 0.8496 0.0806
vt 0.7942 0.8728 0.1132
vt 0.5436 0.8728 0.1132
vt 0.7942 0.1132 0.8728
vt 0.7942 0.1498 0.8915
vt 0.5436 0.1498 0.8915
vt 0.5436 0.1132 0.8728
vt 0.7942 0.1894 0.9052
vt 0.5436 0.1894 0.9052
vt 0.7942 0.2311 0.9135
vt 0.5436 0.2311 0.9135
vt 0.7942 0.2739 0.9163
vt 0.5436 0.2739 0.9163
vt 0.7942 0.3072 0.9163
vt 0.7942 0.6928 0.9163
vt 0.5436 0.6928 0.9163
vt 0.5436 0.3072 0.9163
vt 0.7942 0.7261 0.9163
vt 0.7942 0.7689 0.9135
vt 0.5436 0.7689 0.9135
vt 0.5436 0.7261 0.9163
vt 0.7942 0.8106 0.9052
vt 0.5436 0.8106 0.9052
vt 0.7942 0.8502 0.8915
vt 0.5436 0.8502 0.8915
vt 0.7942 0.8868 0.8728
vt 0.5436 0.8868 0.8728
vt 0.2058 0.8728 0.8868
vt 0.2058 0.8496 0.9194
vt 0.4564 0.8496 0.9194
vt 0.4564 0.8728 0.8868
vt 0.2058 0.8224 0.9473
vt 0.4564 0.8224 0.9473
vt 0.2058 0.7919 0.9697
vt 0.4564 0.7919 0.9697
vt 0.2058 0.7589 0.9861
vt 0.4564 0.7589 0.9861
vt 0.2058 0.7241 0.9961
vt 0.4564 0.7241 0.9961
vt 0.2058 0.6885 0.9995
vt 0.4564 0.6885 0.9995
vt 0.2058 0.6607 0.9995
vt 0.2058 0.3393 0.9995
vt 0.4564 0.3393 0.9995
vt 0.4564 0.6607 0.9995
vt 0.9897 0.3152 0.8042
vt 0.8960 0.3506 0.8042
vt 0.8934 0.3223 0.8042
vt 0.9868 0.2801 0.8042
vt 0.8854 0.2947 0.8042
vt 0.9774 0.2458 0.8042
vt 0.8724 0.2686 0.8042
vt 0.9616 0.2132 0.8042
vt 0.8546 0.2444 0.8042
vt 0.9397 0.1831 0.8042
vt 0.8326 0.2228 0.8042
vt 0.9123 0.1563 0.8042
vt 0.8067 0.2044 0.8042
vt 0.8802 0.1335 0.8042
vt 0.7777 0.1896 0.8042
vt 0.8442 0.1153 0.8042
vt 0.7463 0.1788 0.8042
vt 0.8050 0.1021 0.8042
vt 0.7132 0.1721 0.8042
vt 0.7638 0.0943 0.8042
vt 0.6793 0.1699 0.8042
vt 0.7217 0.0919 0.8042
vt 0.6529 0.1699 0.8042
vt 0.3471 0.1699 0.8042
vt 0.3110 0.0920 0.8042
vt 0.6890 0.0920 0.8042
vt 0.2783 0.0919 0.8042
vt 0.3207 0.1699 0.8042
vt 0.2868 0.1721 0.8042
vt 0.2362 0.0943 0.8042
vt 0.2537 0.1788 0.8042
vt 0.1950 0.1021 0.8042
vt 0.2223 0.1896 0.8042
vt 0.1558 0.1153 0.8042
vt 0.1933 0.2044 0.8042
vt 0.1198 0.1335 0.8042
vt 0.1674 0.2228 0.8042
vt 0.0877 0.1563 0.8042
vt 0.1454 0.2444 0.8042
vt 0.0603 0.1831 0.8042
vt 0.1276 0.2686 0.8042
vt 0.0384 0.2132 0.8042
vt 0.1146 0.2947 0.8042
vt 0.0226 0.2458 0.8042
vt 0.1066 0.3223 0.8042
vt 0.0132 0.2801 0.8042
vt 0.1040 0.3506 0.8042
vt 0.0103 0.3152 0.8042
vt 0.1040 0.3726 0.8042
vt 0.1040 0.6274 0.8042
vt 0.0105 0.6575 0.8042
vt 0.0105 0.3425 0.8042
vt 0.0103 0.6848 0.8042
vt 0.1040 0.6494 0.8042
vt 0.1066 0.6777 0.8042
vt 0.0132 0.7199 0.8042
vt 0.1146 0.7053 0.8042
vt 0.0226 0.7542 0.8042
vt 0.1276 0.7314 0.8042
vt 0.0384 0.7868 0.8042
vt 0.1454 0.7556 0.8042
vt 0.0603 0.8169 0.8042
vt 0.1674 0.7772 0.8042
vt 0.0877 0.8437 0.8042
vt 0.1933 0.7956 0.8042
vt 0.1198 0.8665 0.8042
vt 0.2223 0.8104 0.8042
vt 0.1558 0.8847 0.8042
vt 0.2537 0.8212 0.8042
vt 0.1950 0.8979 0.8042
vt 0.2868 0.8279 0.8042
vt 0.2362 0.9057 0.8042
vt 0.3207 0.8301 0.8042
vt 0.2783 0.9081 0.8042
vt 0.3471 0.8301 0.8042
vt 0.6529 0.8301 0.8042
vt 0.6890 0.9080 0.8042
vt 0.3110 0.9080 0.8042
vt 0.7217 0.9081 0.8042
vt 0.6793 0.8301 0.8042
vt 0.7132 0.8279 0.8042
vt 0.7638 0.9057 0.8042
vt 0.7463 0.8212 0.8042
vt 0.8050 0.8979 0.8042
vt 0.7777 0.8104 0.8042
vt 0.8442 0.8847 0.8042
vt 0.8067 0.7956 0.8042
vt 0.8802 0.8665 0.8042
vt 0.8326 0.7772 0.8042
vt 0.9123 0.8437 0.8042
vt 0.8546 0.7556 0.8042
vt 0.9397 0.8169 0.8042
vt 0.8724 0.7314 0.8042
vt 0.9616 0.7868 0.8042
vt 0.8854 0.7053 0.8042
vt 0.9774 0.7542 0.8042
vt 0.8934 0.6777 0.8042
vt 0.9868 0.7199 0.8042
vt 0.8960 0.6494 0.8042
vt 0.9897 0.6848 0.8042
vt 0.8960 0.6274 0.8042
vt 0.8960 0.3726 0.8042
vt 0.9895 0.3425 0.8042
vt 0.9895 0.6575 0.8042
vt 0.2024 0.2759 0.9961
vt 0.2024 0.3115 0.9995
vt 0.2024 0.2411 0.9861
vt 0.2024 0.2081 0.9697
vt 0.2024 0.1776 0.9473
vt 0.2024 0.1504 0.9194
vt 0.2024 0.1272 0.8868
vt 0.2024 0.8502 0.1085
vt 0.2024 0.8868 0.1272
vt 0.2024 0.8106 0.0948
vt 0.2024 0.7689 0.0865
vt 0.2024 0.7261 0.0837
vt 0.2024 0.3072 0.0837
vt 0.2024 0.6928 0.0837
vt 0.2024 0.2311 0.0865
vt 0.2024 0.2739 0.0837
vt 0.2024 0.1894 0.0948
vt 0.2024 0.1498 0.1085
vt 0.2024 0.1132 0.1272
vt 0.7976 0.1504 0.0806
vt 0.7976 0.1272 0.1132
vt 0.7976 0.1776 0.0527
vt 0.7976 0.2081 0.0303
vt 0.7976 0.2411 0.0139
vt 0.7976 0.2759 0.0039
vt 0.7976 0.3115 0.0005
vt 0.7976 0.6607 0.0005
vt 0.7976 0.3393 0.0005
vt 0.7976 0.7241 0.0039
vt 0.7976 0.6885 0.0005
vt 0.7976 0.7589 0.0139
vt 0.7976 0.7919 0.0303
vt 0.7976 0.8224 0.0527
vt 0.7976 0.8496 0.0806
vt 0.7976 0.8728 0.1132
vt 0.7976 0.1498 0.8915
vt 0.7976 0.1132 0.8728
vt 0.7976 0.1894 0.9052
vt 0.7976 0.2311 0.9135
vt 0.7976 0.2739 0.9163
vt 0.7976 0.6928 0.9163
vt 0.7976 0.3072 0.9163
vt 0.7976 0.7689 0.9135
vt 0.7976 0.7261 0.9163
vt 0.7976 0.8106 0.9052
vt 0.7976 0.8502 0.8915
vt 0.7976 0.8868 0.8728
vt 0.2024 0.8496 0.9194
vt 0.2024 0.8728 0.8868
vt 0.2024 0.8224 0.9473
vt 0.2024 0.7919 0.9697
vt 0.2024 0.7589 0.9861
vt 0.2024 0.7241 0.9961
vt 0.2024 0.6885 0.9995
vt 0.2024 0.3393 0.9995
vt 0.2024 0.6607 0.9995
vt 0.9934 0.3138 0.8042
vt 0.9903 0.2785 0.8042
vt 0.9805 0.2441 0.8042
vt 0.9644 0.2114 0.8042
vt 0.9423 0.1812 0.8042
vt 0.9147 0.1543 0.8042
vt 0.8825 0.1314 0.8042
vt 0.8463 0.1130 0.8042
vt 0.8070 0.0995 0.8042
vt 0.7657 0.0914 0.8042
vt 0.7234 0.0887 0.8042
vt 0.6904 0.0889 0.8042
vt 0.3096 0.0889 0.8042
vt 0.2766 0.0887 0.8042
vt 0.2343 0.0914 0.8042
vt 0.1930 0.0995 0.8042
vt 0.1537 0.1130 0.8042
vt 0.1175 0.1314 0.8042
vt 0.0853 0.1543 0.8042
vt 0.0577 0.1812 0.8042
vt 0.0356 0.2114 0.8042
vt 0.0195 0.2441 0.8042
vt 0.0097 0.2785 0.8042
vt 0.0066 0.3138 0.8042
vt 0.0067 0.3413 0.8042
vt 0.0067 0.6587 0.8042
vt 0.0066 0.6862 0.8042
vt 0.0097 0.7215 0.8042
vt 0.0195 0.7559 0.8042
vt 0.0356 0.7886 0.8042
vt 0.0577 0.8188 0.8042
vt 0.0853 0.8457 0.8042
vt 0.1175 0.8686 0.8042
vt 0.1537 0.8870 0.8042
vt 0.1930 0.9005 0.8042
vt 0.2343 0.9086 0.8042
vt 0.2766 0.9113 0.8042
vt 0.3096 0.9111 0.8042
vt 0.6904 0.9111 0.8042
vt 0.7234 0.9113 0.8042
vt 0.7657 0.9086 0.8042
vt 0.8070 0.9005 0.8042
vt 0.8463 0.8870 0.8042
vt 0.8825 0.8686 0.8042
vt 0.9147 0.8457 0.8042
vt 0.9423 0.8188 0.8042
vt 0.9644 0.7886 0.8042
vt 0.9805 0.7559 0.8042
vt 0.9903 0.7215 0.8042
vt 0.9934 0.6862 0.8042
vt 0.9933 0.6587 0.8042
vt 0.9933 0.3413 0.8042
vt 0.1995 0.2761 0.9958
vt 0.1995 0.3117 0.9991
vt 0.1995 0.2413 0.9858
vt 0.1995 0.2083 0.9694
vt 0.1995 0.1778 0.9470
vt 0.1995 0.1507 0.9191
vt 0.1995 0.1275 0.8865
vt 0.1995 0.8500 0.1088
vt 0.1995 0.8865 0.1275
vt 0.1995 0.8104 0.0951
vt 0.1995 0.7687 0.0868
vt 0.1995 0.7260 0.0840
vt 0.1995 0.3073 0.0840
vt 0.1995 0.6927 0.0840
vt 0.1995 0.2313 0.0868
vt 0.1995 0.2740 0.0840
vt 0.1995 0.1896 0.0951
vt 0.1995 0.1500 0.1088
vt 0.1995 0.1135 0.1275
vt 0.8005 0.1507 0.0809
vt 0.8005 0.1275 0.1135
vt 0.8005 0.1778 0.0530
vt 0.8005 0.2083 0.0306
vt 0.8005 0.2413 0.0142
vt 0.8005 0.2761 0.0042
vt 0.8005 0.3117 0.0009
vt 0.8005 0.6606 0.0009
vt 0.8005 0.3394 0.0009
vt 0.8005 0.7239 0.0042
vt 0.8005 0.6883 0.0009
vt 0.8005 0.7587 0.0142
vt 0.8005 0.7917 0.0306
vt 0.8005 0.8222 0.0530
vt 0.8005 0.8493 0.0809
vt 0.8005 0.8725 0.1135
vt 0.8005 0.1500 0.8912
vt 0.8005 0.1135 0.8725
vt 0.8005 0.1896 0.9049
vt 0.8005 0.2313 0.9132
vt 0.8005 0.2740 0.9160
vt 0.8005 0.6927 0.9160
vt 0.8005 0.3073 0.9160
vt 0.8005 0.7687 0.9132
vt 0.8005 0.7260 0.9160
vt 0.8005 0.8104 0.9049
vt 0.8005 0.8500 0.8912
vt 0.8005 0.8865 0.8725
vt 0.1995 0.8493 0.9191
vt 0.1995 0.8725 0.8865
vt 0.1995 0.8222 0.9470
vt 0.1995 0.7917 0.9694
vt 0.1995 0.7587 0.9858
vt 0.1995 0.7239 0.9958
vt 0.1995 0.6883 0.9991
vt 0.1995 0.3394 0.9991
vt 0.1995 0.6606 0.9991
vt 0.1975 0.2766 0.9947
vt 0.1975 0.3121 0.9980
vt 0.9928 0.2774 0.8038
vt 0.9947 0.2766 0.8025
vt 0.9980 0.3121 0.8025
vt 0.9961 0.3128 0.8038
vt 0.1975 0.2419 0.9847
vt 0.9830 0.2428 0.8038
vt 0.9847 0.2419 0.8025
vt 0.1975 0.2089 0.9684
vt 0.9667 0.2100 0.8038
vt 0.9684 0.2089 0.8025
vt 0.1975 0.1785 0.9460
vt 0.9445 0.1796 0.8038
vt 0.9460 0.1785 0.8025
vt 0.1975 0.1514 0.9183
vt 0.9168 0.1526 0.8038
vt 0.9183 0.1514 0.8025
vt 0.1975 0.1282 0.8857
vt 0.8844 0.1296 0.8038
vt 0.8857 0.1282 0.8025
vt 0.1975 0.8492 0.1096
vt 0.1975 0.8857 0.1282
vt 0.8480 0.1110 0.8038
vt 0.8492 0.1096 0.8025
vt 0.1975 0.8097 0.0960
vt 0.8086 0.0975 0.8038
vt 0.8097 0.0960 0.8025
vt 0.1975 0.7681 0.0877
vt 0.7671 0.0892 0.8038
vt 0.7681 0.0877 0.8025
vt 0.1975 0.7254 0.0849
vt 0.7246 0.0865 0.8038
vt 0.7254 0.0849 0.8025
vt 0.1975 0.3078 0.0850
vt 0.1975 0.6922 0.0850
vt 0.3085 0.0866 0.8038
vt 0.3078 0.0850 0.8025
vt 0.6922 0.0850 0.8025
vt 0.6915 0.0866 0.8038
vt 0.1975 0.2319 0.0877
vt 0.1975 0.2746 0.0849
vt 0.2329 0.0892 0.8038
vt 0.2319 0.0877 0.8025
vt 0.2746 0.0849 0.8025
vt 0.2754 0.0865 0.8038
vt 0.1975 0.1903 0.0960
vt 0.1914 0.0975 0.8038
vt 0.1903 0.0960 0.8025
vt 0.1975 0.1508 0.1096
vt 0.1520 0.1110 0.8038
vt 0.1508 0.1096 0.8025
vt 0.1975 0.1143 0.1282
vt 0.1156 0.1296 0.8038
vt 0.1143 0.1282 0.8025
vt 0.8025 0.1514 0.0817
vt 0.8025 0.1282 0.1143
vt 0.0832 0.1526 0.8038
vt 0.0817 0.1514 0.8025
vt 0.8025 0.1785 0.0540
vt 0.0555 0.1796 0.8038
vt 0.0540 0.1785 0.8025
vt 0.8025 0.2089 0.0316
vt 0.0333 0.2100 0.8038
vt 0.0316 0.2089 0.8025
vt 0.8025 0.2419 0.0153
vt 0.0170 0.2428 0.8038
vt 0.0153 0.2419 0.8025
vt 0.8025 0.2766 0.0053
vt 0.0072 0.2774 0.8038
vt 0.0053 0.2766 0.8025
vt 0.8025 0.3121 0.0020
vt 0.0039 0.3128 0.8038
vt 0.0020 0.3121 0.8025
vt 0.8025 0.6602 0.0021
vt 0.8025 0.3398 0.0021
vt 0.0040 0.6596 0.8038
vt 0.0021 0.6602 0.8025
vt 0.0021 0.3398 0.8025
vt 0.0040 0.3404 0.8038
vt 0.8025 0.7234 0.0053
vt 0.8025 0.6879 0.0020
vt 0.0072 0.7226 0.8038
vt 0.0053 0.7234 0.8025
vt 0.0020 0.6879 0.8025
vt 0.0039 0.6872 0.8038
vt 0.8025 0.7581 0.0153
vt 0.0170 0.7572 0.8038
vt 0.0153 0.7581 0.8025
vt 0.8025 0.7911 0.0316
vt 0.0333 0.7900 0.8038
vt 0.0316 0.7911 0.8025
vt 0.8025 0.8215 0.0540
vt 0.0555 0.8204 0.8038
vt 0.0540 0.8215 0.8025
vt 0.8025 0.8486 0.0817
vt 0.0832 0.8474 0.8038
vt 0.0817 0.8486 0.8025
vt 0.8025 0.8718 0.1143
vt 0.1156 0.8704 0.8038
vt 0.1143 0.8718 0.8025
vt 0.8025 0.1508 0.8904
vt 0.8025 0.1143 0.8718
vt 0.1520 0.8890 0.8038
vt 0.1508 0.8904 0.8025
vt 0.8025 0.1903 0.9040
vt 0.1914 0.9025 0.8038
vt 0.1903 0.9040 0.8025
vt 0.8025 0.2319 0.9123
vt 0.2329 0.9108 0.8038
vt 0.2319 0.9123 0.8025
vt 0.8025 0.2746 0.9151
vt 0.2754 0.9135 0.8038
vt 0.2746 0.9151 0.8025
vt 0.8025 0.6922 0.9150
vt 0.8025 0.3078 0.9150
vt 0.6915 0.9134 0.8038
vt 0.6922 0.9150 0.8025
vt 0.3078 0.9150 0.8025
vt 0.3085 0.9134 0.8038
vt 0.8025 0.7681 0.9123
vt 0.8025 0.7254 0.9151
vt 0.7671 0.9108 0.8038
vt 0.7681 0.9123 0.8025
vt 0.7254 0.9151 0.8025
vt 0.7246 0.9135 0.8038
vt 0.8025 0.8097 0.9040
vt 0.8086 0.9025 0.8038
vt 0.8097 0.9040 0.8025
vt 0.8025 0.8492 0.8904
vt 0.8480 0.8890 0.8038
vt 0.8492 0.8904 0.8025
vt 0.8025 0.8857 0.8718
vt 0.8844 0.8704 0.8038
vt 0.8857 0.8718 0.8025
vt 0.1975 0.8486 0.9183
vt 0.1975 0.8718 0.8857
vt 0.9168 0.8474 0.8038
vt 0.9183 0.8486 0.8025
vt 0.1975 0.8215 0.9460
vt 0.9445 0.8204 0.8038
vt 0.9460 0.8215 0.8025
vt 0.1975 0.7911 0.9684
vt 0.9667 0.7900 0.8038
vt 0.9684 0.7911 0.8025
vt 0.1975 0.7581 0.9847
vt 0.9830 0.7572 0.8038
vt 0.9847 0.7581 0.8025
vt 0.1975 0.7234 0.9947
vt 0.9928 0.7226 0.8038
vt 0.9947 0.7234 0.8025
vt 0.1975 0.6879 0.9980
vt 0.9961 0.6872 0.8038
vt 0.9980 0.6879 0.8025
vt 0.1975 0.3398 0.9979
vt 0.1975 0.6602 0.9979
vt 0.9960 0.3404 0.8038
vt 0.9979 0.3398 0.8025
vt 0.9979 0.6602 0.8025
vt 0.9960 0.6596 0.8038
# 2336 texture coords

g Nikari_side_table
usemtl wire_154154229
s 1
f 1/1/1 2/2/1 3/3/2 4/4/2 
f 5/5/3 6/6/3 2/7/1 1/8/1 
f 7/9/4 8/10/4 6/6/3 5/5/3 
f 9/11/5 10/12/5 8/10/4 7/9/4 
f 11/13/6 12/14/7 10/12/5 9/11/5 
f 13/15/8 14/16/8 12/14/7 11/13/6 
f 15/17/9 16/18/9 14/16/8 13/15/8 
f 17/19/10 16/18/9 15/17/9 18/20/10 
f 19/21/11 17/19/10 18/20/10 20/22/11 
f 21/23/12 19/21/11 20/22/11 22/24/12 
f 23/25/13 21/23/12 22/24/12 24/26/13 
f 25/27/14 23/25/13 24/26/13 26/28/14 
f 27/29/15 25/27/14 26/28/14 28/30/15 
f 29/31/16 27/29/15 28/30/15 30/32/16 
f 31/33/17 29/34/16 30/35/16 32/36/17 
f 33/37/18 31/33/17 32/36/17 34/38/18 
f 35/39/19 33/37/18 34/38/18 36/40/19 
f 37/41/20 38/42/20 35/39/19 36/40/19 
f 39/43/21 40/44/21 38/42/20 37/41/20 
f 41/45/22 42/46/22 40/47/21 39/48/21 
f 43/49/23 44/50/23 42/46/22 41/45/22 
f 45/51/24 46/52/24 44/50/23 43/49/23 
f 47/53/25 48/54/25 46/52/24 45/51/24 
f 49/55/26 50/56/26 48/54/25 47/53/25 
f 51/57/27 52/58/27 50/56/26 49/55/26 
f 53/59/28 54/60/28 52/58/27 51/57/27 
f 55/61/29 54/60/28 53/59/28 56/62/29 
f 57/63/30 55/61/29 56/62/29 58/64/31 
f 59/65/32 57/63/30 58/64/31 60/66/32 
f 61/67/33 59/65/32 60/66/32 62/68/33 
f 63/69/34 61/67/33 62/68/33 64/70/34 
f 65/71/35 63/69/34 64/70/34 66/72/35 
f 67/73/36 65/74/35 66/75/35 68/76/36 
f 69/77/37 67/73/36 68/76/36 70/78/37 
f 71/79/38 72/80/38 69/77/37 70/78/37 
f 73/81/39 74/82/39 72/83/38 71/84/38 
f 75/85/40 76/86/40 74/82/39 73/81/39 
f 77/87/41 78/88/41 76/86/40 75/85/40 
f 79/89/42 80/90/43 78/88/41 77/87/41 
f 81/91/44 82/92/44 80/90/43 79/89/42 
f 83/93/45 84/94/45 82/92/44 81/91/44 
f 85/95/46 84/94/45 83/93/45 86/96/46 
f 87/97/47 85/95/46 86/96/46 88/98/47 
f 89/99/48 87/97/47 88/98/47 90/100/48 
f 91/101/49 89/99/48 90/100/48 92/102/49 
f 93/103/50 91/101/49 92/102/49 94/104/50 
f 95/105/51 93/103/50 94/104/50 96/106/51 
f 97/107/52 95/105/51 96/106/51 98/108/52 
f 99/109/53 97/110/52 98/111/52 100/112/53 
f 101/113/54 99/109/53 100/112/53 102/114/54 
f 103/115/55 101/113/54 102/114/54 104/116/55 
f 105/117/56 106/118/56 103/115/55 104/116/55 
f 107/119/57 108/120/57 106/118/56 105/117/56 
f 109/121/58 110/122/58 108/123/57 107/124/57 
f 111/125/59 112/126/59 110/122/58 109/121/58 
f 113/127/60 114/128/60 112/126/59 111/125/59 
f 115/129/61 116/130/61 114/128/60 113/127/60 
f 117/131/62 118/132/62 116/130/61 115/129/61 
f 119/133/63 120/134/63 118/132/62 117/131/62 
f 121/135/64 122/136/64 120/134/63 119/133/63 
f 123/137/65 122/136/64 121/135/64 124/138/65 
f 125/139/66 123/137/65 124/138/65 126/140/67 
f 127/141/68 125/139/66 126/140/67 128/142/68 
f 129/143/69 127/141/68 128/142/68 130/144/69 
f 131/145/70 129/143/69 130/144/69 132/146/70 
f 133/147/71 131/145/70 132/146/70 134/148/71 
f 135/149/72 133/150/71 134/151/71 136/152/72 
f 3/3/2 135/149/72 136/152/72 4/4/2 
f 137/153/73 138/154/73 139/155/73 140/156/73 
f 141/157/73 140/156/73 139/155/73 142/158/73 
f 143/159/73 142/158/73 139/155/73 144/160/73 
f 143/159/73 144/160/73 145/161/73 146/162/73 
f 143/159/73 146/162/73 147/163/73 148/164/73 
f 143/159/73 148/164/73 149/165/73 150/166/73 
f 150/166/73 149/165/73 151/167/73 152/168/73 
f 153/169/73 150/166/73 152/168/73 154/170/73 
f 155/171/73 154/170/73 152/168/73 156/172/73 
f 157/173/73 156/172/73 152/168/73 158/174/73 
f 159/175/73 158/174/73 152/168/73 160/176/73 
f 161/177/73 160/176/73 152/168/73 162/178/73 
f 163/179/73 162/178/73 152/168/73 164/180/73 
f 165/181/73 164/180/73 152/168/73 166/182/73 
f 167/183/73 166/182/73 152/168/73 168/184/73 
f 169/185/73 168/184/73 152/168/73 170/186/73 
f 170/186/73 152/168/73 171/187/73 172/188/73 
f 170/186/73 172/188/73 173/189/73 174/190/73 
f 170/186/73 174/190/73 175/191/73 176/192/73 
f 170/186/73 176/192/73 177/193/73 178/194/73 
f 170/186/73 178/194/73 179/195/73 180/196/73 
f 170/186/73 180/196/73 181/197/73 182/198/73 
f 170/186/73 182/198/73 183/199/73 184/200/73 
f 170/186/73 184/200/73 185/201/73 186/202/73 
f 170/186/73 186/202/73 187/203/73 188/204/73 
f 189/205/73 170/186/73 188/204/73 190/206/73 
f 189/205/73 190/206/73 191/207/73 192/208/73 
f 189/205/73 192/208/73 193/209/73 194/210/73 
f 189/205/73 194/210/73 195/211/73 196/212/73 
f 189/205/73 196/212/73 197/213/73 198/214/73 
f 189/205/73 198/214/73 199/215/73 200/216/73 
f 189/205/73 200/216/73 201/217/73 202/218/73 
f 189/205/73 202/218/73 203/219/73 204/220/73 
s 2
f 205/221/74 206/222/74 207/223/74 208/224/74 
f 205/221/74 208/224/74 209/225/74 210/226/74 
f 205/221/74 210/226/74 211/227/74 212/228/74 
f 205/221/74 212/228/74 213/229/74 214/230/74 
f 205/221/74 214/230/74 215/231/74 216/232/74 
f 205/221/74 216/232/74 217/233/74 218/234/74 
f 205/221/74 218/234/74 219/235/74 220/236/74 
f 205/221/74 220/236/74 221/237/74 222/238/74 
f 223/239/74 224/240/74 225/241/74 226/242/74 
f 223/239/74 226/242/74 227/243/74 228/244/74 
f 223/239/74 228/244/74 229/245/74 230/246/74 
f 231/247/74 230/246/74 229/245/74 232/248/74 
f 233/249/74 232/248/74 229/245/74 234/250/74 
f 235/251/74 234/250/74 229/245/74 236/252/74 
f 237/253/74 235/251/74 236/252/74 238/254/74 
f 238/254/74 236/252/74 239/255/74 240/256/74 
f 238/254/74 240/256/74 241/257/74 242/258/74 
f 238/254/74 242/258/74 243/259/74 244/260/74 
f 238/254/74 244/260/74 245/261/74 246/262/74 
f 238/254/74 246/262/74 247/263/74 248/264/74 
f 238/254/74 248/264/74 249/265/74 250/266/74 
f 238/254/74 250/266/74 251/267/74 252/268/74 
f 238/254/74 252/268/74 253/269/74 254/270/74 
f 238/254/74 254/270/74 255/271/74 222/238/74 
f 256/272/74 238/254/74 222/238/74 257/273/74 
f 258/274/74 257/273/74 222/238/74 259/275/74 
f 260/276/74 259/275/74 222/238/74 261/277/74 
f 262/278/74 261/277/74 222/238/74 263/279/74 
f 264/280/74 263/279/74 222/238/74 265/281/74 
f 266/282/74 265/281/74 222/238/74 267/283/74 
f 268/284/74 267/283/74 222/238/74 269/285/74 
f 270/286/74 269/285/74 222/238/74 271/287/74 
f 272/288/74 271/287/74 222/238/74 221/237/74 
s 1
f 273/289/75 3/3/2 2/2/1 274/290/76 
f 275/291/77 1/1/1 4/4/2 276/292/78 
f 274/293/76 2/7/1 6/6/3 277/294/79 
f 278/295/80 5/5/3 1/8/1 275/296/77 
f 277/294/79 6/6/3 8/10/4 279/297/81 
f 280/298/82 7/9/4 5/5/3 278/295/80 
f 279/297/81 8/10/4 10/12/5 281/299/83 
f 282/300/84 9/11/5 7/9/4 280/298/82 
f 281/299/83 10/12/5 12/14/7 283/301/85 
f 284/302/86 11/13/6 9/11/5 282/300/84 
f 283/301/85 12/14/7 14/16/8 285/303/87 
f 286/304/88 13/15/8 11/13/6 284/302/86 
f 285/303/87 14/16/8 16/18/9 287/305/89 
f 288/306/90 15/17/9 13/15/8 286/304/88 
f 287/305/89 16/18/9 17/19/10 289/307/91 
f 290/308/92 18/20/10 15/17/9 288/306/90 
f 289/307/91 17/19/10 19/21/11 291/309/93 
f 292/310/94 20/22/11 18/20/10 290/308/92 
f 291/309/93 19/21/11 21/23/12 293/311/95 
f 294/312/96 22/24/12 20/22/11 292/310/94 
f 293/311/95 21/23/12 23/25/13 295/313/97 
f 296/314/98 24/26/13 22/24/12 294/312/96 
f 295/313/97 23/25/13 25/27/14 297/315/99 
f 298/316/100 26/28/14 24/26/13 296/314/98 
f 297/315/99 25/27/14 27/29/15 299/317/101 
f 300/318/102 28/30/15 26/28/14 298/316/100 
f 299/317/101 27/29/15 29/31/16 301/319/103 
f 302/320/104 30/32/16 28/30/15 300/318/102 
f 301/321/103 29/34/16 31/33/17 303/322/105 
f 304/323/106 32/36/17 30/35/16 302/324/104 
f 303/322/105 31/33/17 33/37/18 305/325/107 
f 306/326/108 34/38/18 32/36/17 304/323/106 
f 305/325/107 33/37/18 35/39/19 307/327/109 
f 308/328/110 36/40/19 34/38/18 306/326/108 
f 307/327/109 35/39/19 38/42/20 309/329/111 
f 310/330/112 37/41/20 36/40/19 308/328/110 
f 309/329/111 38/42/20 40/44/21 311/331/113 
f 312/332/114 39/43/21 37/41/20 310/330/112 
f 311/333/113 40/47/21 42/46/22 313/334/115 
f 314/335/116 41/45/22 39/48/21 312/336/114 
f 313/334/115 42/46/22 44/50/23 315/337/117 
f 316/338/118 43/49/23 41/45/22 314/335/116 
f 315/337/117 44/50/23 46/52/24 317/339/119 
f 318/340/120 45/51/24 43/49/23 316/338/118 
f 317/339/119 46/52/24 48/54/25 319/341/121 
f 320/342/122 47/53/25 45/51/24 318/340/120 
f 319/341/121 48/54/25 50/56/26 321/343/123 
f 322/344/124 49/55/26 47/53/25 320/342/122 
f 321/343/123 50/56/26 52/58/27 323/345/125 
f 324/346/126 51/57/27 49/55/26 322/344/124 
f 323/345/125 52/58/27 54/60/28 325/347/127 
f 326/348/128 53/59/28 51/57/27 324/346/126 
f 325/347/127 54/60/28 55/61/29 327/349/129 
f 328/350/130 56/62/29 53/59/28 326/348/128 
f 327/349/129 55/61/29 57/63/30 329/351/131 
f 330/352/132 58/64/31 56/62/29 328/350/130 
f 329/351/131 57/63/30 59/65/32 331/353/133 
f 332/354/134 60/66/32 58/64/31 330/352/132 
f 331/353/133 59/65/32 61/67/33 333/355/135 
f 334/356/136 62/68/33 60/66/32 332/354/134 
f 333/355/135 61/67/33 63/69/34 335/357/137 
f 336/358/138 64/70/34 62/68/33 334/356/136 
f 335/357/137 63/69/34 65/71/35 337/359/139 
f 338/360/140 66/72/35 64/70/34 336/358/138 
f 337/361/139 65/74/35 67/73/36 339/362/141 
f 340/363/142 68/76/36 66/75/35 338/364/140 
f 339/362/141 67/73/36 69/77/37 341/365/143 
f 342/366/144 70/78/37 68/76/36 340/363/142 
f 341/365/143 69/77/37 72/80/38 343/367/145 
f 344/368/146 71/79/38 70/78/37 342/366/144 
f 343/369/145 72/83/38 74/82/39 345/370/147 
f 346/371/148 73/81/39 71/84/38 344/372/146 
f 345/370/147 74/82/39 76/86/40 347/373/149 
f 348/374/150 75/85/40 73/81/39 346/371/148 
f 347/373/149 76/86/40 78/88/41 349/375/151 
f 350/376/152 77/87/41 75/85/40 348/374/150 
f 349/375/151 78/88/41 80/90/43 351/377/153 
f 352/378/154 79/89/42 77/87/41 350/376/152 
f 351/377/153 80/90/43 82/92/44 353/379/155 
f 354/380/156 81/91/44 79/89/42 352/378/154 
f 353/379/155 82/92/44 84/94/45 355/381/157 
f 356/382/158 83/93/45 81/91/44 354/380/156 
f 355/381/157 84/94/45 85/95/46 357/383/159 
f 358/384/160 86/96/46 83/93/45 356/382/158 
f 357/383/159 85/95/46 87/97/47 359/385/161 
f 360/386/162 88/98/47 86/96/46 358/384/160 
f 359/385/161 87/97/47 89/99/48 361/387/163 
f 362/388/164 90/100/48 88/98/47 360/386/162 
f 361/387/163 89/99/48 91/101/49 363/389/165 
f 364/390/166 92/102/49 90/100/48 362/388/164 
f 363/389/165 91/101/49 93/103/50 365/391/167 
f 366/392/168 94/104/50 92/102/49 364/390/166 
f 365/391/167 93/103/50 95/105/51 367/393/169 
f 368/394/170 96/106/51 94/104/50 366/392/168 
f 367/393/169 95/105/51 97/107/52 369/395/171 
f 370/396/172 98/108/52 96/106/51 368/394/170 
f 369/397/171 97/110/52 99/109/53 371/398/173 
f 372/399/174 100/112/53 98/111/52 370/400/172 
f 371/398/173 99/109/53 101/113/54 373/401/175 
f 374/402/176 102/114/54 100/112/53 372/399/174 
f 373/401/175 101/113/54 103/115/55 375/403/177 
f 376/404/178 104/116/55 102/114/54 374/402/176 
f 375/403/177 103/115/55 106/118/56 377/405/179 
f 378/406/180 105/117/56 104/116/55 376/404/178 
f 377/405/179 106/118/56 108/120/57 379/407/181 
f 380/408/182 107/119/57 105/117/56 378/406/180 
f 379/409/181 108/123/57 110/122/58 381/410/183 
f 382/411/184 109/121/58 107/124/57 380/412/182 
f 381/410/183 110/122/58 112/126/59 383/413/185 
f 384/414/186 111/125/59 109/121/58 382/411/184 
f 383/413/185 112/126/59 114/128/60 385/415/187 
f 386/416/188 113/127/60 111/125/59 384/414/186 
f 385/415/187 114/128/60 116/130/61 387/417/189 
f 388/418/190 115/129/61 113/127/60 386/416/188 
f 387/417/189 116/130/61 118/132/62 389/419/191 
f 390/420/192 117/131/62 115/129/61 388/418/190 
f 389/419/191 118/132/62 120/134/63 391/421/193 
f 392/422/194 119/133/63 117/131/62 390/420/192 
f 391/421/193 120/134/63 122/136/64 393/423/195 
f 394/424/196 121/135/64 119/133/63 392/422/194 
f 393/423/195 122/136/64 123/137/65 395/425/197 
f 396/426/198 124/138/65 121/135/64 394/424/196 
f 395/425/197 123/137/65 125/139/66 397/427/199 
f 398/428/200 126/140/67 124/138/65 396/426/198 
f 397/427/199 125/139/66 127/141/68 399/429/201 
f 400/430/202 128/142/68 126/140/67 398/428/200 
f 399/429/201 127/141/68 129/143/69 401/431/203 
f 402/432/204 130/144/69 128/142/68 400/430/202 
f 401/431/203 129/143/69 131/145/70 403/433/205 
f 404/434/206 132/146/70 130/144/69 402/432/204 
f 403/433/205 131/145/70 133/147/71 405/435/207 
f 406/436/208 134/148/71 132/146/70 404/434/206 
f 405/437/207 133/150/71 135/149/72 407/438/209 
f 408/439/210 136/152/72 134/151/71 406/440/208 
f 407/438/209 135/149/72 3/3/2 273/289/75 
f 276/292/78 4/4/2 136/152/72 408/439/210 
f 189/205/73 409/441/211 410/442/212 170/186/73 
f 169/185/73 170/186/73 410/442/212 411/443/213 
f 168/184/73 169/185/73 411/443/213 412/444/214 
f 167/183/73 168/184/73 412/444/214 413/445/215 
f 166/182/73 167/183/73 413/445/215 414/446/216 
f 165/181/73 166/182/73 414/446/216 415/447/217 
f 164/180/73 165/181/73 415/447/217 416/448/218 
f 163/179/73 164/180/73 416/448/218 417/449/219 
f 162/178/73 163/179/73 417/449/219 418/450/220 
f 161/177/73 162/178/73 418/450/220 419/451/221 
f 160/176/73 161/177/73 419/451/221 420/452/222 
f 159/175/73 160/176/73 420/452/222 421/453/223 
f 158/174/73 159/175/73 421/453/223 422/454/224 
f 157/173/73 158/174/73 422/454/224 423/455/225 
f 156/172/73 157/173/73 423/455/225 424/456/226 
f 155/171/73 156/172/73 424/456/226 425/457/227 
f 154/170/73 155/171/73 425/457/227 426/458/228 
f 153/169/73 154/170/73 426/458/228 427/459/229 
f 150/166/73 153/169/73 427/459/229 428/460/230 
f 143/159/73 150/166/73 428/460/230 429/461/231 
f 142/158/73 143/159/73 429/461/231 430/462/232 
f 141/157/73 142/158/73 430/462/232 431/463/233 
f 140/156/73 141/157/73 431/463/233 432/464/234 
f 137/153/73 140/156/73 432/464/234 433/465/235 
f 138/154/73 137/153/73 433/465/235 434/466/236 
f 139/155/73 138/154/73 434/466/236 435/467/237 
f 144/160/73 139/155/73 435/467/237 436/468/238 
f 145/161/73 144/160/73 436/468/238 437/469/239 
f 146/162/73 145/161/73 437/469/239 438/470/240 
f 147/163/73 146/162/73 438/470/240 439/471/241 
f 148/164/73 147/163/73 439/471/241 440/472/242 
f 149/165/73 148/164/73 440/472/242 441/473/243 
f 151/167/73 149/165/73 441/473/243 442/474/244 
f 152/168/73 151/167/73 442/474/244 443/475/245 
f 171/187/73 152/168/73 443/475/245 444/476/246 
f 172/188/73 171/187/73 444/476/246 445/477/247 
f 173/189/73 172/188/73 445/477/247 446/478/248 
f 174/190/73 173/189/73 446/478/248 447/479/249 
f 175/191/73 174/190/73 447/479/249 448/480/250 
f 176/192/73 175/191/73 448/480/250 449/481/251 
f 177/193/73 176/192/73 449/481/251 450/482/252 
f 178/194/73 177/193/73 450/482/252 451/483/253 
f 179/195/73 178/194/73 451/483/253 452/484/254 
f 180/196/73 179/195/73 452/484/254 453/485/255 
f 181/197/73 180/196/73 453/485/255 454/486/256 
f 182/198/73 181/197/73 454/486/256 455/487/257 
f 183/199/73 182/198/73 455/487/257 456/488/258 
f 184/200/73 183/199/73 456/488/258 457/489/259 
f 185/201/73 184/200/73 457/489/259 458/490/260 
f 186/202/73 185/201/73 458/490/260 459/491/261 
f 187/203/73 186/202/73 459/491/261 460/492/262 
f 188/204/73 187/203/73 460/492/262 461/493/263 
f 190/206/73 188/204/73 461/493/263 462/494/264 
f 191/207/73 190/206/73 462/494/264 463/495/265 
f 192/208/73 191/207/73 463/495/265 464/496/266 
f 193/209/73 192/208/73 464/496/266 465/497/267 
f 194/210/73 193/209/73 465/497/267 466/498/268 
f 195/211/73 194/210/73 466/498/268 467/499/269 
f 196/212/73 195/211/73 467/499/269 468/500/270 
f 197/213/73 196/212/73 468/500/270 469/501/271 
f 198/214/73 197/213/73 469/501/271 470/502/272 
f 199/215/73 198/214/73 470/502/272 471/503/273 
f 200/216/73 199/215/73 471/503/273 472/504/274 
f 201/217/73 200/216/73 472/504/274 473/505/275 
f 202/218/73 201/217/73 473/505/275 474/506/276 
f 203/219/73 202/218/73 474/506/276 475/507/277 
f 204/220/73 203/219/73 475/507/277 476/508/278 
f 189/205/73 204/220/73 476/508/278 409/441/211 
s 2
f 205/221/74 477/509/279 478/510/280 206/222/74 
f 207/223/74 206/222/74 478/510/280 479/511/281 
f 208/224/74 207/223/74 479/511/281 480/512/282 
f 209/225/74 208/224/74 480/512/282 481/513/283 
f 210/226/74 209/225/74 481/513/283 482/514/284 
f 211/227/74 210/226/74 482/514/284 483/515/285 
f 212/228/74 211/227/74 483/515/285 484/516/286 
f 213/229/74 212/228/74 484/516/286 485/517/287 
f 214/230/74 213/229/74 485/517/287 486/518/288 
f 215/231/74 214/230/74 486/518/288 487/519/289 
f 216/232/74 215/231/74 487/519/289 488/520/290 
f 217/233/74 216/232/74 488/520/290 489/521/291 
f 218/234/74 217/233/74 489/521/291 490/522/292 
f 219/235/74 218/234/74 490/522/292 491/523/293 
f 220/236/74 219/235/74 491/523/293 492/524/294 
f 221/237/74 220/236/74 492/524/294 493/525/295 
f 272/288/74 221/237/74 493/525/295 494/526/296 
f 271/287/74 272/288/74 494/526/296 495/527/297 
f 270/286/74 271/287/74 495/527/297 496/528/298 
f 269/285/74 270/286/74 496/528/298 497/529/299 
f 268/284/74 269/285/74 497/529/299 498/530/300 
f 267/283/74 268/284/74 498/530/300 499/531/301 
f 266/282/74 267/283/74 499/531/301 500/532/302 
f 265/281/74 266/282/74 500/532/302 501/533/303 
f 264/280/74 265/281/74 501/533/303 502/534/304 
f 263/279/74 264/280/74 502/534/304 503/535/305 
f 262/278/74 263/279/74 503/535/305 504/536/306 
f 261/277/74 262/278/74 504/536/306 505/537/307 
f 260/276/74 261/277/74 505/537/307 506/538/308 
f 259/275/74 260/276/74 506/538/308 507/539/309 
f 258/274/74 259/275/74 507/539/309 508/540/310 
f 257/273/74 258/274/74 508/540/310 509/541/311 
f 256/272/74 257/273/74 509/541/311 510/542/312 
f 238/254/74 256/272/74 510/542/312 511/543/313 
f 237/253/74 238/254/74 511/543/313 512/544/314 
f 235/251/74 237/253/74 512/544/314 513/545/315 
f 234/250/74 235/251/74 513/545/315 514/546/316 
f 233/249/74 234/250/74 514/546/316 515/547/317 
f 232/248/74 233/249/74 515/547/317 516/548/318 
f 231/247/74 232/248/74 516/548/318 517/549/319 
f 230/246/74 231/247/74 517/549/319 518/550/320 
f 223/239/74 230/246/74 518/550/320 519/551/321 
f 224/240/74 223/239/74 519/551/321 520/552/322 
f 225/241/74 224/240/74 520/552/322 521/553/323 
f 226/242/74 225/241/74 521/553/323 522/554/324 
f 227/243/74 226/242/74 522/554/324 523/555/325 
f 228/244/74 227/243/74 523/555/325 524/556/326 
f 229/245/74 228/244/74 524/556/326 525/557/327 
f 236/252/74 229/245/74 525/557/327 526/558/328 
f 239/255/74 236/252/74 526/558/328 527/559/329 
f 240/256/74 239/255/74 527/559/329 528/560/330 
f 241/257/74 240/256/74 528/560/330 529/561/331 
f 242/258/74 241/257/74 529/561/331 530/562/332 
f 243/259/74 242/258/74 530/562/332 531/563/333 
f 244/260/74 243/259/74 531/563/333 532/564/334 
f 245/261/74 244/260/74 532/564/334 533/565/335 
f 246/262/74 245/261/74 533/565/335 534/566/336 
f 247/263/74 246/262/74 534/566/336 535/567/337 
f 248/264/74 247/263/74 535/567/337 536/568/338 
f 249/265/74 248/264/74 536/568/338 537/569/339 
f 250/266/74 249/265/74 537/569/339 538/570/340 
f 251/267/74 250/266/74 538/570/340 539/571/341 
f 252/268/74 251/267/74 539/571/341 540/572/342 
f 253/269/74 252/268/74 540/572/342 541/573/343 
f 254/270/74 253/269/74 541/573/343 542/574/344 
f 255/271/74 254/270/74 542/574/344 543/575/345 
f 222/238/74 255/271/74 543/575/345 544/576/346 
f 205/221/74 222/238/74 544/576/346 477/509/279 
s 1
f 545/577/347 275/296/77 276/578/78 546/579/348 
f 547/580/349 273/289/75 274/290/76 548/581/350 
f 549/582/351 278/295/80 275/296/77 545/577/347 
f 548/581/350 274/290/76 277/583/79 550/584/352 
f 551/585/353 280/298/82 278/295/80 549/582/351 
f 550/584/352 277/583/79 279/586/81 552/587/354 
f 553/588/355 282/300/84 280/298/82 551/585/353 
f 552/587/354 279/586/81 281/589/83 554/590/356 
f 555/591/357 284/302/86 282/300/84 553/588/355 
f 554/592/356 281/299/83 283/301/85 556/593/358 
f 557/594/359 286/304/88 284/302/86 555/591/357 
f 556/593/358 283/301/85 285/303/87 558/595/360 
f 559/596/361 288/306/90 286/304/88 557/594/359 
f 558/595/360 285/303/87 287/305/89 560/597/362 
f 561/598/363 290/308/92 288/306/90 559/596/361 
f 560/597/362 287/305/89 289/307/91 562/599/364 
f 563/600/365 292/310/94 290/308/92 561/598/363 
f 562/599/364 289/307/91 291/309/93 564/601/366 
f 565/602/367 294/312/96 292/310/94 563/600/365 
f 564/601/366 291/309/93 293/311/95 566/603/368 
f 567/604/369 296/314/98 294/312/96 565/602/367 
f 566/603/368 293/311/95 295/313/97 568/605/370 
f 569/606/371 298/316/100 296/314/98 567/604/369 
f 568/607/370 295/608/97 297/609/99 570/610/372 
f 571/611/373 300/318/102 298/316/100 569/606/371 
f 570/610/372 297/609/99 299/612/101 572/613/374 
f 573/614/375 302/320/104 300/318/102 571/611/373 
f 572/613/374 299/612/101 301/321/103 574/615/376 
f 575/616/377 304/617/106 302/320/104 573/614/375 
f 574/615/376 301/321/103 303/322/105 576/618/378 
f 577/619/379 306/620/108 304/617/106 575/616/377 
f 576/618/378 303/322/105 305/325/107 578/621/380 
f 579/622/381 308/623/110 306/620/108 577/619/379 
f 578/621/380 305/325/107 307/327/109 580/624/382 
f 581/625/383 310/626/112 308/623/110 579/622/381 
f 580/624/382 307/327/109 309/329/111 582/627/384 
f 583/628/385 312/336/114 310/626/112 581/625/383 
f 582/627/384 309/329/111 311/331/113 584/629/386 
f 585/630/387 314/335/116 312/336/114 583/628/385 
f 584/629/386 311/331/113 313/631/115 586/632/388 
f 587/633/389 316/338/118 314/335/116 585/630/387 
f 586/632/388 313/631/115 315/634/117 588/635/390 
f 589/636/391 318/340/120 316/338/118 587/633/389 
f 588/635/390 315/634/117 317/637/119 590/638/392 
f 591/639/393 320/342/122 318/340/120 589/636/391 
f 590/640/392 317/339/119 319/341/121 592/641/394 
f 593/642/395 322/344/124 320/342/122 591/639/393 
f 592/641/394 319/341/121 321/343/123 594/643/396 
f 595/644/397 324/346/126 322/344/124 593/642/395 
f 594/643/396 321/343/123 323/345/125 596/645/398 
f 597/646/399 326/348/128 324/346/126 595/644/397 
f 596/645/398 323/345/125 325/347/127 598/647/400 
f 599/648/401 328/350/130 326/348/128 597/646/399 
f 598/647/400 325/347/127 327/349/129 600/649/402 
f 601/650/403 330/352/132 328/350/130 599/648/401 
f 600/649/402 327/349/129 329/351/131 602/651/404 
f 603/652/405 332/354/134 330/352/132 601/650/403 
f 602/651/404 329/351/131 331/353/133 604/653/406 
f 605/654/407 334/356/136 332/354/134 603/652/405 
f 604/655/406 331/656/133 333/657/135 606/658/408 
f 607/659/409 336/358/138 334/356/136 605/654/407 
f 606/658/408 333/657/135 335/660/137 608/661/410 
f 609/662/411 338/360/140 336/358/138 607/659/409 
f 608/661/410 335/660/137 337/361/139 610/663/412 
f 611/664/413 340/665/142 338/360/140 609/662/411 
f 610/663/412 337/361/139 339/362/141 612/666/414 
f 613/667/415 342/668/144 340/665/142 611/664/413 
f 612/666/414 339/362/141 341/365/143 614/669/416 
f 615/670/417 344/372/146 342/668/144 613/667/415 
f 614/669/416 341/365/143 343/367/145 616/671/418 
f 617/672/419 346/371/148 344/372/146 615/670/417 
f 616/671/418 343/367/145 345/673/147 618/674/420 
f 619/675/421 348/374/150 346/371/148 617/672/419 
f 618/674/420 345/673/147 347/676/149 620/677/422 
f 621/678/423 350/376/152 348/374/150 619/675/421 
f 620/677/422 347/676/149 349/679/151 622/680/424 
f 623/681/425 352/378/154 350/376/152 621/678/423 
f 622/682/424 349/375/151 351/377/153 624/683/426 
f 625/684/427 354/380/156 352/378/154 623/681/425 
f 624/683/426 351/377/153 353/379/155 626/685/428 
f 627/686/429 356/382/158 354/380/156 625/684/427 
f 626/685/428 353/379/155 355/381/157 628/687/430 
f 629/688/431 358/384/160 356/382/158 627/686/429 
f 628/687/430 355/381/157 357/383/159 630/689/432 
f 631/690/433 360/386/162 358/384/160 629/688/431 
f 630/689/432 357/383/159 359/385/161 632/691/434 
f 633/692/435 362/388/164 360/386/162 631/690/433 
f 632/691/434 359/385/161 361/387/163 634/693/436 
f 635/694/437 364/390/166 362/388/164 633/692/435 
f 634/693/436 361/387/163 363/389/165 636/695/438 
f 637/696/439 366/392/168 364/390/166 635/694/437 
f 636/697/438 363/698/165 365/699/167 638/700/440 
f 639/701/441 368/394/170 366/392/168 637/696/439 
f 638/700/440 365/699/167 367/702/169 640/703/442 
f 641/704/443 370/396/172 368/394/170 639/701/441 
f 640/703/442 367/702/169 369/397/171 642/705/444 
f 643/706/445 372/707/174 370/396/172 641/704/443 
f 642/705/444 369/397/171 371/398/173 644/708/446 
f 645/709/447 374/710/176 372/707/174 643/706/445 
f 644/708/446 371/398/173 373/401/175 646/711/448 
f 647/712/449 376/713/178 374/710/176 645/709/447 
f 646/711/448 373/401/175 375/403/177 648/714/450 
f 649/715/451 378/716/180 376/713/178 647/712/449 
f 648/714/450 375/403/177 377/405/179 650/717/452 
f 651/718/453 380/412/182 378/716/180 649/715/451 
f 650/717/452 377/405/179 379/407/181 652/719/454 
f 653/720/455 382/411/184 380/412/182 651/718/453 
f 652/719/454 379/407/181 381/721/183 654/722/456 
f 655/723/457 384/414/186 382/411/184 653/720/455 
f 654/722/456 381/721/183 383/724/185 656/725/458 
f 657/726/459 386/416/188 384/414/186 655/723/457 
f 656/725/458 383/724/185 385/727/187 658/728/460 
f 659/729/461 388/418/190 386/416/188 657/726/459 
f 658/730/460 385/415/187 387/417/189 660/731/462 
f 661/732/463 390/420/192 388/418/190 659/729/461 
f 660/731/462 387/417/189 389/419/191 662/733/464 
f 663/734/465 392/422/194 390/420/192 661/732/463 
f 662/733/464 389/419/191 391/421/193 664/735/466 
f 665/736/467 394/424/196 392/422/194 663/734/465 
f 664/735/466 391/421/193 393/423/195 666/737/468 
f 667/738/469 396/426/198 394/424/196 665/736/467 
f 666/737/468 393/423/195 395/425/197 668/739/470 
f 669/740/471 398/428/200 396/426/198 667/738/469 
f 668/739/470 395/425/197 397/427/199 670/741/472 
f 671/742/473 400/430/202 398/428/200 669/740/471 
f 670/741/472 397/427/199 399/429/201 672/743/474 
f 673/744/475 402/432/204 400/430/202 671/742/473 
f 672/745/474 399/746/201 401/747/203 674/748/476 
f 675/749/477 404/434/206 402/432/204 673/744/475 
f 674/748/476 401/747/203 403/750/205 676/751/478 
f 677/752/479 406/436/208 404/434/206 675/749/477 
f 676/751/478 403/750/205 405/437/207 678/753/480 
f 679/754/481 408/755/210 406/436/208 677/752/479 
f 678/753/480 405/437/207 407/438/209 680/756/482 
f 546/579/348 276/578/78 408/755/210 679/754/481 
f 680/756/482 407/438/209 273/289/75 547/580/349 
f 681/757/483 545/577/347 546/579/348 682/758/484 
f 683/759/485 681/757/483 682/758/484 684/760/486 
f 459/491/261 683/759/485 684/760/486 460/492/262 
f 685/761/487 547/580/349 548/581/350 686/762/488 
s 2
f 687/763/489 685/764/490 686/765/491 688/766/492 
f 494/526/296 687/763/489 688/766/492 495/527/297 
s 1
f 689/767/493 549/582/351 545/577/347 681/757/483 
f 690/768/494 689/767/493 681/757/483 683/759/485 
f 458/490/260 690/768/494 683/759/485 459/491/261 
f 686/762/488 548/581/350 550/584/352 691/769/495 
s 2
f 688/766/492 686/765/491 691/770/496 692/771/497 
f 495/527/297 688/766/492 692/771/497 496/528/298 
s 1
f 693/772/498 551/585/353 549/582/351 689/767/493 
f 694/773/499 693/772/498 689/767/493 690/768/494 
f 457/489/259 694/773/499 690/768/494 458/490/260 
f 691/769/495 550/584/352 552/587/354 695/774/500 
s 2
f 692/771/497 691/770/496 695/775/501 696/776/502 
f 496/528/298 692/771/497 696/776/502 497/529/299 
s 1
f 697/777/503 553/588/355 551/585/353 693/772/498 
f 698/778/504 697/777/503 693/772/498 694/773/499 
f 456/488/258 698/778/504 694/773/499 457/489/259 
f 695/774/500 552/587/354 554/590/356 699/779/505 
s 2
f 696/776/502 695/775/501 699/780/506 700/781/507 
f 497/529/299 696/776/502 700/781/507 498/530/300 
s 1
f 701/782/508 555/591/357 553/588/355 697/777/503 
f 702/783/509 701/782/508 697/777/503 698/778/504 
f 455/487/257 702/783/509 698/778/504 456/488/258 
f 699/779/505 554/590/356 556/784/358 703/785/510 
s 2
f 700/781/507 699/780/506 703/786/511 704/787/512 
f 498/530/300 700/781/507 704/787/512 499/531/301 
s 1
f 705/788/513 557/594/359 555/591/357 701/782/508 
f 706/789/514 705/788/513 701/782/508 702/783/509 
f 454/486/256 706/789/514 702/783/509 455/487/257 
f 703/785/510 556/784/358 558/790/360 707/791/515 
s 2
f 704/787/512 703/786/511 707/792/516 708/793/517 
f 499/531/301 704/787/512 708/793/517 500/532/302 
s 1
f 709/794/518 559/596/361 557/594/359 705/788/513 
f 710/795/519 709/794/518 705/788/513 706/789/514 
f 453/485/255 710/795/519 706/789/514 454/486/256 
f 707/791/515 558/790/360 560/796/362 711/797/520 
s 2
f 708/793/517 707/792/516 711/798/521 712/799/522 
f 500/532/302 708/793/517 712/799/522 501/533/303 
s 1
f 713/800/523 561/598/363 559/596/361 709/794/518 
f 714/801/524 713/800/523 709/794/518 710/795/519 
f 452/484/254 714/801/524 710/795/519 453/485/255 
f 711/797/520 560/796/362 562/802/364 715/803/525 
s 2
f 712/799/522 711/798/521 715/804/526 716/805/527 
f 501/533/303 712/799/522 716/805/527 502/534/304 
s 1
f 717/806/528 563/600/365 561/598/363 713/800/523 
f 718/807/529 717/806/528 713/800/523 714/801/524 
f 451/483/253 718/807/529 714/801/524 452/484/254 
f 715/808/525 562/809/364 564/810/366 719/811/530 
s 2
f 716/805/527 715/804/526 719/812/531 720/813/532 
f 502/534/304 716/805/527 720/813/532 503/535/305 
s 1
f 721/814/533 565/602/367 563/600/365 717/806/528 
f 722/815/534 721/814/533 717/806/528 718/807/529 
f 450/482/252 722/815/534 718/807/529 451/483/253 
f 719/811/530 564/810/366 566/816/368 723/817/535 
s 2
f 720/813/532 719/812/531 723/818/536 724/819/537 
f 503/535/305 720/813/532 724/819/537 504/536/306 
s 1
f 725/820/538 567/604/369 565/602/367 721/814/533 
f 726/821/539 725/820/538 721/814/533 722/815/534 
f 449/481/251 726/821/539 722/815/534 450/482/252 
f 723/817/535 566/816/368 568/607/370 727/822/540 
s 2
f 724/819/537 723/818/536 727/823/541 728/824/542 
f 504/536/306 724/819/537 728/824/542 505/537/307 
s 1
f 729/825/543 569/606/371 567/604/369 725/820/538 
f 730/826/544 729/825/543 725/820/538 726/821/539 
f 448/480/250 730/826/544 726/821/539 449/481/251 
f 727/822/540 568/607/370 570/610/372 731/827/545 
s 2
f 728/824/542 727/823/541 731/828/546 732/829/547 
f 505/537/307 728/824/542 732/829/547 506/538/308 
s 1
f 733/830/548 571/611/373 569/606/371 729/825/543 
f 734/831/549 733/830/548 729/825/543 730/826/544 
f 447/479/249 734/831/549 730/826/544 448/480/250 
f 731/827/545 570/610/372 572/613/374 735/832/550 
s 2
f 732/829/547 731/828/546 735/833/551 736/834/552 
f 506/538/308 732/829/547 736/834/552 507/539/309 
s 1
f 737/835/553 573/614/375 571/611/373 733/830/548 
f 738/836/554 737/835/553 733/830/548 734/831/549 
f 446/478/248 738/836/554 734/831/549 447/479/249 
f 735/832/550 572/613/374 574/615/376 739/837/555 
s 2
f 736/834/552 735/833/551 739/838/556 740/839/557 
f 507/539/309 736/834/552 740/839/557 508/540/310 
s 1
f 741/840/558 575/616/377 573/614/375 737/835/553 
f 742/841/559 741/840/558 737/835/553 738/836/554 
f 445/477/247 742/841/559 738/836/554 446/478/248 
f 739/837/555 574/615/376 576/618/378 743/842/560 
s 2
f 740/839/557 739/838/556 743/843/561 744/844/562 
f 508/540/310 740/839/557 744/844/562 509/541/311 
s 1
f 745/845/563 577/619/379 575/616/377 741/840/558 
f 746/846/564 745/845/563 741/840/558 742/841/559 
f 444/476/246 746/846/564 742/841/559 445/477/247 
f 743/842/560 576/618/378 578/621/380 747/847/565 
s 2
f 744/844/562 743/843/561 747/848/566 748/849/567 
f 509/541/311 744/844/562 748/849/567 510/542/312 
s 1
f 749/850/568 579/622/381 577/619/379 745/845/563 
f 750/851/569 749/850/568 745/845/563 746/846/564 
f 443/475/245 750/851/569 746/846/564 444/476/246 
f 747/847/565 578/621/380 580/624/382 751/852/570 
s 2
f 748/849/567 747/848/566 751/853/571 752/854/572 
f 510/542/312 748/849/567 752/854/572 511/543/313 
s 1
f 753/855/573 581/625/383 579/622/381 749/850/568 
f 754/856/574 753/855/573 749/850/568 750/851/569 
f 442/474/244 754/856/574 750/851/569 443/475/245 
f 751/852/570 580/624/382 582/627/384 755/857/575 
s 2
f 752/854/572 751/853/571 755/858/576 756/859/577 
f 511/543/313 752/854/572 756/859/577 512/544/314 
s 1
f 757/860/578 583/628/385 581/625/383 753/855/573 
f 758/861/579 757/860/578 753/855/573 754/856/574 
f 441/473/243 758/861/579 754/856/574 442/474/244 
f 755/857/575 582/627/384 584/629/386 759/862/580 
s 2
f 756/859/577 755/858/576 759/863/581 760/864/582 
f 512/544/314 756/859/577 760/864/582 513/545/315 
s 1
f 761/865/583 585/630/387 583/628/385 757/860/578 
f 762/866/584 761/865/583 757/860/578 758/861/579 
f 440/472/242 762/866/584 758/861/579 441/473/243 
f 759/862/580 584/629/386 586/632/388 763/867/585 
s 2
f 760/864/582 759/863/581 763/868/586 764/869/587 
f 513/545/315 760/864/582 764/869/587 514/546/316 
s 1
f 765/870/588 587/633/389 585/630/387 761/865/583 
f 766/871/589 765/870/588 761/865/583 762/866/584 
f 439/471/241 766/871/589 762/866/584 440/472/242 
f 763/867/585 586/632/388 588/635/390 767/872/590 
s 2
f 764/869/587 763/868/586 767/873/591 768/874/592 
f 514/546/316 764/869/587 768/874/592 515/547/317 
s 1
f 769/875/593 589/636/391 587/633/389 765/870/588 
f 770/876/594 769/875/593 765/870/588 766/871/589 
f 438/470/240 770/876/594 766/871/589 439/471/241 
f 767/872/590 588/635/390 590/638/392 771/877/595 
s 2
f 768/874/592 767/873/591 771/878/596 772/879/597 
f 515/547/317 768/874/592 772/879/597 516/548/318 
s 1
f 773/880/598 591/639/393 589/636/391 769/875/593 
f 774/881/599 773/880/598 769/875/593 770/876/594 
f 437/469/239 774/881/599 770/876/594 438/470/240 
f 771/877/595 590/638/392 592/882/394 775/883/600 
s 2
f 772/879/597 771/878/596 775/884/601 776/885/602 
f 516/548/318 772/879/597 776/885/602 517/549/319 
s 1
f 777/886/603 593/642/395 591/639/393 773/880/598 
f 778/887/604 777/886/603 773/880/598 774/881/599 
f 436/468/238 778/887/604 774/881/599 437/469/239 
f 775/883/600 592/882/394 594/888/396 779/889/605 
s 2
f 776/885/602 775/884/601 779/890/606 780/891/607 
f 517/549/319 776/885/602 780/891/607 518/550/320 
s 1
f 781/892/608 595/644/397 593/642/395 777/886/603 
f 782/893/609 781/892/608 777/886/603 778/887/604 
f 435/467/237 782/893/609 778/887/604 436/468/238 
f 779/889/605 594/888/396 596/894/398 783/895/610 
s 2
f 780/891/607 779/890/606 783/896/611 784/897/612 
f 518/550/320 780/891/607 784/897/612 519/551/321 
s 1
f 785/898/613 597/646/399 595/644/397 781/892/608 
f 786/899/614 785/898/613 781/892/608 782/893/609 
f 434/466/236 786/899/614 782/893/609 435/467/237 
f 783/900/610 596/901/398 598/902/400 787/903/615 
s 2
f 784/897/612 783/896/611 787/904/616 788/905/617 
f 519/551/321 784/897/612 788/905/617 520/552/322 
s 1
f 789/906/618 599/648/401 597/646/399 785/898/613 
f 790/907/619 789/906/618 785/898/613 786/899/614 
f 433/465/235 790/907/619 786/899/614 434/466/236 
f 787/903/615 598/902/400 600/908/402 791/909/620 
s 2
f 788/905/617 787/904/616 791/910/621 792/911/622 
f 520/552/322 788/905/617 792/911/622 521/553/323 
s 1
f 793/912/623 601/650/403 599/648/401 789/906/618 
f 794/913/624 793/912/623 789/906/618 790/907/619 
f 432/464/234 794/913/624 790/907/619 433/465/235 
f 791/909/620 600/908/402 602/914/404 795/915/625 
s 2
f 792/911/622 791/910/621 795/916/626 796/917/627 
f 521/553/323 792/911/622 796/917/627 522/554/324 
s 1
f 797/918/628 603/652/405 601/650/403 793/912/623 
f 798/919/629 797/918/628 793/912/623 794/913/624 
f 431/463/233 798/919/629 794/913/624 432/464/234 
f 795/915/625 602/914/404 604/655/406 799/920/630 
s 2
f 796/917/627 795/916/626 799/921/631 800/922/632 
f 522/554/324 796/917/627 800/922/632 523/555/325 
s 1
f 801/923/633 605/654/407 603/652/405 797/918/628 
f 802/924/634 801/923/633 797/918/628 798/919/629 
f 430/462/232 802/924/634 798/919/629 431/463/233 
f 799/920/630 604/655/406 606/658/408 803/925/635 
s 2
f 800/922/632 799/921/631 803/926/636 804/927/637 
f 523/555/325 800/922/632 804/927/637 524/556/326 
s 1
f 805/928/638 607/659/409 605/654/407 801/923/633 
f 806/929/639 805/928/638 801/923/633 802/924/634 
f 429/461/231 806/929/639 802/924/634 430/462/232 
f 803/925/635 606/658/408 608/661/410 807/930/640 
s 2
f 804/927/637 803/926/636 807/931/641 808/932/642 
f 524/556/326 804/927/637 808/932/642 525/557/327 
s 1
f 809/933/643 609/662/411 607/659/409 805/928/638 
f 810/934/644 809/933/643 805/928/638 806/929/639 
f 428/460/230 810/934/644 806/929/639 429/461/231 
f 807/930/640 608/661/410 610/663/412 811/935/645 
s 2
f 808/932/642 807/931/641 811/936/646 812/937/647 
f 525/557/327 808/932/642 812/937/647 526/558/328 
s 1
f 813/938/648 611/664/413 609/662/411 809/933/643 
f 814/939/649 813/938/648 809/933/643 810/934/644 
f 427/459/229 814/939/649 810/934/644 428/460/230 
f 811/935/645 610/663/412 612/666/414 815/940/650 
s 2
f 812/937/647 811/936/646 815/941/651 816/942/652 
f 526/558/328 812/937/647 816/942/652 527/559/329 
s 1
f 817/943/653 613/667/415 611/664/413 813/938/648 
f 818/944/654 817/943/653 813/938/648 814/939/649 
f 426/458/228 818/944/654 814/939/649 427/459/229 
f 815/940/650 612/666/414 614/669/416 819/945/655 
s 2
f 816/942/652 815/941/651 819/946/656 820/947/657 
f 527/559/329 816/942/652 820/947/657 528/560/330 
s 1
f 821/948/658 615/670/417 613/667/415 817/943/653 
f 822/949/659 821/948/658 817/943/653 818/944/654 
f 425/457/227 822/949/659 818/944/654 426/458/228 
f 819/945/655 614/669/416 616/671/418 823/950/660 
s 2
f 820/947/657 819/946/656 823/951/661 824/952/662 
f 528/560/330 820/947/657 824/952/662 529/561/331 
s 1
f 825/953/663 617/672/419 615/670/417 821/948/658 
f 826/954/664 825/953/663 821/948/658 822/949/659 
f 424/456/226 826/954/664 822/949/659 425/457/227 
f 823/950/660 616/671/418 618/674/420 827/955/665 
s 2
f 824/952/662 823/951/661 827/956/666 828/957/667 
f 529/561/331 824/952/662 828/957/667 530/562/332 
s 1
f 829/958/668 619/675/421 617/672/419 825/953/663 
f 830/959/669 829/958/668 825/953/663 826/954/664 
f 423/455/225 830/959/669 826/954/664 424/456/226 
f 827/955/665 618/674/420 620/677/422 831/960/670 
s 2
f 828/957/667 827/956/666 831/961/671 832/962/672 
f 530/562/332 828/957/667 832/962/672 531/563/333 
s 1
f 833/963/673 621/678/423 619/675/421 829/958/668 
f 834/964/674 833/963/673 829/958/668 830/959/669 
f 422/454/224 834/964/674 830/959/669 423/455/225 
f 831/960/670 620/677/422 622/680/424 835/965/675 
s 2
f 832/962/672 831/961/671 835/966/676 836/967/677 
f 531/563/333 832/962/672 836/967/677 532/564/334 
s 1
f 837/968/678 623/681/425 621/678/423 833/963/673 
f 838/969/679 837/968/678 833/963/673 834/964/674 
f 421/453/223 838/969/679 834/964/674 422/454/224 
f 835/965/675 622/680/424 624/970/426 839/971/680 
s 2
f 836/967/677 835/966/676 839/972/681 840/973/682 
f 532/564/334 836/967/677 840/973/682 533/565/335 
s 1
f 841/974/683 625/684/427 623/681/425 837/968/678 
f 842/975/684 841/974/683 837/968/678 838/969/679 
f 420/452/222 842/975/684 838/969/679 421/453/223 
f 839/971/680 624/970/426 626/976/428 843/977/685 
s 2
f 840/973/682 839/972/681 843/978/686 844/979/687 
f 533/565/335 840/973/682 844/979/687 534/566/336 
s 1
f 845/980/688 627/686/429 625/684/427 841/974/683 
f 846/981/689 845/980/688 841/974/683 842/975/684 
f 419/451/221 846/981/689 842/975/684 420/452/222 
f 843/977/685 626/976/428 628/982/430 847/983/690 
s 2
f 844/979/687 843/978/686 847/984/691 848/985/692 
f 534/566/336 844/979/687 848/985/692 535/567/337 
s 1
f 849/986/693 629/688/431 627/686/429 845/980/688 
f 850/987/694 849/986/693 845/980/688 846/981/689 
f 418/450/220 850/987/694 846/981/689 419/451/221 
f 847/983/690 628/982/430 630/988/432 851/989/695 
s 2
f 848/985/692 847/984/691 851/990/696 852/991/697 
f 535/567/337 848/985/692 852/991/697 536/568/338 
s 1
f 853/992/698 631/690/433 629/688/431 849/986/693 
f 854/993/699 853/992/698 849/986/693 850/987/694 
f 417/449/219 854/993/699 850/987/694 418/450/220 
f 851/994/695 630/995/432 632/996/434 855/997/700 
s 2
f 852/991/697 851/990/696 855/998/701 856/999/702 
f 536/568/338 852/991/697 856/999/702 537/569/339 
s 1
f 857/1000/703 633/692/435 631/690/433 853/992/698 
f 858/1001/704 857/1000/703 853/992/698 854/993/699 
f 416/448/218 858/1001/704 854/993/699 417/449/219 
f 855/997/700 632/996/434 634/1002/436 859/1003/705 
s 2
f 856/999/702 855/998/701 859/1004/706 860/1005/707 
f 537/569/339 856/999/702 860/1005/707 538/570/340 
s 1
f 861/1006/708 635/694/437 633/692/435 857/1000/703 
f 862/1007/709 861/1006/708 857/1000/703 858/1001/704 
f 415/447/217 862/1007/709 858/1001/704 416/448/218 
f 859/1003/705 634/1002/436 636/697/438 863/1008/710 
s 2
f 860/1005/707 859/1004/706 863/1009/711 864/1010/712 
f 538/570/340 860/1005/707 864/1010/712 539/571/341 
s 1
f 865/1011/713 637/696/439 635/694/437 861/1006/708 
f 866/1012/714 865/1011/713 861/1006/708 862/1007/709 
f 414/446/216 866/1012/714 862/1007/709 415/447/217 
f 863/1008/710 636/697/438 638/700/440 867/1013/715 
s 2
f 864/1010/712 863/1009/711 867/1014/716 868/1015/717 
f 539/571/341 864/1010/712 868/1015/717 540/572/342 
s 1
f 869/1016/718 639/701/441 637/696/439 865/1011/713 
f 870/1017/719 869/1016/718 865/1011/713 866/1012/714 
f 413/445/215 870/1017/719 866/1012/714 414/446/216 
f 867/1013/715 638/700/440 640/703/442 871/1018/720 
s 2
f 868/1015/717 867/1014/716 871/1019/721 872/1020/722 
f 540/572/342 868/1015/717 872/1020/722 541/573/343 
s 1
f 873/1021/723 641/704/443 639/701/441 869/1016/718 
f 874/1022/724 873/1021/723 869/1016/718 870/1017/719 
f 412/444/214 874/1022/724 870/1017/719 413/445/215 
f 871/1018/720 640/703/442 642/705/444 875/1023/725 
s 2
f 872/1020/722 871/1019/721 875/1024/726 876/1025/727 
f 541/573/343 872/1020/722 876/1025/727 542/574/344 
s 1
f 877/1026/728 643/706/445 641/704/443 873/1021/723 
f 878/1027/729 877/1026/728 873/1021/723 874/1022/724 
f 411/443/213 878/1027/729 874/1022/724 412/444/214 
f 875/1023/725 642/705/444 644/708/446 879/1028/730 
s 2
f 876/1025/727 875/1024/726 879/1029/731 880/1030/732 
f 542/574/344 876/1025/727 880/1030/732 543/575/345 
s 1
f 881/1031/733 645/709/447 643/706/445 877/1026/728 
f 882/1032/734 881/1031/733 877/1026/728 878/1027/729 
f 410/442/212 882/1032/734 878/1027/729 411/443/213 
f 879/1028/730 644/708/446 646/711/448 883/1033/735 
s 2
f 880/1030/732 879/1029/731 883/1034/736 884/1035/737 
f 543/575/345 880/1030/732 884/1035/737 544/576/346 
s 1
f 885/1036/738 647/712/449 645/709/447 881/1031/733 
f 886/1037/739 885/1036/738 881/1031/733 882/1032/734 
f 409/441/211 886/1037/739 882/1032/734 410/442/212 
f 883/1033/735 646/711/448 648/714/450 887/1038/740 
s 2
f 884/1035/737 883/1034/736 887/1039/741 888/1040/742 
f 544/576/346 884/1035/737 888/1040/742 477/509/279 
s 1
f 889/1041/743 649/715/451 647/712/449 885/1036/738 
f 890/1042/744 889/1041/743 885/1036/738 886/1037/739 
f 476/508/278 890/1042/744 886/1037/739 409/441/211 
f 887/1038/740 648/714/450 650/717/452 891/1043/745 
s 2
f 888/1040/742 887/1039/741 891/1044/746 892/1045/747 
f 477/509/279 888/1040/742 892/1045/747 478/510/280 
s 1
f 893/1046/748 651/718/453 649/715/451 889/1041/743 
f 894/1047/749 893/1046/748 889/1041/743 890/1042/744 
f 475/507/277 894/1047/749 890/1042/744 476/508/278 
f 891/1043/745 650/717/452 652/719/454 895/1048/750 
s 2
f 892/1045/747 891/1044/746 895/1049/751 896/1050/752 
f 478/510/280 892/1045/747 896/1050/752 479/511/281 
s 1
f 897/1051/753 653/720/455 651/718/453 893/1046/748 
f 898/1052/754 897/1051/753 893/1046/748 894/1047/749 
f 474/506/276 898/1052/754 894/1047/749 475/507/277 
f 895/1048/750 652/719/454 654/722/456 899/1053/755 
s 2
f 896/1050/752 895/1049/751 899/1054/756 900/1055/757 
f 479/511/281 896/1050/752 900/1055/757 480/512/282 
s 1
f 901/1056/758 655/723/457 653/720/455 897/1051/753 
f 902/1057/759 901/1056/758 897/1051/753 898/1052/754 
f 473/505/275 902/1057/759 898/1052/754 474/506/276 
f 899/1053/755 654/722/456 656/725/458 903/1058/760 
s 2
f 900/1055/757 899/1054/756 903/1059/761 904/1060/762 
f 480/512/282 900/1055/757 904/1060/762 481/513/283 
s 1
f 905/1061/763 657/726/459 655/723/457 901/1056/758 
f 906/1062/764 905/1061/763 901/1056/758 902/1057/759 
f 472/504/274 906/1062/764 902/1057/759 473/505/275 
f 903/1058/760 656/725/458 658/728/460 907/1063/765 
s 2
f 904/1060/762 903/1059/761 907/1064/766 908/1065/767 
f 481/513/283 904/1060/762 908/1065/767 482/514/284 
s 1
f 909/1066/768 659/729/461 657/726/459 905/1061/763 
f 910/1067/769 909/1066/768 905/1061/763 906/1062/764 
f 471/503/273 910/1067/769 906/1062/764 472/504/274 
f 907/1063/765 658/728/460 660/1068/462 911/1069/770 
s 2
f 908/1065/767 907/1064/766 911/1070/771 912/1071/772 
f 482/514/284 908/1065/767 912/1071/772 483/515/285 
s 1
f 913/1072/773 661/732/463 659/729/461 909/1066/768 
f 914/1073/774 913/1072/773 909/1066/768 910/1067/769 
f 470/502/272 914/1073/774 910/1067/769 471/503/273 
f 911/1069/770 660/1068/462 662/1074/464 915/1075/775 
s 2
f 912/1071/772 911/1070/771 915/1076/776 916/1077/777 
f 483/515/285 912/1071/772 916/1077/777 484/516/286 
s 1
f 917/1078/778 663/734/465 661/732/463 913/1072/773 
f 918/1079/779 917/1078/778 913/1072/773 914/1073/774 
f 469/501/271 918/1079/779 914/1073/774 470/502/272 
f 915/1075/775 662/1074/464 664/1080/466 919/1081/780 
s 2
f 916/1077/777 915/1076/776 919/1082/781 920/1083/782 
f 484/516/286 916/1077/777 920/1083/782 485/517/287 
s 1
f 921/1084/783 665/736/467 663/734/465 917/1078/778 
f 922/1085/784 921/1084/783 917/1078/778 918/1079/779 
f 468/500/270 922/1085/784 918/1079/779 469/501/271 
f 919/1086/780 664/1087/466 666/1088/468 923/1089/785 
s 2
f 920/1083/782 919/1082/781 923/1090/786 924/1091/787 
f 485/517/287 920/1083/782 924/1091/787 486/518/288 
s 1
f 925/1092/788 667/738/469 665/736/467 921/1084/783 
f 926/1093/789 925/1092/788 921/1084/783 922/1085/784 
f 467/499/269 926/1093/789 922/1085/784 468/500/270 
f 923/1089/785 666/1088/468 668/1094/470 927/1095/790 
s 2
f 924/1091/787 923/1090/786 927/1096/791 928/1097/792 
f 486/518/288 924/1091/787 928/1097/792 487/519/289 
s 1
f 929/1098/793 669/740/471 667/738/469 925/1092/788 
f 930/1099/794 929/1098/793 925/1092/788 926/1093/789 
f 466/498/268 930/1099/794 926/1093/789 467/499/269 
f 927/1095/790 668/1094/470 670/1100/472 931/1101/795 
s 2
f 928/1097/792 927/1096/791 931/1102/796 932/1103/797 
f 487/519/289 928/1097/792 932/1103/797 488/520/290 
s 1
f 933/1104/798 671/742/473 669/740/471 929/1098/793 
f 934/1105/799 933/1104/798 929/1098/793 930/1099/794 
f 465/497/267 934/1105/799 930/1099/794 466/498/268 
f 931/1101/795 670/1100/472 672/745/474 935/1106/800 
s 2
f 932/1103/797 931/1102/796 935/1107/801 936/1108/802 
f 488/520/290 932/1103/797 936/1108/802 489/521/291 
s 1
f 937/1109/803 673/744/475 671/742/473 933/1104/798 
f 938/1110/804 937/1109/803 933/1104/798 934/1105/799 
f 464/496/266 938/1110/804 934/1105/799 465/497/267 
f 935/1106/800 672/745/474 674/748/476 939/1111/805 
s 2
f 936/1108/802 935/1107/801 939/1112/806 940/1113/807 
f 489/521/291 936/1108/802 940/1113/807 490/522/292 
s 1
f 941/1114/808 675/749/477 673/744/475 937/1109/803 
f 942/1115/809 941/1114/808 937/1109/803 938/1110/804 
f 463/495/265 942/1115/809 938/1110/804 464/496/266 
f 939/1111/805 674/748/476 676/751/478 943/1116/810 
s 2
f 940/1113/807 939/1112/806 943/1117/811 944/1118/812 
f 490/522/292 940/1113/807 944/1118/812 491/523/293 
s 1
f 945/1119/813 677/752/479 675/749/477 941/1114/808 
f 946/1120/814 945/1119/813 941/1114/808 942/1115/809 
f 462/494/264 946/1120/814 942/1115/809 463/495/265 
f 943/1116/810 676/751/478 678/753/480 947/1121/815 
s 2
f 944/1118/812 943/1117/811 947/1122/816 948/1123/817 
f 491/523/293 944/1118/812 948/1123/817 492/524/294 
s 1
f 949/1124/818 679/754/481 677/752/479 945/1119/813 
f 950/1125/819 949/1124/818 945/1119/813 946/1120/814 
f 461/493/263 950/1125/819 946/1120/814 462/494/264 
f 947/1121/815 678/753/480 680/756/482 951/1126/820 
s 2
f 948/1123/817 947/1122/816 951/1127/821 952/1128/822 
f 492/524/294 948/1123/817 952/1128/822 493/525/295 
s 1
f 682/758/484 546/579/348 679/754/481 949/1124/818 
f 684/760/486 682/758/484 949/1124/818 950/1125/819 
f 460/492/262 684/760/486 950/1125/819 461/493/263 
f 951/1126/820 680/756/482 547/580/349 685/761/487 
s 2
f 952/1128/822 951/1127/821 685/764/490 687/763/489 
f 493/525/295 952/1128/822 687/763/489 494/526/296 
s 1
f 953/1129/74 954/1130/74 955/1131/74 956/1132/74 
f 957/1133/823 958/1134/824 959/1135/825 
f 957/1133/823 959/1135/825 960/1136/826 
f 957/1133/823 960/1136/826 961/1137/827 
f 957/1133/823 961/1137/827 962/1138/828 
f 957/1133/823 962/1138/828 963/1139/829 
f 957/1133/823 963/1139/829 964/1140/830 
f 957/1133/823 964/1140/830 965/1141/831 
f 957/1133/823 965/1141/831 966/1142/832 
f 957/1133/823 966/1142/832 967/1143/833 
f 957/1133/823 967/1143/833 968/1144/834 
f 969/1145/835 970/1146/836 971/1147/836 972/1148/835 
f 973/1149/837 974/1150/838 975/1151/839 
f 973/1149/837 975/1151/839 976/1152/840 
f 973/1149/837 976/1152/840 977/1153/841 
f 973/1149/837 977/1153/841 978/1154/842 
f 973/1149/837 978/1154/842 979/1155/843 
f 973/1149/837 979/1155/843 980/1156/844 
f 973/1149/837 980/1156/844 981/1157/845 
f 973/1149/837 981/1157/845 982/1158/846 
f 973/1149/837 982/1158/846 983/1159/847 
f 973/1149/837 983/1159/847 984/1160/848 
f 985/1161/849 986/1162/850 987/1163/850 988/1164/849 
f 989/1165/851 990/1166/852 991/1167/853 
f 989/1165/851 991/1167/853 992/1168/854 
f 989/1165/851 992/1168/854 993/1169/855 
f 989/1165/851 993/1169/855 994/1170/856 
f 989/1165/851 994/1170/856 995/1171/857 
f 989/1165/851 995/1171/857 996/1172/858 
f 989/1165/851 996/1172/858 997/1173/859 
f 989/1165/851 997/1173/859 998/1174/860 
f 989/1165/851 998/1174/860 999/1175/861 
f 989/1165/851 999/1175/861 1000/1176/862 
f 1001/1177/863 1002/1178/864 1003/1179/864 1004/1180/863 
f 1005/1181/865 1006/1182/866 1007/1183/867 
f 1005/1181/865 1007/1183/867 1008/1184/868 
f 1005/1181/865 1008/1184/868 1009/1185/869 
f 1005/1181/865 1009/1185/869 1010/1186/870 
f 1005/1181/865 1010/1186/870 1011/1187/871 
f 1005/1181/865 1011/1187/871 1012/1188/872 
f 1005/1181/865 1012/1188/872 1013/1189/873 
f 1005/1181/865 1013/1189/873 1014/1190/874 
f 1005/1181/865 1014/1190/874 1015/1191/875 
f 1005/1181/865 1015/1191/875 1016/1192/876 
f 1017/1193/877 1018/1194/878 1019/1195/878 1020/1196/877 
f 1021/1197/879 959/1135/825 958/1134/824 1022/1198/880 
f 1023/1199/881 960/1136/826 959/1135/825 1021/1197/879 
f 1024/1200/882 961/1137/827 960/1136/826 1023/1199/881 
f 1025/1201/883 962/1138/828 961/1137/827 1024/1200/882 
f 1026/1202/884 963/1139/829 962/1138/828 1025/1201/883 
f 1027/1203/885 964/1140/830 963/1139/829 1026/1202/884 
f 1028/1204/886 965/1141/831 964/1140/830 1027/1203/885 
f 1029/1205/887 966/1142/832 965/1141/831 1028/1204/886 
f 1030/1206/888 967/1143/833 966/1142/832 1029/1205/887 
f 1031/1207/889 968/1144/834 967/1143/833 1030/1206/888 
f 1032/1208/890 969/1145/835 972/1148/835 1033/1209/890 
f 1034/1210/891 975/1151/839 974/1150/838 1035/1211/892 
f 1036/1212/893 976/1152/840 975/1151/839 1034/1210/891 
f 1037/1213/894 977/1153/841 976/1152/840 1036/1212/893 
f 1038/1214/895 978/1154/842 977/1153/841 1037/1213/894 
f 1039/1215/896 979/1155/843 978/1154/842 1038/1214/895 
f 1040/1216/897 980/1156/844 979/1155/843 1039/1215/896 
f 1041/1217/898 981/1157/845 980/1156/844 1040/1216/897 
f 1042/1218/899 982/1158/846 981/1157/845 1041/1217/898 
f 1043/1219/900 983/1159/847 982/1158/846 1042/1218/899 
f 1044/1220/901 984/1160/848 983/1159/847 1043/1219/900 
f 1045/1221/902 985/1161/849 988/1164/849 1046/1222/902 
f 1047/1223/903 991/1167/853 990/1166/852 1048/1224/904 
f 1049/1225/905 992/1168/854 991/1167/853 1047/1223/903 
f 1050/1226/906 993/1169/855 992/1168/854 1049/1225/905 
f 1051/1227/907 994/1170/856 993/1169/855 1050/1226/906 
f 1052/1228/908 995/1171/857 994/1170/856 1051/1227/907 
f 1053/1229/909 996/1172/858 995/1171/857 1052/1228/908 
f 1054/1230/910 997/1173/859 996/1172/858 1053/1229/909 
f 1055/1231/911 998/1174/860 997/1173/859 1054/1230/910 
f 1056/1232/912 999/1175/861 998/1174/860 1055/1231/911 
f 1057/1233/913 1000/1176/862 999/1175/861 1056/1232/912 
f 1058/1234/914 1001/1177/863 1004/1180/863 1059/1235/914 
f 1060/1236/915 1007/1183/867 1006/1182/866 1061/1237/916 
f 1062/1238/917 1008/1184/868 1007/1183/867 1060/1236/915 
f 1063/1239/918 1009/1185/869 1008/1184/868 1062/1238/917 
f 1064/1240/919 1010/1186/870 1009/1185/869 1063/1239/918 
f 1065/1241/920 1011/1187/871 1010/1186/870 1064/1240/919 
f 1066/1242/921 1012/1188/872 1011/1187/871 1065/1241/920 
f 1067/1243/922 1013/1189/873 1012/1188/872 1066/1242/921 
f 1068/1244/923 1014/1190/874 1013/1189/873 1067/1243/922 
f 1069/1245/924 1015/1191/875 1014/1190/874 1068/1244/923 
f 1070/1246/925 1016/1192/876 1015/1191/875 1069/1245/924 
f 1071/1247/926 1017/1193/877 1020/1196/877 1072/1248/926 
f 1073/1249/927 1021/1197/879 1022/1198/880 1074/1250/928 
f 1075/1251/929 1023/1199/881 1021/1197/879 1073/1249/927 
f 1076/1252/930 1024/1200/882 1023/1199/881 1075/1251/929 
f 1077/1253/931 1025/1201/883 1024/1200/882 1076/1252/930 
f 1078/1254/932 1026/1202/884 1025/1201/883 1077/1253/931 
f 1079/1255/933 1027/1203/885 1026/1202/884 1078/1254/932 
f 1080/1256/934 1028/1204/886 1027/1203/885 1079/1255/933 
f 1081/1257/935 1029/1205/887 1028/1204/886 1080/1256/934 
f 1082/1258/936 1030/1206/888 1029/1205/887 1081/1257/935 
f 1083/1259/937 1031/1207/889 1030/1206/888 1082/1258/936 
f 1084/1260/938 1032/1208/890 1033/1209/890 1085/1261/938 
f 1086/1262/939 1034/1210/891 1035/1211/892 1087/1263/940 
f 1088/1264/941 1036/1212/893 1034/1210/891 1086/1262/939 
f 1089/1265/942 1037/1213/894 1036/1212/893 1088/1264/941 
f 1090/1266/943 1038/1214/895 1037/1213/894 1089/1265/942 
f 1091/1267/944 1039/1215/896 1038/1214/895 1090/1266/943 
f 1092/1268/945 1040/1216/897 1039/1215/896 1091/1267/944 
f 1093/1269/946 1041/1217/898 1040/1216/897 1092/1268/945 
f 1094/1270/947 1042/1218/899 1041/1217/898 1093/1269/946 
f 1095/1271/948 1043/1219/900 1042/1218/899 1094/1270/947 
f 1096/1272/949 1044/1220/901 1043/1219/900 1095/1271/948 
f 1097/1273/950 1045/1221/902 1046/1222/902 1098/1274/950 
f 1099/1275/951 1047/1223/903 1048/1224/904 1100/1276/952 
f 1101/1277/953 1049/1225/905 1047/1223/903 1099/1275/951 
f 1102/1278/954 1050/1226/906 1049/1225/905 1101/1277/953 
f 1103/1279/955 1051/1227/907 1050/1226/906 1102/1278/954 
f 1104/1280/956 1052/1228/908 1051/1227/907 1103/1279/955 
f 1105/1281/957 1053/1229/909 1052/1228/908 1104/1280/956 
f 1106/1282/958 1054/1230/910 1053/1229/909 1105/1281/957 
f 1107/1283/959 1055/1231/911 1054/1230/910 1106/1282/958 
f 1108/1284/960 1056/1232/912 1055/1231/911 1107/1283/959 
f 1109/1285/961 1057/1233/913 1056/1232/912 1108/1284/960 
f 1110/1286/962 1058/1234/914 1059/1235/914 1111/1287/962 
f 1112/1288/963 1060/1236/915 1061/1237/916 1113/1289/964 
f 1114/1290/965 1062/1238/917 1060/1236/915 1112/1288/963 
f 1115/1291/966 1063/1239/918 1062/1238/917 1114/1290/965 
f 1116/1292/967 1064/1240/919 1063/1239/918 1115/1291/966 
f 1117/1293/968 1065/1241/920 1064/1240/919 1116/1292/967 
f 1118/1294/969 1066/1242/921 1065/1241/920 1117/1293/968 
f 1119/1295/970 1067/1243/922 1066/1242/921 1118/1294/969 
f 1120/1296/971 1068/1244/923 1067/1243/922 1119/1295/970 
f 1121/1297/972 1069/1245/924 1068/1244/923 1120/1296/971 
f 1122/1298/973 1070/1246/925 1069/1245/924 1121/1297/972 
f 1123/1299/974 1071/1247/926 1072/1248/926 1124/1300/974 
f 1125/1301/975 1073/1249/927 1074/1250/928 1126/1302/976 
f 1127/1303/977 1075/1251/929 1073/1249/927 1125/1301/975 
f 1128/1304/978 1076/1252/930 1075/1251/929 1127/1303/977 
f 1129/1305/979 1077/1253/931 1076/1252/930 1128/1304/978 
f 1130/1306/980 1078/1254/932 1077/1253/931 1129/1305/979 
f 1131/1307/981 1079/1255/933 1078/1254/932 1130/1306/980 
f 1132/1308/982 1080/1256/934 1079/1255/933 1131/1307/981 
f 1133/1309/983 1081/1257/935 1080/1256/934 1132/1308/982 
f 1134/1310/984 1082/1258/936 1081/1257/935 1133/1309/983 
f 1135/1311/985 1083/1259/937 1082/1258/936 1134/1310/984 
f 1136/1312/986 1084/1260/938 1085/1261/938 1137/1313/986 
f 1138/1314/987 1086/1262/939 1087/1263/940 1139/1315/988 
f 1140/1316/989 1088/1264/941 1086/1262/939 1138/1314/987 
f 1141/1317/990 1089/1265/942 1088/1264/941 1140/1316/989 
f 1142/1318/991 1090/1266/943 1089/1265/942 1141/1317/990 
f 1143/1319/992 1091/1267/944 1090/1266/943 1142/1318/991 
f 1144/1320/993 1092/1268/945 1091/1267/944 1143/1319/992 
f 1145/1321/994 1093/1269/946 1092/1268/945 1144/1320/993 
f 1146/1322/995 1094/1270/947 1093/1269/946 1145/1321/994 
f 1147/1323/996 1095/1271/948 1094/1270/947 1146/1322/995 
f 1148/1324/997 1096/1272/949 1095/1271/948 1147/1323/996 
f 1149/1325/998 1097/1273/950 1098/1274/950 1150/1326/998 
f 1151/1327/999 1099/1275/951 1100/1276/952 1152/1328/1000 
f 1153/1329/1001 1101/1277/953 1099/1275/951 1151/1327/999 
f 1154/1330/1002 1102/1278/954 1101/1277/953 1153/1329/1001 
f 1155/1331/1003 1103/1279/955 1102/1278/954 1154/1330/1002 
f 1156/1332/1004 1104/1280/956 1103/1279/955 1155/1331/1003 
f 1157/1333/1005 1105/1281/957 1104/1280/956 1156/1332/1004 
f 1158/1334/1006 1106/1282/958 1105/1281/957 1157/1333/1005 
f 1159/1335/1007 1107/1283/959 1106/1282/958 1158/1334/1006 
f 1160/1336/1008 1108/1284/960 1107/1283/959 1159/1335/1007 
f 1161/1337/1009 1109/1285/961 1108/1284/960 1160/1336/1008 
f 1162/1338/1010 1110/1286/962 1111/1287/962 1163/1339/1010 
f 1164/1340/1011 1112/1288/963 1113/1289/964 1165/1341/1012 
f 1166/1342/1013 1114/1290/965 1112/1288/963 1164/1340/1011 
f 1167/1343/1014 1115/1291/966 1114/1290/965 1166/1342/1013 
f 1168/1344/1015 1116/1292/967 1115/1291/966 1167/1343/1014 
f 1169/1345/1016 1117/1293/968 1116/1292/967 1168/1344/1015 
f 1170/1346/1017 1118/1294/969 1117/1293/968 1169/1345/1016 
f 1171/1347/1018 1119/1295/970 1118/1294/969 1170/1346/1017 
f 1172/1348/1019 1120/1296/971 1119/1295/970 1171/1347/1018 
f 1173/1349/1020 1121/1297/972 1120/1296/971 1172/1348/1019 
f 1174/1350/1021 1122/1298/973 1121/1297/972 1173/1349/1020 
f 1175/1351/1022 1123/1299/974 1124/1300/974 1176/1352/1022 
f 1177/1353/1023 1125/1301/975 1126/1302/976 1178/1354/1024 
f 1179/1355/1025 1127/1303/977 1125/1301/975 1177/1353/1023 
f 1180/1356/1026 1128/1304/978 1127/1303/977 1179/1355/1025 
f 1181/1357/1027 1129/1305/979 1128/1304/978 1180/1356/1026 
f 1182/1358/1028 1130/1306/980 1129/1305/979 1181/1357/1027 
f 1183/1359/1029 1131/1307/981 1130/1306/980 1182/1358/1028 
f 1184/1360/1030 1132/1308/982 1131/1307/981 1183/1359/1029 
f 1185/1361/1031 1133/1309/983 1132/1308/982 1184/1360/1030 
f 1186/1362/1032 1134/1310/984 1133/1309/983 1185/1361/1031 
f 1187/1363/1033 1135/1311/985 1134/1310/984 1186/1362/1032 
f 1188/1364/1034 1136/1312/986 1137/1313/986 1189/1365/1034 
f 1190/1366/1035 1138/1314/987 1139/1315/988 1191/1367/1036 
f 1192/1368/1037 1140/1316/989 1138/1314/987 1190/1366/1035 
f 1193/1369/1038 1141/1317/990 1140/1316/989 1192/1368/1037 
f 1194/1370/1039 1142/1318/991 1141/1317/990 1193/1369/1038 
f 1195/1371/1040 1143/1319/992 1142/1318/991 1194/1370/1039 
f 1196/1372/1041 1144/1320/993 1143/1319/992 1195/1371/1040 
f 1197/1373/1042 1145/1321/994 1144/1320/993 1196/1372/1041 
f 1198/1374/1043 1146/1322/995 1145/1321/994 1197/1373/1042 
f 1199/1375/1044 1147/1323/996 1146/1322/995 1198/1374/1043 
f 1200/1376/1045 1148/1324/997 1147/1323/996 1199/1375/1044 
f 1201/1377/1046 1149/1325/998 1150/1326/998 1202/1378/1046 
f 1203/1379/1047 1151/1327/999 1152/1328/1000 1204/1380/1048 
f 1205/1381/1049 1153/1329/1001 1151/1327/999 1203/1379/1047 
f 1206/1382/1050 1154/1330/1002 1153/1329/1001 1205/1381/1049 
f 1207/1383/1051 1155/1331/1003 1154/1330/1002 1206/1382/1050 
f 1208/1384/1052 1156/1332/1004 1155/1331/1003 1207/1383/1051 
f 1209/1385/1053 1157/1333/1005 1156/1332/1004 1208/1384/1052 
f 1210/1386/1054 1158/1334/1006 1157/1333/1005 1209/1385/1053 
f 1211/1387/1055 1159/1335/1007 1158/1334/1006 1210/1386/1054 
f 1212/1388/1056 1160/1336/1008 1159/1335/1007 1211/1387/1055 
f 1213/1389/1057 1161/1337/1009 1160/1336/1008 1212/1388/1056 
f 1214/1390/1058 1162/1338/1010 1163/1339/1010 1215/1391/1058 
f 1216/1392/1059 1164/1340/1011 1165/1341/1012 1217/1393/1060 
f 1218/1394/1061 1166/1342/1013 1164/1340/1011 1216/1392/1059 
f 1219/1395/1062 1167/1343/1014 1166/1342/1013 1218/1394/1061 
f 1220/1396/1063 1168/1344/1015 1167/1343/1014 1219/1395/1062 
f 1221/1397/1064 1169/1345/1016 1168/1344/1015 1220/1396/1063 
f 1222/1398/1065 1170/1346/1017 1169/1345/1016 1221/1397/1064 
f 1223/1399/1066 1171/1347/1018 1170/1346/1017 1222/1398/1065 
f 1224/1400/1067 1172/1348/1019 1171/1347/1018 1223/1399/1066 
f 1225/1401/1068 1173/1349/1020 1172/1348/1019 1224/1400/1067 
f 1226/1402/1069 1174/1350/1021 1173/1349/1020 1225/1401/1068 
f 1227/1403/1070 1175/1351/1022 1176/1352/1022 1228/1404/1070 
f 1229/1405/1071 1177/1406/1023 1178/1407/1024 1230/1408/1072 
f 1231/1409/1073 1179/1410/1025 1177/1406/1023 1229/1405/1071 
f 1232/1411/1074 1180/1412/1026 1179/1410/1025 1231/1409/1073 
f 1233/1413/1075 1181/1414/1027 1180/1412/1026 1232/1411/1074 
f 1234/1415/1076 1182/1358/1028 1181/1357/1027 1233/1416/1075 
f 1235/1417/1077 1183/1359/1029 1182/1358/1028 1234/1415/1076 
f 1236/1418/1078 1184/1360/1030 1183/1359/1029 1235/1417/1077 
f 1237/1419/1079 1185/1361/1031 1184/1360/1030 1236/1418/1078 
f 1238/1420/1080 1186/1362/1032 1185/1361/1031 1237/1419/1079 
f 1239/1421/1081 1187/1363/1033 1186/1362/1032 1238/1420/1080 
f 1240/1422/1082 1188/1364/1034 1189/1365/1034 1241/1423/1082 
f 1242/1424/1083 1190/1366/1035 1191/1367/1036 1243/1425/1084 
f 1244/1426/1085 1192/1368/1037 1190/1366/1035 1242/1424/1083 
f 1245/1427/1086 1193/1369/1038 1192/1368/1037 1244/1426/1085 
f 1246/1428/1087 1194/1370/1039 1193/1369/1038 1245/1427/1086 
f 1247/1429/1088 1195/1371/1040 1194/1370/1039 1246/1428/1087 
f 1248/1430/1089 1196/1372/1041 1195/1371/1040 1247/1429/1088 
f 1249/1431/1090 1197/1432/1042 1196/1433/1041 1248/1434/1089 
f 1250/1435/1091 1198/1436/1043 1197/1432/1042 1249/1431/1090 
f 1251/1437/1092 1199/1438/1044 1198/1436/1043 1250/1435/1091 
f 1252/1439/1093 1200/1440/1045 1199/1438/1044 1251/1437/1092 
f 1253/1441/1094 1201/1442/1046 1202/1443/1046 1254/1444/1094 
f 1255/1445/1095 1203/1446/1047 1204/1447/1048 1256/1448/1096 
f 1257/1449/1097 1205/1450/1049 1203/1446/1047 1255/1445/1095 
f 1258/1451/1098 1206/1452/1050 1205/1450/1049 1257/1449/1097 
f 1259/1453/1099 1207/1454/1051 1206/1452/1050 1258/1451/1098 
f 1260/1455/1100 1208/1384/1052 1207/1383/1051 1259/1456/1099 
f 1261/1457/1101 1209/1385/1053 1208/1384/1052 1260/1455/1100 
f 1262/1458/1102 1210/1386/1054 1209/1385/1053 1261/1457/1101 
f 1263/1459/1103 1211/1387/1055 1210/1386/1054 1262/1458/1102 
f 1264/1460/1104 1212/1388/1056 1211/1387/1055 1263/1459/1103 
f 1265/1461/1105 1213/1389/1057 1212/1388/1056 1264/1460/1104 
f 1266/1462/1106 1214/1390/1058 1215/1391/1058 1267/1463/1106 
f 1268/1464/1107 1216/1392/1059 1217/1393/1060 1269/1465/1108 
f 1270/1466/1109 1218/1394/1061 1216/1392/1059 1268/1464/1107 
f 1271/1467/1110 1219/1395/1062 1218/1394/1061 1270/1466/1109 
f 1272/1468/1111 1220/1396/1063 1219/1395/1062 1271/1467/1110 
f 1273/1469/1112 1221/1397/1064 1220/1396/1063 1272/1468/1111 
f 1274/1470/1113 1222/1398/1065 1221/1397/1064 1273/1469/1112 
f 1275/1471/1114 1223/1472/1066 1222/1473/1065 1274/1474/1113 
f 1276/1475/1115 1224/1476/1067 1223/1472/1066 1275/1471/1114 
f 1277/1477/1116 1225/1478/1068 1224/1476/1067 1276/1475/1115 
f 1278/1479/1117 1226/1480/1069 1225/1478/1068 1277/1477/1116 
f 1279/1481/1118 1227/1482/1070 1228/1483/1070 1280/1484/1118 
f 1281/1485/1119 1229/1405/1071 1230/1408/1072 1282/1486/1120 
f 1283/1487/1121 1231/1409/1073 1229/1405/1071 1281/1485/1119 
f 1284/1488/1122 1232/1411/1074 1231/1409/1073 1283/1487/1121 
f 1285/1489/1123 1233/1413/1075 1232/1411/1074 1284/1488/1122 
f 1286/1490/1124 1234/1491/1076 1233/1413/1075 1285/1489/1123 
f 1287/1492/1125 1235/1493/1077 1234/1491/1076 1286/1490/1124 
f 1288/1494/1126 1236/1495/1078 1235/1496/1077 1287/1497/1125 
f 1289/1498/1127 1237/1499/1079 1236/1495/1078 1288/1494/1126 
f 1290/1500/1128 1238/1501/1080 1237/1499/1079 1289/1498/1127 
f 1291/1502/1129 1239/1503/1081 1238/1501/1080 1290/1500/1128 
f 1292/1504/1130 1240/1505/1082 1241/1506/1082 1293/1507/1130 
f 1294/1508/1131 1242/1509/1083 1243/1510/1084 1295/1511/1132 
f 1296/1512/1133 1244/1513/1085 1242/1509/1083 1294/1508/1131 
f 1297/1514/1134 1245/1515/1086 1244/1513/1085 1296/1512/1133 
f 1298/1516/1135 1246/1517/1087 1245/1515/1086 1297/1514/1134 
f 1299/1518/1136 1247/1519/1088 1246/1520/1087 1298/1521/1135 
f 1300/1522/1137 1248/1434/1089 1247/1519/1088 1299/1518/1136 
f 1301/1523/1138 1249/1431/1090 1248/1434/1089 1300/1522/1137 
f 1302/1524/1139 1250/1435/1091 1249/1431/1090 1301/1523/1138 
f 1303/1525/1140 1251/1437/1092 1250/1435/1091 1302/1524/1139 
f 1304/1526/1141 1252/1439/1093 1251/1437/1092 1303/1525/1140 
f 1305/1527/1142 1253/1441/1094 1254/1444/1094 1306/1528/1142 
f 1307/1529/1143 1255/1445/1095 1256/1448/1096 1308/1530/1144 
f 1309/1531/1145 1257/1449/1097 1255/1445/1095 1307/1529/1143 
f 1310/1532/1146 1258/1451/1098 1257/1449/1097 1309/1531/1145 
f 1311/1533/1147 1259/1453/1099 1258/1451/1098 1310/1532/1146 
f 1312/1534/1148 1260/1535/1100 1259/1453/1099 1311/1533/1147 
f 1313/1536/1149 1261/1537/1101 1260/1535/1100 1312/1534/1148 
f 1314/1538/1150 1262/1539/1102 1261/1540/1101 1313/1541/1149 
f 1315/1542/1151 1263/1543/1103 1262/1539/1102 1314/1538/1150 
f 1316/1544/1152 1264/1545/1104 1263/1543/1103 1315/1542/1151 
f 1317/1546/1153 1265/1547/1105 1264/1545/1104 1316/1544/1152 
f 1318/1548/1154 1266/1549/1106 1267/1550/1106 1319/1551/1154 
f 1320/1552/1155 1268/1553/1107 1269/1554/1108 1321/1555/1156 
f 1322/1556/1157 1270/1557/1109 1268/1553/1107 1320/1552/1155 
f 1323/1558/1158 1271/1559/1110 1270/1557/1109 1322/1556/1157 
f 1324/1560/1159 1272/1561/1111 1271/1559/1110 1323/1558/1158 
f 1325/1562/1160 1273/1563/1112 1272/1564/1111 1324/1565/1159 
f 1326/1566/1161 1274/1474/1113 1273/1563/1112 1325/1562/1160 
f 1327/1567/1162 1275/1471/1114 1274/1474/1113 1326/1566/1161 
f 1328/1568/1163 1276/1475/1115 1275/1471/1114 1327/1567/1162 
f 1329/1569/1164 1277/1477/1116 1276/1475/1115 1328/1568/1163 
f 1330/1570/1165 1278/1479/1117 1277/1477/1116 1329/1569/1164 
f 1331/1571/1166 1279/1481/1118 1280/1484/1118 1332/1572/1166 
f 1333/1573/1167 1281/1485/1119 1282/1486/1120 1334/1574/1168 
f 1335/1575/1169 1283/1487/1121 1281/1485/1119 1333/1573/1167 
f 1336/1576/1170 1284/1488/1122 1283/1487/1121 1335/1575/1169 
f 1337/1577/1171 1285/1489/1123 1284/1488/1122 1336/1576/1170 
f 1338/1578/1172 1286/1490/1124 1285/1489/1123 1337/1577/1171 
f 1339/1579/1173 1287/1492/1125 1286/1490/1124 1338/1578/1172 
f 1340/1580/1174 1288/1494/1126 1287/1497/1125 1339/1581/1173 
f 1341/1582/1175 1289/1498/1127 1288/1494/1126 1340/1580/1174 
f 1342/1583/1176 1290/1500/1128 1289/1498/1127 1341/1582/1175 
f 1343/1584/1177 1291/1502/1129 1290/1500/1128 1342/1583/1176 
f 1344/1585/1178 1292/1504/1130 1293/1507/1130 1345/1586/1178 
f 1346/1587/1179 1294/1508/1131 1295/1511/1132 1347/1588/1180 
f 1348/1589/1181 1296/1512/1133 1294/1508/1131 1346/1587/1179 
f 1349/1590/1182 1297/1514/1134 1296/1512/1133 1348/1589/1181 
f 1350/1591/1183 1298/1516/1135 1297/1514/1134 1349/1590/1182 
f 1351/1592/1184 1299/1518/1136 1298/1521/1135 1350/1593/1183 
f 1352/1594/1185 1300/1522/1137 1299/1518/1136 1351/1592/1184 
f 1353/1595/1186 1301/1523/1138 1300/1522/1137 1352/1594/1185 
f 1354/1596/1187 1302/1524/1139 1301/1523/1138 1353/1595/1186 
f 1355/1597/1188 1303/1525/1140 1302/1524/1139 1354/1596/1187 
f 1356/1598/1189 1304/1526/1141 1303/1525/1140 1355/1597/1188 
f 1357/1599/1190 1305/1527/1142 1306/1528/1142 1358/1600/1190 
f 1359/1601/1191 1307/1529/1143 1308/1530/1144 1360/1602/1192 
f 1361/1603/1193 1309/1531/1145 1307/1529/1143 1359/1601/1191 
f 1362/1604/1194 1310/1532/1146 1309/1531/1145 1361/1603/1193 
f 1363/1605/1195 1311/1533/1147 1310/1532/1146 1362/1604/1194 
f 1364/1606/1196 1312/1534/1148 1311/1533/1147 1363/1605/1195 
f 1365/1607/1197 1313/1536/1149 1312/1534/1148 1364/1606/1196 
f 1366/1608/1198 1314/1538/1150 1313/1541/1149 1365/1609/1197 
f 1367/1610/1199 1315/1542/1151 1314/1538/1150 1366/1608/1198 
f 1368/1611/1200 1316/1544/1152 1315/1542/1151 1367/1610/1199 
f 1369/1612/1201 1317/1546/1153 1316/1544/1152 1368/1611/1200 
f 1370/1613/1202 1318/1548/1154 1319/1551/1154 1371/1614/1202 
f 1372/1615/1203 1320/1552/1155 1321/1555/1156 1373/1616/1204 
f 1374/1617/1205 1322/1556/1157 1320/1552/1155 1372/1615/1203 
f 1375/1618/1206 1323/1558/1158 1322/1556/1157 1374/1617/1205 
f 1376/1619/1207 1324/1560/1159 1323/1558/1158 1375/1618/1206 
f 1377/1620/1208 1325/1562/1160 1324/1565/1159 1376/1621/1207 
f 1378/1622/1209 1326/1566/1161 1325/1562/1160 1377/1620/1208 
f 1379/1623/1210 1327/1567/1162 1326/1566/1161 1378/1622/1209 
f 1380/1624/1211 1328/1568/1163 1327/1567/1162 1379/1623/1210 
f 1381/1625/1212 1329/1569/1164 1328/1568/1163 1380/1624/1211 
f 1382/1626/1213 1330/1570/1165 1329/1569/1164 1381/1625/1212 
f 1383/1627/1214 1331/1571/1166 1332/1572/1166 1384/1628/1214 
f 1385/1629/1215 1333/1573/1167 1334/1574/1168 1386/1630/1216 
f 1387/1631/1217 1335/1575/1169 1333/1573/1167 1385/1629/1215 
f 1388/1632/1218 1336/1576/1170 1335/1575/1169 1387/1631/1217 
f 1389/1633/1219 1337/1577/1171 1336/1576/1170 1388/1632/1218 
f 1390/1634/1220 1338/1578/1172 1337/1577/1171 1389/1633/1219 
f 1391/1635/1221 1339/1579/1173 1338/1578/1172 1390/1634/1220 
f 1392/1636/1222 1340/1580/1174 1339/1581/1173 1391/1637/1221 
f 1393/1638/1223 1341/1582/1175 1340/1580/1174 1392/1636/1222 
f 1394/1639/1224 1342/1583/1176 1341/1582/1175 1393/1638/1223 
f 1395/1640/1225 1343/1584/1177 1342/1583/1176 1394/1639/1224 
f 1396/1641/1226 1344/1585/1178 1345/1586/1178 1397/1642/1226 
f 1398/1643/1227 1346/1587/1179 1347/1588/1180 1399/1644/1228 
f 1400/1645/1229 1348/1589/1181 1346/1587/1179 1398/1643/1227 
f 1401/1646/1230 1349/1590/1182 1348/1589/1181 1400/1645/1229 
f 1402/1647/1231 1350/1591/1183 1349/1590/1182 1401/1646/1230 
f 1403/1648/1232 1351/1592/1184 1350/1593/1183 1402/1649/1231 
f 1404/1650/1233 1352/1594/1185 1351/1592/1184 1403/1648/1232 
f 1405/1651/1234 1353/1595/1186 1352/1594/1185 1404/1650/1233 
f 1406/1652/1235 1354/1596/1187 1353/1595/1186 1405/1651/1234 
f 1407/1653/1236 1355/1597/1188 1354/1596/1187 1406/1652/1235 
f 1408/1654/1237 1356/1598/1189 1355/1597/1188 1407/1653/1236 
f 1409/1655/1238 1357/1599/1190 1358/1600/1190 1410/1656/1238 
f 1411/1657/1239 1359/1601/1191 1360/1602/1192 1412/1658/1240 
f 1413/1659/1241 1361/1603/1193 1359/1601/1191 1411/1657/1239 
f 1414/1660/1242 1362/1604/1194 1361/1603/1193 1413/1659/1241 
f 1415/1661/1243 1363/1605/1195 1362/1604/1194 1414/1660/1242 
f 1416/1662/1244 1364/1606/1196 1363/1605/1195 1415/1661/1243 
f 1417/1663/1245 1365/1607/1197 1364/1606/1196 1416/1662/1244 
f 1418/1664/1246 1366/1608/1198 1365/1609/1197 1417/1665/1245 
f 1419/1666/1247 1367/1610/1199 1366/1608/1198 1418/1664/1246 
f 1420/1667/1248 1368/1611/1200 1367/1610/1199 1419/1666/1247 
f 1421/1668/1249 1369/1612/1201 1368/1611/1200 1420/1667/1248 
f 1422/1669/1250 1370/1613/1202 1371/1614/1202 1423/1670/1250 
f 1424/1671/1251 1372/1615/1203 1373/1616/1204 1425/1672/1252 
f 1426/1673/1253 1374/1617/1205 1372/1615/1203 1424/1671/1251 
f 1427/1674/1254 1375/1618/1206 1374/1617/1205 1426/1673/1253 
f 1428/1675/1255 1376/1619/1207 1375/1618/1206 1427/1674/1254 
f 1429/1676/1256 1377/1620/1208 1376/1621/1207 1428/1677/1255 
f 1430/1678/1257 1378/1622/1209 1377/1620/1208 1429/1676/1256 
f 1431/1679/1258 1379/1623/1210 1378/1622/1209 1430/1678/1257 
f 1432/1680/1259 1380/1624/1211 1379/1623/1210 1431/1679/1258 
f 1433/1681/1260 1381/1625/1212 1380/1624/1211 1432/1680/1259 
f 1434/1682/1261 1382/1626/1213 1381/1625/1212 1433/1681/1260 
f 1435/1683/1262 1383/1627/1214 1384/1628/1214 1436/1684/1262 
f 1437/1685/1263 1385/1629/1215 1386/1630/1216 1438/1686/1264 
f 1439/1687/1265 1387/1631/1217 1385/1629/1215 1437/1685/1263 
f 1440/1688/1266 1388/1632/1218 1387/1631/1217 1439/1687/1265 
f 1441/1689/1267 1389/1633/1219 1388/1632/1218 1440/1688/1266 
f 1442/1690/1268 1390/1634/1220 1389/1633/1219 1441/1689/1267 
f 1443/1691/1269 1391/1635/1221 1390/1634/1220 1442/1690/1268 
f 1444/1692/1270 1392/1636/1222 1391/1637/1221 1443/1693/1269 
f 1445/1694/1271 1393/1638/1223 1392/1636/1222 1444/1692/1270 
f 1446/1695/1272 1394/1639/1224 1393/1638/1223 1445/1694/1271 
f 1447/1696/1273 1395/1640/1225 1394/1639/1224 1446/1695/1272 
f 1448/1697/1274 1396/1641/1226 1397/1642/1226 1449/1698/1274 
f 1450/1699/1275 1398/1643/1227 1399/1644/1228 1451/1700/1276 
f 1452/1701/1277 1400/1645/1229 1398/1643/1227 1450/1699/1275 
f 1453/1702/1278 1401/1646/1230 1400/1645/1229 1452/1701/1277 
f 1454/1703/1279 1402/1647/1231 1401/1646/1230 1453/1702/1278 
f 1455/1704/1280 1403/1648/1232 1402/1649/1231 1454/1705/1279 
f 1456/1706/1281 1404/1650/1233 1403/1648/1232 1455/1704/1280 
f 1457/1707/1282 1405/1651/1234 1404/1650/1233 1456/1706/1281 
f 1458/1708/1283 1406/1652/1235 1405/1651/1234 1457/1707/1282 
f 1459/1709/1284 1407/1653/1236 1406/1652/1235 1458/1708/1283 
f 1460/1710/1285 1408/1654/1237 1407/1653/1236 1459/1709/1284 
f 1461/1711/1286 1409/1655/1238 1410/1656/1238 1462/1712/1286 
f 1463/1713/1287 1411/1657/1239 1412/1658/1240 1464/1714/1288 
f 1465/1715/1289 1413/1659/1241 1411/1657/1239 1463/1713/1287 
f 1466/1716/1290 1414/1660/1242 1413/1659/1241 1465/1715/1289 
f 1467/1717/1291 1415/1661/1243 1414/1660/1242 1466/1716/1290 
f 1468/1718/1292 1416/1662/1244 1415/1661/1243 1467/1717/1291 
f 1469/1719/1293 1417/1663/1245 1416/1662/1244 1468/1718/1292 
f 1470/1720/1294 1418/1664/1246 1417/1665/1245 1469/1721/1293 
f 1471/1722/1295 1419/1666/1247 1418/1664/1246 1470/1720/1294 
f 1472/1723/1296 1420/1667/1248 1419/1666/1247 1471/1722/1295 
f 1473/1724/1297 1421/1668/1249 1420/1667/1248 1472/1723/1296 
f 1474/1725/1298 1422/1669/1250 1423/1670/1250 1475/1726/1298 
f 1476/1727/1299 1424/1671/1251 1425/1672/1252 1477/1728/1300 
f 1478/1729/1301 1426/1673/1253 1424/1671/1251 1476/1727/1299 
f 1479/1730/1302 1427/1674/1254 1426/1673/1253 1478/1729/1301 
f 1480/1731/1303 1428/1675/1255 1427/1674/1254 1479/1730/1302 
f 1481/1732/1304 1429/1676/1256 1428/1677/1255 1480/1733/1303 
f 1482/1734/1305 1430/1678/1257 1429/1676/1256 1481/1732/1304 
f 1483/1735/1306 1431/1679/1258 1430/1678/1257 1482/1734/1305 
f 1484/1736/1307 1432/1680/1259 1431/1679/1258 1483/1735/1306 
f 1485/1737/1308 1433/1681/1260 1432/1680/1259 1484/1736/1307 
f 1486/1738/1309 1434/1682/1261 1433/1681/1260 1485/1737/1308 
f 1487/1739/1310 1435/1683/1262 1436/1684/1262 1488/1740/1310 
f 1489/1741/1311 1490/1742/1312 1437/1685/1263 1438/1686/1264 
f 1490/1742/1312 1491/1743/1313 1439/1687/1265 1437/1685/1263 
f 1491/1743/1313 1492/1744/1314 1440/1688/1266 1439/1687/1265 
f 1492/1744/1314 1493/1745/1315 1441/1689/1267 1440/1688/1266 
f 1493/1745/1315 1494/1746/1316 1442/1690/1268 1441/1689/1267 
f 1494/1746/1316 1495/1747/1317 1443/1691/1269 1442/1690/1268 
f 1495/1748/1317 1496/1749/1318 1444/1692/1270 1443/1693/1269 
f 1496/1749/1318 1497/1750/1319 1445/1694/1271 1444/1692/1270 
f 1497/1750/1319 1498/1751/1320 1446/1695/1272 1445/1694/1271 
f 1498/1751/1320 1499/1752/1321 1447/1696/1273 1446/1695/1272 
f 1500/1753/1322 1501/1754/1322 1448/1697/1274 1449/1698/1274 
f 1502/1755/1323 1503/1756/1324 1450/1699/1275 1451/1700/1276 
f 1503/1756/1324 1504/1757/1325 1452/1701/1277 1450/1699/1275 
f 1504/1757/1325 1505/1758/1326 1453/1702/1278 1452/1701/1277 
f 1505/1758/1326 1506/1759/1327 1454/1703/1279 1453/1702/1278 
f 1506/1760/1327 1507/1761/1328 1455/1704/1280 1454/1705/1279 
f 1507/1761/1328 1508/1762/1329 1456/1706/1281 1455/1704/1280 
f 1508/1762/1329 1509/1763/1330 1457/1707/1282 1456/1706/1281 
f 1509/1763/1330 1510/1764/1331 1458/1708/1283 1457/1707/1282 
f 1510/1764/1331 1511/1765/1332 1459/1709/1284 1458/1708/1283 
f 1511/1765/1332 1512/1766/1333 1460/1710/1285 1459/1709/1284 
f 1513/1767/1334 1514/1768/1334 1461/1711/1286 1462/1712/1286 
f 1515/1769/1335 1516/1770/1336 1463/1713/1287 1464/1714/1288 
f 1516/1770/1336 1517/1771/1337 1465/1715/1289 1463/1713/1287 
f 1517/1771/1337 1518/1772/1338 1466/1716/1290 1465/1715/1289 
f 1518/1772/1338 1519/1773/1339 1467/1717/1291 1466/1716/1290 
f 1519/1773/1339 1520/1774/1340 1468/1718/1292 1467/1717/1291 
f 1520/1774/1340 1521/1775/1341 1469/1719/1293 1468/1718/1292 
f 1521/1776/1341 1522/1777/1342 1470/1720/1294 1469/1721/1293 
f 1522/1777/1342 1523/1778/1343 1471/1722/1295 1470/1720/1294 
f 1523/1778/1343 1524/1779/1344 1472/1723/1296 1471/1722/1295 
f 1524/1779/1344 1525/1780/1345 1473/1724/1297 1472/1723/1296 
f 1526/1781/1346 1527/1782/1346 1474/1725/1298 1475/1726/1298 
f 1528/1783/1347 1529/1784/1348 1476/1727/1299 1477/1728/1300 
f 1529/1784/1348 1530/1785/1349 1478/1729/1301 1476/1727/1299 
f 1530/1785/1349 1531/1786/1350 1479/1730/1302 1478/1729/1301 
f 1531/1786/1350 1532/1787/1351 1480/1731/1303 1479/1730/1302 
f 1532/1788/1351 1533/1789/1352 1481/1732/1304 1480/1733/1303 
f 1533/1789/1352 1534/1790/1353 1482/1734/1305 1481/1732/1304 
f 1534/1790/1353 1535/1791/1354 1483/1735/1306 1482/1734/1305 
f 1535/1791/1354 1536/1792/1355 1484/1736/1307 1483/1735/1306 
f 1536/1792/1355 1537/1793/1356 1485/1737/1308 1484/1736/1307 
f 1537/1793/1356 1538/1794/1357 1486/1738/1309 1485/1737/1308 
f 1539/1795/1358 1540/1796/1358 1487/1739/1310 1488/1740/1310 
f 1541/1797/1359 1542/1798/1360 1543/1799/1360 1544/1800/1359 
f 1542/1798/1360 1545/1801/1361 1546/1802/1361 1543/1799/1360 
f 1545/1801/1361 1547/1803/1362 1548/1804/1362 1546/1802/1361 
f 1547/1803/1362 1549/1805/1363 1550/1806/1363 1548/1804/1362 
f 1549/1805/1363 1551/1807/1364 1552/1808/1364 1550/1806/1363 
f 1551/1807/1364 1553/1809/1365 1554/1810/1365 1552/1808/1364 
f 1553/1811/1365 1555/1812/1366 1556/1813/1366 1554/1814/1365 
f 1555/1812/1366 1557/1815/1367 1558/1816/1367 1556/1813/1366 
f 1557/1815/1367 1559/1817/1368 1560/1818/1368 1558/1816/1367 
f 1559/1817/1368 1561/1819/1369 1562/1820/1369 1560/1818/1368 
f 1563/1821/1322 1564/1822/1322 1565/1823/1322 1566/1824/1322 
f 1567/1825/1370 1568/1826/1371 1569/1827/1371 1570/1828/1370 
f 1568/1826/1371 1571/1829/1372 1572/1830/1372 1569/1827/1371 
f 1571/1829/1372 1573/1831/1373 1574/1832/1373 1572/1830/1372 
f 1573/1831/1373 1575/1833/1374 1576/1834/1374 1574/1832/1373 
f 1575/1835/1374 1577/1836/1375 1578/1837/1375 1576/1838/1374 
f 1577/1836/1375 1579/1839/1376 1580/1840/1376 1578/1837/1375 
f 1579/1839/1376 1581/1841/1377 1582/1842/1377 1580/1840/1376 
f 1581/1841/1377 1583/1843/1378 1584/1844/1378 1582/1842/1377 
f 1583/1843/1378 1585/1845/1379 1586/1846/1379 1584/1844/1378 
f 1585/1845/1379 1587/1847/1380 1588/1848/1380 1586/1846/1379 
f 1589/1849/1381 1590/1850/1381 1591/1851/1381 1592/1852/1381 
f 1593/1853/1382 1594/1854/1383 1595/1855/1383 1596/1856/1382 
f 1594/1854/1383 1597/1857/1384 1598/1858/1384 1595/1855/1383 
f 1597/1857/1384 1599/1859/1385 1600/1860/1385 1598/1858/1384 
f 1599/1859/1385 1601/1861/1386 1602/1862/1386 1600/1860/1385 
f 1601/1861/1386 1603/1863/1387 1604/1864/1387 1602/1862/1386 
f 1603/1863/1387 1605/1865/1388 1606/1866/1388 1604/1864/1387 
f 1605/1867/1388 1607/1868/1389 1608/1869/1389 1606/1870/1388 
f 1607/1868/1389 1609/1871/1390 1610/1872/1390 1608/1869/1389 
f 1609/1871/1390 1611/1873/1391 1612/1874/1391 1610/1872/1390 
f 1611/1873/1391 1613/1875/1392 1614/1876/1392 1612/1874/1391 
f 1615/1877/1346 1616/1878/1346 1617/1879/1346 1618/1880/1346 
f 1619/1881/1393 1620/1882/1394 1621/1883/1394 1622/1884/1393 
f 1620/1882/1394 1623/1885/1395 1624/1886/1395 1621/1883/1394 
f 1623/1885/1395 1625/1887/1396 1626/1888/1396 1624/1886/1395 
f 1625/1887/1396 1627/1889/1397 1628/1890/1397 1626/1888/1396 
f 1627/1891/1397 1629/1892/1398 1630/1893/1398 1628/1894/1397 
f 1629/1892/1398 1631/1895/1399 1632/1896/1399 1630/1893/1398 
f 1631/1895/1399 1633/1897/1400 1634/1898/1400 1632/1896/1399 
f 1633/1897/1400 1635/1899/1401 1636/1900/1401 1634/1898/1400 
f 1635/1899/1401 1637/1901/1402 1638/1902/1402 1636/1900/1401 
f 1637/1901/1402 1639/1903/1403 1640/1904/1403 1638/1902/1402 
f 1641/1905/1404 1642/1906/1404 1643/1907/1404 1644/1908/1404 
f 971/1147/836 970/1146/836 956/1132/74 955/1131/74 
f 973/1149/837 984/1160/848 988/1164/849 987/1163/850 
f 984/1160/848 1044/1220/901 1046/1222/902 988/1164/849 
f 1044/1220/901 1096/1272/949 1098/1274/950 1046/1222/902 
f 1096/1272/949 1148/1324/997 1150/1326/998 1098/1274/950 
f 1148/1324/997 1200/1376/1045 1202/1378/1046 1150/1326/998 
f 1200/1440/1045 1252/1439/1093 1254/1444/1094 1202/1443/1046 
f 1252/1439/1093 1304/1526/1141 1306/1528/1142 1254/1444/1094 
f 1304/1526/1141 1356/1598/1189 1358/1600/1190 1306/1528/1142 
f 1356/1598/1189 1408/1654/1237 1410/1656/1238 1358/1600/1190 
f 1408/1654/1237 1460/1710/1285 1462/1712/1286 1410/1656/1238 
f 1460/1710/1285 1512/1766/1333 1513/1767/1334 1462/1712/1286 
f 1587/1847/1380 1589/1849/1381 1592/1852/1381 1588/1848/1380 
f 1489/1741/1311 1438/1686/1264 1487/1739/1310 1540/1796/1358 
f 1438/1686/1264 1386/1630/1216 1435/1683/1262 1487/1739/1310 
f 1386/1630/1216 1334/1574/1168 1383/1627/1214 1435/1683/1262 
f 1334/1574/1168 1282/1486/1120 1331/1571/1166 1383/1627/1214 
f 1282/1486/1120 1230/1408/1072 1279/1481/1118 1331/1571/1166 
f 1230/1408/1072 1178/1407/1024 1227/1482/1070 1279/1481/1118 
f 1178/1354/1024 1126/1302/976 1175/1351/1022 1227/1403/1070 
f 1126/1302/976 1074/1250/928 1123/1299/974 1175/1351/1022 
f 1074/1250/928 1022/1198/880 1071/1247/926 1123/1299/974 
f 1022/1198/880 958/1134/824 1017/1193/877 1071/1247/926 
f 958/1134/824 957/1133/823 1018/1194/878 1017/1193/877 
f 1003/1179/864 1002/1178/864 954/1130/74 953/1129/74 
f 1005/1181/865 1016/1192/876 1020/1196/877 1019/1195/878 
f 1016/1192/876 1070/1246/925 1072/1248/926 1020/1196/877 
f 1070/1246/925 1122/1298/973 1124/1300/974 1072/1248/926 
f 1122/1298/973 1174/1350/1021 1176/1352/1022 1124/1300/974 
f 1174/1350/1021 1226/1402/1069 1228/1404/1070 1176/1352/1022 
f 1226/1480/1069 1278/1479/1117 1280/1484/1118 1228/1483/1070 
f 1278/1479/1117 1330/1570/1165 1332/1572/1166 1280/1484/1118 
f 1330/1570/1165 1382/1626/1213 1384/1628/1214 1332/1572/1166 
f 1382/1626/1213 1434/1682/1261 1436/1684/1262 1384/1628/1214 
f 1434/1682/1261 1486/1738/1309 1488/1740/1310 1436/1684/1262 
f 1486/1738/1309 1538/1794/1357 1539/1795/1358 1488/1740/1310 
f 1639/1903/1403 1641/1905/1404 1644/1908/1404 1640/1904/1403 
f 1515/1769/1335 1464/1714/1288 1461/1711/1286 1514/1768/1334 
f 1464/1714/1288 1412/1658/1240 1409/1655/1238 1461/1711/1286 
f 1412/1658/1240 1360/1602/1192 1357/1599/1190 1409/1655/1238 
f 1360/1602/1192 1308/1530/1144 1305/1527/1142 1357/1599/1190 
f 1308/1530/1144 1256/1448/1096 1253/1441/1094 1305/1527/1142 
f 1256/1448/1096 1204/1447/1048 1201/1442/1046 1253/1441/1094 
f 1204/1380/1048 1152/1328/1000 1149/1325/998 1201/1377/1046 
f 1152/1328/1000 1100/1276/952 1097/1273/950 1149/1325/998 
f 1100/1276/952 1048/1224/904 1045/1221/902 1097/1273/950 
f 1048/1224/904 990/1166/852 985/1161/849 1045/1221/902 
f 990/1166/852 989/1165/851 986/1162/850 985/1161/849 
f 1490/1742/1312 1489/1741/1311 1544/1800/1359 1543/1799/1360 
f 1489/1741/1311 1540/1796/1358 1643/1907/1404 1544/1800/1359 
f 1540/1796/1358 1539/1795/1358 1644/1908/1404 1643/1907/1404 
f 1539/1795/1358 1538/1794/1357 1640/1904/1403 1644/1908/1404 
f 1538/1794/1357 1537/1793/1356 1638/1902/1402 1640/1904/1403 
f 1537/1793/1356 1536/1792/1355 1636/1900/1401 1638/1902/1402 
f 1536/1792/1355 1535/1791/1354 1634/1898/1400 1636/1900/1401 
f 1535/1791/1354 1534/1790/1353 1632/1896/1399 1634/1898/1400 
f 1534/1790/1353 1533/1789/1352 1630/1893/1398 1632/1896/1399 
f 1533/1789/1352 1532/1788/1351 1628/1894/1397 1630/1893/1398 
f 1532/1787/1351 1531/1786/1350 1626/1888/1396 1628/1890/1397 
f 1531/1786/1350 1530/1785/1349 1624/1886/1395 1626/1888/1396 
f 1530/1785/1349 1529/1784/1348 1621/1883/1394 1624/1886/1395 
f 1529/1784/1348 1528/1783/1347 1622/1884/1393 1621/1883/1394 
f 1527/1782/1346 1526/1781/1346 1618/1880/1346 1617/1879/1346 
f 1525/1780/1345 1524/1779/1344 1612/1874/1391 1614/1876/1392 
f 1524/1779/1344 1523/1778/1343 1610/1872/1390 1612/1874/1391 
f 1523/1778/1343 1522/1777/1342 1608/1869/1389 1610/1872/1390 
f 1522/1777/1342 1521/1776/1341 1606/1870/1388 1608/1869/1389 
f 1521/1775/1341 1520/1774/1340 1604/1864/1387 1606/1866/1388 
f 1520/1774/1340 1519/1773/1339 1602/1862/1386 1604/1864/1387 
f 1519/1773/1339 1518/1772/1338 1600/1860/1385 1602/1862/1386 
f 1518/1772/1338 1517/1771/1337 1598/1858/1384 1600/1860/1385 
f 1517/1771/1337 1516/1770/1336 1595/1855/1383 1598/1858/1384 
f 1516/1770/1336 1515/1769/1335 1596/1856/1382 1595/1855/1383 
f 1515/1769/1335 1514/1768/1334 1591/1851/1381 1596/1856/1382 
f 1514/1768/1334 1513/1767/1334 1592/1852/1381 1591/1851/1381 
f 1513/1767/1334 1512/1766/1333 1588/1848/1380 1592/1852/1381 
f 1512/1766/1333 1511/1765/1332 1586/1846/1379 1588/1848/1380 
f 1511/1765/1332 1510/1764/1331 1584/1844/1378 1586/1846/1379 
f 1510/1764/1331 1509/1763/1330 1582/1842/1377 1584/1844/1378 
f 1509/1763/1330 1508/1762/1329 1580/1840/1376 1582/1842/1377 
f 1508/1762/1329 1507/1761/1328 1578/1837/1375 1580/1840/1376 
f 1507/1761/1328 1506/1760/1327 1576/1838/1374 1578/1837/1375 
f 1506/1759/1327 1505/1758/1326 1574/1832/1373 1576/1834/1374 
f 1505/1758/1326 1504/1757/1325 1572/1830/1372 1574/1832/1373 
f 1504/1757/1325 1503/1756/1324 1569/1827/1371 1572/1830/1372 
f 1503/1756/1324 1502/1755/1323 1570/1828/1370 1569/1827/1371 
f 1501/1754/1322 1500/1753/1322 1566/1824/1322 1565/1823/1322 
f 1499/1752/1321 1498/1751/1320 1560/1818/1368 1562/1820/1369 
f 1498/1751/1320 1497/1750/1319 1558/1816/1367 1560/1818/1368 
f 1497/1750/1319 1496/1749/1318 1556/1813/1366 1558/1816/1367 
f 1496/1749/1318 1495/1748/1317 1554/1814/1365 1556/1813/1366 
f 1495/1747/1317 1494/1746/1316 1552/1808/1364 1554/1810/1365 
f 1494/1746/1316 1493/1745/1315 1550/1806/1363 1552/1808/1364 
f 1493/1745/1315 1492/1744/1314 1548/1804/1362 1550/1806/1363 
f 1492/1744/1314 1491/1743/1313 1546/1802/1361 1548/1804/1362 
f 1491/1743/1313 1490/1742/1312 1543/1799/1360 1546/1802/1361 
f 987/1163/850 986/1162/850 953/1129/74 956/1132/74 
f 986/1162/850 989/1165/851 1003/1179/864 953/1129/74 
f 989/1165/851 1000/1176/862 1004/1180/863 1003/1179/864 
f 1000/1176/862 1057/1233/913 1059/1235/914 1004/1180/863 
f 1057/1233/913 1109/1285/961 1111/1287/962 1059/1235/914 
f 1109/1285/961 1161/1337/1009 1163/1339/1010 1111/1287/962 
f 1161/1337/1009 1213/1389/1057 1215/1391/1058 1163/1339/1010 
f 1213/1389/1057 1265/1461/1105 1267/1463/1106 1215/1391/1058 
f 1265/1547/1105 1317/1546/1153 1319/1551/1154 1267/1550/1106 
f 1317/1546/1153 1369/1612/1201 1371/1614/1202 1319/1551/1154 
f 1369/1612/1201 1421/1668/1249 1423/1670/1250 1371/1614/1202 
f 1421/1668/1249 1473/1724/1297 1475/1726/1298 1423/1670/1250 
f 1473/1724/1297 1525/1780/1345 1526/1781/1346 1475/1726/1298 
f 1525/1780/1345 1614/1876/1392 1618/1880/1346 1526/1781/1346 
f 1613/1875/1392 1615/1877/1346 1618/1880/1346 1614/1876/1392 
f 1570/1828/1370 1502/1755/1323 1501/1754/1322 1565/1823/1322 
f 1502/1755/1323 1451/1700/1276 1448/1697/1274 1501/1754/1322 
f 1451/1700/1276 1399/1644/1228 1396/1641/1226 1448/1697/1274 
f 1399/1644/1228 1347/1588/1180 1344/1585/1178 1396/1641/1226 
f 1347/1588/1180 1295/1511/1132 1292/1504/1130 1344/1585/1178 
f 1295/1511/1132 1243/1510/1084 1240/1505/1082 1292/1504/1130 
f 1243/1425/1084 1191/1367/1036 1188/1364/1034 1240/1422/1082 
f 1191/1367/1036 1139/1315/988 1136/1312/986 1188/1364/1034 
f 1139/1315/988 1087/1263/940 1084/1260/938 1136/1312/986 
f 1087/1263/940 1035/1211/892 1032/1208/890 1084/1260/938 
f 1035/1211/892 974/1150/838 969/1145/835 1032/1208/890 
f 974/1150/838 973/1149/837 970/1146/836 969/1145/835 
f 973/1149/837 987/1163/850 956/1132/74 970/1146/836 
f 1019/1195/878 1018/1194/878 955/1131/74 954/1130/74 
f 1018/1194/878 957/1133/823 971/1147/836 955/1131/74 
f 957/1133/823 968/1144/834 972/1148/835 971/1147/836 
f 968/1144/834 1031/1207/889 1033/1209/890 972/1148/835 
f 1031/1207/889 1083/1259/937 1085/1261/938 1033/1209/890 
f 1083/1259/937 1135/1311/985 1137/1313/986 1085/1261/938 
f 1135/1311/985 1187/1363/1033 1189/1365/1034 1137/1313/986 
f 1187/1363/1033 1239/1421/1081 1241/1423/1082 1189/1365/1034 
f 1239/1503/1081 1291/1502/1129 1293/1507/1130 1241/1506/1082 
f 1291/1502/1129 1343/1584/1177 1345/1586/1178 1293/1507/1130 
f 1343/1584/1177 1395/1640/1225 1397/1642/1226 1345/1586/1178 
f 1395/1640/1225 1447/1696/1273 1449/1698/1274 1397/1642/1226 
f 1447/1696/1273 1499/1752/1321 1500/1753/1322 1449/1698/1274 
f 1499/1752/1321 1562/1820/1369 1566/1824/1322 1500/1753/1322 
f 1561/1819/1369 1563/1821/1322 1566/1824/1322 1562/1820/1369 
f 1622/1884/1393 1528/1783/1347 1527/1782/1346 1617/1879/1346 
f 1528/1783/1347 1477/1728/1300 1474/1725/1298 1527/1782/1346 
f 1477/1728/1300 1425/1672/1252 1422/1669/1250 1474/1725/1298 
f 1425/1672/1252 1373/1616/1204 1370/1613/1202 1422/1669/1250 
f 1373/1616/1204 1321/1555/1156 1318/1548/1154 1370/1613/1202 
f 1321/1555/1156 1269/1554/1108 1266/1549/1106 1318/1548/1154 
f 1269/1465/1108 1217/1393/1060 1214/1390/1058 1266/1462/1106 
f 1217/1393/1060 1165/1341/1012 1162/1338/1010 1214/1390/1058 
f 1165/1341/1012 1113/1289/964 1110/1286/962 1162/1338/1010 
f 1113/1289/964 1061/1237/916 1058/1234/914 1110/1286/962 
f 1061/1237/916 1006/1182/866 1001/1177/863 1058/1234/914 
f 1006/1182/866 1005/1181/865 1002/1178/864 1001/1177/863 
f 1005/1181/865 1019/1195/878 954/1130/74 1002/1178/864 
f 1544/1800/1359 1643/1907/1404 1642/1906/1404 1541/1797/1359 
f 1596/1856/1382 1591/1851/1381 1590/1850/1381 1593/1853/1382 
f 1570/1828/1370 1565/1823/1322 1564/1822/1322 1567/1825/1370 
f 1622/1884/1393 1617/1879/1346 1616/1878/1346 1619/1881/1393 
f 1645/1909/1405 1646/1910/1405 1647/1911/1405 1648/1912/1405 
f 1648/1912/1405 1647/1911/1405 1649/1913/1405 1650/1914/1405 
f 1650/1914/1405 1649/1913/1405 1651/1915/1405 1652/1916/1405 
f 1652/1916/1405 1651/1915/1405 1653/1917/1405 1654/1918/1405 
f 1654/1918/1405 1653/1917/1405 1655/1919/1405 1656/1920/1405 
f 1655/1919/1405 1657/1921/1405 1658/1922/1405 1656/1920/1405 
f 1657/1921/1405 1659/1923/1405 1660/1924/1405 1658/1922/1405 
f 1659/1923/1405 1661/1925/1405 1662/1926/1405 1660/1924/1405 
f 1661/1925/1405 1663/1927/1405 1664/1928/1405 1662/1926/1405 
f 1663/1927/1405 1665/1929/1405 1666/1930/1405 1664/1928/1405 
f 1667/1931/1405 1668/1932/1405 1669/1933/1405 1670/1934/1406 
f 1671/1935/1406 1672/1936/1406 1673/1937/1406 1674/1938/1406 
f 1674/1938/1406 1673/1937/1406 1675/1939/1406 1676/1940/1406 
f 1676/1940/1406 1675/1939/1406 1677/1941/1406 1678/1942/1406 
f 1678/1942/1406 1677/1941/1406 1679/1943/1406 1680/1944/1406 
f 1680/1944/1406 1679/1943/1406 1681/1945/1406 1682/1946/1406 
f 1681/1945/1406 1683/1947/1406 1684/1948/1406 1682/1946/1406 
f 1683/1947/1406 1685/1949/1406 1686/1950/1406 1684/1948/1406 
f 1685/1949/1406 1687/1951/1406 1688/1952/1406 1686/1950/1406 
f 1687/1951/1406 1689/1953/1406 1690/1954/1406 1688/1952/1406 
f 1689/1953/1406 1691/1955/1406 1692/1956/1406 1690/1954/1406 
f 1693/1957/1407 1694/1958/1407 1695/1959/1406 1696/1960/1407 
f 1697/1961/1407 1698/1962/1407 1699/1963/1407 1700/1964/1407 
f 1700/1964/1407 1699/1963/1407 1701/1965/1407 1702/1966/1407 
f 1702/1966/1407 1701/1965/1407 1703/1967/1407 1704/1968/1407 
f 1704/1968/1407 1703/1967/1407 1705/1969/1407 1706/1970/1407 
f 1706/1970/1407 1705/1969/1407 1707/1971/1407 1708/1972/1407 
f 1707/1971/1407 1709/1973/1407 1710/1974/1407 1708/1972/1407 
f 1709/1973/1407 1711/1975/1407 1712/1976/1407 1710/1974/1407 
f 1711/1975/1407 1713/1977/1407 1714/1978/1407 1712/1976/1407 
f 1713/1977/1407 1715/1979/1407 1716/1980/1407 1714/1978/1407 
f 1715/1979/1407 1717/1981/1407 1718/1982/1407 1716/1980/1407 
f 1719/1983/73 1720/1984/73 1721/1985/1407 1722/1986/73 
f 1723/1987/73 1724/1988/73 1725/1989/73 1726/1990/73 
f 1726/1990/73 1725/1989/73 1727/1991/73 1728/1992/73 
f 1728/1992/73 1727/1991/73 1729/1993/73 1730/1994/73 
f 1730/1994/73 1729/1993/73 1731/1995/73 1732/1996/73 
f 1732/1996/73 1731/1995/73 1733/1997/73 1734/1998/73 
f 1733/1997/73 1735/1999/73 1736/2000/73 1734/1998/73 
f 1735/1999/73 1737/2001/73 1738/2002/73 1736/2000/73 
f 1737/2001/73 1739/2003/73 1740/2004/73 1738/2002/73 
f 1739/2003/73 1741/2005/73 1742/2006/73 1740/2004/73 
f 1741/2005/73 1743/2007/73 1744/2008/73 1742/2006/73 
f 1745/2009/73 1746/2010/73 1747/2011/73 1748/2012/1405 
f 1691/1955/1406 1693/1957/1407 1696/1960/1407 1692/1956/1406 
f 1747/2011/73 1746/2010/73 1646/1910/1405 1645/1909/1405 
f 1743/2007/73 1745/2009/73 1748/2012/1405 1744/2008/73 
f 1695/1959/1406 1694/1958/1407 1698/1962/1407 1697/1961/1407 
f 1717/1981/1407 1719/1983/73 1722/1986/73 1718/1982/1407 
f 1669/1933/1405 1668/1932/1405 1672/1936/1406 1671/1935/1406 
f 1665/1929/1405 1667/1931/1405 1670/1934/1406 1666/1930/1405 
f 1721/1985/1407 1720/1984/73 1724/1988/73 1723/1987/73 
f 1745/2009/73 1743/2007/73 1741/2005/73 1746/2010/73 
f 1741/2005/73 1739/2003/73 1737/2001/73 1733/1997/73 
f 1737/2001/73 1735/1999/73 1733/1997/73 
f 1746/2010/73 1741/2005/73 1733/1997/73 1719/1983/73 
f 1733/1997/73 1731/1995/73 1729/1993/73 1725/1989/73 
f 1729/1993/73 1727/1991/73 1725/1989/73 
f 1725/1989/73 1724/1988/73 1720/1984/73 1719/1983/73 
f 1733/1997/73 1725/1989/73 1719/1983/73 
f 1719/1983/73 1717/1981/1407 1715/1979/1407 1711/1975/1407 
f 1715/1979/1407 1713/1977/1407 1711/1975/1407 
f 1711/1975/1407 1709/1973/1407 1707/1971/1407 1703/1967/1407 
f 1707/1971/1407 1705/1969/1407 1703/1967/1407 
f 1719/1983/73 1711/1975/1407 1703/1967/1407 1689/1953/1406 
f 1703/1967/1407 1701/1965/1407 1699/1963/1407 1694/1958/1407 
f 1699/1963/1407 1698/1962/1407 1694/1958/1407 
f 1693/1957/1407 1691/1955/1406 1689/1953/1406 1694/1958/1407 
f 1703/1967/1407 1694/1958/1407 1689/1953/1406 
f 1689/1953/1406 1687/1951/1406 1685/1949/1406 1681/1945/1406 
f 1685/1949/1406 1683/1947/1406 1681/1945/1406 
f 1681/1945/1406 1679/1943/1406 1677/1941/1406 1673/1937/1406 
f 1677/1941/1406 1675/1939/1406 1673/1937/1406 
f 1689/1953/1406 1681/1945/1406 1673/1937/1406 1659/1923/1405 
f 1673/1937/1406 1672/1936/1406 1668/1932/1405 1667/1931/1405 
f 1667/1931/1405 1665/1929/1405 1663/1927/1405 1659/1923/1405 
f 1663/1927/1405 1661/1925/1405 1659/1923/1405 
f 1673/1937/1406 1667/1931/1405 1659/1923/1405 
f 1719/1983/73 1689/1953/1406 1659/1923/1405 1746/2010/73 
f 1659/1923/1405 1657/1921/1405 1655/1919/1405 1651/1915/1405 
f 1655/1919/1405 1653/1917/1405 1651/1915/1405 
f 1746/2010/73 1659/1923/1405 1651/1915/1405 1646/1910/1405 
f 1646/1910/1405 1651/1915/1405 1649/1913/1405 1647/1911/1405 
f 1749/2013/1408 1542/1798/1360 1541/1797/1359 1750/2014/1409 
f 1751/2015/1410 1545/1801/1361 1542/1798/1360 1749/2013/1408 
f 1752/2016/1411 1547/1803/1362 1545/1801/1361 1751/2015/1410 
f 1753/2017/1412 1549/1805/1363 1547/1803/1362 1752/2016/1411 
f 1754/2018/1413 1551/1807/1364 1549/1805/1363 1753/2017/1412 
f 1755/2019/1414 1553/1809/1365 1551/1807/1364 1754/2018/1413 
f 1756/2020/1415 1555/1812/1366 1553/1811/1365 1755/2021/1414 
f 1757/2022/1416 1557/1815/1367 1555/1812/1366 1756/2020/1415 
f 1758/2023/1417 1559/1817/1368 1557/1815/1367 1757/2022/1416 
f 1759/2024/1418 1561/1819/1369 1559/1817/1368 1758/2023/1417 
f 1760/2025/1419 1564/1822/1322 1563/1821/1322 1761/2026/1420 
f 1762/2027/1421 1568/1826/1371 1567/1825/1370 1763/2028/1422 
f 1764/2029/1423 1571/1829/1372 1568/1826/1371 1762/2027/1421 
f 1765/2030/1424 1573/1831/1373 1571/1829/1372 1764/2029/1423 
f 1766/2031/1425 1575/1833/1374 1573/1831/1373 1765/2030/1424 
f 1767/2032/1426 1577/1836/1375 1575/1835/1374 1766/2033/1425 
f 1768/2034/1427 1579/1839/1376 1577/1836/1375 1767/2032/1426 
f 1769/2035/1428 1581/1841/1377 1579/1839/1376 1768/2034/1427 
f 1770/2036/1429 1583/1843/1378 1581/1841/1377 1769/2035/1428 
f 1771/2037/1430 1585/1845/1379 1583/1843/1378 1770/2036/1429 
f 1772/2038/1431 1587/1847/1380 1585/1845/1379 1771/2037/1430 
f 1773/2039/1432 1590/1850/1381 1589/1849/1381 1774/2040/1433 
f 1775/2041/1434 1594/1854/1383 1593/1853/1382 1776/2042/1435 
f 1777/2043/1436 1597/1857/1384 1594/1854/1383 1775/2041/1434 
f 1778/2044/1437 1599/1859/1385 1597/1857/1384 1777/2043/1436 
f 1779/2045/1438 1601/1861/1386 1599/1859/1385 1778/2044/1437 
f 1780/2046/1439 1603/1863/1387 1601/1861/1386 1779/2045/1438 
f 1781/2047/1440 1605/1865/1388 1603/1863/1387 1780/2046/1439 
f 1782/2048/1441 1607/1868/1389 1605/1867/1388 1781/2049/1440 
f 1783/2050/1442 1609/1871/1390 1607/1868/1389 1782/2048/1441 
f 1784/2051/1443 1611/1873/1391 1609/1871/1390 1783/2050/1442 
f 1785/2052/1444 1613/1875/1392 1611/1873/1391 1784/2051/1443 
f 1786/2053/1445 1616/1878/1346 1615/1877/1346 1787/2054/1446 
f 1788/2055/1447 1620/1882/1394 1619/1881/1393 1789/2056/1448 
f 1790/2057/1449 1623/1885/1395 1620/1882/1394 1788/2055/1447 
f 1791/2058/1450 1625/1887/1396 1623/1885/1395 1790/2057/1449 
f 1792/2059/1451 1627/1889/1397 1625/1887/1396 1791/2058/1450 
f 1793/2060/1452 1629/1892/1398 1627/1891/1397 1792/2061/1451 
f 1794/2062/1453 1631/1895/1399 1629/1892/1398 1793/2060/1452 
f 1795/2063/1454 1633/1897/1400 1631/1895/1399 1794/2062/1453 
f 1796/2064/1455 1635/1899/1401 1633/1897/1400 1795/2063/1454 
f 1797/2065/1456 1637/1901/1402 1635/1899/1401 1796/2064/1455 
f 1798/2066/1457 1639/1903/1403 1637/1901/1402 1797/2065/1456 
f 1799/2067/1458 1642/1906/1404 1641/1905/1404 1800/2068/1459 
f 1774/2040/1433 1589/1849/1381 1587/1847/1380 1772/2038/1431 
f 1800/2068/1459 1641/1905/1404 1639/1903/1403 1798/2066/1457 
f 1787/2054/1446 1615/1877/1346 1613/1875/1392 1785/2052/1444 
f 1761/2026/1420 1563/1821/1322 1561/1819/1369 1759/2024/1418 
f 1750/2014/1409 1541/1797/1359 1642/1906/1404 1799/2067/1458 
f 1776/2042/1435 1593/1853/1382 1590/1850/1381 1773/2039/1432 
f 1763/2028/1422 1567/1825/1370 1564/1822/1322 1760/2025/1419 
f 1789/2056/1448 1619/1881/1393 1616/1878/1346 1786/2053/1445 
f 1801/2069/1460 1645/1909/1405 1648/1912/1405 1802/2070/1461 
f 1802/2070/1461 1648/1912/1405 1650/1914/1405 1803/2071/1462 
f 1803/2071/1462 1650/1914/1405 1652/1916/1405 1804/2072/1463 
f 1804/2072/1463 1652/1916/1405 1654/1918/1405 1805/2073/1464 
f 1805/2073/1464 1654/1918/1405 1656/1920/1405 1806/2074/1465 
f 1806/2074/1465 1656/1920/1405 1658/1922/1405 1807/2075/1466 
f 1807/2075/1466 1658/1922/1405 1660/1924/1405 1808/2076/1467 
f 1808/2076/1467 1660/1924/1405 1662/1926/1405 1809/2077/1468 
f 1809/2077/1468 1662/1926/1405 1664/1928/1405 1810/2078/1469 
f 1810/2078/1469 1664/1928/1405 1666/1930/1405 1811/2079/1470 
f 1812/2080/1471 1670/1934/1406 1669/1933/1405 1813/2081/1472 
f 1814/2082/1473 1671/1935/1406 1674/1938/1406 1815/2083/1474 
f 1815/2083/1474 1674/1938/1406 1676/1940/1406 1816/2084/1475 
f 1816/2084/1475 1676/1940/1406 1678/1942/1406 1817/2085/1476 
f 1817/2085/1476 1678/1942/1406 1680/1944/1406 1818/2086/1477 
f 1818/2086/1477 1680/1944/1406 1682/1946/1406 1819/2087/1478 
f 1819/2087/1478 1682/1946/1406 1684/1948/1406 1820/2088/1479 
f 1820/2088/1479 1684/1948/1406 1686/1950/1406 1821/2089/1480 
f 1821/2089/1480 1686/1950/1406 1688/1952/1406 1822/2090/1481 
f 1822/2090/1481 1688/1952/1406 1690/1954/1406 1823/2091/1482 
f 1823/2091/1482 1690/1954/1406 1692/1956/1406 1824/2092/1483 
f 1825/2093/1484 1696/1960/1407 1695/1959/1406 1826/2094/1485 
f 1827/2095/1486 1697/1961/1407 1700/1964/1407 1828/2096/1487 
f 1828/2096/1487 1700/1964/1407 1702/1966/1407 1829/2097/1488 
f 1829/2097/1488 1702/1966/1407 1704/1968/1407 1830/2098/1489 
f 1830/2098/1489 1704/1968/1407 1706/1970/1407 1831/2099/1490 
f 1831/2099/1490 1706/1970/1407 1708/1972/1407 1832/2100/1491 
f 1832/2100/1491 1708/1972/1407 1710/1974/1407 1833/2101/1492 
f 1833/2101/1492 1710/1974/1407 1712/1976/1407 1834/2102/1493 
f 1834/2102/1493 1712/1976/1407 1714/1978/1407 1835/2103/1494 
f 1835/2103/1494 1714/1978/1407 1716/1980/1407 1836/2104/1495 
f 1836/2104/1495 1716/1980/1407 1718/1982/1407 1837/2105/1496 
f 1838/2106/1497 1722/1986/73 1721/1985/1407 1839/2107/1498 
f 1840/2108/1499 1723/1987/73 1726/1990/73 1841/2109/1500 
f 1841/2109/1500 1726/1990/73 1728/1992/73 1842/2110/1501 
f 1842/2110/1501 1728/1992/73 1730/1994/73 1843/2111/1502 
f 1843/2111/1502 1730/1994/73 1732/1996/73 1844/2112/1503 
f 1844/2112/1503 1732/1996/73 1734/1998/73 1845/2113/1504 
f 1845/2113/1504 1734/1998/73 1736/2000/73 1846/2114/1505 
f 1846/2114/1505 1736/2000/73 1738/2002/73 1847/2115/1506 
f 1847/2115/1506 1738/2002/73 1740/2004/73 1848/2116/1507 
f 1848/2116/1507 1740/2004/73 1742/2006/73 1849/2117/1508 
f 1849/2117/1508 1742/2006/73 1744/2008/73 1850/2118/1509 
f 1851/2119/1510 1748/2012/1405 1747/2011/73 1852/2120/1511 
f 1824/2092/1483 1692/1956/1406 1696/1960/1407 1825/2093/1484 
f 1852/2120/1511 1747/2011/73 1645/1909/1405 1801/2069/1460 
f 1850/2118/1509 1744/2008/73 1748/2012/1405 1851/2119/1510 
f 1826/2094/1485 1695/1959/1406 1697/1961/1407 1827/2095/1486 
f 1837/2105/1496 1718/1982/1407 1722/1986/73 1838/2106/1497 
f 1813/2081/1472 1669/1933/1405 1671/1935/1406 1814/2082/1473 
f 1811/2079/1470 1666/1930/1405 1670/1934/1406 1812/2080/1471 
f 1839/2107/1498 1721/1985/1407 1723/1987/73 1840/2108/1499 
f 1853/2121/1512 1749/2013/1408 1750/2014/1409 1854/2122/1513 
f 1855/2123/1514 1751/2015/1410 1749/2013/1408 1853/2121/1512 
f 1856/2124/1515 1752/2016/1411 1751/2015/1410 1855/2123/1514 
f 1857/2125/1516 1753/2017/1412 1752/2016/1411 1856/2124/1515 
f 1858/2126/1517 1754/2018/1413 1753/2017/1412 1857/2125/1516 
f 1859/2127/1518 1755/2019/1414 1754/2018/1413 1858/2126/1517 
f 1860/2128/1519 1756/2020/1415 1755/2021/1414 1859/2129/1518 
f 1861/2130/1520 1757/2022/1416 1756/2020/1415 1860/2128/1519 
f 1862/2131/1521 1758/2023/1417 1757/2022/1416 1861/2130/1520 
f 1863/2132/1522 1759/2024/1418 1758/2023/1417 1862/2131/1521 
f 1864/2133/1523 1760/2025/1419 1761/2026/1420 1865/2134/1524 
f 1866/2135/1525 1762/2027/1421 1763/2028/1422 1867/2136/1526 
f 1868/2137/1527 1764/2029/1423 1762/2027/1421 1866/2135/1525 
f 1869/2138/1528 1765/2030/1424 1764/2029/1423 1868/2137/1527 
f 1870/2139/1529 1766/2031/1425 1765/2030/1424 1869/2138/1528 
f 1871/2140/1530 1767/2032/1426 1766/2033/1425 1870/2141/1529 
f 1872/2142/1531 1768/2034/1427 1767/2032/1426 1871/2140/1530 
f 1873/2143/1532 1769/2035/1428 1768/2034/1427 1872/2142/1531 
f 1874/2144/1533 1770/2036/1429 1769/2035/1428 1873/2143/1532 
f 1875/2145/1534 1771/2037/1430 1770/2036/1429 1874/2144/1533 
f 1876/2146/1535 1772/2038/1431 1771/2037/1430 1875/2145/1534 
f 1877/2147/1536 1773/2039/1432 1774/2040/1433 1878/2148/1537 
f 1879/2149/1538 1775/2041/1434 1776/2042/1435 1880/2150/1539 
f 1881/2151/1540 1777/2043/1436 1775/2041/1434 1879/2149/1538 
f 1882/2152/1541 1778/2044/1437 1777/2043/1436 1881/2151/1540 
f 1883/2153/1542 1779/2045/1438 1778/2044/1437 1882/2152/1541 
f 1884/2154/1543 1780/2046/1439 1779/2045/1438 1883/2153/1542 
f 1885/2155/1544 1781/2047/1440 1780/2046/1439 1884/2154/1543 
f 1886/2156/1545 1782/2048/1441 1781/2049/1440 1885/2157/1544 
f 1887/2158/1546 1783/2050/1442 1782/2048/1441 1886/2156/1545 
f 1888/2159/1547 1784/2051/1443 1783/2050/1442 1887/2158/1546 
f 1889/2160/1548 1785/2052/1444 1784/2051/1443 1888/2159/1547 
f 1890/2161/1549 1786/2053/1445 1787/2054/1446 1891/2162/1550 
f 1892/2163/1551 1788/2055/1447 1789/2056/1448 1893/2164/1552 
f 1894/2165/1553 1790/2057/1449 1788/2055/1447 1892/2163/1551 
f 1895/2166/1554 1791/2058/1450 1790/2057/1449 1894/2165/1553 
f 1896/2167/1555 1792/2059/1451 1791/2058/1450 1895/2166/1554 
f 1897/2168/1556 1793/2060/1452 1792/2061/1451 1896/2169/1555 
f 1898/2170/1557 1794/2062/1453 1793/2060/1452 1897/2168/1556 
f 1899/2171/1558 1795/2063/1454 1794/2062/1453 1898/2170/1557 
f 1900/2172/1559 1796/2064/1455 1795/2063/1454 1899/2171/1558 
f 1901/2173/1560 1797/2065/1456 1796/2064/1455 1900/2172/1559 
f 1902/2174/1561 1798/2066/1457 1797/2065/1456 1901/2173/1560 
f 1903/2175/1562 1799/2067/1458 1800/2068/1459 1904/2176/1563 
f 1878/2148/1537 1774/2040/1433 1772/2038/1431 1876/2146/1535 
f 1854/2122/1513 1750/2014/1409 1799/2067/1458 1903/2175/1562 
f 1904/2176/1563 1800/2068/1459 1798/2066/1457 1902/2174/1561 
f 1880/2150/1539 1776/2042/1435 1773/2039/1432 1877/2147/1536 
f 1891/2162/1550 1787/2054/1446 1785/2052/1444 1889/2160/1548 
f 1867/2136/1526 1763/2028/1422 1760/2025/1419 1864/2133/1523 
f 1865/2134/1524 1761/2026/1420 1759/2024/1418 1863/2132/1522 
f 1893/2164/1552 1789/2056/1448 1786/2053/1445 1890/2161/1549 
f 1905/2177/1564 1853/2121/1512 1854/2122/1513 1906/2178/1565 
f 1907/2179/1566 1905/2180/1564 1906/2181/1565 1908/2182/1567 
f 1802/2070/1461 1907/2179/1566 1908/2182/1567 1801/2069/1460 
f 1909/2183/1568 1855/2123/1514 1853/2121/1512 1905/2177/1564 
f 1910/2184/1569 1909/2185/1568 1905/2180/1564 1907/2179/1566 
f 1803/2071/1462 1910/2184/1569 1907/2179/1566 1802/2070/1461 
f 1911/2186/1570 1856/2124/1515 1855/2123/1514 1909/2183/1568 
f 1912/2187/1571 1911/2188/1570 1909/2185/1568 1910/2184/1569 
f 1804/2072/1463 1912/2187/1571 1910/2184/1569 1803/2071/1462 
f 1913/2189/1572 1857/2125/1516 1856/2124/1515 1911/2186/1570 
f 1914/2190/1573 1913/2191/1572 1911/2188/1570 1912/2187/1571 
f 1805/2073/1464 1914/2190/1573 1912/2187/1571 1804/2072/1463 
f 1915/2192/1574 1858/2126/1517 1857/2125/1516 1913/2189/1572 
f 1916/2193/1575 1915/2194/1574 1913/2191/1572 1914/2190/1573 
f 1806/2074/1465 1916/2193/1575 1914/2190/1573 1805/2073/1464 
f 1917/2195/1576 1859/2127/1518 1858/2126/1517 1915/2192/1574 
f 1918/2196/1577 1917/2197/1576 1915/2194/1574 1916/2193/1575 
f 1807/2075/1466 1918/2196/1577 1916/2193/1575 1806/2074/1465 
f 1919/2198/1578 1860/2128/1519 1859/2129/1518 1917/2199/1576 
f 1920/2200/1579 1919/2201/1578 1917/2197/1576 1918/2196/1577 
f 1808/2076/1467 1920/2200/1579 1918/2196/1577 1807/2075/1466 
f 1921/2202/1580 1861/2130/1520 1860/2128/1519 1919/2198/1578 
f 1922/2203/1581 1921/2204/1580 1919/2201/1578 1920/2200/1579 
f 1809/2077/1468 1922/2203/1581 1920/2200/1579 1808/2076/1467 
f 1923/2205/1582 1862/2131/1521 1861/2130/1520 1921/2202/1580 
f 1924/2206/1583 1923/2207/1582 1921/2204/1580 1922/2203/1581 
f 1810/2078/1469 1924/2206/1583 1922/2203/1581 1809/2077/1468 
f 1925/2208/1584 1863/2132/1522 1862/2131/1521 1923/2205/1582 
f 1926/2209/1585 1925/2210/1584 1923/2207/1582 1924/2206/1583 
f 1811/2079/1470 1926/2209/1585 1924/2206/1583 1810/2078/1469 
f 1927/2211/1586 1864/2133/1523 1865/2134/1524 1928/2212/1587 
f 1929/2213/1588 1927/2214/1586 1928/2215/1587 1930/2216/1589 
f 1813/2081/1472 1929/2213/1588 1930/2216/1589 1812/2080/1471 
f 1931/2217/1590 1866/2135/1525 1867/2136/1526 1932/2218/1591 
f 1933/2219/1592 1931/2220/1590 1932/2221/1591 1934/2222/1593 
f 1815/2083/1474 1933/2219/1592 1934/2222/1593 1814/2082/1473 
f 1935/2223/1594 1868/2137/1527 1866/2135/1525 1931/2217/1590 
f 1936/2224/1595 1935/2225/1594 1931/2220/1590 1933/2219/1592 
f 1816/2084/1475 1936/2224/1595 1933/2219/1592 1815/2083/1474 
f 1937/2226/1596 1869/2138/1528 1868/2137/1527 1935/2223/1594 
f 1938/2227/1597 1937/2228/1596 1935/2225/1594 1936/2224/1595 
f 1817/2085/1476 1938/2227/1597 1936/2224/1595 1816/2084/1475 
f 1939/2229/1598 1870/2139/1529 1869/2138/1528 1937/2226/1596 
f 1940/2230/1599 1939/2231/1598 1937/2228/1596 1938/2227/1597 
f 1818/2086/1477 1940/2230/1599 1938/2227/1597 1817/2085/1476 
f 1941/2232/1600 1871/2140/1530 1870/2141/1529 1939/2233/1598 
f 1942/2234/1601 1941/2235/1600 1939/2231/1598 1940/2230/1599 
f 1819/2087/1478 1942/2234/1601 1940/2230/1599 1818/2086/1477 
f 1943/2236/1602 1872/2142/1531 1871/2140/1530 1941/2232/1600 
f 1944/2237/1603 1943/2238/1602 1941/2235/1600 1942/2234/1601 
f 1820/2088/1479 1944/2237/1603 1942/2234/1601 1819/2087/1478 
f 1945/2239/1604 1873/2143/1532 1872/2142/1531 1943/2236/1602 
f 1946/2240/1605 1945/2241/1604 1943/2238/1602 1944/2237/1603 
f 1821/2089/1480 1946/2240/1605 1944/2237/1603 1820/2088/1479 
f 1947/2242/1606 1874/2144/1533 1873/2143/1532 1945/2239/1604 
f 1948/2243/1607 1947/2244/1606 1945/2241/1604 1946/2240/1605 
f 1822/2090/1481 1948/2243/1607 1946/2240/1605 1821/2089/1480 
f 1949/2245/1608 1875/2145/1534 1874/2144/1533 1947/2242/1606 
f 1950/2246/1609 1949/2247/1608 1947/2244/1606 1948/2243/1607 
f 1823/2091/1482 1950/2246/1609 1948/2243/1607 1822/2090/1481 
f 1951/2248/1610 1876/2146/1535 1875/2145/1534 1949/2245/1608 
f 1952/2249/1611 1951/2250/1610 1949/2247/1608 1950/2246/1609 
f 1824/2092/1483 1952/2249/1611 1950/2246/1609 1823/2091/1482 
f 1953/2251/1612 1877/2147/1536 1878/2148/1537 1954/2252/1613 
f 1955/2253/1614 1953/2254/1612 1954/2255/1613 1956/2256/1615 
f 1826/2094/1485 1955/2253/1614 1956/2256/1615 1825/2093/1484 
f 1957/2257/1616 1879/2149/1538 1880/2150/1539 1958/2258/1617 
f 1959/2259/1618 1957/2260/1616 1958/2261/1617 1960/2262/1619 
f 1828/2096/1487 1959/2259/1618 1960/2262/1619 1827/2095/1486 
f 1961/2263/1620 1881/2151/1540 1879/2149/1538 1957/2257/1616 
f 1962/2264/1621 1961/2265/1620 1957/2260/1616 1959/2259/1618 
f 1829/2097/1488 1962/2264/1621 1959/2259/1618 1828/2096/1487 
f 1963/2266/1622 1882/2152/1541 1881/2151/1540 1961/2263/1620 
f 1964/2267/1623 1963/2268/1622 1961/2265/1620 1962/2264/1621 
f 1830/2098/1489 1964/2267/1623 1962/2264/1621 1829/2097/1488 
f 1965/2269/1624 1883/2153/1542 1882/2152/1541 1963/2266/1622 
f 1966/2270/1625 1965/2271/1624 1963/2268/1622 1964/2267/1623 
f 1831/2099/1490 1966/2270/1625 1964/2267/1623 1830/2098/1489 
f 1967/2272/1626 1884/2154/1543 1883/2153/1542 1965/2269/1624 
f 1968/2273/1627 1967/2274/1626 1965/2271/1624 1966/2270/1625 
f 1832/2100/1491 1968/2273/1627 1966/2270/1625 1831/2099/1490 
f 1969/2275/1628 1885/2155/1544 1884/2154/1543 1967/2272/1626 
f 1970/2276/1629 1969/2277/1628 1967/2274/1626 1968/2273/1627 
f 1833/2101/1492 1970/2276/1629 1968/2273/1627 1832/2100/1491 
f 1971/2278/1630 1886/2156/1545 1885/2157/1544 1969/2279/1628 
f 1972/2280/1631 1971/2281/1630 1969/2277/1628 1970/2276/1629 
f 1834/2102/1493 1972/2280/1631 1970/2276/1629 1833/2101/1492 
f 1973/2282/1632 1887/2158/1546 1886/2156/1545 1971/2278/1630 
f 1974/2283/1633 1973/2284/1632 1971/2281/1630 1972/2280/1631 
f 1835/2103/1494 1974/2283/1633 1972/2280/1631 1834/2102/1493 
f 1975/2285/1634 1888/2159/1547 1887/2158/1546 1973/2282/1632 
f 1976/2286/1635 1975/2287/1634 1973/2284/1632 1974/2283/1633 
f 1836/2104/1495 1976/2286/1635 1974/2283/1633 1835/2103/1494 
f 1977/2288/1636 1889/2160/1548 1888/2159/1547 1975/2285/1634 
f 1978/2289/1637 1977/2290/1636 1975/2287/1634 1976/2286/1635 
f 1837/2105/1496 1978/2289/1637 1976/2286/1635 1836/2104/1495 
f 1979/2291/1638 1890/2161/1549 1891/2162/1550 1980/2292/1639 
f 1981/2293/1640 1979/2294/1638 1980/2295/1639 1982/2296/1641 
f 1839/2107/1498 1981/2293/1640 1982/2296/1641 1838/2106/1497 
f 1983/2297/1642 1892/2163/1551 1893/2164/1552 1984/2298/1643 
f 1985/2299/1644 1983/2300/1642 1984/2301/1643 1986/2302/1645 
f 1841/2109/1500 1985/2299/1644 1986/2302/1645 1840/2108/1499 
f 1987/2303/1646 1894/2165/1553 1892/2163/1551 1983/2297/1642 
f 1988/2304/1647 1987/2305/1646 1983/2300/1642 1985/2299/1644 
f 1842/2110/1501 1988/2304/1647 1985/2299/1644 1841/2109/1500 
f 1989/2306/1648 1895/2166/1554 1894/2165/1553 1987/2303/1646 
f 1990/2307/1649 1989/2308/1648 1987/2305/1646 1988/2304/1647 
f 1843/2111/1502 1990/2307/1649 1988/2304/1647 1842/2110/1501 
f 1991/2309/1650 1896/2167/1555 1895/2166/1554 1989/2306/1648 
f 1992/2310/1651 1991/2311/1650 1989/2308/1648 1990/2307/1649 
f 1844/2112/1503 1992/2310/1651 1990/2307/1649 1843/2111/1502 
f 1993/2312/1652 1897/2168/1556 1896/2169/1555 1991/2313/1650 
f 1994/2314/1653 1993/2315/1652 1991/2311/1650 1992/2310/1651 
f 1845/2113/1504 1994/2314/1653 1992/2310/1651 1844/2112/1503 
f 1995/2316/1654 1898/2170/1557 1897/2168/1556 1993/2312/1652 
f 1996/2317/1655 1995/2318/1654 1993/2315/1652 1994/2314/1653 
f 1846/2114/1505 1996/2317/1655 1994/2314/1653 1845/2113/1504 
f 1997/2319/1656 1899/2171/1558 1898/2170/1557 1995/2316/1654 
f 1998/2320/1657 1997/2321/1656 1995/2318/1654 1996/2317/1655 
f 1847/2115/1506 1998/2320/1657 1996/2317/1655 1846/2114/1505 
f 1999/2322/1658 1900/2172/1559 1899/2171/1558 1997/2319/1656 
f 2000/2323/1659 1999/2324/1658 1997/2321/1656 1998/2320/1657 
f 1848/2116/1507 2000/2323/1659 1998/2320/1657 1847/2115/1506 
f 2001/2325/1660 1901/2173/1560 1900/2172/1559 1999/2322/1658 
f 2002/2326/1661 2001/2327/1660 1999/2324/1658 2000/2323/1659 
f 1849/2117/1508 2002/2326/1661 2000/2323/1659 1848/2116/1507 
f 2003/2328/1662 1902/2174/1561 1901/2173/1560 2001/2325/1660 
f 2004/2329/1663 2003/2330/1662 2001/2327/1660 2002/2326/1661 
f 1850/2118/1509 2004/2329/1663 2002/2326/1661 1849/2117/1508 
f 2005/2331/1664 1903/2175/1562 1904/2176/1563 2006/2332/1665 
f 2007/2333/1666 2005/2334/1664 2006/2335/1665 2008/2336/1667 
f 1852/2120/1511 2007/2333/1666 2008/2336/1667 1851/2119/1510 
f 1954/2252/1613 1878/2148/1537 1876/2146/1535 1951/2248/1610 
f 1956/2256/1615 1954/2255/1613 1951/2250/1610 1952/2249/1611 
f 1825/2093/1484 1956/2256/1615 1952/2249/1611 1824/2092/1483 
f 1906/2178/1565 1854/2122/1513 1903/2175/1562 2005/2331/1664 
f 1908/2182/1567 1906/2181/1565 2005/2334/1664 2007/2333/1666 
f 1801/2069/1460 1908/2182/1567 2007/2333/1666 1852/2120/1511 
f 2006/2332/1665 1904/2176/1563 1902/2174/1561 2003/2328/1662 
f 2008/2336/1667 2006/2335/1665 2003/2330/1662 2004/2329/1663 
f 1851/2119/1510 2008/2336/1667 2004/2329/1663 1850/2118/1509 
f 1958/2258/1617 1880/2150/1539 1877/2147/1536 1953/2251/1612 
f 1960/2262/1619 1958/2261/1617 1953/2254/1612 1955/2253/1614 
f 1827/2095/1486 1960/2262/1619 1955/2253/1614 1826/2094/1485 
f 1980/2292/1639 1891/2162/1550 1889/2160/1548 1977/2288/1636 
f 1982/2296/1641 1980/2295/1639 1977/2290/1636 1978/2289/1637 
f 1838/2106/1497 1982/2296/1641 1978/2289/1637 1837/2105/1496 
f 1932/2218/1591 1867/2136/1526 1864/2133/1523 1927/2211/1586 
f 1934/2222/1593 1932/2221/1591 1927/2214/1586 1929/2213/1588 
f 1814/2082/1473 1934/2222/1593 1929/2213/1588 1813/2081/1472 
f 1928/2212/1587 1865/2134/1524 1863/2132/1522 1925/2208/1584 
f 1930/2216/1589 1928/2215/1587 1925/2210/1584 1926/2209/1585 
f 1812/2080/1471 1930/2216/1589 1926/2209/1585 1811/2079/1470 
f 1984/2298/1643 1893/2164/1552 1890/2161/1549 1979/2291/1638 
f 1986/2302/1645 1984/2301/1643 1979/2294/1638 1981/2293/1640 
f 1840/2108/1499 1986/2302/1645 1981/2293/1640 1839/2107/1498 
# 1978 polygons - 52 triangles

