# Blender 4.2.0
# www.blender.org
mtllib Guitar_Blue.mtl
o h_1.001
usemtl blinn1
v 0.001680 -0.000606 0.000240
v 0.001699 -0.000610 0.000232
v 0.001717 -0.000614 0.000240
v 0.001725 -0.000615 0.000259
v 0.001717 -0.000614 0.000278
v 0.001699 -0.000610 0.000286
v 0.001680 -0.000606 0.000278
v 0.001672 -0.000604 0.000259
v 0.001397 -0.001928 0.000240
v 0.001415 -0.001932 0.000232
v 0.001434 -0.001936 0.000240
v 0.001442 -0.001938 0.000259
v 0.001434 -0.001936 0.000278
v 0.001415 -0.001932 0.000286
v 0.001397 -0.001928 0.000278
v 0.001389 -0.001927 0.000259
v 0.001685 -0.000583 0.000208
v 0.001702 -0.000594 0.000208
v 0.001722 -0.000591 0.000208
v 0.001734 -0.000574 0.000208
v 0.001730 -0.000553 0.000208
v 0.001713 -0.000542 0.000208
v 0.001693 -0.000546 0.000208
v 0.001681 -0.000562 0.000208
v 0.001685 -0.000583 -0.000114
v 0.001702 -0.000594 -0.000114
v 0.001722 -0.000591 -0.000114
v 0.001734 -0.000574 -0.000114
v 0.001730 -0.000553 -0.000114
v 0.001713 -0.000542 -0.000114
v 0.001693 -0.000546 -0.000114
v 0.001681 -0.000562 -0.000114
v 0.001682 -0.000588 0.000230
v 0.001677 -0.000571 0.000244
v 0.001688 -0.000559 0.000257
v 0.001710 -0.000557 0.000263
v 0.001729 -0.000567 0.000257
v 0.001734 -0.000584 0.000244
v 0.001723 -0.000596 0.000230
v 0.001701 -0.000598 0.000224
v 0.001282 -0.002463 0.000323
v 0.001301 -0.002467 0.000315
v 0.001320 -0.002471 0.000323
v 0.001327 -0.002473 0.000342
v 0.001320 -0.002471 0.000361
v 0.001301 -0.002467 0.000369
v 0.001282 -0.002463 0.000361
v 0.001275 -0.002461 0.000342
v 0.001180 -0.003033 0.000315
v 0.001198 -0.003037 0.000323
v 0.001206 -0.003038 0.000342
v 0.001198 -0.003037 0.000361
v 0.001180 -0.003033 0.000369
v 0.001161 -0.003029 0.000361
v 0.001153 -0.003027 0.000342
v 0.001161 -0.003029 0.000323
v 0.001301 -0.002467 0.000307
v 0.001325 -0.002472 0.000317
v 0.001225 -0.002954 0.000314
v 0.001198 -0.002948 0.000302
v 0.001334 -0.002474 0.000342
v 0.001237 -0.002957 0.000342
v 0.001325 -0.002472 0.000366
v 0.001225 -0.002954 0.000370
v 0.001301 -0.002467 0.000376
v 0.001198 -0.002948 0.000382
v 0.001277 -0.002462 0.000366
v 0.001170 -0.002942 0.000370
v 0.001267 -0.002460 0.000342
v 0.001159 -0.002940 0.000342
v 0.001277 -0.002462 0.000317
v 0.001170 -0.002942 0.000314
v 0.001315 -0.002553 0.000310
v 0.001327 -0.002555 0.000342
v 0.001315 -0.002553 0.000373
v 0.001284 -0.002546 0.000386
v 0.001253 -0.002540 0.000373
v 0.001241 -0.002537 0.000342
v 0.001253 -0.002540 0.000310
v 0.001284 -0.002546 0.000298
v 0.004237 0.000430 0.000028
v 0.004284 0.000418 0.000028
v 0.004319 0.000384 0.000028
v 0.004331 0.000337 0.000028
v 0.004237 -0.000548 0.000028
v 0.004331 -0.000455 0.000028
v 0.004319 -0.000501 0.000028
v 0.004284 -0.000536 0.000028
v 0.004099 0.000384 0.000028
v 0.004133 0.000418 0.000028
v 0.004180 0.000430 0.000028
v 0.004087 0.000337 0.000028
v 0.004133 -0.000536 0.000028
v 0.004099 -0.000501 0.000028
v 0.004087 -0.000455 0.000028
v 0.004180 -0.000548 0.000028
v 0.004147 -0.000511 0.000028
v 0.004184 -0.000521 0.000028
v 0.004234 -0.000521 0.000028
v 0.004270 -0.000511 0.000028
v 0.004294 -0.000487 0.000028
v 0.004304 -0.000451 0.000028
v 0.004304 0.000333 0.000028
v 0.004294 0.000369 0.000028
v 0.004270 0.000394 0.000028
v 0.004234 0.000403 0.000028
v 0.004184 0.000403 0.000028
v 0.004147 0.000394 0.000028
v 0.004123 0.000369 0.000028
v 0.004114 0.000333 0.000028
v 0.004114 -0.000451 0.000028
v 0.004123 -0.000487 0.000028
v 0.004967 0.000395 -0.000016
v 0.004900 0.000488 -0.000016
v 0.005070 0.000334 -0.000016
v 0.004834 0.000616 -0.000016
v 0.004563 0.000600 -0.000016
v 0.004285 0.000578 -0.000016
v 0.003983 0.000619 -0.000016
v 0.003652 0.000733 -0.000016
v 0.003369 0.000827 -0.000016
v 0.003072 0.000938 -0.000016
v 0.002934 0.000982 -0.000016
v 0.002659 0.001030 -0.000016
v 0.002446 0.001008 -0.000016
v 0.002243 0.000945 -0.000016
v 0.002103 0.000803 -0.000016
v 0.002023 0.000631 -0.000016
v 0.001989 0.000464 -0.000016
v 0.002190 0.000464 -0.000016
v 0.002190 -0.000601 -0.000016
v 0.001984 -0.000601 -0.000016
v 0.001984 -0.000803 -0.000016
v 0.001979 -0.000981 -0.000016
v 0.001923 -0.001171 -0.000016
v 0.001860 -0.001360 -0.000016
v 0.001759 -0.001533 -0.000016
v 0.001638 -0.001672 -0.000016
v 0.001529 -0.001788 -0.000016
v 0.001486 -0.001864 -0.000016
v 0.001481 -0.001967 -0.000016
v 0.001522 -0.002030 -0.000016
v 0.001612 -0.002095 -0.000016
v 0.001685 -0.002098 -0.000016
v 0.001892 -0.002098 -0.000016
v 0.002036 -0.002075 -0.000016
v 0.002179 -0.002020 -0.000016
v 0.002629 -0.001819 -0.000016
v 0.003078 -0.001601 -0.000016
v 0.003283 -0.001524 -0.000016
v 0.003478 -0.001476 -0.000016
v 0.003743 -0.001481 -0.000016
v 0.003921 -0.001513 -0.000016
v 0.004255 -0.001625 -0.000016
v 0.004547 -0.001745 -0.000016
v 0.004776 -0.001810 -0.000016
v 0.004962 -0.001812 -0.000016
v 0.005166 -0.001771 -0.000016
v 0.005304 -0.001711 -0.000016
v 0.005346 -0.001654 -0.000016
v 0.005310 -0.001637 -0.000016
v 0.005172 -0.001619 -0.000016
v 0.004957 -0.001545 -0.000016
v 0.004788 -0.001446 -0.000016
v 0.004611 -0.001291 -0.000016
v 0.004524 -0.001099 -0.000016
v 0.004503 -0.000840 -0.000016
v 0.004634 -0.000459 -0.000016
v 0.004546 -0.000629 -0.000016
v 0.004417 -0.000459 -0.000016
v 0.004417 0.000334 -0.000016
v 0.004900 0.000488 0.000028
v 0.004834 0.000616 0.000028
v 0.004563 0.000600 0.000028
v 0.004285 0.000578 0.000028
v 0.003983 0.000619 0.000028
v 0.003652 0.000733 0.000028
v 0.003369 0.000827 0.000028
v 0.003072 0.000938 0.000028
v 0.002934 0.000982 0.000028
v 0.002659 0.001030 0.000028
v 0.002446 0.001008 0.000028
v 0.002243 0.000945 0.000028
v 0.002103 0.000803 0.000028
v 0.002023 0.000631 0.000028
v 0.001989 0.000464 0.000028
v 0.002190 0.000464 0.000028
v 0.002190 -0.000601 0.000028
v 0.001984 -0.000601 0.000028
v 0.001984 -0.000803 0.000028
v 0.001979 -0.000981 0.000028
v 0.001923 -0.001171 0.000028
v 0.001860 -0.001360 0.000028
v 0.001759 -0.001533 0.000028
v 0.001638 -0.001672 0.000028
v 0.001529 -0.001788 0.000028
v 0.001486 -0.001864 0.000028
v 0.001481 -0.001967 0.000028
v 0.001522 -0.002030 0.000028
v 0.001612 -0.002095 0.000028
v 0.001685 -0.002098 0.000028
v 0.001892 -0.002098 0.000028
v 0.002036 -0.002075 0.000028
v 0.002179 -0.002020 0.000028
v 0.002629 -0.001819 0.000028
v 0.003078 -0.001601 0.000028
v 0.003283 -0.001524 0.000028
v 0.003478 -0.001476 0.000028
v 0.003743 -0.001481 0.000028
v 0.003921 -0.001513 0.000028
v 0.004255 -0.001625 0.000028
v 0.004547 -0.001745 0.000028
v 0.004776 -0.001810 0.000028
v 0.004962 -0.001812 0.000028
v 0.005166 -0.001771 0.000028
v 0.005304 -0.001711 0.000028
v 0.005346 -0.001654 0.000028
v 0.005310 -0.001637 0.000028
v 0.005172 -0.001619 0.000028
v 0.004957 -0.001545 0.000028
v 0.004788 -0.001446 0.000028
v 0.004611 -0.001291 0.000028
v 0.004524 -0.001099 0.000028
v 0.004503 -0.000840 0.000028
v 0.004546 -0.000629 0.000028
v 0.004634 -0.000459 0.000028
v 0.004417 -0.000459 0.000028
v 0.004417 0.000334 0.000028
v 0.005070 0.000334 0.000028
v 0.004967 0.000395 0.000028
v 0.003293 -0.000507 0.000028
v 0.003329 -0.000517 0.000028
v 0.003378 -0.000517 0.000028
v 0.003414 -0.000507 0.000028
v 0.003438 -0.000483 0.000028
v 0.003447 -0.000448 0.000028
v 0.003447 0.000324 0.000028
v 0.003438 0.000360 0.000028
v 0.003414 0.000383 0.000028
v 0.003378 0.000393 0.000028
v 0.003329 0.000393 0.000028
v 0.003293 0.000383 0.000028
v 0.003270 0.000360 0.000028
v 0.003260 0.000324 0.000028
v 0.003260 -0.000448 0.000028
v 0.003270 -0.000483 0.000028
v 0.003279 -0.000531 0.000028
v 0.003325 -0.000543 0.000028
v 0.003382 -0.000543 0.000028
v 0.003428 -0.000531 0.000028
v 0.003462 -0.000497 0.000028
v 0.003474 -0.000451 0.000028
v 0.003474 0.000327 0.000028
v 0.003462 0.000373 0.000028
v 0.003428 0.000407 0.000028
v 0.003382 0.000419 0.000028
v 0.003325 0.000419 0.000028
v 0.003279 0.000407 0.000028
v 0.003246 0.000373 0.000028
v 0.003233 0.000327 0.000028
v 0.003233 -0.000451 0.000028
v 0.003246 -0.000497 0.000028
v 0.002445 -0.000499 0.000028
v 0.002480 -0.000515 0.000028
v 0.002529 -0.000523 0.000028
v 0.002567 -0.000519 0.000028
v 0.002595 -0.000499 0.000028
v 0.002610 -0.000465 0.000028
v 0.002738 0.000313 0.000028
v 0.002734 0.000351 0.000028
v 0.002715 0.000378 0.000028
v 0.002680 0.000394 0.000028
v 0.002630 0.000402 0.000028
v 0.002593 0.000398 0.000028
v 0.002565 0.000378 0.000028
v 0.002549 0.000344 0.000028
v 0.002421 -0.000434 0.000028
v 0.002425 -0.000471 0.000028
v 0.002427 -0.000521 0.000028
v 0.002472 -0.000541 0.000028
v 0.002528 -0.000550 0.000028
v 0.002577 -0.000545 0.000028
v 0.002616 -0.000517 0.000028
v 0.002636 -0.000473 0.000028
v 0.002766 0.000312 0.000028
v 0.002761 0.000361 0.000028
v 0.002732 0.000400 0.000028
v 0.002688 0.000420 0.000028
v 0.002631 0.000430 0.000028
v 0.002583 0.000425 0.000028
v 0.002543 0.000396 0.000028
v 0.002523 0.000352 0.000028
v 0.002394 -0.000433 0.000028
v 0.002399 -0.000481 0.000028
v 0.004153 -0.000501 0.000046
v 0.004185 -0.000510 0.000046
v 0.004232 -0.000510 0.000046
v 0.004264 -0.000501 0.000046
v 0.004284 -0.000481 0.000046
v 0.004292 -0.000450 0.000046
v 0.004292 0.000332 0.000046
v 0.004284 0.000363 0.000046
v 0.004264 0.000383 0.000046
v 0.004232 0.000392 0.000046
v 0.004185 0.000392 0.000046
v 0.004153 0.000383 0.000046
v 0.004134 0.000363 0.000046
v 0.004125 0.000332 0.000046
v 0.004125 -0.000450 0.000046
v 0.004134 -0.000481 0.000046
v 0.003299 -0.000497 0.000046
v 0.003330 -0.000505 0.000046
v 0.003377 -0.000505 0.000046
v 0.003408 -0.000497 0.000046
v 0.003427 -0.000478 0.000046
v 0.003436 -0.000446 0.000046
v 0.003436 0.000322 0.000046
v 0.003427 0.000354 0.000046
v 0.003408 0.000373 0.000046
v 0.003377 0.000381 0.000046
v 0.003330 0.000381 0.000046
v 0.003299 0.000373 0.000046
v 0.003280 0.000354 0.000046
v 0.003271 0.000322 0.000046
v 0.003271 -0.000446 0.000046
v 0.003280 -0.000478 0.000046
v 0.002453 -0.000490 0.000046
v 0.002483 -0.000503 0.000046
v 0.002530 -0.000511 0.000046
v 0.002563 -0.000508 0.000046
v 0.002585 -0.000491 0.000046
v 0.002599 -0.000461 0.000046
v 0.002726 0.000313 0.000046
v 0.002723 0.000346 0.000046
v 0.002707 0.000369 0.000046
v 0.002677 0.000383 0.000046
v 0.002630 0.000390 0.000046
v 0.002597 0.000387 0.000046
v 0.002574 0.000371 0.000046
v 0.002561 0.000341 0.000046
v 0.002433 -0.000434 0.000046
v 0.002436 -0.000467 0.000046
v 0.004231 -0.000500 0.000046
v 0.004187 -0.000500 0.000046
v 0.004259 -0.000492 0.000046
v 0.004275 -0.000476 0.000046
v 0.004283 -0.000448 0.000046
v 0.004283 0.000330 0.000046
v 0.004275 0.000359 0.000046
v 0.004259 0.000374 0.000046
v 0.004231 0.000382 0.000046
v 0.004187 0.000382 0.000046
v 0.004158 0.000374 0.000046
v 0.004142 0.000359 0.000046
v 0.004135 0.000330 0.000046
v 0.004135 -0.000448 0.000046
v 0.004142 -0.000476 0.000046
v 0.004158 -0.000492 0.000046
v 0.003376 -0.000496 0.000046
v 0.003332 -0.000496 0.000046
v 0.003403 -0.000488 0.000046
v 0.003419 -0.000473 0.000046
v 0.003426 -0.000445 0.000046
v 0.003426 0.000321 0.000046
v 0.003419 0.000349 0.000046
v 0.003403 0.000364 0.000046
v 0.003376 0.000372 0.000046
v 0.003332 0.000372 0.000046
v 0.003304 0.000364 0.000046
v 0.003288 0.000349 0.000046
v 0.003281 0.000321 0.000046
v 0.003281 -0.000445 0.000046
v 0.003288 -0.000473 0.000046
v 0.003304 -0.000488 0.000046
v 0.002530 -0.000501 0.000046
v 0.002486 -0.000494 0.000046
v 0.002559 -0.000498 0.000046
v 0.002578 -0.000485 0.000046
v 0.002590 -0.000458 0.000046
v 0.002717 0.000314 0.000046
v 0.002714 0.000343 0.000046
v 0.002701 0.000361 0.000046
v 0.002674 0.000373 0.000046
v 0.002630 0.000381 0.000046
v 0.002601 0.000378 0.000046
v 0.002582 0.000364 0.000046
v 0.002570 0.000338 0.000046
v 0.002443 -0.000434 0.000046
v 0.002446 -0.000463 0.000046
v 0.002459 -0.000482 0.000046
v 0.010972 -0.000355 0.000101
v 0.011031 -0.000354 0.000101
v 0.010972 0.000247 0.000101
v 0.011031 0.000247 0.000101
v 0.011031 0.000247 0.000145
v 0.011031 -0.000354 0.000145
v 0.010972 0.000247 0.000145
v 0.010972 -0.000355 0.000145
v 0.010972 -0.000277 0.000101
v 0.010972 -0.000260 0.000101
v 0.010972 -0.000260 0.000145
v 0.010972 -0.000277 0.000145
v 0.011031 -0.000277 0.000145
v 0.011031 -0.000260 0.000145
v 0.011031 -0.000260 0.000101
v 0.011031 -0.000277 0.000101
v 0.010972 -0.000191 0.000101
v 0.010972 -0.000174 0.000101
v 0.010972 -0.000174 0.000145
v 0.010972 -0.000191 0.000145
v 0.011031 -0.000191 0.000145
v 0.011031 -0.000174 0.000145
v 0.011031 -0.000174 0.000101
v 0.011031 -0.000191 0.000101
v 0.010972 -0.000105 0.000101
v 0.010972 -0.000088 0.000101
v 0.010972 -0.000088 0.000145
v 0.010972 -0.000105 0.000145
v 0.011031 -0.000105 0.000145
v 0.011031 -0.000088 0.000145
v 0.011031 -0.000088 0.000101
v 0.011031 -0.000105 0.000101
v 0.010972 -0.000019 0.000101
v 0.010972 -0.000002 0.000101
v 0.010972 -0.000002 0.000145
v 0.010972 -0.000019 0.000145
v 0.011031 -0.000019 0.000145
v 0.011031 -0.000002 0.000145
v 0.011031 -0.000002 0.000101
v 0.011031 -0.000019 0.000101
v 0.010972 0.000067 0.000101
v 0.010972 0.000084 0.000101
v 0.010972 0.000084 0.000145
v 0.010972 0.000067 0.000145
v 0.011031 0.000067 0.000145
v 0.011031 0.000084 0.000145
v 0.011031 0.000084 0.000101
v 0.011031 0.000067 0.000101
v 0.010972 0.000153 0.000101
v 0.010972 0.000170 0.000101
v 0.010972 0.000170 0.000145
v 0.010972 0.000153 0.000145
v 0.011031 0.000170 0.000145
v 0.011031 0.000152 0.000145
v 0.011031 0.000170 0.000101
v 0.011031 0.000152 0.000101
v 0.011031 0.000247 0.000133
v 0.010972 0.000247 0.000133
v 0.010972 0.000170 0.000133
v 0.010972 0.000153 0.000133
v 0.010972 0.000084 0.000133
v 0.010972 0.000067 0.000133
v 0.010972 -0.000002 0.000133
v 0.010972 -0.000019 0.000133
v 0.010972 -0.000088 0.000133
v 0.010972 -0.000105 0.000133
v 0.010972 -0.000174 0.000133
v 0.010972 -0.000191 0.000133
v 0.010972 -0.000260 0.000133
v 0.010972 -0.000277 0.000133
v 0.010972 -0.000355 0.000133
v 0.011031 -0.000354 0.000133
v 0.011031 -0.000277 0.000133
v 0.011031 -0.000260 0.000133
v 0.011031 -0.000191 0.000133
v 0.011031 -0.000174 0.000133
v 0.011031 -0.000105 0.000133
v 0.011031 -0.000088 0.000133
v 0.011031 -0.000019 0.000133
v 0.011031 -0.000002 0.000133
v 0.011031 0.000067 0.000133
v 0.011031 0.000084 0.000133
v 0.011031 0.000152 0.000133
v 0.011031 0.000170 0.000133
v 0.011161 0.000250 0.000084
v 0.011161 -0.000358 0.000084
v 0.011144 0.000250 0.000014
v 0.011144 -0.000358 0.000005
v 0.005830 0.000310 0.000102
v 0.005830 -0.000418 0.000102
v 0.005830 -0.000418 -0.000164
v 0.005830 0.000310 -0.000164
v 0.011148 0.000250 0.000049
v 0.011148 -0.000358 0.000027
v 0.005830 -0.000418 -0.000139
v 0.005830 0.000310 -0.000139
v 0.006058 0.000308 0.000053
v 0.006058 -0.000416 0.000053
v 0.006058 -0.000416 0.000079
v 0.006058 -0.000416 0.000102
v 0.006058 0.000308 0.000102
v 0.006058 0.000308 0.000079
v 0.005830 -0.000054 -0.000227
v 0.005950 -0.000416 -0.000227
v 0.005830 -0.000418 -0.000227
v 0.005950 0.000308 -0.000227
v 0.005830 0.000310 -0.000227
v 0.011129 0.000150 -0.000074
v 0.011120 -0.000054 -0.000102
v 0.011129 -0.000258 -0.000075
v 0.005983 0.000124 -0.000227
v 0.006058 0.000150 -0.000072
v 0.006058 -0.000054 -0.000123
v 0.006058 -0.000258 -0.000072
v 0.005983 -0.000232 -0.000227
v 0.005880 -0.000054 -0.000227
v 0.006009 -0.000054 -0.000227
v 0.012420 -0.000456 -0.000101
v 0.011346 0.000421 0.000057
v 0.013359 -0.000384 -0.000240
v 0.013148 -0.000610 -0.000209
v 0.013273 -0.000165 -0.000227
v 0.013158 -0.000102 -0.000210
v 0.011288 0.000383 0.000065
v 0.011314 -0.000362 0.000061
v 0.012063 0.000214 -0.000049
v 0.012504 -0.000456 -0.000114
v 0.012648 0.000045 -0.000135
v 0.012593 -0.000482 -0.000127
v 0.011630 -0.000597 0.000015
v 0.011313 0.000409 0.000062
v 0.011674 -0.000604 0.000008
v 0.013283 -0.000540 -0.000228
v 0.013357 -0.000271 -0.000239
v 0.012749 -0.000625 -0.000150
v 0.012784 -0.000631 -0.000155
v 0.012718 -0.000606 -0.000145
v 0.013339 -0.000384 -0.000414
v 0.013264 -0.000540 -0.000402
v 0.013253 -0.000165 -0.000401
v 0.013337 -0.000271 -0.000413
v 0.012400 -0.000456 -0.000275
v 0.012484 -0.000456 -0.000288
v 0.013128 -0.000610 -0.000383
v 0.012764 -0.000631 -0.000329
v 0.011326 0.000415 -0.000117
v 0.012043 0.000214 -0.000223
v 0.013139 -0.000102 -0.000384
v 0.011295 -0.000362 -0.000112
v 0.011610 -0.000597 -0.000159
v 0.012629 0.000045 -0.000309
v 0.012573 -0.000482 -0.000301
v 0.012699 -0.000606 -0.000319
v 0.011655 -0.000604 -0.000165
v 0.012729 -0.000625 -0.000324
v 0.011978 0.000093 -0.000213
v 0.011322 0.000247 -0.000116
v 0.011786 -0.000268 -0.000185
v 0.011308 -0.000044 -0.000114
v 0.011729 -0.000374 -0.000176
v 0.011304 -0.000277 -0.000114
v 0.011257 0.000376 -0.000091
v 0.011278 0.000400 -0.000107
v 0.011202 -0.000360 -0.000056
v 0.011204 -0.000261 -0.000092
v 0.011209 -0.000049 -0.000104
v 0.011227 0.000211 -0.000088
v 0.011269 0.000383 -0.000063
v 0.011294 0.000409 -0.000066
v 0.011327 0.000421 -0.000071
v 0.012044 0.000214 -0.000177
v 0.012630 0.000045 -0.000263
v 0.013140 -0.000102 -0.000338
v 0.013254 -0.000165 -0.000355
v 0.013338 -0.000271 -0.000367
v 0.013340 -0.000384 -0.000368
v 0.013264 -0.000540 -0.000356
v 0.013129 -0.000610 -0.000336
v 0.012765 -0.000631 -0.000283
v 0.012730 -0.000625 -0.000278
v 0.012700 -0.000606 -0.000273
v 0.012574 -0.000482 -0.000255
v 0.012485 -0.000456 -0.000242
v 0.012401 -0.000456 -0.000229
v 0.011655 -0.000604 -0.000119
v 0.011611 -0.000597 -0.000113
v 0.011296 -0.000362 -0.000066
v 0.004423 0.000152 -0.000046
v 0.004423 0.000152 0.000112
v 0.005830 0.000147 0.000112
v 0.006058 0.000146 0.000112
v 0.011163 0.000125 0.000094
v 0.004423 -0.000255 -0.000046
v 0.004423 -0.000255 0.000112
v 0.005830 -0.000244 0.000112
v 0.006058 -0.000242 0.000112
v 0.011163 -0.000200 0.000094
v 0.011078 0.000250 0.000053
v 0.011078 0.000150 -0.000054
v 0.011078 -0.000054 -0.000086
v 0.011078 -0.000258 -0.000054
v 0.011078 -0.000358 0.000053
v 0.011078 -0.000358 0.000102
v 0.011078 -0.000200 0.000112
v 0.011078 0.000126 0.000112
v 0.011078 0.000250 0.000102
v 0.011078 0.000250 0.000079
v 0.004423 -0.000384 0.000105
v 0.004438 -0.000420 0.000103
v 0.004474 -0.000434 0.000102
v 0.004474 -0.000434 -0.000170
v 0.004438 -0.000420 -0.000046
v 0.004423 -0.000384 -0.000046
v 0.004423 0.000276 0.000105
v 0.004474 0.000326 0.000102
v 0.004438 0.000311 0.000103
v 0.004423 0.000276 -0.000046
v 0.004438 0.000311 -0.000046
v 0.004474 0.000326 -0.000170
v 0.004441 -0.000255 0.000112
v 0.004441 -0.000255 -0.000046
v 0.004441 0.000152 0.000112
v 0.004441 0.000152 -0.000046
v 0.004497 0.000152 0.000112
v 0.004518 0.000143 0.000112
v 0.004527 0.000122 0.000112
v 0.004548 0.000152 0.000112
v 0.004527 0.000122 -0.000046
v 0.004518 0.000143 -0.000046
v 0.004497 0.000152 -0.000046
v 0.004497 -0.000255 0.000112
v 0.004548 -0.000255 0.000112
v 0.004527 -0.000225 0.000112
v 0.004518 -0.000246 0.000112
v 0.004497 -0.000255 -0.000046
v 0.004518 -0.000246 -0.000046
v 0.004527 -0.000225 -0.000046
v 0.013072 -0.000233 -0.000049
v 0.013065 -0.000267 -0.000049
v 0.013032 -0.000278 -0.000043
v 0.013007 -0.000255 -0.000037
v 0.013014 -0.000221 -0.000037
v 0.013046 -0.000210 -0.000043
v 0.013077 -0.000236 -0.000003
v 0.013071 -0.000267 -0.000003
v 0.013042 -0.000276 0.000002
v 0.013019 -0.000256 0.000008
v 0.013025 -0.000225 0.000008
v 0.013054 -0.000216 0.000002
v 0.013081 -0.000237 0.000015
v 0.013074 -0.000267 0.000015
v 0.013045 -0.000277 0.000020
v 0.013023 -0.000256 0.000025
v 0.013029 -0.000226 0.000025
v 0.013058 -0.000216 0.000020
v 0.013066 -0.000242 0.000022
v 0.013063 -0.000256 0.000022
v 0.013049 -0.000261 0.000024
v 0.013039 -0.000251 0.000027
v 0.013042 -0.000237 0.000027
v 0.013055 -0.000233 0.000024
v 0.013061 -0.000237 -0.000047
v 0.013056 -0.000259 -0.000047
v 0.013065 -0.000261 0.000001
v 0.013070 -0.000239 0.000001
v 0.013034 -0.000267 -0.000043
v 0.013044 -0.000269 0.000005
v 0.013018 -0.000251 -0.000039
v 0.013027 -0.000253 0.000009
v 0.013022 -0.000229 -0.000039
v 0.013032 -0.000231 0.000009
v 0.013044 -0.000221 -0.000043
v 0.013053 -0.000223 0.000005
v 0.013062 -0.000247 -0.000031
v 0.013061 -0.000257 -0.000025
v 0.013064 -0.000252 -0.000016
v 0.013065 -0.000242 -0.000021
v 0.013023 -0.000243 -0.000023
v 0.013026 -0.000233 -0.000017
v 0.013027 -0.000239 -0.000008
v 0.013024 -0.000249 -0.000013
v 0.012937 -0.000310 -0.000424
v 0.012894 -0.000285 -0.000415
v 0.012874 -0.000239 -0.000409
v 0.012885 -0.000189 -0.000409
v 0.012922 -0.000155 -0.000415
v 0.012971 -0.000149 -0.000424
v 0.012950 -0.000313 -0.000361
v 0.012907 -0.000288 -0.000352
v 0.012887 -0.000241 -0.000346
v 0.012897 -0.000192 -0.000346
v 0.012934 -0.000158 -0.000352
v 0.012984 -0.000152 -0.000361
v 0.013033 -0.000330 -0.000432
v 0.013023 -0.000328 -0.000438
v 0.013011 -0.000325 -0.000439
v 0.013039 -0.000331 -0.000421
v 0.013072 -0.000171 -0.000421
v 0.013067 -0.000170 -0.000432
v 0.013057 -0.000167 -0.000438
v 0.013045 -0.000165 -0.000439
v 0.013034 -0.000330 -0.000382
v 0.013041 -0.000332 -0.000392
v 0.013042 -0.000332 -0.000405
v 0.013023 -0.000328 -0.000376
v 0.013075 -0.000171 -0.000405
v 0.013075 -0.000171 -0.000392
v 0.013068 -0.000170 -0.000382
v 0.013057 -0.000167 -0.000376
v 0.013071 -0.000069 -0.000432
v 0.013080 -0.000071 -0.000425
v 0.013086 -0.000072 -0.000415
v 0.013060 -0.000067 -0.000435
v 0.013085 -0.000072 -0.000393
v 0.013078 -0.000071 -0.000384
v 0.013069 -0.000069 -0.000378
v 0.013088 -0.000073 -0.000404
v 0.013058 -0.000067 -0.000376
v 0.013047 -0.000064 -0.000379
v 0.013038 -0.000062 -0.000383
v 0.013032 -0.000061 -0.000395
v 0.013049 -0.000065 -0.000433
v 0.013030 -0.000061 -0.000407
v 0.013038 -0.000062 -0.000419
v 0.013039 -0.000063 -0.000427
v 0.013060 -0.000067 -0.000426
v 0.013052 -0.000065 -0.000425
v 0.013067 -0.000069 -0.000424
v 0.013074 -0.000070 -0.000419
v 0.013078 -0.000071 -0.000412
v 0.013079 -0.000071 -0.000404
v 0.013077 -0.000071 -0.000397
v 0.013073 -0.000070 -0.000390
v 0.013066 -0.000068 -0.000386
v 0.013058 -0.000067 -0.000385
v 0.013050 -0.000065 -0.000387
v 0.013044 -0.000064 -0.000391
v 0.013040 -0.000063 -0.000398
v 0.013039 -0.000063 -0.000406
v 0.013041 -0.000063 -0.000414
v 0.013045 -0.000064 -0.000420
v 0.013061 -0.000061 -0.000426
v 0.013053 -0.000059 -0.000425
v 0.013069 -0.000062 -0.000424
v 0.013075 -0.000064 -0.000419
v 0.013079 -0.000065 -0.000412
v 0.013080 -0.000065 -0.000404
v 0.013078 -0.000064 -0.000397
v 0.013074 -0.000064 -0.000390
v 0.013067 -0.000062 -0.000386
v 0.013059 -0.000060 -0.000385
v 0.013052 -0.000059 -0.000387
v 0.013045 -0.000058 -0.000391
v 0.013041 -0.000057 -0.000398
v 0.013040 -0.000057 -0.000406
v 0.013042 -0.000057 -0.000414
v 0.013047 -0.000058 -0.000420
v 0.013062 -0.000061 -0.000438
v 0.013049 -0.000058 -0.000436
v 0.013064 -0.000049 -0.000438
v 0.013052 -0.000046 -0.000436
v 0.013074 -0.000063 -0.000435
v 0.013076 -0.000052 -0.000435
v 0.013084 -0.000066 -0.000427
v 0.013086 -0.000054 -0.000427
v 0.013090 -0.000067 -0.000416
v 0.013093 -0.000055 -0.000416
v 0.013092 -0.000067 -0.000404
v 0.013094 -0.000055 -0.000404
v 0.013089 -0.000067 -0.000392
v 0.013092 -0.000055 -0.000392
v 0.013082 -0.000065 -0.000381
v 0.013084 -0.000053 -0.000381
v 0.013071 -0.000063 -0.000375
v 0.013074 -0.000051 -0.000375
v 0.013059 -0.000060 -0.000373
v 0.013061 -0.000048 -0.000373
v 0.013047 -0.000058 -0.000376
v 0.013049 -0.000046 -0.000376
v 0.013037 -0.000056 -0.000383
v 0.013039 -0.000044 -0.000383
v 0.013030 -0.000054 -0.000394
v 0.013033 -0.000042 -0.000394
v 0.013028 -0.000054 -0.000407
v 0.013031 -0.000042 -0.000407
v 0.013031 -0.000055 -0.000419
v 0.013034 -0.000043 -0.000419
v 0.013039 -0.000056 -0.000429
v 0.013041 -0.000044 -0.000429
v 0.013006 -0.000134 -0.000430
v 0.013018 -0.000136 -0.000367
v 0.013004 -0.000141 -0.000430
v 0.012995 -0.000150 -0.000429
v 0.012984 -0.000152 -0.000427
v 0.012996 -0.000155 -0.000364
v 0.013008 -0.000153 -0.000366
v 0.013016 -0.000143 -0.000367
v 0.013061 -0.000141 -0.000437
v 0.013070 -0.000143 -0.000430
v 0.013076 -0.000144 -0.000419
v 0.013079 -0.000145 -0.000404
v 0.013077 -0.000145 -0.000392
v 0.013071 -0.000143 -0.000382
v 0.013060 -0.000141 -0.000377
v 0.013039 -0.000137 -0.000372
v 0.013028 -0.000134 -0.000369
v 0.013014 -0.000135 -0.000392
v 0.013011 -0.000135 -0.000407
v 0.013017 -0.000132 -0.000432
v 0.013028 -0.000134 -0.000434
v 0.013049 -0.000139 -0.000438
v 0.012890 -0.000242 -0.000356
v 0.012896 -0.000209 -0.000355
v 0.012897 -0.000209 -0.000351
v 0.012891 -0.000243 -0.000351
v 0.012849 -0.000209 -0.000346
v 0.012860 -0.000201 -0.000348
v 0.012850 -0.000209 -0.000342
v 0.012861 -0.000202 -0.000343
v 0.012854 -0.000235 -0.000348
v 0.012846 -0.000223 -0.000346
v 0.012847 -0.000223 -0.000342
v 0.012855 -0.000235 -0.000343
v 0.013194 -0.000021 -0.000442
v 0.013199 -0.000022 -0.000414
v 0.012962 0.000028 -0.000365
v 0.012956 0.000029 -0.000394
v 0.013214 0.000077 -0.000442
v 0.013220 0.000076 -0.000414
v 0.012982 0.000126 -0.000365
v 0.012977 0.000127 -0.000394
v 0.013030 0.000014 -0.000361
v 0.013018 0.000016 -0.000425
v 0.013047 0.000155 -0.000425
v 0.013059 0.000152 -0.000361
v 0.013131 -0.000007 -0.000382
v 0.013119 -0.000005 -0.000445
v 0.013148 0.000134 -0.000445
v 0.013160 0.000131 -0.000382
v 0.013028 -0.000047 -0.000363
v 0.013015 -0.000044 -0.000427
v 0.013111 -0.000065 -0.000380
v 0.013099 -0.000062 -0.000444
v 0.013046 -0.000228 -0.000182
v 0.013039 -0.000262 -0.000182
v 0.013006 -0.000273 -0.000176
v 0.012981 -0.000250 -0.000170
v 0.012988 -0.000215 -0.000170
v 0.013020 -0.000205 -0.000176
v 0.013064 -0.000219 -0.000210
v 0.013052 -0.000277 -0.000210
v 0.013056 -0.000278 -0.000186
v 0.013069 -0.000220 -0.000186
v 0.012996 -0.000296 -0.000200
v 0.013001 -0.000297 -0.000176
v 0.012953 -0.000256 -0.000190
v 0.012958 -0.000257 -0.000166
v 0.012965 -0.000198 -0.000190
v 0.012970 -0.000199 -0.000166
v 0.013021 -0.000180 -0.000200
v 0.013025 -0.000180 -0.000176
v 0.013041 -0.000265 -0.000189
v 0.013050 -0.000226 -0.000189
v 0.013020 -0.000199 -0.000183
v 0.012982 -0.000212 -0.000176
v 0.012974 -0.000251 -0.000176
v 0.013003 -0.000278 -0.000183
v 0.013046 -0.000269 -0.000184
v 0.013004 -0.000283 -0.000176
v 0.012971 -0.000253 -0.000168
v 0.012980 -0.000208 -0.000168
v 0.013022 -0.000194 -0.000176
v 0.013056 -0.000224 -0.000184
v 0.012796 -0.000136 -0.000010
v 0.012789 -0.000171 -0.000010
v 0.012756 -0.000182 -0.000004
v 0.012731 -0.000158 0.000002
v 0.012738 -0.000124 0.000002
v 0.012770 -0.000113 -0.000004
v 0.012801 -0.000140 0.000036
v 0.012795 -0.000170 0.000036
v 0.012766 -0.000180 0.000041
v 0.012743 -0.000159 0.000047
v 0.012750 -0.000129 0.000047
v 0.012779 -0.000119 0.000041
v 0.012805 -0.000140 0.000054
v 0.012798 -0.000171 0.000054
v 0.012769 -0.000181 0.000059
v 0.012747 -0.000160 0.000064
v 0.012753 -0.000129 0.000064
v 0.012782 -0.000120 0.000059
v 0.012790 -0.000146 0.000061
v 0.012787 -0.000160 0.000061
v 0.012774 -0.000164 0.000064
v 0.012763 -0.000155 0.000066
v 0.012766 -0.000141 0.000066
v 0.012779 -0.000136 0.000064
v 0.012785 -0.000140 -0.000008
v 0.012780 -0.000163 -0.000008
v 0.012789 -0.000165 0.000040
v 0.012794 -0.000142 0.000040
v 0.012759 -0.000170 -0.000004
v 0.012768 -0.000172 0.000044
v 0.012742 -0.000155 0.000000
v 0.012751 -0.000157 0.000048
v 0.012746 -0.000132 0.000000
v 0.012756 -0.000134 0.000048
v 0.012768 -0.000125 -0.000004
v 0.012777 -0.000127 0.000044
v 0.012786 -0.000150 0.000009
v 0.012785 -0.000160 0.000014
v 0.012788 -0.000155 0.000024
v 0.012789 -0.000145 0.000018
v 0.012747 -0.000146 0.000016
v 0.012750 -0.000137 0.000022
v 0.012751 -0.000143 0.000031
v 0.012748 -0.000152 0.000026
v 0.012662 -0.000213 -0.000385
v 0.012619 -0.000188 -0.000376
v 0.012598 -0.000142 -0.000370
v 0.012609 -0.000093 -0.000370
v 0.012646 -0.000058 -0.000376
v 0.012695 -0.000053 -0.000385
v 0.012674 -0.000216 -0.000322
v 0.012631 -0.000191 -0.000313
v 0.012611 -0.000145 -0.000307
v 0.012621 -0.000095 -0.000307
v 0.012658 -0.000061 -0.000313
v 0.012708 -0.000055 -0.000322
v 0.012757 -0.000233 -0.000393
v 0.012747 -0.000231 -0.000399
v 0.012735 -0.000229 -0.000400
v 0.012763 -0.000235 -0.000381
v 0.012796 -0.000074 -0.000381
v 0.012791 -0.000073 -0.000393
v 0.012781 -0.000071 -0.000399
v 0.012769 -0.000068 -0.000400
v 0.012758 -0.000234 -0.000343
v 0.012765 -0.000235 -0.000353
v 0.012766 -0.000235 -0.000365
v 0.012747 -0.000231 -0.000337
v 0.012800 -0.000075 -0.000365
v 0.012799 -0.000075 -0.000353
v 0.012792 -0.000073 -0.000343
v 0.012781 -0.000071 -0.000337
v 0.012795 0.000027 -0.000393
v 0.012804 0.000025 -0.000386
v 0.012810 0.000024 -0.000376
v 0.012784 0.000030 -0.000396
v 0.012809 0.000024 -0.000354
v 0.012803 0.000026 -0.000345
v 0.012793 0.000028 -0.000339
v 0.012812 0.000024 -0.000365
v 0.012782 0.000030 -0.000337
v 0.012771 0.000032 -0.000340
v 0.012762 0.000034 -0.000344
v 0.012756 0.000036 -0.000356
v 0.012773 0.000032 -0.000394
v 0.012754 0.000036 -0.000367
v 0.012762 0.000034 -0.000380
v 0.012764 0.000034 -0.000388
v 0.012784 0.000030 -0.000387
v 0.012776 0.000031 -0.000385
v 0.012792 0.000028 -0.000385
v 0.012798 0.000027 -0.000380
v 0.012802 0.000026 -0.000373
v 0.012803 0.000026 -0.000365
v 0.012801 0.000026 -0.000358
v 0.012797 0.000027 -0.000351
v 0.012790 0.000028 -0.000347
v 0.012782 0.000030 -0.000346
v 0.012775 0.000032 -0.000348
v 0.012768 0.000033 -0.000352
v 0.012764 0.000034 -0.000359
v 0.012763 0.000034 -0.000367
v 0.012765 0.000034 -0.000375
v 0.012769 0.000033 -0.000381
v 0.012785 0.000036 -0.000387
v 0.012777 0.000037 -0.000385
v 0.012793 0.000034 -0.000385
v 0.012799 0.000033 -0.000380
v 0.012803 0.000032 -0.000373
v 0.012804 0.000032 -0.000365
v 0.012803 0.000032 -0.000358
v 0.012798 0.000033 -0.000351
v 0.012791 0.000034 -0.000347
v 0.012783 0.000036 -0.000346
v 0.012776 0.000038 -0.000348
v 0.012770 0.000039 -0.000352
v 0.012765 0.000040 -0.000359
v 0.012764 0.000040 -0.000367
v 0.012766 0.000040 -0.000375
v 0.012771 0.000039 -0.000381
v 0.012786 0.000036 -0.000399
v 0.012773 0.000038 -0.000397
v 0.012788 0.000048 -0.000399
v 0.012776 0.000050 -0.000397
v 0.012798 0.000033 -0.000396
v 0.012800 0.000045 -0.000396
v 0.012808 0.000031 -0.000388
v 0.012810 0.000043 -0.000388
v 0.012814 0.000030 -0.000377
v 0.012817 0.000042 -0.000377
v 0.012816 0.000029 -0.000365
v 0.012819 0.000041 -0.000365
v 0.012813 0.000030 -0.000353
v 0.012816 0.000042 -0.000353
v 0.012806 0.000031 -0.000342
v 0.012808 0.000043 -0.000342
v 0.012795 0.000034 -0.000336
v 0.012798 0.000046 -0.000336
v 0.012783 0.000036 -0.000334
v 0.012785 0.000048 -0.000334
v 0.012771 0.000039 -0.000337
v 0.012773 0.000051 -0.000337
v 0.012761 0.000041 -0.000344
v 0.012763 0.000053 -0.000344
v 0.012754 0.000042 -0.000355
v 0.012757 0.000054 -0.000355
v 0.012753 0.000043 -0.000368
v 0.012755 0.000055 -0.000368
v 0.012756 0.000042 -0.000380
v 0.012758 0.000054 -0.000380
v 0.012763 0.000040 -0.000390
v 0.012765 0.000052 -0.000390
v 0.012730 -0.000037 -0.000391
v 0.012742 -0.000040 -0.000328
v 0.012728 -0.000044 -0.000391
v 0.012719 -0.000053 -0.000390
v 0.012708 -0.000055 -0.000388
v 0.012721 -0.000058 -0.000325
v 0.012732 -0.000056 -0.000327
v 0.012740 -0.000047 -0.000328
v 0.012785 -0.000044 -0.000398
v 0.012795 -0.000047 -0.000391
v 0.012800 -0.000048 -0.000380
v 0.012803 -0.000048 -0.000365
v 0.012802 -0.000048 -0.000353
v 0.012795 -0.000047 -0.000343
v 0.012784 -0.000044 -0.000338
v 0.012763 -0.000040 -0.000333
v 0.012752 -0.000038 -0.000330
v 0.012738 -0.000039 -0.000353
v 0.012735 -0.000038 -0.000368
v 0.012741 -0.000035 -0.000393
v 0.012752 -0.000038 -0.000395
v 0.012773 -0.000042 -0.000399
v 0.012614 -0.000146 -0.000316
v 0.012620 -0.000112 -0.000316
v 0.012621 -0.000113 -0.000312
v 0.012615 -0.000146 -0.000312
v 0.012573 -0.000112 -0.000307
v 0.012584 -0.000105 -0.000309
v 0.012574 -0.000112 -0.000302
v 0.012585 -0.000105 -0.000304
v 0.012578 -0.000138 -0.000309
v 0.012570 -0.000126 -0.000307
v 0.012571 -0.000127 -0.000302
v 0.012579 -0.000138 -0.000304
v 0.012918 0.000076 -0.000403
v 0.012923 0.000075 -0.000375
v 0.012686 0.000125 -0.000326
v 0.012680 0.000126 -0.000355
v 0.012938 0.000174 -0.000403
v 0.012944 0.000172 -0.000375
v 0.012706 0.000222 -0.000326
v 0.012701 0.000223 -0.000355
v 0.012754 0.000110 -0.000322
v 0.012742 0.000113 -0.000385
v 0.012771 0.000251 -0.000385
v 0.012783 0.000249 -0.000322
v 0.012855 0.000089 -0.000342
v 0.012843 0.000092 -0.000406
v 0.012872 0.000230 -0.000406
v 0.012884 0.000228 -0.000342
v 0.012752 0.000050 -0.000324
v 0.012739 0.000052 -0.000387
v 0.012835 0.000032 -0.000341
v 0.012823 0.000035 -0.000405
v 0.012770 -0.000131 -0.000143
v 0.012763 -0.000165 -0.000143
v 0.012730 -0.000176 -0.000137
v 0.012705 -0.000153 -0.000131
v 0.012712 -0.000119 -0.000131
v 0.012744 -0.000108 -0.000137
v 0.012788 -0.000122 -0.000171
v 0.012776 -0.000180 -0.000171
v 0.012780 -0.000181 -0.000147
v 0.012793 -0.000123 -0.000147
v 0.012720 -0.000199 -0.000161
v 0.012725 -0.000200 -0.000137
v 0.012677 -0.000160 -0.000151
v 0.012682 -0.000161 -0.000127
v 0.012689 -0.000102 -0.000151
v 0.012694 -0.000103 -0.000127
v 0.012745 -0.000083 -0.000161
v 0.012749 -0.000084 -0.000137
v 0.012765 -0.000169 -0.000150
v 0.012774 -0.000129 -0.000150
v 0.012744 -0.000102 -0.000143
v 0.012706 -0.000115 -0.000137
v 0.012698 -0.000154 -0.000137
v 0.012728 -0.000181 -0.000143
v 0.012770 -0.000172 -0.000144
v 0.012728 -0.000187 -0.000137
v 0.012695 -0.000156 -0.000129
v 0.012704 -0.000112 -0.000129
v 0.012747 -0.000098 -0.000137
v 0.012780 -0.000128 -0.000144
v 0.012505 -0.000053 0.000031
v 0.012498 -0.000088 0.000031
v 0.012466 -0.000099 0.000036
v 0.012440 -0.000075 0.000042
v 0.012447 -0.000041 0.000042
v 0.012480 -0.000030 0.000036
v 0.012511 -0.000057 0.000076
v 0.012504 -0.000087 0.000076
v 0.012475 -0.000097 0.000082
v 0.012453 -0.000076 0.000087
v 0.012459 -0.000046 0.000087
v 0.012488 -0.000036 0.000082
v 0.012514 -0.000057 0.000094
v 0.012508 -0.000088 0.000094
v 0.012479 -0.000098 0.000099
v 0.012456 -0.000077 0.000105
v 0.012463 -0.000046 0.000105
v 0.012492 -0.000037 0.000099
v 0.012499 -0.000063 0.000101
v 0.012497 -0.000077 0.000101
v 0.012483 -0.000081 0.000104
v 0.012473 -0.000072 0.000106
v 0.012476 -0.000058 0.000106
v 0.012489 -0.000053 0.000104
v 0.012494 -0.000057 0.000033
v 0.012490 -0.000080 0.000033
v 0.012499 -0.000082 0.000080
v 0.012504 -0.000059 0.000080
v 0.012468 -0.000087 0.000036
v 0.012477 -0.000089 0.000084
v 0.012451 -0.000072 0.000040
v 0.012461 -0.000074 0.000088
v 0.012456 -0.000049 0.000040
v 0.012465 -0.000051 0.000088
v 0.012478 -0.000042 0.000036
v 0.012487 -0.000044 0.000084
v 0.012496 -0.000067 0.000049
v 0.012495 -0.000077 0.000054
v 0.012498 -0.000072 0.000064
v 0.012499 -0.000062 0.000058
v 0.012456 -0.000063 0.000057
v 0.012460 -0.000054 0.000062
v 0.012460 -0.000060 0.000072
v 0.012457 -0.000069 0.000066
v 0.012371 -0.000130 -0.000345
v 0.012328 -0.000105 -0.000335
v 0.012308 -0.000059 -0.000329
v 0.012318 -0.000010 -0.000329
v 0.012355 0.000025 -0.000335
v 0.012405 0.000030 -0.000345
v 0.012384 -0.000133 -0.000282
v 0.012340 -0.000108 -0.000272
v 0.012320 -0.000062 -0.000267
v 0.012331 -0.000012 -0.000267
v 0.012368 0.000022 -0.000272
v 0.012417 0.000028 -0.000282
v 0.012467 -0.000150 -0.000352
v 0.012457 -0.000148 -0.000359
v 0.012445 -0.000146 -0.000360
v 0.012472 -0.000152 -0.000341
v 0.012506 0.000009 -0.000341
v 0.012501 0.000010 -0.000352
v 0.012490 0.000012 -0.000359
v 0.012478 0.000015 -0.000360
v 0.012468 -0.000151 -0.000302
v 0.012475 -0.000152 -0.000313
v 0.012475 -0.000152 -0.000325
v 0.012457 -0.000148 -0.000297
v 0.012509 0.000008 -0.000325
v 0.012508 0.000009 -0.000313
v 0.012502 0.000010 -0.000302
v 0.012491 0.000012 -0.000297
v 0.012505 0.000110 -0.000353
v 0.012514 0.000108 -0.000346
v 0.012520 0.000107 -0.000336
v 0.012494 0.000113 -0.000355
v 0.012519 0.000107 -0.000314
v 0.012512 0.000109 -0.000304
v 0.012503 0.000111 -0.000298
v 0.012521 0.000107 -0.000325
v 0.012491 0.000113 -0.000297
v 0.012480 0.000115 -0.000299
v 0.012472 0.000117 -0.000304
v 0.012466 0.000119 -0.000316
v 0.012483 0.000115 -0.000354
v 0.012464 0.000119 -0.000327
v 0.012472 0.000117 -0.000339
v 0.012473 0.000117 -0.000348
v 0.012493 0.000113 -0.000346
v 0.012486 0.000114 -0.000345
v 0.012501 0.000111 -0.000345
v 0.012507 0.000110 -0.000340
v 0.012512 0.000109 -0.000333
v 0.012513 0.000109 -0.000325
v 0.012511 0.000109 -0.000317
v 0.012506 0.000110 -0.000311
v 0.012500 0.000111 -0.000307
v 0.012492 0.000113 -0.000305
v 0.012484 0.000115 -0.000307
v 0.012478 0.000116 -0.000312
v 0.012474 0.000117 -0.000319
v 0.012473 0.000117 -0.000327
v 0.012474 0.000117 -0.000335
v 0.012479 0.000116 -0.000341
v 0.012495 0.000119 -0.000346
v 0.012487 0.000120 -0.000345
v 0.012502 0.000117 -0.000345
v 0.012509 0.000116 -0.000340
v 0.012513 0.000115 -0.000333
v 0.012514 0.000115 -0.000325
v 0.012512 0.000115 -0.000317
v 0.012507 0.000116 -0.000311
v 0.012501 0.000118 -0.000307
v 0.012493 0.000119 -0.000305
v 0.012485 0.000121 -0.000307
v 0.012479 0.000122 -0.000312
v 0.012475 0.000123 -0.000319
v 0.012474 0.000123 -0.000327
v 0.012476 0.000123 -0.000335
v 0.012480 0.000122 -0.000341
v 0.012495 0.000119 -0.000358
v 0.012483 0.000121 -0.000356
v 0.012498 0.000131 -0.000358
v 0.012486 0.000133 -0.000356
v 0.012507 0.000116 -0.000355
v 0.012510 0.000128 -0.000355
v 0.012517 0.000114 -0.000348
v 0.012520 0.000126 -0.000348
v 0.012524 0.000113 -0.000337
v 0.012526 0.000125 -0.000337
v 0.012526 0.000112 -0.000325
v 0.012528 0.000124 -0.000325
v 0.012523 0.000113 -0.000312
v 0.012525 0.000125 -0.000312
v 0.012515 0.000114 -0.000302
v 0.012518 0.000126 -0.000302
v 0.012505 0.000117 -0.000295
v 0.012507 0.000129 -0.000295
v 0.012493 0.000119 -0.000293
v 0.012495 0.000131 -0.000293
v 0.012481 0.000122 -0.000296
v 0.012483 0.000134 -0.000296
v 0.012471 0.000124 -0.000304
v 0.012473 0.000136 -0.000304
v 0.012464 0.000125 -0.000315
v 0.012467 0.000137 -0.000315
v 0.012462 0.000126 -0.000327
v 0.012465 0.000138 -0.000327
v 0.012465 0.000125 -0.000340
v 0.012468 0.000137 -0.000340
v 0.012472 0.000123 -0.000350
v 0.012475 0.000135 -0.000350
v 0.012440 0.000046 -0.000351
v 0.012452 0.000043 -0.000288
v 0.012438 0.000039 -0.000351
v 0.012429 0.000030 -0.000350
v 0.012418 0.000028 -0.000347
v 0.012430 0.000025 -0.000285
v 0.012441 0.000027 -0.000287
v 0.012450 0.000036 -0.000288
v 0.012494 0.000039 -0.000357
v 0.012504 0.000036 -0.000351
v 0.012510 0.000035 -0.000340
v 0.012512 0.000035 -0.000325
v 0.012511 0.000035 -0.000313
v 0.012504 0.000036 -0.000303
v 0.012494 0.000039 -0.000297
v 0.012473 0.000043 -0.000293
v 0.012462 0.000045 -0.000290
v 0.012447 0.000045 -0.000312
v 0.012444 0.000045 -0.000327
v 0.012450 0.000048 -0.000353
v 0.012461 0.000045 -0.000354
v 0.012483 0.000041 -0.000359
v 0.012324 -0.000063 -0.000276
v 0.012330 -0.000029 -0.000276
v 0.012331 -0.000030 -0.000271
v 0.012325 -0.000063 -0.000271
v 0.012283 -0.000029 -0.000267
v 0.012294 -0.000022 -0.000269
v 0.012284 -0.000029 -0.000262
v 0.012295 -0.000022 -0.000264
v 0.012287 -0.000055 -0.000269
v 0.012280 -0.000043 -0.000267
v 0.012281 -0.000044 -0.000262
v 0.012288 -0.000055 -0.000264
v 0.012627 0.000159 -0.000363
v 0.012633 0.000158 -0.000334
v 0.012395 0.000208 -0.000286
v 0.012390 0.000209 -0.000314
v 0.012648 0.000257 -0.000363
v 0.012653 0.000255 -0.000334
v 0.012416 0.000305 -0.000286
v 0.012410 0.000306 -0.000314
v 0.012464 0.000193 -0.000282
v 0.012452 0.000196 -0.000345
v 0.012481 0.000334 -0.000345
v 0.012493 0.000332 -0.000282
v 0.012565 0.000172 -0.000302
v 0.012552 0.000175 -0.000366
v 0.012581 0.000313 -0.000366
v 0.012594 0.000311 -0.000302
v 0.012461 0.000133 -0.000283
v 0.012449 0.000135 -0.000347
v 0.012545 0.000115 -0.000301
v 0.012533 0.000118 -0.000364
v 0.012479 -0.000048 -0.000102
v 0.012472 -0.000082 -0.000102
v 0.012440 -0.000093 -0.000096
v 0.012414 -0.000070 -0.000090
v 0.012421 -0.000036 -0.000090
v 0.012454 -0.000025 -0.000096
v 0.012498 -0.000039 -0.000131
v 0.012485 -0.000097 -0.000131
v 0.012490 -0.000098 -0.000107
v 0.012502 -0.000040 -0.000107
v 0.012430 -0.000116 -0.000120
v 0.012435 -0.000117 -0.000096
v 0.012387 -0.000077 -0.000110
v 0.012391 -0.000078 -0.000086
v 0.012399 -0.000019 -0.000110
v 0.012404 -0.000020 -0.000086
v 0.012454 0.000000 -0.000120
v 0.012459 -0.000001 -0.000096
v 0.012475 -0.000086 -0.000110
v 0.012483 -0.000046 -0.000110
v 0.012454 -0.000019 -0.000103
v 0.012416 -0.000032 -0.000096
v 0.012408 -0.000071 -0.000096
v 0.012437 -0.000098 -0.000103
v 0.012480 -0.000089 -0.000104
v 0.012437 -0.000104 -0.000096
v 0.012404 -0.000073 -0.000089
v 0.012414 -0.000029 -0.000089
v 0.012456 -0.000014 -0.000096
v 0.012489 -0.000045 -0.000104
v 0.012213 0.000039 0.000075
v 0.012206 0.000005 0.000075
v 0.012174 -0.000006 0.000081
v 0.012148 0.000017 0.000087
v 0.012155 0.000051 0.000087
v 0.012188 0.000062 0.000081
v 0.012219 0.000036 0.000121
v 0.012212 0.000006 0.000121
v 0.012183 -0.000004 0.000126
v 0.012161 0.000017 0.000132
v 0.012167 0.000047 0.000132
v 0.012196 0.000057 0.000126
v 0.012222 0.000035 0.000139
v 0.012216 0.000005 0.000139
v 0.012187 -0.000005 0.000144
v 0.012164 0.000016 0.000149
v 0.012171 0.000046 0.000149
v 0.012200 0.000056 0.000144
v 0.012207 0.000030 0.000146
v 0.012204 0.000016 0.000146
v 0.012191 0.000011 0.000148
v 0.012181 0.000021 0.000151
v 0.012184 0.000035 0.000151
v 0.012197 0.000039 0.000148
v 0.012202 0.000036 0.000077
v 0.012198 0.000013 0.000077
v 0.012207 0.000011 0.000125
v 0.012212 0.000034 0.000125
v 0.012176 0.000006 0.000081
v 0.012185 0.000004 0.000129
v 0.012159 0.000021 0.000085
v 0.012169 0.000019 0.000133
v 0.012164 0.000044 0.000085
v 0.012173 0.000042 0.000133
v 0.012186 0.000051 0.000081
v 0.012195 0.000049 0.000129
v 0.012204 0.000026 0.000093
v 0.012203 0.000016 0.000099
v 0.012206 0.000021 0.000108
v 0.012207 0.000031 0.000103
v 0.012164 0.000030 0.000101
v 0.012168 0.000039 0.000107
v 0.012168 0.000033 0.000116
v 0.012165 0.000024 0.000111
v 0.012079 -0.000038 -0.000300
v 0.012036 -0.000013 -0.000291
v 0.012016 0.000033 -0.000285
v 0.012026 0.000083 -0.000285
v 0.012063 0.000117 -0.000291
v 0.012113 0.000123 -0.000300
v 0.012092 -0.000040 -0.000237
v 0.012048 -0.000015 -0.000228
v 0.012028 0.000031 -0.000222
v 0.012039 0.000081 -0.000222
v 0.012076 0.000115 -0.000228
v 0.012125 0.000120 -0.000237
v 0.012175 -0.000058 -0.000308
v 0.012165 -0.000056 -0.000314
v 0.012153 -0.000053 -0.000315
v 0.012180 -0.000059 -0.000297
v 0.012214 0.000102 -0.000297
v 0.012209 0.000103 -0.000308
v 0.012198 0.000105 -0.000314
v 0.012186 0.000108 -0.000315
v 0.012176 -0.000058 -0.000258
v 0.012183 -0.000059 -0.000268
v 0.012183 -0.000060 -0.000281
v 0.012165 -0.000056 -0.000252
v 0.012217 0.000101 -0.000281
v 0.012216 0.000101 -0.000268
v 0.012210 0.000103 -0.000258
v 0.012199 0.000105 -0.000252
v 0.012213 0.000203 -0.000308
v 0.012222 0.000201 -0.000301
v 0.012228 0.000200 -0.000291
v 0.012202 0.000205 -0.000311
v 0.012227 0.000200 -0.000269
v 0.012220 0.000201 -0.000260
v 0.012210 0.000203 -0.000254
v 0.012229 0.000200 -0.000280
v 0.012199 0.000206 -0.000252
v 0.012188 0.000208 -0.000255
v 0.012180 0.000210 -0.000259
v 0.012174 0.000211 -0.000271
v 0.012191 0.000208 -0.000309
v 0.012172 0.000212 -0.000283
v 0.012180 0.000210 -0.000295
v 0.012181 0.000210 -0.000303
v 0.012201 0.000205 -0.000302
v 0.012194 0.000207 -0.000301
v 0.012209 0.000204 -0.000300
v 0.012215 0.000202 -0.000295
v 0.012219 0.000202 -0.000288
v 0.012221 0.000201 -0.000280
v 0.012219 0.000202 -0.000273
v 0.012214 0.000203 -0.000266
v 0.012208 0.000204 -0.000262
v 0.012200 0.000206 -0.000261
v 0.012192 0.000207 -0.000263
v 0.012186 0.000209 -0.000267
v 0.012182 0.000210 -0.000274
v 0.012181 0.000210 -0.000282
v 0.012182 0.000209 -0.000290
v 0.012187 0.000208 -0.000296
v 0.012203 0.000211 -0.000302
v 0.012195 0.000213 -0.000301
v 0.012210 0.000210 -0.000300
v 0.012217 0.000209 -0.000295
v 0.012221 0.000208 -0.000288
v 0.012222 0.000207 -0.000280
v 0.012220 0.000208 -0.000273
v 0.012215 0.000209 -0.000266
v 0.012209 0.000210 -0.000262
v 0.012201 0.000212 -0.000261
v 0.012193 0.000213 -0.000263
v 0.012187 0.000215 -0.000267
v 0.012183 0.000216 -0.000274
v 0.012182 0.000216 -0.000282
v 0.012184 0.000215 -0.000290
v 0.012188 0.000215 -0.000296
v 0.012203 0.000211 -0.000314
v 0.012191 0.000214 -0.000312
v 0.012206 0.000223 -0.000314
v 0.012194 0.000226 -0.000312
v 0.012215 0.000209 -0.000311
v 0.012218 0.000221 -0.000311
v 0.012225 0.000207 -0.000303
v 0.012228 0.000219 -0.000303
v 0.012232 0.000205 -0.000292
v 0.012234 0.000217 -0.000292
v 0.012234 0.000205 -0.000280
v 0.012236 0.000217 -0.000280
v 0.012231 0.000206 -0.000268
v 0.012233 0.000218 -0.000268
v 0.012223 0.000207 -0.000257
v 0.012226 0.000219 -0.000257
v 0.012213 0.000209 -0.000251
v 0.012215 0.000221 -0.000251
v 0.012201 0.000212 -0.000249
v 0.012203 0.000224 -0.000249
v 0.012188 0.000214 -0.000252
v 0.012191 0.000226 -0.000252
v 0.012178 0.000217 -0.000259
v 0.012181 0.000229 -0.000259
v 0.012172 0.000218 -0.000270
v 0.012175 0.000230 -0.000270
v 0.012170 0.000218 -0.000283
v 0.012173 0.000230 -0.000283
v 0.012173 0.000218 -0.000295
v 0.012176 0.000230 -0.000295
v 0.012180 0.000216 -0.000305
v 0.012183 0.000228 -0.000305
v 0.012148 0.000139 -0.000306
v 0.012160 0.000136 -0.000243
v 0.012146 0.000131 -0.000306
v 0.012137 0.000122 -0.000305
v 0.012126 0.000120 -0.000303
v 0.012138 0.000118 -0.000240
v 0.012149 0.000120 -0.000242
v 0.012158 0.000129 -0.000243
v 0.012202 0.000131 -0.000313
v 0.012212 0.000129 -0.000306
v 0.012218 0.000128 -0.000295
v 0.012220 0.000127 -0.000280
v 0.012219 0.000128 -0.000268
v 0.012212 0.000129 -0.000258
v 0.012202 0.000131 -0.000253
v 0.012181 0.000136 -0.000248
v 0.012170 0.000138 -0.000245
v 0.012155 0.000137 -0.000268
v 0.012152 0.000138 -0.000283
v 0.012158 0.000140 -0.000308
v 0.012169 0.000138 -0.000310
v 0.012191 0.000134 -0.000314
v 0.012032 0.000030 -0.000232
v 0.012037 0.000063 -0.000231
v 0.012039 0.000063 -0.000227
v 0.012033 0.000030 -0.000227
v 0.011991 0.000064 -0.000222
v 0.012002 0.000071 -0.000224
v 0.011992 0.000063 -0.000217
v 0.012003 0.000071 -0.000219
v 0.011995 0.000038 -0.000224
v 0.011988 0.000049 -0.000222
v 0.011989 0.000049 -0.000218
v 0.011996 0.000038 -0.000219
v 0.012335 0.000252 -0.000318
v 0.012341 0.000251 -0.000290
v 0.012103 0.000300 -0.000241
v 0.012098 0.000302 -0.000270
v 0.012356 0.000349 -0.000318
v 0.012361 0.000348 -0.000290
v 0.012124 0.000398 -0.000241
v 0.012118 0.000399 -0.000270
v 0.012172 0.000286 -0.000237
v 0.012160 0.000289 -0.000301
v 0.012189 0.000427 -0.000301
v 0.012201 0.000424 -0.000237
v 0.012273 0.000265 -0.000258
v 0.012260 0.000268 -0.000321
v 0.012289 0.000406 -0.000321
v 0.012302 0.000403 -0.000258
v 0.012169 0.000225 -0.000239
v 0.012157 0.000228 -0.000303
v 0.012253 0.000208 -0.000256
v 0.012241 0.000210 -0.000320
v 0.012187 0.000045 -0.000058
v 0.012180 0.000011 -0.000058
v 0.012148 -0.000000 -0.000052
v 0.012122 0.000023 -0.000046
v 0.012129 0.000057 -0.000046
v 0.012162 0.000068 -0.000052
v 0.012206 0.000053 -0.000086
v 0.012193 -0.000005 -0.000086
v 0.012198 -0.000006 -0.000062
v 0.012210 0.000052 -0.000062
v 0.012138 -0.000023 -0.000076
v 0.012143 -0.000024 -0.000052
v 0.012095 0.000016 -0.000066
v 0.012099 0.000015 -0.000042
v 0.012107 0.000074 -0.000066
v 0.012112 0.000073 -0.000042
v 0.012162 0.000093 -0.000076
v 0.012167 0.000092 -0.000052
v 0.012183 0.000007 -0.000065
v 0.012191 0.000047 -0.000065
v 0.012162 0.000074 -0.000059
v 0.012124 0.000061 -0.000052
v 0.012116 0.000021 -0.000052
v 0.012145 -0.000006 -0.000059
v 0.012188 0.000004 -0.000060
v 0.012145 -0.000011 -0.000052
v 0.012112 0.000019 -0.000044
v 0.012122 0.000064 -0.000044
v 0.012164 0.000078 -0.000052
v 0.012197 0.000048 -0.000060
v 0.011922 0.000118 0.000119
v 0.011915 0.000084 0.000119
v 0.011882 0.000073 0.000125
v 0.011857 0.000096 0.000131
v 0.011864 0.000130 0.000131
v 0.011896 0.000141 0.000125
v 0.011927 0.000115 0.000165
v 0.011921 0.000084 0.000165
v 0.011892 0.000074 0.000170
v 0.011869 0.000095 0.000176
v 0.011875 0.000126 0.000176
v 0.011904 0.000135 0.000170
v 0.011931 0.000114 0.000183
v 0.011924 0.000084 0.000183
v 0.011895 0.000074 0.000188
v 0.011873 0.000094 0.000194
v 0.011879 0.000125 0.000194
v 0.011908 0.000135 0.000188
v 0.011916 0.000108 0.000190
v 0.011913 0.000094 0.000190
v 0.011899 0.000090 0.000193
v 0.011889 0.000099 0.000195
v 0.011892 0.000113 0.000195
v 0.011905 0.000118 0.000193
v 0.011911 0.000114 0.000121
v 0.011906 0.000091 0.000121
v 0.011915 0.000089 0.000169
v 0.011920 0.000112 0.000169
v 0.011884 0.000084 0.000125
v 0.011894 0.000082 0.000173
v 0.011868 0.000099 0.000129
v 0.011877 0.000098 0.000177
v 0.011872 0.000122 0.000129
v 0.011882 0.000120 0.000177
v 0.011894 0.000129 0.000125
v 0.011903 0.000127 0.000173
v 0.011912 0.000104 0.000138
v 0.011911 0.000094 0.000143
v 0.011914 0.000099 0.000153
v 0.011915 0.000109 0.000147
v 0.011873 0.000108 0.000145
v 0.011876 0.000117 0.000151
v 0.011877 0.000112 0.000161
v 0.011874 0.000102 0.000155
v 0.011787 0.000041 -0.000256
v 0.011744 0.000066 -0.000247
v 0.011724 0.000112 -0.000241
v 0.011735 0.000162 -0.000241
v 0.011772 0.000196 -0.000247
v 0.011821 0.000201 -0.000256
v 0.011800 0.000038 -0.000193
v 0.011757 0.000063 -0.000184
v 0.011737 0.000109 -0.000178
v 0.011747 0.000159 -0.000178
v 0.011784 0.000193 -0.000184
v 0.011834 0.000199 -0.000193
v 0.011883 0.000021 -0.000263
v 0.011873 0.000023 -0.000270
v 0.011861 0.000025 -0.000271
v 0.011889 0.000020 -0.000252
v 0.011922 0.000180 -0.000252
v 0.011917 0.000181 -0.000263
v 0.011907 0.000183 -0.000270
v 0.011895 0.000186 -0.000271
v 0.011884 0.000021 -0.000214
v 0.011891 0.000019 -0.000224
v 0.011892 0.000019 -0.000236
v 0.011873 0.000023 -0.000208
v 0.011925 0.000180 -0.000236
v 0.011925 0.000180 -0.000224
v 0.011918 0.000181 -0.000214
v 0.011907 0.000183 -0.000208
v 0.011921 0.000282 -0.000264
v 0.011930 0.000280 -0.000257
v 0.011936 0.000278 -0.000247
v 0.011910 0.000284 -0.000267
v 0.011935 0.000279 -0.000225
v 0.011928 0.000280 -0.000215
v 0.011919 0.000282 -0.000209
v 0.011938 0.000278 -0.000236
v 0.011908 0.000284 -0.000208
v 0.011897 0.000287 -0.000210
v 0.011888 0.000288 -0.000215
v 0.011882 0.000290 -0.000227
v 0.011899 0.000286 -0.000265
v 0.011880 0.000290 -0.000238
v 0.011888 0.000288 -0.000251
v 0.011889 0.000288 -0.000259
v 0.011910 0.000284 -0.000258
v 0.011902 0.000286 -0.000256
v 0.011917 0.000282 -0.000256
v 0.011924 0.000281 -0.000251
v 0.011928 0.000280 -0.000244
v 0.011929 0.000280 -0.000236
v 0.011927 0.000280 -0.000228
v 0.011923 0.000281 -0.000222
v 0.011916 0.000283 -0.000218
v 0.011908 0.000284 -0.000217
v 0.011900 0.000286 -0.000219
v 0.011894 0.000287 -0.000223
v 0.011890 0.000288 -0.000230
v 0.011889 0.000288 -0.000238
v 0.011891 0.000288 -0.000246
v 0.011895 0.000287 -0.000252
v 0.011911 0.000290 -0.000258
v 0.011903 0.000292 -0.000256
v 0.011919 0.000288 -0.000256
v 0.011925 0.000287 -0.000251
v 0.011929 0.000286 -0.000244
v 0.011930 0.000286 -0.000236
v 0.011928 0.000286 -0.000228
v 0.011924 0.000287 -0.000222
v 0.011917 0.000289 -0.000218
v 0.011909 0.000290 -0.000217
v 0.011902 0.000292 -0.000219
v 0.011895 0.000293 -0.000223
v 0.011891 0.000294 -0.000230
v 0.011890 0.000294 -0.000238
v 0.011892 0.000294 -0.000246
v 0.011897 0.000293 -0.000252
v 0.011912 0.000290 -0.000270
v 0.011899 0.000292 -0.000268
v 0.011914 0.000302 -0.000270
v 0.011902 0.000304 -0.000268
v 0.011924 0.000287 -0.000267
v 0.011926 0.000299 -0.000267
v 0.011934 0.000285 -0.000259
v 0.011936 0.000297 -0.000259
v 0.011940 0.000284 -0.000248
v 0.011943 0.000296 -0.000248
v 0.011942 0.000283 -0.000236
v 0.011944 0.000295 -0.000236
v 0.011939 0.000284 -0.000223
v 0.011942 0.000296 -0.000223
v 0.011932 0.000286 -0.000213
v 0.011934 0.000298 -0.000213
v 0.011921 0.000288 -0.000207
v 0.011924 0.000300 -0.000207
v 0.011909 0.000290 -0.000205
v 0.011911 0.000302 -0.000205
v 0.011897 0.000293 -0.000208
v 0.011899 0.000305 -0.000208
v 0.011887 0.000295 -0.000215
v 0.011889 0.000307 -0.000215
v 0.011880 0.000296 -0.000226
v 0.011883 0.000308 -0.000226
v 0.011878 0.000297 -0.000239
v 0.011881 0.000309 -0.000239
v 0.011881 0.000296 -0.000251
v 0.011884 0.000308 -0.000251
v 0.011889 0.000295 -0.000261
v 0.011891 0.000307 -0.000261
v 0.011856 0.000217 -0.000262
v 0.011868 0.000214 -0.000199
v 0.011854 0.000210 -0.000262
v 0.011845 0.000201 -0.000261
v 0.011834 0.000199 -0.000259
v 0.011846 0.000196 -0.000196
v 0.011858 0.000198 -0.000198
v 0.011866 0.000207 -0.000199
v 0.011911 0.000210 -0.000269
v 0.011920 0.000208 -0.000262
v 0.011926 0.000207 -0.000251
v 0.011929 0.000206 -0.000236
v 0.011927 0.000206 -0.000224
v 0.011921 0.000208 -0.000214
v 0.011910 0.000210 -0.000209
v 0.011889 0.000214 -0.000204
v 0.011878 0.000217 -0.000201
v 0.011864 0.000216 -0.000223
v 0.011861 0.000216 -0.000239
v 0.011867 0.000219 -0.000264
v 0.011878 0.000217 -0.000266
v 0.011899 0.000212 -0.000270
v 0.011740 0.000108 -0.000187
v 0.011746 0.000142 -0.000187
v 0.011747 0.000142 -0.000182
v 0.011741 0.000108 -0.000183
v 0.011699 0.000142 -0.000178
v 0.011710 0.000149 -0.000180
v 0.011700 0.000142 -0.000173
v 0.011711 0.000149 -0.000175
v 0.011704 0.000116 -0.000180
v 0.011696 0.000128 -0.000178
v 0.011697 0.000128 -0.000173
v 0.011705 0.000116 -0.000175
v 0.012044 0.000330 -0.000274
v 0.012049 0.000329 -0.000246
v 0.011812 0.000379 -0.000197
v 0.011806 0.000380 -0.000226
v 0.012064 0.000428 -0.000274
v 0.012070 0.000427 -0.000246
v 0.011832 0.000476 -0.000197
v 0.011827 0.000478 -0.000226
v 0.011880 0.000365 -0.000193
v 0.011868 0.000367 -0.000256
v 0.011897 0.000505 -0.000256
v 0.011909 0.000503 -0.000193
v 0.011981 0.000343 -0.000213
v 0.011969 0.000346 -0.000277
v 0.011998 0.000484 -0.000277
v 0.012010 0.000482 -0.000213
v 0.011878 0.000304 -0.000195
v 0.011865 0.000306 -0.000258
v 0.011961 0.000286 -0.000212
v 0.011949 0.000289 -0.000275
v 0.011896 0.000123 -0.000014
v 0.011889 0.000089 -0.000014
v 0.011856 0.000078 -0.000008
v 0.011831 0.000101 -0.000002
v 0.011838 0.000135 -0.000002
v 0.011870 0.000146 -0.000008
v 0.011914 0.000132 -0.000042
v 0.011902 0.000074 -0.000042
v 0.011906 0.000073 -0.000018
v 0.011919 0.000131 -0.000018
v 0.011846 0.000055 -0.000032
v 0.011851 0.000054 -0.000008
v 0.011803 0.000094 -0.000022
v 0.011808 0.000094 0.000002
v 0.011815 0.000153 -0.000022
v 0.011820 0.000152 0.000002
v 0.011871 0.000171 -0.000032
v 0.011875 0.000170 -0.000008
v 0.011891 0.000086 -0.000021
v 0.011900 0.000125 -0.000021
v 0.011870 0.000152 -0.000014
v 0.011832 0.000139 -0.000007
v 0.011824 0.000100 -0.000007
v 0.011853 0.000073 -0.000014
v 0.011896 0.000082 -0.000015
v 0.011854 0.000068 -0.000008
v 0.011821 0.000098 0.000000
v 0.011830 0.000142 0.000000
v 0.011872 0.000157 -0.000008
v 0.011906 0.000127 -0.000015
v 0.011620 0.000207 0.000164
v 0.011613 0.000173 0.000164
v 0.011580 0.000162 0.000170
v 0.011555 0.000185 0.000176
v 0.011562 0.000219 0.000176
v 0.011595 0.000230 0.000170
v 0.011625 0.000204 0.000210
v 0.011619 0.000173 0.000210
v 0.011590 0.000163 0.000215
v 0.011567 0.000184 0.000220
v 0.011574 0.000214 0.000220
v 0.011603 0.000224 0.000215
v 0.011629 0.000203 0.000228
v 0.011623 0.000172 0.000228
v 0.011594 0.000163 0.000233
v 0.011571 0.000183 0.000238
v 0.011577 0.000214 0.000238
v 0.011606 0.000224 0.000233
v 0.011614 0.000197 0.000235
v 0.011611 0.000183 0.000235
v 0.011598 0.000179 0.000237
v 0.011587 0.000188 0.000240
v 0.011590 0.000202 0.000240
v 0.011604 0.000207 0.000237
v 0.011609 0.000203 0.000166
v 0.011604 0.000180 0.000166
v 0.011614 0.000178 0.000214
v 0.011618 0.000201 0.000214
v 0.011583 0.000173 0.000170
v 0.011592 0.000171 0.000217
v 0.011566 0.000188 0.000174
v 0.011575 0.000186 0.000221
v 0.011571 0.000211 0.000174
v 0.011580 0.000209 0.000221
v 0.011592 0.000218 0.000170
v 0.011602 0.000216 0.000217
v 0.011610 0.000193 0.000182
v 0.011609 0.000183 0.000188
v 0.011612 0.000188 0.000197
v 0.011613 0.000198 0.000192
v 0.011571 0.000197 0.000190
v 0.011574 0.000206 0.000195
v 0.011575 0.000201 0.000205
v 0.011572 0.000191 0.000200
v 0.011486 0.000130 -0.000211
v 0.011443 0.000155 -0.000202
v 0.011423 0.000201 -0.000196
v 0.011433 0.000251 -0.000196
v 0.011470 0.000285 -0.000202
v 0.011520 0.000290 -0.000211
v 0.011498 0.000127 -0.000148
v 0.011455 0.000152 -0.000139
v 0.011435 0.000198 -0.000133
v 0.011445 0.000248 -0.000133
v 0.011482 0.000282 -0.000139
v 0.011532 0.000288 -0.000148
v 0.011582 0.000110 -0.000219
v 0.011571 0.000112 -0.000226
v 0.011559 0.000114 -0.000227
v 0.011587 0.000109 -0.000208
v 0.011621 0.000269 -0.000208
v 0.011615 0.000270 -0.000219
v 0.011605 0.000272 -0.000226
v 0.011593 0.000275 -0.000227
v 0.011583 0.000109 -0.000169
v 0.011589 0.000108 -0.000179
v 0.011590 0.000108 -0.000192
v 0.011572 0.000112 -0.000164
v 0.011624 0.000269 -0.000192
v 0.011623 0.000269 -0.000179
v 0.011616 0.000270 -0.000169
v 0.011605 0.000272 -0.000164
v 0.011619 0.000371 -0.000219
v 0.011628 0.000369 -0.000212
v 0.011634 0.000367 -0.000203
v 0.011609 0.000373 -0.000222
v 0.011633 0.000368 -0.000180
v 0.011627 0.000369 -0.000171
v 0.011617 0.000371 -0.000165
v 0.011636 0.000367 -0.000191
v 0.011606 0.000373 -0.000163
v 0.011595 0.000376 -0.000166
v 0.011587 0.000377 -0.000170
v 0.011580 0.000379 -0.000182
v 0.011597 0.000375 -0.000220
v 0.011579 0.000379 -0.000194
v 0.011586 0.000377 -0.000206
v 0.011588 0.000377 -0.000214
v 0.011608 0.000373 -0.000213
v 0.011600 0.000374 -0.000212
v 0.011616 0.000371 -0.000211
v 0.011622 0.000370 -0.000206
v 0.011626 0.000369 -0.000200
v 0.011627 0.000369 -0.000192
v 0.011625 0.000369 -0.000184
v 0.011621 0.000370 -0.000177
v 0.011614 0.000372 -0.000173
v 0.011606 0.000373 -0.000172
v 0.011599 0.000375 -0.000174
v 0.011592 0.000376 -0.000179
v 0.011588 0.000377 -0.000185
v 0.011587 0.000377 -0.000193
v 0.011589 0.000377 -0.000201
v 0.011594 0.000376 -0.000208
v 0.011609 0.000379 -0.000213
v 0.011602 0.000381 -0.000212
v 0.011617 0.000377 -0.000211
v 0.011623 0.000376 -0.000206
v 0.011627 0.000375 -0.000200
v 0.011629 0.000375 -0.000192
v 0.011627 0.000375 -0.000184
v 0.011622 0.000376 -0.000177
v 0.011615 0.000378 -0.000173
v 0.011608 0.000379 -0.000172
v 0.011600 0.000381 -0.000174
v 0.011594 0.000382 -0.000179
v 0.011590 0.000383 -0.000185
v 0.011588 0.000383 -0.000193
v 0.011590 0.000383 -0.000201
v 0.011595 0.000382 -0.000208
v 0.011610 0.000379 -0.000225
v 0.011598 0.000381 -0.000223
v 0.011612 0.000391 -0.000225
v 0.011600 0.000393 -0.000223
v 0.011622 0.000376 -0.000222
v 0.011624 0.000388 -0.000222
v 0.011632 0.000374 -0.000214
v 0.011634 0.000386 -0.000214
v 0.011638 0.000373 -0.000204
v 0.011641 0.000385 -0.000204
v 0.011640 0.000372 -0.000191
v 0.011643 0.000384 -0.000191
v 0.011637 0.000373 -0.000179
v 0.011640 0.000385 -0.000179
v 0.011630 0.000375 -0.000169
v 0.011633 0.000387 -0.000169
v 0.011619 0.000377 -0.000162
v 0.011622 0.000389 -0.000162
v 0.011607 0.000379 -0.000160
v 0.011610 0.000391 -0.000160
v 0.011595 0.000382 -0.000163
v 0.011598 0.000394 -0.000163
v 0.011585 0.000384 -0.000171
v 0.011588 0.000396 -0.000171
v 0.011579 0.000385 -0.000181
v 0.011581 0.000397 -0.000181
v 0.011577 0.000386 -0.000194
v 0.011579 0.000398 -0.000194
v 0.011580 0.000385 -0.000206
v 0.011582 0.000397 -0.000206
v 0.011587 0.000384 -0.000216
v 0.011590 0.000396 -0.000216
v 0.011554 0.000306 -0.000218
v 0.011567 0.000303 -0.000155
v 0.011552 0.000299 -0.000218
v 0.011544 0.000290 -0.000216
v 0.011532 0.000288 -0.000214
v 0.011545 0.000285 -0.000151
v 0.011556 0.000287 -0.000153
v 0.011565 0.000296 -0.000155
v 0.011609 0.000299 -0.000224
v 0.011619 0.000297 -0.000217
v 0.011624 0.000296 -0.000206
v 0.011627 0.000295 -0.000192
v 0.011626 0.000295 -0.000180
v 0.011619 0.000297 -0.000170
v 0.011609 0.000299 -0.000164
v 0.011588 0.000303 -0.000160
v 0.011577 0.000305 -0.000157
v 0.011562 0.000305 -0.000179
v 0.011559 0.000305 -0.000194
v 0.011565 0.000308 -0.000220
v 0.011576 0.000306 -0.000221
v 0.011597 0.000301 -0.000225
v 0.011438 0.000197 -0.000143
v 0.011444 0.000231 -0.000143
v 0.011445 0.000231 -0.000138
v 0.011439 0.000197 -0.000138
v 0.011397 0.000231 -0.000133
v 0.011409 0.000238 -0.000135
v 0.011398 0.000231 -0.000129
v 0.011410 0.000238 -0.000131
v 0.011402 0.000205 -0.000135
v 0.011395 0.000217 -0.000134
v 0.011396 0.000217 -0.000129
v 0.011403 0.000205 -0.000131
v 0.011742 0.000419 -0.000230
v 0.011748 0.000418 -0.000201
v 0.011510 0.000468 -0.000152
v 0.011504 0.000469 -0.000181
v 0.011763 0.000517 -0.000230
v 0.011768 0.000516 -0.000201
v 0.011530 0.000565 -0.000152
v 0.011525 0.000567 -0.000181
v 0.011579 0.000453 -0.000148
v 0.011566 0.000456 -0.000212
v 0.011595 0.000594 -0.000212
v 0.011608 0.000592 -0.000148
v 0.011679 0.000432 -0.000169
v 0.011667 0.000435 -0.000232
v 0.011696 0.000573 -0.000232
v 0.011708 0.000571 -0.000169
v 0.011576 0.000393 -0.000150
v 0.011564 0.000395 -0.000214
v 0.011660 0.000375 -0.000167
v 0.011647 0.000378 -0.000231
v 0.011594 0.000212 0.000031
v 0.011587 0.000178 0.000031
v 0.011554 0.000167 0.000037
v 0.011529 0.000190 0.000043
v 0.011536 0.000224 0.000043
v 0.011569 0.000235 0.000037
v 0.011612 0.000221 0.000003
v 0.011600 0.000163 0.000003
v 0.011605 0.000162 0.000027
v 0.011617 0.000220 0.000027
v 0.011545 0.000144 0.000013
v 0.011549 0.000143 0.000037
v 0.011501 0.000183 0.000023
v 0.011506 0.000182 0.000047
v 0.011513 0.000242 0.000023
v 0.011518 0.000241 0.000047
v 0.011569 0.000260 0.000013
v 0.011574 0.000259 0.000037
v 0.011590 0.000175 0.000023
v 0.011598 0.000214 0.000023
v 0.011568 0.000241 0.000030
v 0.011531 0.000228 0.000037
v 0.011522 0.000189 0.000037
v 0.011552 0.000162 0.000030
v 0.011595 0.000171 0.000029
v 0.011552 0.000157 0.000037
v 0.011519 0.000187 0.000045
v 0.011528 0.000231 0.000045
v 0.011571 0.000246 0.000037
v 0.011604 0.000215 0.000029
v 0.005536 -0.000348 -0.000422
v 0.005653 -0.000288 -0.000422
v 0.005733 -0.000199 -0.000422
v 0.005765 -0.000093 -0.000422
v 0.005398 -0.000372 -0.000422
v 0.005398 -0.000372 -0.000446
v 0.005765 -0.000093 -0.000446
v 0.005733 -0.000199 -0.000446
v 0.005653 -0.000288 -0.000446
v 0.005536 -0.000348 -0.000446
v 0.004973 0.000218 -0.000422
v 0.004958 0.000181 -0.000422
v 0.005010 0.000233 -0.000422
v 0.005010 0.000233 -0.000446
v 0.004958 0.000181 -0.000446
v 0.004973 0.000218 -0.000446
v 0.004973 -0.000360 -0.000422
v 0.005011 -0.000375 -0.000422
v 0.004958 -0.000323 -0.000422
v 0.005011 -0.000375 -0.000446
v 0.004973 -0.000360 -0.000446
v 0.004958 -0.000323 -0.000446
v 0.005766 0.000187 -0.000422
v 0.005751 0.000224 -0.000422
v 0.005713 0.000239 -0.000422
v 0.005766 0.000187 -0.000446
v 0.005713 0.000239 -0.000446
v 0.005751 0.000224 -0.000446
v 0.002869 0.000409 -0.000316
v 0.002869 -0.000314 -0.000316
v 0.002869 0.000409 -0.000325
v 0.002869 -0.000314 -0.000325
v 0.002860 0.000409 -0.000316
v 0.002863 0.000409 -0.000321
v 0.002863 -0.000314 -0.000321
v 0.002860 -0.000314 -0.000316
v 0.002758 -0.000308 -0.000316
v 0.002773 -0.000314 -0.000316
v 0.002751 -0.000293 -0.000316
v 0.002751 -0.000293 -0.000321
v 0.002773 -0.000314 -0.000321
v 0.002758 -0.000308 -0.000321
v 0.002751 0.000388 -0.000316
v 0.002773 0.000409 -0.000316
v 0.002758 0.000403 -0.000316
v 0.002751 0.000388 -0.000321
v 0.002758 0.000403 -0.000321
v 0.002773 0.000409 -0.000321
v 0.002863 0.000403 -0.000395
v 0.002863 0.000388 -0.000401
v 0.002863 0.000409 -0.000380
v 0.002869 0.000388 -0.000401
v 0.002869 0.000403 -0.000395
v 0.002869 0.000409 -0.000380
v 0.002863 -0.000293 -0.000401
v 0.002863 -0.000308 -0.000395
v 0.002863 -0.000314 -0.000380
v 0.002869 -0.000293 -0.000401
v 0.002869 -0.000314 -0.000380
v 0.002869 -0.000308 -0.000395
v 0.002751 -0.000171 -0.000316
v 0.002751 -0.000216 -0.000316
v 0.002869 -0.000171 -0.000316
v 0.002869 -0.000216 -0.000316
v 0.002869 -0.000171 -0.000325
v 0.002869 -0.000216 -0.000325
v 0.002869 -0.000171 -0.000401
v 0.002869 -0.000216 -0.000401
v 0.002863 -0.000216 -0.000401
v 0.002863 -0.000171 -0.000401
v 0.002863 -0.000216 -0.000321
v 0.002863 -0.000171 -0.000321
v 0.002751 -0.000171 -0.000321
v 0.002751 -0.000216 -0.000321
v 0.002751 -0.000095 -0.000316
v 0.002751 -0.000051 -0.000316
v 0.002869 -0.000051 -0.000316
v 0.002869 -0.000095 -0.000316
v 0.002869 -0.000051 -0.000325
v 0.002869 -0.000095 -0.000325
v 0.002869 -0.000051 -0.000401
v 0.002869 -0.000095 -0.000401
v 0.002863 -0.000095 -0.000401
v 0.002863 -0.000051 -0.000401
v 0.002863 -0.000095 -0.000321
v 0.002863 -0.000051 -0.000321
v 0.002751 -0.000051 -0.000321
v 0.002751 -0.000095 -0.000321
v 0.002751 0.000025 -0.000316
v 0.002751 0.000070 -0.000316
v 0.002869 0.000070 -0.000316
v 0.002869 0.000025 -0.000316
v 0.002869 0.000070 -0.000325
v 0.002869 0.000025 -0.000325
v 0.002869 0.000070 -0.000401
v 0.002869 0.000025 -0.000401
v 0.002863 0.000025 -0.000401
v 0.002863 0.000070 -0.000401
v 0.002863 0.000025 -0.000321
v 0.002863 0.000070 -0.000321
v 0.002751 0.000070 -0.000321
v 0.002751 0.000025 -0.000321
v 0.002751 0.000146 -0.000316
v 0.002751 0.000191 -0.000316
v 0.002869 0.000191 -0.000316
v 0.002869 0.000146 -0.000316
v 0.002869 0.000191 -0.000325
v 0.002869 0.000146 -0.000325
v 0.002869 0.000191 -0.000401
v 0.002869 0.000146 -0.000401
v 0.002863 0.000146 -0.000401
v 0.002863 0.000191 -0.000401
v 0.002863 0.000146 -0.000321
v 0.002863 0.000191 -0.000321
v 0.002751 0.000191 -0.000321
v 0.002751 0.000146 -0.000321
v 0.002751 0.000267 -0.000316
v 0.002751 0.000311 -0.000316
v 0.002869 0.000311 -0.000316
v 0.002869 0.000267 -0.000316
v 0.002869 0.000311 -0.000325
v 0.002869 0.000267 -0.000325
v 0.002869 0.000311 -0.000401
v 0.002869 0.000267 -0.000401
v 0.002863 0.000267 -0.000401
v 0.002863 0.000311 -0.000401
v 0.002863 0.000311 -0.000321
v 0.002863 0.000267 -0.000321
v 0.002751 0.000311 -0.000321
v 0.002751 0.000267 -0.000321
v 0.002745 -0.000171 -0.000316
v 0.002745 -0.000216 -0.000316
v 0.002745 -0.000171 -0.000321
v 0.002745 -0.000216 -0.000321
v 0.002745 -0.000095 -0.000316
v 0.002745 -0.000051 -0.000316
v 0.002745 -0.000051 -0.000321
v 0.002745 -0.000095 -0.000321
v 0.002745 0.000025 -0.000316
v 0.002745 0.000070 -0.000316
v 0.002745 0.000070 -0.000321
v 0.002745 0.000025 -0.000321
v 0.002745 0.000146 -0.000316
v 0.002745 0.000191 -0.000316
v 0.002745 0.000191 -0.000321
v 0.002745 0.000146 -0.000321
v 0.002745 0.000267 -0.000316
v 0.002745 0.000311 -0.000316
v 0.002745 0.000311 -0.000321
v 0.002745 0.000267 -0.000321
v 0.002749 -0.000186 -0.000372
v 0.002749 -0.000201 -0.000372
v 0.002747 -0.000201 -0.000372
v 0.002747 -0.000186 -0.000372
v 0.002749 -0.000065 -0.000372
v 0.002749 -0.000081 -0.000372
v 0.002747 -0.000081 -0.000372
v 0.002747 -0.000065 -0.000372
v 0.002749 0.000056 -0.000372
v 0.002749 0.000040 -0.000372
v 0.002747 0.000040 -0.000372
v 0.002747 0.000056 -0.000372
v 0.002749 0.000176 -0.000372
v 0.002749 0.000160 -0.000372
v 0.002747 0.000160 -0.000372
v 0.002747 0.000176 -0.000372
v 0.002749 0.000297 -0.000372
v 0.002749 0.000281 -0.000372
v 0.002747 0.000281 -0.000372
v 0.002747 0.000297 -0.000372
v 0.002861 -0.000159 -0.000374
v 0.002861 -0.000179 -0.000368
v 0.002861 -0.000173 -0.000348
v 0.002861 -0.000153 -0.000354
v 0.002861 -0.000170 -0.000375
v 0.002861 -0.000162 -0.000347
v 0.002861 -0.000180 -0.000357
v 0.002861 -0.000152 -0.000365
v 0.003113 -0.000170 -0.000375
v 0.003113 -0.000159 -0.000374
v 0.003113 -0.000152 -0.000365
v 0.003113 -0.000180 -0.000357
v 0.003113 -0.000179 -0.000368
v 0.003113 -0.000162 -0.000347
v 0.003113 -0.000173 -0.000348
v 0.003113 -0.000153 -0.000354
v 0.002848 -0.000179 -0.000368
v 0.002848 -0.000170 -0.000375
v 0.002848 -0.000180 -0.000357
v 0.002848 -0.000173 -0.000348
v 0.002848 -0.000162 -0.000347
v 0.002848 -0.000153 -0.000354
v 0.002848 -0.000152 -0.000365
v 0.002848 -0.000159 -0.000374
v 0.002861 -0.000191 -0.000375
v 0.002861 -0.000174 -0.000389
v 0.002853 -0.000188 -0.000373
v 0.002853 -0.000173 -0.000385
v 0.002861 -0.000194 -0.000353
v 0.002853 -0.000190 -0.000354
v 0.002861 -0.000180 -0.000336
v 0.002861 -0.000158 -0.000333
v 0.002853 -0.000159 -0.000337
v 0.002853 -0.000178 -0.000339
v 0.002861 -0.000140 -0.000347
v 0.002861 -0.000138 -0.000369
v 0.002853 -0.000142 -0.000368
v 0.002853 -0.000144 -0.000349
v 0.002861 -0.000152 -0.000387
v 0.002853 -0.000154 -0.000383
v 0.002861 0.000293 -0.000374
v 0.003113 0.000293 -0.000374
v 0.003113 0.000282 -0.000375
v 0.002861 0.000282 -0.000375
v 0.002861 0.000300 -0.000365
v 0.003113 0.000300 -0.000365
v 0.003113 0.000274 -0.000368
v 0.002861 0.000274 -0.000368
v 0.003113 0.000272 -0.000357
v 0.002861 0.000272 -0.000357
v 0.003113 0.000279 -0.000348
v 0.002861 0.000279 -0.000348
v 0.003113 0.000290 -0.000347
v 0.002861 0.000290 -0.000347
v 0.003113 0.000299 -0.000354
v 0.002861 0.000299 -0.000354
v 0.002861 0.000261 -0.000375
v 0.002861 0.000278 -0.000389
v 0.002853 0.000264 -0.000373
v 0.002853 0.000279 -0.000385
v 0.002861 0.000259 -0.000353
v 0.002853 0.000262 -0.000354
v 0.002861 0.000272 -0.000336
v 0.002861 0.000294 -0.000333
v 0.002853 0.000293 -0.000337
v 0.002853 0.000274 -0.000339
v 0.002861 0.000312 -0.000347
v 0.002861 0.000314 -0.000369
v 0.002853 0.000310 -0.000368
v 0.002853 0.000308 -0.000349
v 0.002861 0.000300 -0.000387
v 0.002853 0.000299 -0.000383
v 0.002848 0.000274 -0.000368
v 0.002848 0.000282 -0.000375
v 0.002848 0.000272 -0.000357
v 0.002848 0.000279 -0.000348
v 0.002848 0.000290 -0.000347
v 0.002848 0.000299 -0.000354
v 0.002848 0.000300 -0.000365
v 0.002848 0.000293 -0.000374
v 0.001612 -0.000521 -0.000101
v 0.001626 -0.000556 -0.000101
v 0.001660 -0.000570 -0.000101
v 0.001660 -0.000570 -0.000396
v 0.001626 -0.000556 -0.000396
v 0.001612 -0.000521 -0.000396
v 0.001660 0.000351 -0.000101
v 0.001626 0.000337 -0.000101
v 0.001612 0.000302 -0.000101
v 0.001660 0.000351 -0.000396
v 0.001612 0.000302 -0.000396
v 0.001626 0.000337 -0.000396
v 0.001741 0.000302 -0.000101
v 0.001727 0.000337 -0.000101
v 0.001692 0.000351 -0.000101
v 0.001741 0.000302 -0.000396
v 0.001692 0.000351 -0.000396
v 0.001727 0.000337 -0.000396
v 0.001692 -0.000570 -0.000101
v 0.001727 -0.000556 -0.000101
v 0.001741 -0.000521 -0.000101
v 0.001692 -0.000570 -0.000396
v 0.001741 -0.000521 -0.000396
v 0.001727 -0.000556 -0.000396
v 0.004566 -0.000411 0.000123
v 0.004573 -0.000411 0.000114
v 0.004573 -0.000411 0.000104
v 0.004566 -0.000411 0.000095
v 0.004546 -0.000411 0.000095
v 0.004540 -0.000411 0.000104
v 0.004540 -0.000411 0.000114
v 0.004546 -0.000411 0.000123
v 0.004556 -0.000411 0.000126
v 0.004561 -0.000425 0.000107
v 0.004561 -0.000425 0.000111
v 0.004559 -0.000425 0.000104
v 0.004556 -0.000425 0.000103
v 0.004553 -0.000425 0.000104
v 0.004551 -0.000425 0.000107
v 0.004551 -0.000425 0.000111
v 0.004553 -0.000425 0.000114
v 0.004556 -0.000425 0.000115
v 0.004559 -0.000425 0.000114
v 0.004571 -0.000420 0.000104
v 0.004565 -0.000420 0.000096
v 0.004556 -0.000420 0.000093
v 0.004547 -0.000420 0.000096
v 0.004541 -0.000420 0.000104
v 0.004541 -0.000420 0.000114
v 0.004547 -0.000420 0.000122
v 0.004556 -0.000420 0.000125
v 0.004565 -0.000420 0.000122
v 0.004571 -0.000420 0.000114
v 0.004566 0.000294 0.000123
v 0.004573 0.000294 0.000114
v 0.004573 0.000294 0.000104
v 0.004566 0.000294 0.000095
v 0.004546 0.000294 0.000095
v 0.004540 0.000294 0.000104
v 0.004540 0.000294 0.000114
v 0.004546 0.000294 0.000123
v 0.004556 0.000294 0.000126
v 0.004561 0.000308 0.000107
v 0.004561 0.000308 0.000111
v 0.004559 0.000308 0.000104
v 0.004556 0.000308 0.000103
v 0.004553 0.000308 0.000104
v 0.004551 0.000308 0.000107
v 0.004551 0.000308 0.000111
v 0.004553 0.000308 0.000114
v 0.004556 0.000308 0.000115
v 0.004559 0.000308 0.000114
v 0.004571 0.000303 0.000104
v 0.004565 0.000303 0.000096
v 0.004556 0.000303 0.000093
v 0.004547 0.000303 0.000096
v 0.004541 0.000303 0.000104
v 0.004541 0.000303 0.000114
v 0.004547 0.000303 0.000122
v 0.004556 0.000303 0.000125
v 0.004565 0.000303 0.000122
v 0.004571 0.000303 0.000114
v 0.004715 -0.000397 0.000123
v 0.004721 -0.000397 0.000114
v 0.004721 -0.000397 0.000104
v 0.004715 -0.000397 0.000095
v 0.004694 -0.000397 0.000095
v 0.004688 -0.000397 0.000104
v 0.004688 -0.000397 0.000114
v 0.004694 -0.000397 0.000123
v 0.004705 -0.000397 0.000126
v 0.004710 -0.000410 0.000107
v 0.004710 -0.000410 0.000111
v 0.004708 -0.000410 0.000104
v 0.004705 -0.000410 0.000103
v 0.004701 -0.000410 0.000104
v 0.004699 -0.000410 0.000107
v 0.004699 -0.000410 0.000111
v 0.004701 -0.000410 0.000114
v 0.004705 -0.000410 0.000115
v 0.004708 -0.000410 0.000114
v 0.004720 -0.000406 0.000104
v 0.004714 -0.000406 0.000096
v 0.004705 -0.000406 0.000093
v 0.004695 -0.000406 0.000096
v 0.004690 -0.000406 0.000104
v 0.004690 -0.000406 0.000114
v 0.004695 -0.000406 0.000122
v 0.004705 -0.000406 0.000125
v 0.004714 -0.000406 0.000122
v 0.004720 -0.000406 0.000114
v 0.004715 0.000291 0.000123
v 0.004721 0.000291 0.000114
v 0.004721 0.000291 0.000104
v 0.004715 0.000291 0.000095
v 0.004694 0.000291 0.000095
v 0.004688 0.000291 0.000104
v 0.004688 0.000291 0.000114
v 0.004694 0.000291 0.000123
v 0.004705 0.000291 0.000126
v 0.004710 0.000304 0.000107
v 0.004710 0.000304 0.000111
v 0.004708 0.000304 0.000104
v 0.004705 0.000304 0.000103
v 0.004701 0.000304 0.000104
v 0.004699 0.000304 0.000107
v 0.004699 0.000304 0.000111
v 0.004701 0.000304 0.000114
v 0.004705 0.000304 0.000115
v 0.004708 0.000304 0.000114
v 0.004720 0.000299 0.000104
v 0.004714 0.000299 0.000096
v 0.004705 0.000299 0.000093
v 0.004695 0.000299 0.000096
v 0.004690 0.000299 0.000104
v 0.004690 0.000299 0.000114
v 0.004695 0.000299 0.000122
v 0.004705 0.000299 0.000125
v 0.004714 0.000299 0.000122
v 0.004720 0.000299 0.000114
v 0.004880 -0.000379 0.000123
v 0.004886 -0.000379 0.000114
v 0.004886 -0.000379 0.000104
v 0.004880 -0.000379 0.000095
v 0.004859 -0.000379 0.000095
v 0.004853 -0.000379 0.000104
v 0.004853 -0.000379 0.000114
v 0.004859 -0.000379 0.000123
v 0.004869 -0.000379 0.000126
v 0.004875 -0.000392 0.000107
v 0.004875 -0.000392 0.000111
v 0.004873 -0.000392 0.000104
v 0.004869 -0.000392 0.000103
v 0.004866 -0.000392 0.000104
v 0.004864 -0.000392 0.000107
v 0.004864 -0.000392 0.000111
v 0.004866 -0.000392 0.000114
v 0.004869 -0.000392 0.000115
v 0.004873 -0.000392 0.000114
v 0.004884 -0.000388 0.000104
v 0.004879 -0.000388 0.000096
v 0.004869 -0.000388 0.000093
v 0.004860 -0.000388 0.000096
v 0.004854 -0.000388 0.000104
v 0.004854 -0.000388 0.000114
v 0.004860 -0.000388 0.000122
v 0.004869 -0.000388 0.000125
v 0.004879 -0.000388 0.000122
v 0.004884 -0.000388 0.000114
v 0.004880 0.000290 0.000123
v 0.004886 0.000290 0.000114
v 0.004886 0.000290 0.000104
v 0.004880 0.000290 0.000095
v 0.004859 0.000290 0.000095
v 0.004853 0.000290 0.000104
v 0.004853 0.000290 0.000114
v 0.004859 0.000290 0.000123
v 0.004869 0.000290 0.000126
v 0.004875 0.000303 0.000107
v 0.004875 0.000303 0.000111
v 0.004873 0.000303 0.000104
v 0.004869 0.000303 0.000103
v 0.004866 0.000303 0.000104
v 0.004864 0.000303 0.000107
v 0.004864 0.000303 0.000111
v 0.004866 0.000303 0.000114
v 0.004869 0.000303 0.000115
v 0.004873 0.000303 0.000114
v 0.004884 0.000299 0.000104
v 0.004879 0.000299 0.000096
v 0.004869 0.000299 0.000093
v 0.004860 0.000299 0.000096
v 0.004854 0.000299 0.000104
v 0.004854 0.000299 0.000114
v 0.004860 0.000299 0.000122
v 0.004869 0.000299 0.000125
v 0.004879 0.000299 0.000122
v 0.004884 0.000299 0.000114
v 0.005049 -0.000369 0.000123
v 0.005055 -0.000369 0.000114
v 0.005055 -0.000369 0.000104
v 0.005049 -0.000369 0.000095
v 0.005028 -0.000369 0.000095
v 0.005022 -0.000369 0.000104
v 0.005022 -0.000369 0.000114
v 0.005028 -0.000369 0.000123
v 0.005038 -0.000369 0.000126
v 0.005044 -0.000382 0.000107
v 0.005044 -0.000382 0.000111
v 0.005042 -0.000382 0.000104
v 0.005038 -0.000382 0.000103
v 0.005035 -0.000382 0.000104
v 0.005033 -0.000382 0.000107
v 0.005033 -0.000382 0.000111
v 0.005035 -0.000382 0.000114
v 0.005038 -0.000382 0.000115
v 0.005042 -0.000382 0.000114
v 0.005053 -0.000378 0.000104
v 0.005048 -0.000378 0.000096
v 0.005038 -0.000378 0.000093
v 0.005029 -0.000378 0.000096
v 0.005023 -0.000378 0.000104
v 0.005023 -0.000378 0.000114
v 0.005029 -0.000378 0.000122
v 0.005038 -0.000378 0.000125
v 0.005048 -0.000378 0.000122
v 0.005053 -0.000378 0.000114
v 0.005049 0.000285 0.000123
v 0.005055 0.000285 0.000114
v 0.005055 0.000285 0.000104
v 0.005049 0.000285 0.000095
v 0.005028 0.000285 0.000095
v 0.005022 0.000285 0.000104
v 0.005022 0.000285 0.000114
v 0.005028 0.000285 0.000123
v 0.005038 0.000285 0.000126
v 0.005044 0.000298 0.000107
v 0.005044 0.000298 0.000111
v 0.005042 0.000298 0.000104
v 0.005038 0.000298 0.000103
v 0.005035 0.000298 0.000104
v 0.005033 0.000298 0.000107
v 0.005033 0.000298 0.000111
v 0.005035 0.000298 0.000114
v 0.005038 0.000298 0.000115
v 0.005042 0.000298 0.000114
v 0.005053 0.000294 0.000104
v 0.005048 0.000294 0.000096
v 0.005038 0.000294 0.000093
v 0.005029 0.000294 0.000096
v 0.005023 0.000294 0.000104
v 0.005023 0.000294 0.000114
v 0.005029 0.000294 0.000122
v 0.005038 0.000294 0.000125
v 0.005048 0.000294 0.000122
v 0.005053 0.000294 0.000114
v 0.005226 -0.000369 0.000123
v 0.005232 -0.000369 0.000114
v 0.005232 -0.000369 0.000104
v 0.005226 -0.000369 0.000095
v 0.005206 -0.000369 0.000095
v 0.005199 -0.000369 0.000104
v 0.005199 -0.000369 0.000114
v 0.005206 -0.000369 0.000123
v 0.005216 -0.000369 0.000126
v 0.005221 -0.000382 0.000107
v 0.005221 -0.000382 0.000111
v 0.005219 -0.000382 0.000104
v 0.005216 -0.000382 0.000103
v 0.005213 -0.000382 0.000104
v 0.005211 -0.000382 0.000107
v 0.005211 -0.000382 0.000111
v 0.005213 -0.000382 0.000114
v 0.005216 -0.000382 0.000115
v 0.005219 -0.000382 0.000114
v 0.005231 -0.000378 0.000104
v 0.005225 -0.000378 0.000096
v 0.005216 -0.000378 0.000093
v 0.005207 -0.000378 0.000096
v 0.005201 -0.000378 0.000104
v 0.005201 -0.000378 0.000114
v 0.005207 -0.000378 0.000122
v 0.005216 -0.000378 0.000125
v 0.005225 -0.000378 0.000122
v 0.005231 -0.000378 0.000114
v 0.005226 0.000285 0.000123
v 0.005232 0.000285 0.000114
v 0.005232 0.000285 0.000104
v 0.005226 0.000285 0.000095
v 0.005206 0.000285 0.000095
v 0.005199 0.000285 0.000104
v 0.005199 0.000285 0.000114
v 0.005206 0.000285 0.000123
v 0.005216 0.000285 0.000126
v 0.005221 0.000298 0.000107
v 0.005221 0.000298 0.000111
v 0.005219 0.000298 0.000104
v 0.005216 0.000298 0.000103
v 0.005213 0.000298 0.000104
v 0.005211 0.000298 0.000107
v 0.005211 0.000298 0.000111
v 0.005213 0.000298 0.000114
v 0.005216 0.000298 0.000115
v 0.005219 0.000298 0.000114
v 0.005231 0.000294 0.000104
v 0.005225 0.000294 0.000096
v 0.005216 0.000294 0.000093
v 0.005207 0.000294 0.000096
v 0.005201 0.000294 0.000104
v 0.005201 0.000294 0.000114
v 0.005207 0.000294 0.000122
v 0.005216 0.000294 0.000125
v 0.005225 0.000294 0.000122
v 0.005231 0.000294 0.000114
v 0.005413 -0.000369 0.000123
v 0.005420 -0.000369 0.000114
v 0.005420 -0.000369 0.000104
v 0.005413 -0.000369 0.000095
v 0.005393 -0.000369 0.000095
v 0.005387 -0.000369 0.000104
v 0.005387 -0.000369 0.000114
v 0.005393 -0.000369 0.000123
v 0.005403 -0.000369 0.000126
v 0.005409 -0.000382 0.000107
v 0.005409 -0.000382 0.000111
v 0.005407 -0.000382 0.000104
v 0.005403 -0.000382 0.000103
v 0.005400 -0.000382 0.000104
v 0.005398 -0.000382 0.000107
v 0.005398 -0.000382 0.000111
v 0.005400 -0.000382 0.000114
v 0.005403 -0.000382 0.000115
v 0.005407 -0.000382 0.000114
v 0.005418 -0.000378 0.000104
v 0.005413 -0.000378 0.000096
v 0.005403 -0.000378 0.000093
v 0.005394 -0.000378 0.000096
v 0.005388 -0.000378 0.000104
v 0.005388 -0.000378 0.000114
v 0.005394 -0.000378 0.000122
v 0.005403 -0.000378 0.000125
v 0.005413 -0.000378 0.000122
v 0.005418 -0.000378 0.000114
v 0.005413 0.000285 0.000123
v 0.005420 0.000285 0.000114
v 0.005420 0.000285 0.000104
v 0.005413 0.000285 0.000095
v 0.005393 0.000285 0.000095
v 0.005387 0.000285 0.000104
v 0.005387 0.000285 0.000114
v 0.005393 0.000285 0.000123
v 0.005403 0.000285 0.000126
v 0.005409 0.000298 0.000107
v 0.005409 0.000298 0.000111
v 0.005407 0.000298 0.000104
v 0.005403 0.000298 0.000103
v 0.005400 0.000298 0.000104
v 0.005398 0.000298 0.000107
v 0.005398 0.000298 0.000111
v 0.005400 0.000298 0.000114
v 0.005403 0.000298 0.000115
v 0.005407 0.000298 0.000114
v 0.005418 0.000294 0.000104
v 0.005413 0.000294 0.000096
v 0.005403 0.000294 0.000093
v 0.005394 0.000294 0.000096
v 0.005388 0.000294 0.000104
v 0.005388 0.000294 0.000114
v 0.005394 0.000294 0.000122
v 0.005403 0.000294 0.000125
v 0.005413 0.000294 0.000122
v 0.005418 0.000294 0.000114
v 0.005604 -0.000369 0.000123
v 0.005610 -0.000369 0.000114
v 0.005610 -0.000369 0.000104
v 0.005604 -0.000369 0.000095
v 0.005583 -0.000369 0.000095
v 0.005577 -0.000369 0.000104
v 0.005577 -0.000369 0.000114
v 0.005583 -0.000369 0.000123
v 0.005594 -0.000369 0.000126
v 0.005599 -0.000382 0.000107
v 0.005599 -0.000382 0.000111
v 0.005597 -0.000382 0.000104
v 0.005594 -0.000382 0.000103
v 0.005590 -0.000382 0.000104
v 0.005588 -0.000382 0.000107
v 0.005588 -0.000382 0.000111
v 0.005590 -0.000382 0.000114
v 0.005594 -0.000382 0.000115
v 0.005597 -0.000382 0.000114
v 0.005609 -0.000378 0.000104
v 0.005603 -0.000378 0.000096
v 0.005594 -0.000378 0.000093
v 0.005584 -0.000378 0.000096
v 0.005579 -0.000378 0.000104
v 0.005579 -0.000378 0.000114
v 0.005584 -0.000378 0.000122
v 0.005594 -0.000378 0.000125
v 0.005603 -0.000378 0.000122
v 0.005609 -0.000378 0.000114
v 0.005604 0.000285 0.000123
v 0.005610 0.000285 0.000114
v 0.005610 0.000285 0.000104
v 0.005604 0.000285 0.000095
v 0.005583 0.000285 0.000095
v 0.005577 0.000285 0.000104
v 0.005577 0.000285 0.000114
v 0.005583 0.000285 0.000123
v 0.005594 0.000285 0.000126
v 0.005599 0.000298 0.000107
v 0.005599 0.000298 0.000111
v 0.005597 0.000298 0.000104
v 0.005594 0.000298 0.000103
v 0.005590 0.000298 0.000104
v 0.005588 0.000298 0.000107
v 0.005588 0.000298 0.000111
v 0.005590 0.000298 0.000114
v 0.005594 0.000298 0.000115
v 0.005597 0.000298 0.000114
v 0.005609 0.000294 0.000104
v 0.005603 0.000294 0.000096
v 0.005594 0.000294 0.000093
v 0.005584 0.000294 0.000096
v 0.005579 0.000294 0.000104
v 0.005579 0.000294 0.000114
v 0.005584 0.000294 0.000122
v 0.005594 0.000294 0.000125
v 0.005603 0.000294 0.000122
v 0.005609 0.000294 0.000114
v 0.005809 -0.000369 0.000123
v 0.005816 -0.000369 0.000114
v 0.005816 -0.000369 0.000104
v 0.005809 -0.000369 0.000095
v 0.005789 -0.000369 0.000095
v 0.005783 -0.000369 0.000104
v 0.005783 -0.000369 0.000114
v 0.005789 -0.000369 0.000123
v 0.005799 -0.000369 0.000126
v 0.005805 -0.000382 0.000107
v 0.005805 -0.000382 0.000111
v 0.005803 -0.000382 0.000104
v 0.005799 -0.000382 0.000103
v 0.005796 -0.000382 0.000104
v 0.005794 -0.000382 0.000107
v 0.005794 -0.000382 0.000111
v 0.005796 -0.000382 0.000114
v 0.005799 -0.000382 0.000115
v 0.005803 -0.000382 0.000114
v 0.005814 -0.000378 0.000104
v 0.005809 -0.000378 0.000096
v 0.005799 -0.000378 0.000093
v 0.005790 -0.000378 0.000096
v 0.005784 -0.000378 0.000104
v 0.005784 -0.000378 0.000114
v 0.005790 -0.000378 0.000122
v 0.005799 -0.000378 0.000125
v 0.005809 -0.000378 0.000122
v 0.005814 -0.000378 0.000114
v 0.005809 0.000285 0.000123
v 0.005816 0.000285 0.000114
v 0.005816 0.000285 0.000104
v 0.005809 0.000285 0.000095
v 0.005789 0.000285 0.000095
v 0.005783 0.000285 0.000104
v 0.005783 0.000285 0.000114
v 0.005789 0.000285 0.000123
v 0.005799 0.000285 0.000126
v 0.005805 0.000298 0.000107
v 0.005805 0.000298 0.000111
v 0.005803 0.000298 0.000104
v 0.005799 0.000298 0.000103
v 0.005796 0.000298 0.000104
v 0.005794 0.000298 0.000107
v 0.005794 0.000298 0.000111
v 0.005796 0.000298 0.000114
v 0.005799 0.000298 0.000115
v 0.005803 0.000298 0.000114
v 0.005814 0.000294 0.000104
v 0.005809 0.000294 0.000096
v 0.005799 0.000294 0.000093
v 0.005790 0.000294 0.000096
v 0.005784 0.000294 0.000104
v 0.005784 0.000294 0.000114
v 0.005790 0.000294 0.000122
v 0.005799 0.000294 0.000125
v 0.005809 0.000294 0.000122
v 0.005814 0.000294 0.000114
v 0.006041 -0.000369 0.000123
v 0.006047 -0.000369 0.000114
v 0.006047 -0.000369 0.000104
v 0.006041 -0.000369 0.000095
v 0.006020 -0.000369 0.000095
v 0.006014 -0.000369 0.000104
v 0.006014 -0.000369 0.000114
v 0.006020 -0.000369 0.000123
v 0.006031 -0.000369 0.000126
v 0.006036 -0.000382 0.000107
v 0.006036 -0.000382 0.000111
v 0.006034 -0.000382 0.000104
v 0.006031 -0.000382 0.000103
v 0.006027 -0.000382 0.000104
v 0.006025 -0.000382 0.000107
v 0.006025 -0.000382 0.000111
v 0.006027 -0.000382 0.000114
v 0.006031 -0.000382 0.000115
v 0.006034 -0.000382 0.000114
v 0.006046 -0.000378 0.000104
v 0.006040 -0.000378 0.000096
v 0.006031 -0.000378 0.000093
v 0.006021 -0.000378 0.000096
v 0.006016 -0.000378 0.000104
v 0.006016 -0.000378 0.000114
v 0.006021 -0.000378 0.000122
v 0.006031 -0.000378 0.000125
v 0.006040 -0.000378 0.000122
v 0.006046 -0.000378 0.000114
v 0.006041 0.000285 0.000123
v 0.006047 0.000285 0.000114
v 0.006047 0.000285 0.000104
v 0.006041 0.000285 0.000095
v 0.006020 0.000285 0.000095
v 0.006014 0.000285 0.000104
v 0.006014 0.000285 0.000114
v 0.006020 0.000285 0.000123
v 0.006031 0.000285 0.000126
v 0.006036 0.000298 0.000107
v 0.006036 0.000298 0.000111
v 0.006034 0.000298 0.000104
v 0.006031 0.000298 0.000103
v 0.006027 0.000298 0.000104
v 0.006025 0.000298 0.000107
v 0.006025 0.000298 0.000111
v 0.006027 0.000298 0.000114
v 0.006031 0.000298 0.000115
v 0.006034 0.000298 0.000114
v 0.006046 0.000294 0.000104
v 0.006040 0.000294 0.000096
v 0.006031 0.000294 0.000093
v 0.006021 0.000294 0.000096
v 0.006016 0.000294 0.000104
v 0.006016 0.000294 0.000114
v 0.006021 0.000294 0.000122
v 0.006031 0.000294 0.000125
v 0.006040 0.000294 0.000122
v 0.006046 0.000294 0.000114
v 0.006279 -0.000366 0.000123
v 0.006285 -0.000366 0.000114
v 0.006285 -0.000366 0.000104
v 0.006279 -0.000366 0.000095
v 0.006258 -0.000366 0.000095
v 0.006252 -0.000366 0.000104
v 0.006252 -0.000366 0.000114
v 0.006258 -0.000366 0.000123
v 0.006269 -0.000366 0.000126
v 0.006274 -0.000378 0.000107
v 0.006274 -0.000378 0.000111
v 0.006272 -0.000378 0.000104
v 0.006269 -0.000378 0.000103
v 0.006265 -0.000378 0.000104
v 0.006263 -0.000378 0.000107
v 0.006263 -0.000378 0.000111
v 0.006265 -0.000378 0.000114
v 0.006269 -0.000378 0.000115
v 0.006272 -0.000378 0.000114
v 0.006284 -0.000374 0.000104
v 0.006278 -0.000374 0.000096
v 0.006269 -0.000374 0.000093
v 0.006259 -0.000374 0.000096
v 0.006253 -0.000374 0.000104
v 0.006253 -0.000374 0.000114
v 0.006259 -0.000374 0.000122
v 0.006269 -0.000374 0.000125
v 0.006278 -0.000374 0.000122
v 0.006284 -0.000374 0.000114
v 0.006279 0.000275 0.000123
v 0.006285 0.000275 0.000114
v 0.006285 0.000275 0.000104
v 0.006279 0.000275 0.000095
v 0.006258 0.000275 0.000095
v 0.006252 0.000275 0.000104
v 0.006252 0.000275 0.000114
v 0.006258 0.000275 0.000123
v 0.006269 0.000275 0.000126
v 0.006274 0.000287 0.000107
v 0.006274 0.000287 0.000111
v 0.006272 0.000287 0.000104
v 0.006269 0.000287 0.000103
v 0.006265 0.000287 0.000104
v 0.006263 0.000287 0.000107
v 0.006263 0.000287 0.000111
v 0.006265 0.000287 0.000114
v 0.006269 0.000287 0.000115
v 0.006272 0.000287 0.000114
v 0.006284 0.000283 0.000104
v 0.006278 0.000283 0.000096
v 0.006269 0.000283 0.000093
v 0.006259 0.000283 0.000096
v 0.006253 0.000283 0.000104
v 0.006253 0.000283 0.000114
v 0.006259 0.000283 0.000122
v 0.006269 0.000283 0.000125
v 0.006278 0.000283 0.000122
v 0.006284 0.000283 0.000114
v 0.006531 -0.000366 0.000123
v 0.006537 -0.000366 0.000114
v 0.006537 -0.000366 0.000104
v 0.006531 -0.000366 0.000095
v 0.006510 -0.000366 0.000095
v 0.006504 -0.000366 0.000104
v 0.006504 -0.000366 0.000114
v 0.006510 -0.000366 0.000123
v 0.006520 -0.000366 0.000126
v 0.006526 -0.000378 0.000107
v 0.006526 -0.000378 0.000111
v 0.006524 -0.000378 0.000104
v 0.006520 -0.000378 0.000103
v 0.006517 -0.000378 0.000104
v 0.006515 -0.000378 0.000107
v 0.006515 -0.000378 0.000111
v 0.006517 -0.000378 0.000114
v 0.006520 -0.000378 0.000115
v 0.006524 -0.000378 0.000114
v 0.006536 -0.000374 0.000104
v 0.006530 -0.000374 0.000096
v 0.006520 -0.000374 0.000093
v 0.006511 -0.000374 0.000096
v 0.006505 -0.000374 0.000104
v 0.006505 -0.000374 0.000114
v 0.006511 -0.000374 0.000122
v 0.006520 -0.000374 0.000125
v 0.006530 -0.000374 0.000122
v 0.006536 -0.000374 0.000114
v 0.006531 0.000275 0.000123
v 0.006537 0.000275 0.000114
v 0.006537 0.000275 0.000104
v 0.006531 0.000275 0.000095
v 0.006510 0.000275 0.000095
v 0.006504 0.000275 0.000104
v 0.006504 0.000275 0.000114
v 0.006510 0.000275 0.000123
v 0.006520 0.000275 0.000126
v 0.006526 0.000287 0.000107
v 0.006526 0.000287 0.000111
v 0.006524 0.000287 0.000104
v 0.006520 0.000287 0.000103
v 0.006517 0.000287 0.000104
v 0.006515 0.000287 0.000107
v 0.006515 0.000287 0.000111
v 0.006517 0.000287 0.000114
v 0.006520 0.000287 0.000115
v 0.006524 0.000287 0.000114
v 0.006536 0.000283 0.000104
v 0.006530 0.000283 0.000096
v 0.006520 0.000283 0.000093
v 0.006511 0.000283 0.000096
v 0.006505 0.000283 0.000104
v 0.006505 0.000283 0.000114
v 0.006511 0.000283 0.000122
v 0.006520 0.000283 0.000125
v 0.006530 0.000283 0.000122
v 0.006536 0.000283 0.000114
v 0.006801 -0.000366 0.000123
v 0.006807 -0.000366 0.000114
v 0.006807 -0.000366 0.000104
v 0.006801 -0.000366 0.000095
v 0.006780 -0.000366 0.000095
v 0.006774 -0.000366 0.000104
v 0.006774 -0.000366 0.000114
v 0.006780 -0.000366 0.000123
v 0.006791 -0.000366 0.000126
v 0.006796 -0.000378 0.000107
v 0.006796 -0.000378 0.000111
v 0.006794 -0.000378 0.000104
v 0.006791 -0.000378 0.000103
v 0.006787 -0.000378 0.000104
v 0.006785 -0.000378 0.000107
v 0.006785 -0.000378 0.000111
v 0.006787 -0.000378 0.000114
v 0.006791 -0.000378 0.000115
v 0.006794 -0.000378 0.000114
v 0.006806 -0.000374 0.000104
v 0.006800 -0.000374 0.000096
v 0.006791 -0.000374 0.000093
v 0.006781 -0.000374 0.000096
v 0.006775 -0.000374 0.000104
v 0.006775 -0.000374 0.000114
v 0.006781 -0.000374 0.000122
v 0.006791 -0.000374 0.000125
v 0.006800 -0.000374 0.000122
v 0.006806 -0.000374 0.000114
v 0.006801 0.000275 0.000123
v 0.006807 0.000275 0.000114
v 0.006807 0.000275 0.000104
v 0.006801 0.000275 0.000095
v 0.006780 0.000275 0.000095
v 0.006774 0.000275 0.000104
v 0.006774 0.000275 0.000114
v 0.006780 0.000275 0.000123
v 0.006791 0.000275 0.000126
v 0.006796 0.000287 0.000107
v 0.006796 0.000287 0.000111
v 0.006794 0.000287 0.000104
v 0.006791 0.000287 0.000103
v 0.006787 0.000287 0.000104
v 0.006785 0.000287 0.000107
v 0.006785 0.000287 0.000111
v 0.006787 0.000287 0.000114
v 0.006791 0.000287 0.000115
v 0.006794 0.000287 0.000114
v 0.006806 0.000283 0.000104
v 0.006800 0.000283 0.000096
v 0.006791 0.000283 0.000093
v 0.006781 0.000283 0.000096
v 0.006775 0.000283 0.000104
v 0.006775 0.000283 0.000114
v 0.006781 0.000283 0.000122
v 0.006791 0.000283 0.000125
v 0.006800 0.000283 0.000122
v 0.006806 0.000283 0.000114
v 0.007089 -0.000366 0.000123
v 0.007096 -0.000366 0.000114
v 0.007096 -0.000366 0.000104
v 0.007089 -0.000366 0.000095
v 0.007069 -0.000366 0.000095
v 0.007062 -0.000366 0.000104
v 0.007062 -0.000366 0.000114
v 0.007069 -0.000366 0.000123
v 0.007079 -0.000366 0.000126
v 0.007084 -0.000378 0.000107
v 0.007084 -0.000378 0.000111
v 0.007082 -0.000378 0.000104
v 0.007079 -0.000378 0.000103
v 0.007076 -0.000378 0.000104
v 0.007074 -0.000378 0.000107
v 0.007074 -0.000378 0.000111
v 0.007076 -0.000378 0.000114
v 0.007079 -0.000378 0.000115
v 0.007082 -0.000378 0.000114
v 0.007094 -0.000374 0.000104
v 0.007088 -0.000374 0.000096
v 0.007079 -0.000374 0.000093
v 0.007070 -0.000374 0.000096
v 0.007064 -0.000374 0.000104
v 0.007064 -0.000374 0.000114
v 0.007070 -0.000374 0.000122
v 0.007079 -0.000374 0.000125
v 0.007088 -0.000374 0.000122
v 0.007094 -0.000374 0.000114
v 0.007089 0.000275 0.000123
v 0.007096 0.000275 0.000114
v 0.007096 0.000275 0.000104
v 0.007089 0.000275 0.000095
v 0.007069 0.000275 0.000095
v 0.007062 0.000275 0.000104
v 0.007062 0.000275 0.000114
v 0.007069 0.000275 0.000123
v 0.007079 0.000275 0.000126
v 0.007084 0.000287 0.000107
v 0.007084 0.000287 0.000111
v 0.007082 0.000287 0.000104
v 0.007079 0.000287 0.000103
v 0.007076 0.000287 0.000104
v 0.007074 0.000287 0.000107
v 0.007074 0.000287 0.000111
v 0.007076 0.000287 0.000114
v 0.007079 0.000287 0.000115
v 0.007082 0.000287 0.000114
v 0.007094 0.000283 0.000104
v 0.007088 0.000283 0.000096
v 0.007079 0.000283 0.000093
v 0.007070 0.000283 0.000096
v 0.007064 0.000283 0.000104
v 0.007064 0.000283 0.000114
v 0.007070 0.000283 0.000122
v 0.007079 0.000283 0.000125
v 0.007088 0.000283 0.000122
v 0.007094 0.000283 0.000114
v 0.007384 -0.000365 0.000123
v 0.007390 -0.000365 0.000114
v 0.007390 -0.000365 0.000104
v 0.007384 -0.000365 0.000095
v 0.007364 -0.000365 0.000095
v 0.007357 -0.000365 0.000104
v 0.007357 -0.000365 0.000114
v 0.007364 -0.000365 0.000123
v 0.007374 -0.000365 0.000126
v 0.007379 -0.000377 0.000107
v 0.007379 -0.000377 0.000111
v 0.007377 -0.000377 0.000104
v 0.007374 -0.000377 0.000103
v 0.007371 -0.000377 0.000104
v 0.007369 -0.000377 0.000107
v 0.007369 -0.000377 0.000111
v 0.007371 -0.000377 0.000114
v 0.007374 -0.000377 0.000115
v 0.007377 -0.000377 0.000114
v 0.007389 -0.000373 0.000104
v 0.007383 -0.000373 0.000096
v 0.007374 -0.000373 0.000093
v 0.007365 -0.000373 0.000096
v 0.007359 -0.000373 0.000104
v 0.007359 -0.000373 0.000114
v 0.007365 -0.000373 0.000122
v 0.007374 -0.000373 0.000125
v 0.007383 -0.000373 0.000122
v 0.007389 -0.000373 0.000114
v 0.007384 0.000272 0.000123
v 0.007390 0.000272 0.000114
v 0.007390 0.000272 0.000104
v 0.007384 0.000272 0.000095
v 0.007364 0.000272 0.000095
v 0.007357 0.000272 0.000104
v 0.007357 0.000272 0.000114
v 0.007364 0.000272 0.000123
v 0.007374 0.000272 0.000126
v 0.007379 0.000285 0.000107
v 0.007379 0.000285 0.000111
v 0.007377 0.000285 0.000104
v 0.007374 0.000285 0.000103
v 0.007371 0.000285 0.000104
v 0.007369 0.000285 0.000107
v 0.007369 0.000285 0.000111
v 0.007371 0.000285 0.000114
v 0.007374 0.000285 0.000115
v 0.007377 0.000285 0.000114
v 0.007389 0.000280 0.000104
v 0.007383 0.000280 0.000096
v 0.007374 0.000280 0.000093
v 0.007365 0.000280 0.000096
v 0.007359 0.000280 0.000104
v 0.007359 0.000280 0.000114
v 0.007365 0.000280 0.000122
v 0.007374 0.000280 0.000125
v 0.007383 0.000280 0.000122
v 0.007389 0.000280 0.000114
v 0.007691 -0.000360 0.000123
v 0.007697 -0.000360 0.000114
v 0.007697 -0.000360 0.000104
v 0.007691 -0.000360 0.000095
v 0.007670 -0.000360 0.000095
v 0.007664 -0.000360 0.000104
v 0.007664 -0.000360 0.000114
v 0.007670 -0.000360 0.000123
v 0.007681 -0.000360 0.000126
v 0.007686 -0.000372 0.000107
v 0.007686 -0.000372 0.000111
v 0.007684 -0.000372 0.000104
v 0.007681 -0.000372 0.000103
v 0.007677 -0.000372 0.000104
v 0.007675 -0.000372 0.000107
v 0.007675 -0.000372 0.000111
v 0.007677 -0.000372 0.000114
v 0.007681 -0.000372 0.000115
v 0.007684 -0.000372 0.000114
v 0.007696 -0.000368 0.000104
v 0.007690 -0.000368 0.000096
v 0.007681 -0.000368 0.000093
v 0.007671 -0.000368 0.000096
v 0.007666 -0.000368 0.000104
v 0.007666 -0.000368 0.000114
v 0.007671 -0.000368 0.000122
v 0.007681 -0.000368 0.000125
v 0.007690 -0.000368 0.000122
v 0.007696 -0.000368 0.000114
v 0.007691 0.000260 0.000123
v 0.007697 0.000260 0.000114
v 0.007697 0.000260 0.000104
v 0.007691 0.000260 0.000095
v 0.007670 0.000260 0.000095
v 0.007664 0.000260 0.000104
v 0.007664 0.000260 0.000114
v 0.007670 0.000260 0.000123
v 0.007681 0.000260 0.000126
v 0.007686 0.000272 0.000107
v 0.007686 0.000272 0.000111
v 0.007684 0.000272 0.000104
v 0.007681 0.000272 0.000103
v 0.007677 0.000272 0.000104
v 0.007675 0.000272 0.000107
v 0.007675 0.000272 0.000111
v 0.007677 0.000272 0.000114
v 0.007681 0.000272 0.000115
v 0.007684 0.000272 0.000114
v 0.007696 0.000268 0.000104
v 0.007690 0.000268 0.000096
v 0.007681 0.000268 0.000093
v 0.007671 0.000268 0.000096
v 0.007666 0.000268 0.000104
v 0.007666 0.000268 0.000114
v 0.007671 0.000268 0.000122
v 0.007681 0.000268 0.000125
v 0.007690 0.000268 0.000122
v 0.007696 0.000268 0.000114
v 0.008032 -0.000361 0.000123
v 0.008038 -0.000361 0.000114
v 0.008038 -0.000361 0.000104
v 0.008032 -0.000361 0.000095
v 0.008012 -0.000361 0.000095
v 0.008005 -0.000361 0.000104
v 0.008005 -0.000361 0.000114
v 0.008012 -0.000361 0.000123
v 0.008022 -0.000361 0.000126
v 0.008027 -0.000373 0.000107
v 0.008027 -0.000373 0.000111
v 0.008025 -0.000373 0.000104
v 0.008022 -0.000373 0.000103
v 0.008019 -0.000373 0.000104
v 0.008017 -0.000373 0.000107
v 0.008017 -0.000373 0.000111
v 0.008019 -0.000373 0.000114
v 0.008022 -0.000373 0.000115
v 0.008025 -0.000373 0.000114
v 0.008037 -0.000369 0.000104
v 0.008031 -0.000369 0.000096
v 0.008022 -0.000369 0.000093
v 0.008013 -0.000369 0.000096
v 0.008007 -0.000369 0.000104
v 0.008007 -0.000369 0.000114
v 0.008013 -0.000369 0.000122
v 0.008022 -0.000369 0.000125
v 0.008031 -0.000369 0.000122
v 0.008037 -0.000369 0.000114
v 0.008032 0.000262 0.000123
v 0.008038 0.000262 0.000114
v 0.008038 0.000262 0.000104
v 0.008032 0.000262 0.000095
v 0.008012 0.000262 0.000095
v 0.008005 0.000262 0.000104
v 0.008005 0.000262 0.000114
v 0.008012 0.000262 0.000123
v 0.008022 0.000262 0.000126
v 0.008027 0.000274 0.000107
v 0.008027 0.000274 0.000111
v 0.008025 0.000274 0.000104
v 0.008022 0.000274 0.000103
v 0.008019 0.000274 0.000104
v 0.008017 0.000274 0.000107
v 0.008017 0.000274 0.000111
v 0.008019 0.000274 0.000114
v 0.008022 0.000274 0.000115
v 0.008025 0.000274 0.000114
v 0.008037 0.000270 0.000104
v 0.008031 0.000270 0.000096
v 0.008022 0.000270 0.000093
v 0.008013 0.000270 0.000096
v 0.008007 0.000270 0.000104
v 0.008007 0.000270 0.000114
v 0.008013 0.000270 0.000122
v 0.008022 0.000270 0.000125
v 0.008031 0.000270 0.000122
v 0.008037 0.000270 0.000114
v 0.008391 -0.000359 0.000123
v 0.008397 -0.000359 0.000114
v 0.008397 -0.000359 0.000104
v 0.008391 -0.000359 0.000095
v 0.008370 -0.000359 0.000095
v 0.008364 -0.000359 0.000104
v 0.008364 -0.000359 0.000114
v 0.008370 -0.000359 0.000123
v 0.008381 -0.000359 0.000126
v 0.008386 -0.000371 0.000107
v 0.008386 -0.000371 0.000111
v 0.008384 -0.000371 0.000104
v 0.008381 -0.000371 0.000103
v 0.008377 -0.000371 0.000104
v 0.008375 -0.000371 0.000107
v 0.008375 -0.000371 0.000111
v 0.008377 -0.000371 0.000114
v 0.008381 -0.000371 0.000115
v 0.008384 -0.000371 0.000114
v 0.008396 -0.000367 0.000104
v 0.008390 -0.000367 0.000096
v 0.008381 -0.000367 0.000093
v 0.008371 -0.000367 0.000096
v 0.008365 -0.000367 0.000104
v 0.008365 -0.000367 0.000114
v 0.008371 -0.000367 0.000122
v 0.008381 -0.000367 0.000125
v 0.008390 -0.000367 0.000122
v 0.008396 -0.000367 0.000114
v 0.008391 0.000258 0.000123
v 0.008397 0.000258 0.000114
v 0.008397 0.000258 0.000104
v 0.008391 0.000258 0.000095
v 0.008370 0.000258 0.000095
v 0.008364 0.000258 0.000104
v 0.008364 0.000258 0.000114
v 0.008370 0.000258 0.000123
v 0.008381 0.000258 0.000126
v 0.008386 0.000270 0.000107
v 0.008386 0.000270 0.000111
v 0.008384 0.000270 0.000104
v 0.008381 0.000270 0.000103
v 0.008377 0.000270 0.000104
v 0.008375 0.000270 0.000107
v 0.008375 0.000270 0.000111
v 0.008377 0.000270 0.000114
v 0.008381 0.000270 0.000115
v 0.008384 0.000270 0.000114
v 0.008396 0.000265 0.000104
v 0.008390 0.000265 0.000096
v 0.008381 0.000265 0.000093
v 0.008371 0.000265 0.000096
v 0.008365 0.000265 0.000104
v 0.008365 0.000265 0.000114
v 0.008371 0.000265 0.000122
v 0.008381 0.000265 0.000125
v 0.008390 0.000265 0.000122
v 0.008396 0.000265 0.000114
v 0.008762 -0.000358 0.000123
v 0.008769 -0.000358 0.000114
v 0.008769 -0.000358 0.000104
v 0.008762 -0.000358 0.000095
v 0.008742 -0.000358 0.000095
v 0.008736 -0.000358 0.000104
v 0.008736 -0.000358 0.000114
v 0.008742 -0.000358 0.000123
v 0.008752 -0.000358 0.000126
v 0.008758 -0.000370 0.000107
v 0.008758 -0.000370 0.000111
v 0.008755 -0.000370 0.000104
v 0.008752 -0.000370 0.000103
v 0.008749 -0.000370 0.000104
v 0.008747 -0.000370 0.000107
v 0.008747 -0.000370 0.000111
v 0.008749 -0.000370 0.000114
v 0.008752 -0.000370 0.000115
v 0.008755 -0.000370 0.000114
v 0.008767 -0.000366 0.000104
v 0.008761 -0.000366 0.000096
v 0.008752 -0.000366 0.000093
v 0.008743 -0.000366 0.000096
v 0.008737 -0.000366 0.000104
v 0.008737 -0.000366 0.000114
v 0.008743 -0.000366 0.000122
v 0.008752 -0.000366 0.000125
v 0.008761 -0.000366 0.000122
v 0.008767 -0.000366 0.000114
v 0.008762 0.000255 0.000123
v 0.008769 0.000255 0.000114
v 0.008769 0.000255 0.000104
v 0.008762 0.000255 0.000095
v 0.008742 0.000255 0.000095
v 0.008736 0.000255 0.000104
v 0.008736 0.000255 0.000114
v 0.008742 0.000255 0.000123
v 0.008752 0.000255 0.000126
v 0.008758 0.000267 0.000107
v 0.008758 0.000267 0.000111
v 0.008755 0.000267 0.000104
v 0.008752 0.000267 0.000103
v 0.008749 0.000267 0.000104
v 0.008747 0.000267 0.000107
v 0.008747 0.000267 0.000111
v 0.008749 0.000267 0.000114
v 0.008752 0.000267 0.000115
v 0.008755 0.000267 0.000114
v 0.008767 0.000263 0.000104
v 0.008761 0.000263 0.000096
v 0.008752 0.000263 0.000093
v 0.008743 0.000263 0.000096
v 0.008737 0.000263 0.000104
v 0.008737 0.000263 0.000114
v 0.008743 0.000263 0.000122
v 0.008752 0.000263 0.000125
v 0.008761 0.000263 0.000122
v 0.008767 0.000263 0.000114
v 0.009166 -0.000351 0.000123
v 0.009172 -0.000351 0.000114
v 0.009172 -0.000351 0.000104
v 0.009166 -0.000351 0.000095
v 0.009146 -0.000351 0.000095
v 0.009139 -0.000351 0.000104
v 0.009139 -0.000351 0.000114
v 0.009146 -0.000351 0.000123
v 0.009156 -0.000351 0.000126
v 0.009161 -0.000363 0.000107
v 0.009161 -0.000363 0.000111
v 0.009159 -0.000363 0.000104
v 0.009156 -0.000363 0.000103
v 0.009152 -0.000363 0.000104
v 0.009150 -0.000363 0.000107
v 0.009150 -0.000363 0.000111
v 0.009152 -0.000363 0.000114
v 0.009156 -0.000363 0.000115
v 0.009159 -0.000363 0.000114
v 0.009171 -0.000359 0.000104
v 0.009165 -0.000359 0.000096
v 0.009156 -0.000359 0.000093
v 0.009146 -0.000359 0.000096
v 0.009141 -0.000359 0.000104
v 0.009141 -0.000359 0.000114
v 0.009146 -0.000359 0.000122
v 0.009156 -0.000359 0.000125
v 0.009165 -0.000359 0.000122
v 0.009171 -0.000359 0.000114
v 0.009166 0.000236 0.000123
v 0.009172 0.000236 0.000114
v 0.009172 0.000236 0.000104
v 0.009166 0.000236 0.000095
v 0.009146 0.000236 0.000095
v 0.009139 0.000236 0.000104
v 0.009139 0.000236 0.000114
v 0.009146 0.000236 0.000123
v 0.009156 0.000236 0.000126
v 0.009161 0.000248 0.000107
v 0.009161 0.000248 0.000111
v 0.009159 0.000248 0.000104
v 0.009156 0.000248 0.000103
v 0.009152 0.000248 0.000104
v 0.009150 0.000248 0.000107
v 0.009150 0.000248 0.000111
v 0.009152 0.000248 0.000114
v 0.009156 0.000248 0.000115
v 0.009159 0.000248 0.000114
v 0.009171 0.000244 0.000104
v 0.009165 0.000244 0.000096
v 0.009156 0.000244 0.000093
v 0.009146 0.000244 0.000096
v 0.009141 0.000244 0.000104
v 0.009141 0.000244 0.000114
v 0.009146 0.000244 0.000122
v 0.009156 0.000244 0.000125
v 0.009165 0.000244 0.000122
v 0.009171 0.000244 0.000114
v 0.009573 -0.000349 0.000123
v 0.009579 -0.000349 0.000114
v 0.009579 -0.000349 0.000104
v 0.009573 -0.000349 0.000095
v 0.009552 -0.000349 0.000095
v 0.009546 -0.000349 0.000104
v 0.009546 -0.000349 0.000114
v 0.009552 -0.000349 0.000123
v 0.009563 -0.000349 0.000126
v 0.009568 -0.000361 0.000107
v 0.009568 -0.000361 0.000111
v 0.009566 -0.000361 0.000104
v 0.009563 -0.000361 0.000103
v 0.009559 -0.000361 0.000104
v 0.009557 -0.000361 0.000107
v 0.009557 -0.000361 0.000111
v 0.009559 -0.000361 0.000114
v 0.009563 -0.000361 0.000115
v 0.009566 -0.000361 0.000114
v 0.009578 -0.000357 0.000104
v 0.009572 -0.000357 0.000096
v 0.009563 -0.000357 0.000093
v 0.009553 -0.000357 0.000096
v 0.009547 -0.000357 0.000104
v 0.009547 -0.000357 0.000114
v 0.009553 -0.000357 0.000122
v 0.009563 -0.000357 0.000125
v 0.009572 -0.000357 0.000122
v 0.009578 -0.000357 0.000114
v 0.009573 0.000232 0.000123
v 0.009579 0.000232 0.000114
v 0.009579 0.000232 0.000104
v 0.009573 0.000232 0.000095
v 0.009552 0.000232 0.000095
v 0.009546 0.000232 0.000104
v 0.009546 0.000232 0.000114
v 0.009552 0.000232 0.000123
v 0.009563 0.000232 0.000126
v 0.009568 0.000243 0.000107
v 0.009568 0.000243 0.000111
v 0.009566 0.000243 0.000104
v 0.009563 0.000243 0.000103
v 0.009559 0.000243 0.000104
v 0.009557 0.000243 0.000107
v 0.009557 0.000243 0.000111
v 0.009559 0.000243 0.000114
v 0.009563 0.000243 0.000115
v 0.009566 0.000243 0.000114
v 0.009578 0.000239 0.000104
v 0.009572 0.000239 0.000096
v 0.009563 0.000239 0.000093
v 0.009553 0.000239 0.000096
v 0.009547 0.000239 0.000104
v 0.009547 0.000239 0.000114
v 0.009553 0.000239 0.000122
v 0.009563 0.000239 0.000125
v 0.009572 0.000239 0.000122
v 0.009578 0.000239 0.000114
v 0.010022 -0.000349 0.000123
v 0.010029 -0.000349 0.000114
v 0.010029 -0.000349 0.000104
v 0.010022 -0.000349 0.000095
v 0.010002 -0.000349 0.000095
v 0.009996 -0.000349 0.000104
v 0.009996 -0.000349 0.000114
v 0.010002 -0.000349 0.000123
v 0.010012 -0.000349 0.000126
v 0.010018 -0.000361 0.000107
v 0.010018 -0.000361 0.000111
v 0.010016 -0.000361 0.000104
v 0.010012 -0.000361 0.000103
v 0.010009 -0.000361 0.000104
v 0.010007 -0.000361 0.000107
v 0.010007 -0.000361 0.000111
v 0.010009 -0.000361 0.000114
v 0.010012 -0.000361 0.000115
v 0.010016 -0.000361 0.000114
v 0.010027 -0.000357 0.000104
v 0.010022 -0.000357 0.000096
v 0.010012 -0.000357 0.000093
v 0.010003 -0.000357 0.000096
v 0.009997 -0.000357 0.000104
v 0.009997 -0.000357 0.000114
v 0.010003 -0.000357 0.000122
v 0.010012 -0.000357 0.000125
v 0.010022 -0.000357 0.000122
v 0.010027 -0.000357 0.000114
v 0.010022 0.000232 0.000123
v 0.010029 0.000232 0.000114
v 0.010029 0.000232 0.000104
v 0.010022 0.000232 0.000095
v 0.010002 0.000232 0.000095
v 0.009996 0.000232 0.000104
v 0.009996 0.000232 0.000114
v 0.010002 0.000232 0.000123
v 0.010012 0.000232 0.000126
v 0.010018 0.000243 0.000107
v 0.010018 0.000243 0.000111
v 0.010016 0.000243 0.000104
v 0.010012 0.000243 0.000103
v 0.010009 0.000243 0.000104
v 0.010007 0.000243 0.000107
v 0.010007 0.000243 0.000111
v 0.010009 0.000243 0.000114
v 0.010012 0.000243 0.000115
v 0.010016 0.000243 0.000114
v 0.010027 0.000239 0.000104
v 0.010022 0.000239 0.000096
v 0.010012 0.000239 0.000093
v 0.010003 0.000239 0.000096
v 0.009997 0.000239 0.000104
v 0.009997 0.000239 0.000114
v 0.010003 0.000239 0.000122
v 0.010012 0.000239 0.000125
v 0.010022 0.000239 0.000122
v 0.010027 0.000239 0.000114
v 0.010492 -0.000349 0.000123
v 0.010499 -0.000349 0.000114
v 0.010499 -0.000349 0.000104
v 0.010492 -0.000349 0.000095
v 0.010472 -0.000349 0.000095
v 0.010465 -0.000349 0.000104
v 0.010465 -0.000349 0.000114
v 0.010472 -0.000349 0.000123
v 0.010482 -0.000349 0.000126
v 0.010487 -0.000361 0.000107
v 0.010487 -0.000361 0.000111
v 0.010485 -0.000361 0.000104
v 0.010482 -0.000361 0.000103
v 0.010479 -0.000361 0.000104
v 0.010477 -0.000361 0.000107
v 0.010477 -0.000361 0.000111
v 0.010479 -0.000361 0.000114
v 0.010482 -0.000361 0.000115
v 0.010485 -0.000361 0.000114
v 0.010497 -0.000357 0.000104
v 0.010491 -0.000357 0.000096
v 0.010482 -0.000357 0.000093
v 0.010473 -0.000357 0.000096
v 0.010467 -0.000357 0.000104
v 0.010467 -0.000357 0.000114
v 0.010473 -0.000357 0.000122
v 0.010482 -0.000357 0.000125
v 0.010491 -0.000357 0.000122
v 0.010497 -0.000357 0.000114
v 0.010492 0.000232 0.000123
v 0.010499 0.000232 0.000114
v 0.010499 0.000232 0.000104
v 0.010492 0.000232 0.000095
v 0.010472 0.000232 0.000095
v 0.010465 0.000232 0.000104
v 0.010465 0.000232 0.000114
v 0.010472 0.000232 0.000123
v 0.010482 0.000232 0.000126
v 0.010487 0.000243 0.000107
v 0.010487 0.000243 0.000111
v 0.010485 0.000243 0.000104
v 0.010482 0.000243 0.000103
v 0.010479 0.000243 0.000104
v 0.010477 0.000243 0.000107
v 0.010477 0.000243 0.000111
v 0.010479 0.000243 0.000114
v 0.010482 0.000243 0.000115
v 0.010485 0.000243 0.000114
v 0.010497 0.000239 0.000104
v 0.010491 0.000239 0.000096
v 0.010482 0.000239 0.000093
v 0.010473 0.000239 0.000096
v 0.010467 0.000239 0.000104
v 0.010467 0.000239 0.000114
v 0.010473 0.000239 0.000122
v 0.010482 0.000239 0.000125
v 0.010491 0.000239 0.000122
v 0.010497 0.000239 0.000114
v 0.006409 0.001322 -0.000241
v 0.006416 0.001347 -0.000260
v 0.006425 0.001379 -0.000260
v 0.006433 0.001404 -0.000241
v 0.006435 0.001414 -0.000210
v 0.006433 0.001404 -0.000179
v 0.006425 0.001379 -0.000160
v 0.006416 0.001347 -0.000160
v 0.006409 0.001322 -0.000179
v 0.006406 0.001312 -0.000210
v 0.006483 0.001301 -0.000241
v 0.006490 0.001326 -0.000260
v 0.006499 0.001357 -0.000260
v 0.006506 0.001383 -0.000241
v 0.006509 0.001393 -0.000210
v 0.006506 0.001383 -0.000179
v 0.006499 0.001357 -0.000160
v 0.006490 0.001326 -0.000160
v 0.006483 0.001301 -0.000179
v 0.006480 0.001291 -0.000210
v 0.006557 0.001223 -0.000280
v 0.006574 0.001281 -0.000323
v 0.006551 0.001202 -0.000210
v 0.006594 0.001351 -0.000323
v 0.006610 0.001409 -0.000280
v 0.006617 0.001431 -0.000210
v 0.006610 0.001409 -0.000140
v 0.006594 0.001351 -0.000097
v 0.006574 0.001281 -0.000097
v 0.006557 0.001223 -0.000140
v 0.006573 0.001232 -0.000271
v 0.006587 0.001282 -0.000309
v 0.006567 0.001213 -0.000210
v 0.006605 0.001343 -0.000309
v 0.006619 0.001393 -0.000271
v 0.006625 0.001412 -0.000210
v 0.006619 0.001393 -0.000149
v 0.006605 0.001343 -0.000111
v 0.006587 0.001282 -0.000111
v 0.006573 0.001232 -0.000149
v 0.006523 0.001298 -0.000235
v 0.006529 0.001318 -0.000250
v 0.006521 0.001290 -0.000210
v 0.006536 0.001343 -0.000250
v 0.006542 0.001364 -0.000235
v 0.006544 0.001371 -0.000210
v 0.006542 0.001364 -0.000185
v 0.006536 0.001343 -0.000170
v 0.006529 0.001318 -0.000170
v 0.006523 0.001298 -0.000185
v 0.006417 0.001350 -0.000219
v 0.006419 0.001358 -0.000225
v 0.006422 0.001368 -0.000225
v 0.006424 0.001375 -0.000219
v 0.006425 0.001378 -0.000210
v 0.006424 0.001375 -0.000201
v 0.006422 0.001368 -0.000195
v 0.006419 0.001358 -0.000195
v 0.006417 0.001350 -0.000201
v 0.006416 0.001347 -0.000210
v 0.006372 0.001363 -0.000219
v 0.006374 0.001371 -0.000225
v 0.006377 0.001381 -0.000225
v 0.006379 0.001388 -0.000219
v 0.006380 0.001391 -0.000210
v 0.006379 0.001388 -0.000201
v 0.006377 0.001381 -0.000195
v 0.006374 0.001371 -0.000195
v 0.006372 0.001363 -0.000201
v 0.006371 0.001360 -0.000210
v 0.006409 0.001353 -0.000219
v 0.006409 0.001350 -0.000210
v 0.006409 0.001353 -0.000201
v 0.006412 0.001360 -0.000195
v 0.006414 0.001370 -0.000195
v 0.006417 0.001378 -0.000201
v 0.006417 0.001381 -0.000210
v 0.006417 0.001378 -0.000219
v 0.006414 0.001370 -0.000225
v 0.006412 0.001360 -0.000225
v 0.006398 0.001356 -0.000219
v 0.006397 0.001353 -0.000210
v 0.006398 0.001356 -0.000201
v 0.006400 0.001364 -0.000195
v 0.006403 0.001373 -0.000195
v 0.006405 0.001381 -0.000201
v 0.006406 0.001384 -0.000210
v 0.006405 0.001381 -0.000219
v 0.006403 0.001373 -0.000225
v 0.006400 0.001364 -0.000225
v 0.006396 0.001304 -0.000256
v 0.006391 0.001290 -0.000210
v 0.006380 0.001293 -0.000210
v 0.006384 0.001307 -0.000256
v 0.006396 0.001304 -0.000164
v 0.006384 0.001307 -0.000164
v 0.006406 0.001342 -0.000136
v 0.006395 0.001345 -0.000136
v 0.006420 0.001388 -0.000136
v 0.006408 0.001392 -0.000136
v 0.006430 0.001426 -0.000164
v 0.006419 0.001429 -0.000164
v 0.006435 0.001440 -0.000210
v 0.006423 0.001443 -0.000210
v 0.006430 0.001426 -0.000256
v 0.006419 0.001429 -0.000256
v 0.006420 0.001388 -0.000284
v 0.006408 0.001392 -0.000284
v 0.006406 0.001342 -0.000284
v 0.006395 0.001345 -0.000284
v 0.006449 0.001338 -0.000260
v 0.006458 0.001369 -0.000260
v 0.006466 0.001395 -0.000241
v 0.006469 0.001404 -0.000210
v 0.006466 0.001395 -0.000179
v 0.006458 0.001369 -0.000160
v 0.006449 0.001338 -0.000160
v 0.006442 0.001312 -0.000179
v 0.006439 0.001302 -0.000210
v 0.006442 0.001312 -0.000241
v 0.006415 0.001342 -0.000278
v 0.006427 0.001384 -0.000278
v 0.006446 0.001379 -0.000278
v 0.006433 0.001336 -0.000278
v 0.006437 0.001418 -0.000252
v 0.006455 0.001413 -0.000252
v 0.006440 0.001432 -0.000210
v 0.006459 0.001426 -0.000210
v 0.006437 0.001418 -0.000168
v 0.006455 0.001413 -0.000168
v 0.006427 0.001384 -0.000142
v 0.006446 0.001379 -0.000142
v 0.006415 0.001342 -0.000142
v 0.006433 0.001336 -0.000142
v 0.006405 0.001307 -0.000168
v 0.006424 0.001302 -0.000168
v 0.006401 0.001294 -0.000210
v 0.006420 0.001289 -0.000210
v 0.006405 0.001307 -0.000252
v 0.006424 0.001302 -0.000252
v 0.000151 -0.000004 -0.000241
v 0.000151 -0.000030 -0.000260
v 0.000151 -0.000063 -0.000260
v 0.000151 -0.000089 -0.000241
v 0.000151 -0.000100 -0.000210
v 0.000151 -0.000089 -0.000179
v 0.000151 -0.000063 -0.000160
v 0.000151 -0.000030 -0.000160
v 0.000151 -0.000004 -0.000179
v 0.000151 0.000006 -0.000210
v 0.000074 -0.000003 -0.000241
v 0.000074 -0.000030 -0.000260
v 0.000074 -0.000063 -0.000260
v 0.000074 -0.000089 -0.000241
v 0.000074 -0.000099 -0.000210
v 0.000074 -0.000089 -0.000179
v 0.000074 -0.000063 -0.000160
v 0.000074 -0.000030 -0.000160
v 0.000074 -0.000003 -0.000179
v 0.000074 0.000007 -0.000210
v -0.000018 0.000051 -0.000280
v -0.000019 -0.000009 -0.000323
v -0.000018 0.000073 -0.000210
v -0.000019 -0.000082 -0.000323
v -0.000019 -0.000142 -0.000280
v -0.000019 -0.000165 -0.000210
v -0.000019 -0.000142 -0.000140
v -0.000019 -0.000082 -0.000097
v -0.000019 -0.000009 -0.000097
v -0.000018 0.000051 -0.000140
v -0.000031 0.000038 -0.000271
v -0.000031 -0.000013 -0.000309
v -0.000031 0.000058 -0.000210
v -0.000032 -0.000078 -0.000309
v -0.000032 -0.000130 -0.000271
v -0.000032 -0.000150 -0.000210
v -0.000032 -0.000130 -0.000149
v -0.000032 -0.000078 -0.000111
v -0.000031 -0.000013 -0.000111
v -0.000031 0.000038 -0.000149
v 0.000035 -0.000012 -0.000235
v 0.000035 -0.000033 -0.000250
v 0.000035 -0.000004 -0.000210
v 0.000035 -0.000059 -0.000250
v 0.000035 -0.000080 -0.000235
v 0.000035 -0.000088 -0.000210
v 0.000035 -0.000080 -0.000185
v 0.000035 -0.000059 -0.000170
v 0.000035 -0.000033 -0.000170
v 0.000035 -0.000012 -0.000185
v 0.000151 -0.000034 -0.000219
v 0.000151 -0.000042 -0.000225
v 0.000151 -0.000052 -0.000225
v 0.000151 -0.000060 -0.000219
v 0.000151 -0.000063 -0.000210
v 0.000151 -0.000060 -0.000201
v 0.000151 -0.000052 -0.000195
v 0.000151 -0.000042 -0.000195
v 0.000151 -0.000034 -0.000201
v 0.000151 -0.000031 -0.000210
v 0.000198 -0.000034 -0.000219
v 0.000198 -0.000042 -0.000225
v 0.000198 -0.000052 -0.000225
v 0.000198 -0.000060 -0.000219
v 0.000198 -0.000063 -0.000210
v 0.000198 -0.000060 -0.000201
v 0.000198 -0.000052 -0.000195
v 0.000198 -0.000042 -0.000195
v 0.000198 -0.000034 -0.000201
v 0.000198 -0.000031 -0.000210
v 0.000159 -0.000034 -0.000219
v 0.000159 -0.000031 -0.000210
v 0.000159 -0.000034 -0.000201
v 0.000159 -0.000042 -0.000195
v 0.000159 -0.000052 -0.000195
v 0.000159 -0.000060 -0.000201
v 0.000159 -0.000063 -0.000210
v 0.000159 -0.000060 -0.000219
v 0.000159 -0.000052 -0.000225
v 0.000159 -0.000042 -0.000225
v 0.000171 -0.000034 -0.000219
v 0.000171 -0.000031 -0.000210
v 0.000171 -0.000034 -0.000201
v 0.000171 -0.000042 -0.000195
v 0.000171 -0.000052 -0.000195
v 0.000171 -0.000060 -0.000201
v 0.000171 -0.000063 -0.000210
v 0.000171 -0.000060 -0.000219
v 0.000171 -0.000052 -0.000225
v 0.000171 -0.000042 -0.000225
v 0.000159 0.000017 -0.000256
v 0.000159 0.000032 -0.000210
v 0.000171 0.000031 -0.000210
v 0.000171 0.000017 -0.000256
v 0.000159 0.000017 -0.000164
v 0.000171 0.000017 -0.000164
v 0.000159 -0.000023 -0.000136
v 0.000171 -0.000023 -0.000136
v 0.000159 -0.000071 -0.000136
v 0.000170 -0.000071 -0.000136
v 0.000158 -0.000110 -0.000164
v 0.000170 -0.000110 -0.000164
v 0.000158 -0.000125 -0.000210
v 0.000170 -0.000125 -0.000210
v 0.000158 -0.000110 -0.000256
v 0.000170 -0.000110 -0.000256
v 0.000159 -0.000071 -0.000284
v 0.000170 -0.000071 -0.000284
v 0.000159 -0.000023 -0.000284
v 0.000171 -0.000023 -0.000284
v 0.000116 -0.000030 -0.000260
v 0.000116 -0.000063 -0.000260
v 0.000116 -0.000089 -0.000241
v 0.000116 -0.000099 -0.000210
v 0.000116 -0.000089 -0.000179
v 0.000116 -0.000063 -0.000160
v 0.000116 -0.000030 -0.000160
v 0.000117 -0.000004 -0.000179
v 0.000117 0.000006 -0.000210
v 0.000117 -0.000004 -0.000241
v 0.000151 -0.000024 -0.000278
v 0.000151 -0.000069 -0.000278
v 0.000131 -0.000069 -0.000278
v 0.000131 -0.000024 -0.000278
v 0.000151 -0.000104 -0.000252
v 0.000131 -0.000104 -0.000252
v 0.000150 -0.000118 -0.000210
v 0.000131 -0.000118 -0.000210
v 0.000151 -0.000104 -0.000168
v 0.000131 -0.000104 -0.000168
v 0.000151 -0.000069 -0.000142
v 0.000131 -0.000069 -0.000142
v 0.000151 -0.000024 -0.000142
v 0.000131 -0.000024 -0.000142
v 0.000151 0.000011 -0.000168
v 0.000132 0.000011 -0.000168
v 0.000151 0.000025 -0.000210
v 0.000132 0.000025 -0.000210
v 0.000151 0.000011 -0.000252
v 0.000132 0.000011 -0.000252
v 0.002316 -0.001457 0.000052
v 0.002360 -0.001395 0.000052
v 0.002360 -0.001319 0.000052
v 0.002316 -0.001257 0.000052
v 0.002243 -0.001233 0.000052
v 0.002170 -0.001257 0.000052
v 0.002125 -0.001319 0.000052
v 0.002125 -0.001395 0.000052
v 0.002170 -0.001457 0.000052
v 0.002243 -0.001481 0.000052
v 0.002312 -0.001453 0.000254
v 0.002316 -0.001457 0.000240
v 0.002355 -0.001394 0.000254
v 0.002360 -0.001395 0.000240
v 0.002355 -0.001321 0.000254
v 0.002360 -0.001319 0.000240
v 0.002312 -0.001261 0.000254
v 0.002316 -0.001257 0.000240
v 0.002243 -0.001239 0.000254
v 0.002243 -0.001233 0.000240
v 0.002173 -0.001261 0.000254
v 0.002170 -0.001257 0.000240
v 0.002130 -0.001321 0.000254
v 0.002125 -0.001319 0.000240
v 0.002130 -0.001394 0.000254
v 0.002125 -0.001395 0.000240
v 0.002173 -0.001453 0.000254
v 0.002170 -0.001457 0.000240
v 0.002243 -0.001475 0.000254
v 0.002243 -0.001481 0.000240
v 0.002281 -0.001345 0.000280
v 0.002281 -0.001370 0.000280
v 0.002267 -0.001324 0.000280
v 0.002243 -0.001317 0.000280
v 0.002219 -0.001324 0.000280
v 0.002205 -0.001345 0.000280
v 0.002205 -0.001370 0.000280
v 0.002219 -0.001390 0.000280
v 0.002243 -0.001397 0.000280
v 0.002267 -0.001390 0.000280
v 0.002328 -0.001329 0.000269
v 0.002295 -0.001285 0.000269
v 0.002243 -0.001268 0.000269
v 0.002190 -0.001285 0.000269
v 0.002158 -0.001329 0.000269
v 0.002158 -0.001385 0.000269
v 0.002190 -0.001429 0.000269
v 0.002243 -0.001447 0.000269
v 0.002295 -0.001429 0.000269
v 0.002328 -0.001385 0.000269
v 0.002552 -0.000915 0.000052
v 0.002597 -0.000853 0.000052
v 0.002597 -0.000777 0.000052
v 0.002552 -0.000715 0.000052
v 0.002479 -0.000691 0.000052
v 0.002407 -0.000715 0.000052
v 0.002362 -0.000777 0.000052
v 0.002362 -0.000853 0.000052
v 0.002407 -0.000915 0.000052
v 0.002479 -0.000939 0.000052
v 0.002549 -0.000911 0.000254
v 0.002552 -0.000915 0.000240
v 0.002592 -0.000851 0.000254
v 0.002597 -0.000853 0.000240
v 0.002592 -0.000778 0.000254
v 0.002597 -0.000777 0.000240
v 0.002549 -0.000719 0.000254
v 0.002552 -0.000715 0.000240
v 0.002479 -0.000697 0.000254
v 0.002479 -0.000691 0.000240
v 0.002410 -0.000719 0.000254
v 0.002407 -0.000715 0.000240
v 0.002367 -0.000778 0.000254
v 0.002362 -0.000777 0.000240
v 0.002367 -0.000851 0.000254
v 0.002362 -0.000853 0.000240
v 0.002410 -0.000911 0.000254
v 0.002407 -0.000915 0.000240
v 0.002479 -0.000933 0.000254
v 0.002479 -0.000939 0.000240
v 0.002518 -0.000802 0.000280
v 0.002518 -0.000827 0.000280
v 0.002503 -0.000782 0.000280
v 0.002479 -0.000775 0.000280
v 0.002456 -0.000782 0.000280
v 0.002441 -0.000802 0.000280
v 0.002441 -0.000827 0.000280
v 0.002456 -0.000848 0.000280
v 0.002479 -0.000855 0.000280
v 0.002503 -0.000848 0.000280
v 0.002564 -0.000787 0.000269
v 0.002532 -0.000742 0.000269
v 0.002479 -0.000725 0.000269
v 0.002427 -0.000742 0.000269
v 0.002394 -0.000787 0.000269
v 0.002394 -0.000843 0.000269
v 0.002427 -0.000887 0.000269
v 0.002479 -0.000904 0.000269
v 0.002532 -0.000887 0.000269
v 0.002564 -0.000843 0.000269
v 0.001944 -0.001923 0.000052
v 0.001989 -0.001862 0.000052
v 0.001989 -0.001785 0.000052
v 0.001944 -0.001723 0.000052
v 0.001871 -0.001700 0.000052
v 0.001799 -0.001723 0.000052
v 0.001754 -0.001785 0.000052
v 0.001754 -0.001862 0.000052
v 0.001799 -0.001923 0.000052
v 0.001871 -0.001947 0.000052
v 0.001941 -0.001919 0.000254
v 0.001944 -0.001923 0.000240
v 0.001984 -0.001860 0.000254
v 0.001989 -0.001862 0.000240
v 0.001984 -0.001787 0.000254
v 0.001989 -0.001785 0.000240
v 0.001941 -0.001728 0.000254
v 0.001944 -0.001723 0.000240
v 0.001871 -0.001705 0.000254
v 0.001871 -0.001700 0.000240
v 0.001802 -0.001728 0.000254
v 0.001799 -0.001723 0.000240
v 0.001759 -0.001787 0.000254
v 0.001754 -0.001785 0.000240
v 0.001759 -0.001860 0.000254
v 0.001754 -0.001862 0.000240
v 0.001802 -0.001919 0.000254
v 0.001799 -0.001923 0.000240
v 0.001871 -0.001942 0.000254
v 0.001871 -0.001947 0.000240
v 0.001910 -0.001811 0.000280
v 0.001910 -0.001836 0.000280
v 0.001895 -0.001791 0.000280
v 0.001871 -0.001783 0.000280
v 0.001848 -0.001791 0.000280
v 0.001833 -0.001811 0.000280
v 0.001833 -0.001836 0.000280
v 0.001848 -0.001856 0.000280
v 0.001871 -0.001864 0.000280
v 0.001895 -0.001856 0.000280
v 0.001956 -0.001796 0.000269
v 0.001924 -0.001751 0.000269
v 0.001871 -0.001734 0.000269
v 0.001819 -0.001751 0.000269
v 0.001786 -0.001796 0.000269
v 0.001786 -0.001851 0.000269
v 0.001819 -0.001896 0.000269
v 0.001871 -0.001913 0.000269
v 0.001924 -0.001896 0.000269
v 0.001956 -0.001851 0.000269
v 0.002779 -0.001583 0.000165
v 0.002824 -0.001575 0.000171
v 0.002854 -0.001542 0.000182
v 0.002859 -0.001498 0.000194
v 0.002836 -0.001459 0.000203
v 0.002795 -0.001440 0.000204
v 0.002750 -0.001449 0.000198
v 0.002719 -0.001481 0.000187
v 0.002714 -0.001525 0.000174
v 0.002737 -0.001564 0.000166
v 0.002762 -0.001621 0.000392
v 0.002771 -0.001595 0.000286
v 0.002793 -0.001615 0.000396
v 0.002804 -0.001589 0.000290
v 0.002815 -0.001592 0.000404
v 0.002826 -0.001565 0.000299
v 0.002818 -0.001561 0.000413
v 0.002830 -0.001533 0.000308
v 0.002802 -0.001534 0.000419
v 0.002813 -0.001504 0.000314
v 0.002773 -0.001521 0.000420
v 0.002782 -0.001490 0.000315
v 0.002741 -0.001526 0.000416
v 0.002749 -0.001496 0.000310
v 0.002720 -0.001549 0.000408
v 0.002727 -0.001520 0.000302
v 0.002716 -0.001580 0.000399
v 0.002723 -0.001552 0.000293
v 0.002733 -0.001608 0.000393
v 0.002740 -0.001581 0.000287
v 0.002781 -0.001586 0.000436
v 0.002774 -0.001594 0.000433
v 0.002782 -0.001576 0.000439
v 0.002777 -0.001566 0.000441
v 0.002767 -0.001562 0.000441
v 0.002756 -0.001564 0.000439
v 0.002749 -0.001572 0.000437
v 0.002747 -0.001582 0.000434
v 0.002753 -0.001591 0.000432
v 0.002763 -0.001596 0.000431
v 0.002802 -0.001592 0.000422
v 0.002805 -0.001568 0.000429
v 0.002792 -0.001548 0.000433
v 0.002770 -0.001538 0.000434
v 0.002746 -0.001542 0.000431
v 0.002730 -0.001559 0.000425
v 0.002727 -0.001583 0.000418
v 0.002740 -0.001603 0.000414
v 0.002762 -0.001613 0.000413
v 0.002786 -0.001609 0.000416
v 0.002816 -0.001442 0.000012
v 0.002783 -0.001476 -0.000000
v 0.002800 -0.001489 0.000190
v 0.002768 -0.001524 0.000178
v 0.002807 -0.001495 0.000189
v 0.002774 -0.001529 0.000177
v 0.002822 -0.001448 0.000011
v 0.002790 -0.001482 -0.000001
v 0.002029 0.000226 0.000137
v 0.002034 0.000226 0.000063
v 0.002028 0.000364 0.000137
v 0.002034 0.000364 0.000063
v 0.001768 0.000364 0.000042
v 0.001768 0.000225 0.000042
v 0.001763 0.000225 0.000116
v 0.001762 0.000364 0.000116
v 0.001762 0.000295 0.000116
v 0.001768 0.000295 0.000042
v 0.001958 0.000273 0.000132
v 0.001808 0.000295 0.000119
v 0.001958 0.000317 0.000132
v 0.001959 0.000273 0.000114
v 0.001809 0.000295 0.000102
v 0.001959 0.000317 0.000114
v 0.001808 0.000279 0.000119
v 0.001805 0.000269 0.000119
v 0.001815 0.000272 0.000120
v 0.001816 0.000272 0.000102
v 0.001809 0.000279 0.000102
v 0.001815 0.000317 0.000120
v 0.001805 0.000320 0.000119
v 0.001808 0.000310 0.000119
v 0.001809 0.000310 0.000102
v 0.001816 0.000317 0.000102
v 0.001856 0.000292 0.000105
v 0.001854 0.000300 0.000105
v 0.001836 0.000289 0.000104
v 0.001843 0.000284 0.000104
v 0.001851 0.000286 0.000105
v 0.001848 0.000305 0.000105
v 0.001839 0.000304 0.000104
v 0.001835 0.000297 0.000104
v 0.001859 0.000292 0.000062
v 0.001858 0.000301 0.000062
v 0.001839 0.000289 0.000061
v 0.001846 0.000284 0.000061
v 0.001854 0.000286 0.000062
v 0.001851 0.000305 0.000061
v 0.001843 0.000304 0.000061
v 0.001838 0.000297 0.000060
v 0.002034 0.000299 0.000063
v 0.002034 0.000291 0.000063
v 0.002028 0.000291 0.000137
v 0.002028 0.000299 0.000137
v 0.001987 0.000291 0.000134
v 0.001987 0.000299 0.000134
v 0.001991 0.000295 0.000117
v 0.001988 0.000291 0.000116
v 0.001988 0.000299 0.000116
v 0.002030 0.000226 0.000116
v 0.002030 0.000291 0.000116
v 0.002030 0.000299 0.000116
v 0.002030 0.000364 0.000116
v 0.001764 0.000364 0.000094
v 0.001764 0.000295 0.000094
v 0.001764 0.000225 0.000094
v 0.001594 -0.000566 0.000028
v 0.002045 0.000442 0.000022
v 0.001628 -0.000566 0.000115
v 0.001627 -0.000708 0.000028
v 0.001627 -0.000566 0.000028
v 0.001624 0.000441 0.000028
v 0.001592 0.000370 0.000029
v 0.002146 0.000371 0.000021
v 0.001594 -0.000494 0.000028
v 0.002148 -0.000493 0.000020
v 0.001708 -0.000567 0.000026
v 0.001754 -0.000707 0.000026
v 0.001754 -0.000494 0.000113
v 0.001752 0.000370 0.000114
v 0.001751 0.000441 0.000026
v 0.001751 0.000370 0.000026
v 0.001753 -0.000494 0.000026
v 0.001711 -0.000596 0.000114
v 0.001681 -0.000560 0.000114
v 0.001688 -0.000584 0.000114
v 0.001747 -0.000567 0.000113
v 0.001735 -0.000589 0.000114
v 0.001717 -0.000530 0.000114
v 0.001739 -0.000542 0.000114
v 0.001693 -0.000538 0.000114
v 0.002146 0.000295 0.000021
v 0.002146 0.000286 0.000021
v 0.002047 0.000286 0.000110
v 0.002047 0.000295 0.000110
v 0.002046 0.000295 0.000022
v 0.002046 0.000286 0.000022
v 0.002147 0.000155 0.000021
v 0.002147 0.000145 0.000021
v 0.002047 0.000144 0.000110
v 0.002047 0.000154 0.000110
v 0.002046 0.000154 0.000022
v 0.002046 0.000144 0.000022
v 0.002147 0.000013 0.000021
v 0.002147 0.000002 0.000021
v 0.002048 0.000002 0.000110
v 0.002047 0.000013 0.000110
v 0.002046 0.000013 0.000022
v 0.002046 0.000002 0.000022
v 0.002147 -0.000130 0.000020
v 0.002147 -0.000141 0.000020
v 0.002048 -0.000142 0.000109
v 0.002048 -0.000131 0.000109
v 0.002047 -0.000131 0.000022
v 0.002047 -0.000142 0.000022
v 0.002148 -0.000270 0.000020
v 0.002148 -0.000280 0.000020
v 0.002048 -0.000280 0.000109
v 0.002048 -0.000271 0.000109
v 0.002047 -0.000271 0.000022
v 0.002047 -0.000280 0.000022
v 0.002148 -0.000409 0.000020
v 0.002148 -0.000420 0.000020
v 0.002048 -0.000420 0.000109
v 0.002048 -0.000410 0.000109
v 0.002047 -0.000420 0.000022
v 0.002047 -0.000410 0.000022
v 0.002048 -0.000420 0.000078
v 0.002048 -0.000410 0.000078
v 0.002048 -0.000280 0.000079
v 0.002048 -0.000271 0.000079
v 0.002047 -0.000142 0.000079
v 0.002047 -0.000131 0.000079
v 0.002047 0.000002 0.000079
v 0.002047 0.000013 0.000079
v 0.002047 0.000144 0.000079
v 0.002047 0.000154 0.000079
v 0.002046 0.000286 0.000079
v 0.002046 0.000295 0.000079
v 0.001752 0.000370 0.000083
v 0.001754 -0.000494 0.000083
v 0.001680 -0.000560 0.000071
v 0.001688 -0.000584 0.000071
v 0.001710 -0.000596 0.000071
v 0.001734 -0.000589 0.000070
v 0.001746 -0.000567 0.000070
v 0.001716 -0.000530 0.000071
v 0.001739 -0.000542 0.000070
v 0.001692 -0.000538 0.000071
v 0.001593 0.000370 0.000085
v 0.001595 -0.000494 0.000085
v 0.001595 -0.000566 0.000085
v 0.001628 -0.000708 0.000084
v 0.001754 -0.000707 0.000082
v 0.002149 -0.000493 0.000077
v 0.002149 -0.000420 0.000077
v 0.002149 -0.000410 0.000077
v 0.002148 -0.000280 0.000077
v 0.002148 -0.000270 0.000077
v 0.002148 -0.000141 0.000077
v 0.002148 -0.000130 0.000077
v 0.002148 0.000002 0.000077
v 0.002148 0.000013 0.000077
v 0.002147 0.000145 0.000077
v 0.002147 0.000155 0.000077
v 0.002147 0.000286 0.000077
v 0.002147 0.000295 0.000077
v 0.002147 0.000371 0.000077
v 0.002046 0.000442 0.000079
v 0.001752 0.000441 0.000083
v 0.001625 0.000441 0.000085
v 0.001593 0.000370 0.000102
v 0.001597 0.000370 0.000112
v 0.001607 0.000370 0.000116
v 0.002134 0.000371 0.000108
v 0.002143 0.000371 0.000104
v 0.002147 0.000371 0.000095
v 0.001626 0.000427 0.000116
v 0.001626 0.000437 0.000112
v 0.001626 0.000441 0.000102
v 0.001609 -0.000566 0.000115
v 0.001600 -0.000566 0.000112
v 0.001595 -0.000566 0.000102
v 0.001628 -0.000708 0.000101
v 0.001628 -0.000704 0.000111
v 0.001628 -0.000694 0.000115
v 0.001752 0.000427 0.000114
v 0.001752 0.000437 0.000110
v 0.001752 0.000441 0.000100
v 0.001755 -0.000694 0.000113
v 0.001755 -0.000703 0.000109
v 0.001755 -0.000707 0.000100
v 0.001609 -0.000494 0.000115
v 0.001599 -0.000494 0.000112
v 0.001595 -0.000494 0.000102
v 0.002136 -0.000493 0.000108
v 0.002145 -0.000493 0.000104
v 0.002149 -0.000493 0.000094
v 0.002047 0.000428 0.000110
v 0.002046 0.000438 0.000106
v 0.002046 0.000442 0.000096
v 0.002145 -0.000420 0.000104
v 0.002149 -0.000420 0.000094
v 0.002135 -0.000420 0.000108
v 0.002147 0.000295 0.000094
v 0.002143 0.000295 0.000104
v 0.002134 0.000295 0.000108
v 0.002143 0.000286 0.000104
v 0.002147 0.000286 0.000094
v 0.002134 0.000286 0.000108
v 0.002148 0.000155 0.000094
v 0.002144 0.000155 0.000104
v 0.002134 0.000155 0.000108
v 0.002144 0.000145 0.000104
v 0.002148 0.000145 0.000094
v 0.002134 0.000145 0.000108
v 0.002148 0.000013 0.000094
v 0.002144 0.000013 0.000104
v 0.002134 0.000013 0.000108
v 0.002144 0.000002 0.000104
v 0.002148 0.000002 0.000094
v 0.002134 0.000002 0.000108
v 0.002148 -0.000130 0.000094
v 0.002144 -0.000130 0.000104
v 0.002135 -0.000130 0.000108
v 0.002144 -0.000141 0.000104
v 0.002148 -0.000141 0.000094
v 0.002135 -0.000141 0.000108
v 0.002149 -0.000270 0.000094
v 0.002145 -0.000270 0.000104
v 0.002135 -0.000270 0.000108
v 0.002145 -0.000280 0.000104
v 0.002149 -0.000280 0.000094
v 0.002135 -0.000280 0.000108
v 0.002149 -0.000410 0.000094
v 0.002145 -0.000410 0.000104
v 0.002135 -0.000410 0.000108
v 0.001611 0.000441 0.000028
v 0.001592 0.000422 0.000029
v 0.001598 0.000435 0.000028
v 0.001612 0.000441 0.000085
v 0.001598 0.000435 0.000085
v 0.001593 0.000422 0.000085
v 0.001613 -0.000708 0.000028
v 0.001600 -0.000702 0.000028
v 0.001595 -0.000689 0.000028
v 0.001595 -0.000689 0.000085
v 0.001601 -0.000702 0.000085
v 0.001614 -0.000708 0.000084
v 0.001896 -0.000702 0.000024
v 0.001883 -0.000707 0.000024
v 0.001901 -0.000688 0.000024
v 0.001884 -0.000707 0.000081
v 0.001897 -0.000702 0.000080
v 0.001902 -0.000688 0.000080
v 0.002143 -0.000559 0.000020
v 0.002130 -0.000564 0.000021
v 0.002148 -0.000546 0.000020
v 0.002130 -0.000564 0.000077
v 0.002144 -0.000559 0.000077
v 0.002149 -0.000546 0.000077
v 0.002141 0.000437 0.000021
v 0.002146 0.000423 0.000021
v 0.002127 0.000442 0.000021
v 0.002147 0.000423 0.000077
v 0.002141 0.000437 0.000078
v 0.002128 0.000442 0.000078
v 0.001597 0.000418 0.000112
v 0.001603 0.000431 0.000112
v 0.001616 0.000437 0.000112
v 0.001593 0.000422 0.000102
v 0.001599 0.000435 0.000102
v 0.001612 0.000441 0.000102
v 0.001613 0.000422 0.000116
v 0.001607 0.000408 0.000116
v 0.002124 0.000438 0.000105
v 0.002138 0.000433 0.000104
v 0.002143 0.000419 0.000104
v 0.002128 0.000442 0.000095
v 0.002142 0.000437 0.000095
v 0.002147 0.000423 0.000095
v 0.002134 0.000410 0.000108
v 0.002128 0.000423 0.000109
v 0.002115 0.000428 0.000109
v 0.002127 -0.000560 0.000104
v 0.002140 -0.000555 0.000104
v 0.002145 -0.000542 0.000104
v 0.002149 -0.000546 0.000094
v 0.002144 -0.000559 0.000094
v 0.002131 -0.000564 0.000094
v 0.002117 -0.000551 0.000108
v 0.002130 -0.000545 0.000108
v 0.002136 -0.000532 0.000108
v 0.001902 -0.000688 0.000097
v 0.001897 -0.000702 0.000098
v 0.001884 -0.000707 0.000098
v 0.001899 -0.000684 0.000107
v 0.001893 -0.000698 0.000107
v 0.001880 -0.000703 0.000108
v 0.001879 -0.000684 0.000112
v 0.001870 -0.000693 0.000112
v 0.001883 -0.000688 0.000112
v 0.001889 -0.000675 0.000111
v 0.001610 -0.000675 0.000115
v 0.001615 -0.000688 0.000115
v 0.001600 -0.000685 0.000111
v 0.001605 -0.000698 0.000111
v 0.001618 -0.000704 0.000111
v 0.001614 -0.000708 0.000102
v 0.001601 -0.000702 0.000102
v 0.001596 -0.000689 0.000102
v 0.001942 -0.000565 0.000023
v 0.001901 -0.000605 0.000024
v 0.001872 -0.000565 0.000024
v 0.001928 -0.000554 0.000023
v 0.001902 -0.000605 0.000080
v 0.001942 -0.000565 0.000080
v 0.001943 -0.000565 0.000097
v 0.001902 -0.000605 0.000098
v 0.001939 -0.000561 0.000107
v 0.001898 -0.000601 0.000107
v 0.001929 -0.000551 0.000111
v 0.001921 -0.000541 0.000111
v 0.001859 -0.000556 0.000112
v 0.001889 -0.000592 0.000111
v 0.002060 -0.000493 0.000109
v 0.002049 -0.000476 0.000109
v 0.002044 -0.000488 0.000109
v 0.002032 -0.000493 0.000109
v 0.002037 -0.000495 0.000109
v 0.002037 -0.000497 0.000109
v 0.002048 -0.000476 0.000078
v 0.002043 -0.000488 0.000078
v 0.002032 -0.000493 0.000079
v 0.002061 0.000371 0.000109
v 0.002047 0.000385 0.000110
v 0.002030 0.000371 0.000110
v 0.002042 0.000366 0.000110
v 0.002047 0.000354 0.000110
v 0.002046 0.000354 0.000079
v 0.002041 0.000366 0.000079
v 0.002030 0.000371 0.000079
v 0.001633 0.000384 0.000116
v 0.001619 0.000370 0.000116
v 0.001633 0.000354 0.000116
v 0.001638 0.000365 0.000115
v 0.001650 0.000370 0.000115
v 0.001649 0.000370 0.000084
v 0.001638 0.000365 0.000085
v 0.001633 0.000354 0.000085
v 0.001623 -0.000494 0.000115
v 0.001635 -0.000506 0.000115
v 0.001646 -0.000498 0.000115
v 0.001652 -0.000494 0.000115
v 0.001640 -0.000489 0.000115
v 0.001635 -0.000477 0.000115
v 0.001635 -0.000477 0.000084
v 0.001640 -0.000489 0.000084
v 0.001651 -0.000494 0.000084
v 0.002036 -0.000498 0.000022
v 0.002031 -0.000493 0.000022
v 0.002043 -0.000488 0.000022
v 0.002047 -0.000476 0.000022
v 0.002059 -0.000493 0.000022
v 0.002041 0.000366 0.000022
v 0.002029 0.000371 0.000022
v 0.002045 0.000385 0.000022
v 0.002060 0.000371 0.000022
v 0.002045 0.000355 0.000022
v 0.001637 0.000365 0.000028
v 0.001632 0.000354 0.000028
v 0.001618 0.000370 0.000028
v 0.001632 0.000384 0.000028
v 0.001649 0.000370 0.000028
v 0.001639 -0.000489 0.000027
v 0.001650 -0.000494 0.000027
v 0.001634 -0.000508 0.000028
v 0.001612 -0.000494 0.000028
v 0.001634 -0.000477 0.000028
v 0.002049 -0.000493 0.000109
v 0.002047 0.000371 0.000110
v 0.001633 0.000370 0.000116
v 0.001635 -0.000494 0.000115
v 0.002047 -0.000493 0.000022
v 0.002045 0.000371 0.000022
v 0.001632 0.000370 0.000028
v 0.001634 -0.000494 0.000028
v 0.002029 -0.000202 0.000137
v 0.002035 -0.000202 0.000063
v 0.002029 -0.000064 0.000137
v 0.002035 -0.000064 0.000063
v 0.001769 -0.000064 0.000042
v 0.001769 -0.000202 0.000042
v 0.001763 -0.000202 0.000116
v 0.001763 -0.000064 0.000116
v 0.001763 -0.000133 0.000116
v 0.001769 -0.000133 0.000042
v 0.001959 -0.000155 0.000132
v 0.001809 -0.000133 0.000119
v 0.001959 -0.000111 0.000132
v 0.001960 -0.000155 0.000114
v 0.001810 -0.000133 0.000101
v 0.001960 -0.000111 0.000114
v 0.001809 -0.000148 0.000119
v 0.001806 -0.000159 0.000119
v 0.001816 -0.000155 0.000120
v 0.001817 -0.000155 0.000102
v 0.001810 -0.000148 0.000101
v 0.001816 -0.000111 0.000120
v 0.001806 -0.000107 0.000119
v 0.001809 -0.000118 0.000119
v 0.001810 -0.000118 0.000101
v 0.001817 -0.000111 0.000102
v 0.001857 -0.000135 0.000105
v 0.001855 -0.000127 0.000105
v 0.001837 -0.000139 0.000103
v 0.001844 -0.000144 0.000104
v 0.001852 -0.000142 0.000105
v 0.001849 -0.000122 0.000104
v 0.001840 -0.000124 0.000104
v 0.001836 -0.000131 0.000103
v 0.001860 -0.000135 0.000062
v 0.001859 -0.000127 0.000062
v 0.001840 -0.000139 0.000060
v 0.001847 -0.000144 0.000061
v 0.001855 -0.000142 0.000061
v 0.001852 -0.000122 0.000061
v 0.001844 -0.000124 0.000061
v 0.001839 -0.000131 0.000060
v 0.002035 -0.000128 0.000063
v 0.002035 -0.000137 0.000063
v 0.002029 -0.000137 0.000137
v 0.002029 -0.000129 0.000137
v 0.001988 -0.000137 0.000134
v 0.001988 -0.000129 0.000134
v 0.001992 -0.000133 0.000116
v 0.001989 -0.000137 0.000116
v 0.001989 -0.000129 0.000116
v 0.002031 -0.000202 0.000115
v 0.002031 -0.000137 0.000115
v 0.002031 -0.000128 0.000115
v 0.002031 -0.000064 0.000115
v 0.001765 -0.000064 0.000094
v 0.001765 -0.000133 0.000094
v 0.001765 -0.000202 0.000094
v 0.001770 -0.000122 0.000089
v 0.001770 -0.000115 0.000066
v 0.001771 -0.000145 0.000093
v 0.001770 -0.000130 0.000048
v 0.001770 -0.000154 0.000053
v 0.001770 -0.000161 0.000076
v 0.001594 -0.000122 0.000091
v 0.001594 -0.000115 0.000069
v 0.001594 -0.000145 0.000096
v 0.001593 -0.000131 0.000051
v 0.001594 -0.000154 0.000056
v 0.001594 -0.000161 0.000078
v 0.001579 -0.000115 0.000069
v 0.001579 -0.000131 0.000051
v 0.001580 -0.000145 0.000096
v 0.001580 -0.000122 0.000091
v 0.001579 -0.000161 0.000079
v 0.001579 -0.000154 0.000056
v 0.001594 -0.000107 0.000067
v 0.001593 -0.000128 0.000043
v 0.001585 -0.000128 0.000043
v 0.001585 -0.000107 0.000067
v 0.001594 -0.000117 0.000097
v 0.001594 -0.000148 0.000104
v 0.001586 -0.000117 0.000097
v 0.001586 -0.000148 0.000104
v 0.001594 -0.000169 0.000080
v 0.001586 -0.000170 0.000080
v 0.001593 -0.000160 0.000050
v 0.001585 -0.000160 0.000050
v 0.002029 -0.000061 0.000137
v 0.002035 -0.000061 0.000063
v 0.002029 0.000077 0.000137
v 0.002034 0.000078 0.000063
v 0.001768 0.000077 0.000042
v 0.001769 -0.000061 0.000042
v 0.001763 -0.000061 0.000116
v 0.001763 0.000077 0.000116
v 0.001763 0.000008 0.000116
v 0.001769 0.000008 0.000042
v 0.001959 -0.000014 0.000132
v 0.001809 0.000008 0.000119
v 0.001959 0.000030 0.000132
v 0.001960 -0.000014 0.000114
v 0.001810 0.000008 0.000102
v 0.001960 0.000030 0.000114
v 0.001809 -0.000007 0.000119
v 0.001805 -0.000018 0.000119
v 0.001816 -0.000014 0.000120
v 0.001817 -0.000014 0.000102
v 0.001810 -0.000007 0.000102
v 0.001816 0.000030 0.000120
v 0.001805 0.000034 0.000119
v 0.001809 0.000023 0.000119
v 0.001810 0.000023 0.000102
v 0.001817 0.000030 0.000102
v 0.001856 0.000006 0.000105
v 0.001855 0.000014 0.000105
v 0.001837 0.000002 0.000104
v 0.001844 -0.000003 0.000104
v 0.001852 -0.000001 0.000105
v 0.001848 0.000019 0.000104
v 0.001840 0.000017 0.000104
v 0.001835 0.000010 0.000103
v 0.001860 0.000006 0.000062
v 0.001858 0.000014 0.000062
v 0.001840 0.000002 0.000060
v 0.001847 -0.000003 0.000061
v 0.001855 -0.000001 0.000061
v 0.001851 0.000019 0.000061
v 0.001843 0.000017 0.000061
v 0.001839 0.000010 0.000060
v 0.002035 0.000013 0.000063
v 0.002035 0.000004 0.000063
v 0.002029 0.000004 0.000137
v 0.002029 0.000013 0.000137
v 0.001988 0.000004 0.000134
v 0.001988 0.000013 0.000134
v 0.001991 0.000008 0.000116
v 0.001989 0.000004 0.000116
v 0.001989 0.000013 0.000116
v 0.002031 -0.000061 0.000115
v 0.002031 0.000004 0.000115
v 0.002031 0.000013 0.000115
v 0.002030 0.000077 0.000115
v 0.001764 0.000077 0.000094
v 0.001765 0.000008 0.000094
v 0.001765 -0.000061 0.000094
v 0.001770 0.000019 0.000089
v 0.001770 0.000026 0.000066
v 0.001770 -0.000004 0.000094
v 0.001770 0.000011 0.000049
v 0.001770 -0.000012 0.000053
v 0.001770 -0.000020 0.000076
v 0.001594 0.000019 0.000091
v 0.001593 0.000026 0.000069
v 0.001594 -0.000004 0.000096
v 0.001593 0.000010 0.000051
v 0.001593 -0.000013 0.000056
v 0.001594 -0.000020 0.000078
v 0.001579 0.000026 0.000069
v 0.001579 0.000010 0.000051
v 0.001579 -0.000004 0.000096
v 0.001579 0.000019 0.000091
v 0.001579 -0.000020 0.000079
v 0.001579 -0.000013 0.000056
v 0.001593 0.000034 0.000067
v 0.001593 0.000013 0.000043
v 0.001585 0.000013 0.000043
v 0.001585 0.000034 0.000067
v 0.001594 0.000024 0.000097
v 0.001594 -0.000007 0.000104
v 0.001585 0.000024 0.000097
v 0.001586 -0.000007 0.000104
v 0.001594 -0.000028 0.000080
v 0.001585 -0.000028 0.000080
v 0.001593 -0.000018 0.000050
v 0.001585 -0.000019 0.000050
v 0.001770 0.000166 0.000089
v 0.001770 0.000173 0.000066
v 0.001770 0.000143 0.000094
v 0.001769 0.000157 0.000049
v 0.001769 0.000134 0.000054
v 0.001770 0.000127 0.000076
v 0.001593 0.000165 0.000091
v 0.001593 0.000173 0.000069
v 0.001593 0.000142 0.000096
v 0.001593 0.000157 0.000051
v 0.001593 0.000134 0.000056
v 0.001593 0.000126 0.000079
v 0.001579 0.000173 0.000069
v 0.001578 0.000157 0.000051
v 0.001579 0.000142 0.000096
v 0.001579 0.000165 0.000091
v 0.001579 0.000126 0.000079
v 0.001578 0.000134 0.000056
v 0.001593 0.000181 0.000067
v 0.001593 0.000159 0.000043
v 0.001584 0.000159 0.000043
v 0.001585 0.000181 0.000067
v 0.001593 0.000171 0.000097
v 0.001594 0.000140 0.000104
v 0.001585 0.000171 0.000098
v 0.001585 0.000140 0.000104
v 0.001593 0.000118 0.000080
v 0.001585 0.000118 0.000080
v 0.001593 0.000128 0.000050
v 0.001585 0.000128 0.000050
v 0.002029 0.000081 0.000137
v 0.002034 0.000081 0.000063
v 0.002029 0.000219 0.000137
v 0.002034 0.000220 0.000063
v 0.001768 0.000219 0.000042
v 0.001768 0.000081 0.000042
v 0.001763 0.000081 0.000116
v 0.001763 0.000219 0.000116
v 0.001763 0.000150 0.000116
v 0.001768 0.000150 0.000042
v 0.001958 0.000128 0.000132
v 0.001808 0.000150 0.000119
v 0.001958 0.000172 0.000132
v 0.001960 0.000128 0.000114
v 0.001810 0.000150 0.000102
v 0.001960 0.000172 0.000114
v 0.001808 0.000135 0.000119
v 0.001805 0.000124 0.000119
v 0.001815 0.000128 0.000120
v 0.001817 0.000128 0.000102
v 0.001810 0.000135 0.000102
v 0.001815 0.000172 0.000120
v 0.001805 0.000176 0.000119
v 0.001808 0.000165 0.000119
v 0.001810 0.000165 0.000102
v 0.001817 0.000172 0.000102
v 0.001856 0.000148 0.000105
v 0.001855 0.000156 0.000105
v 0.001836 0.000144 0.000104
v 0.001843 0.000139 0.000104
v 0.001851 0.000141 0.000105
v 0.001848 0.000161 0.000104
v 0.001840 0.000159 0.000104
v 0.001835 0.000152 0.000104
v 0.001859 0.000148 0.000062
v 0.001858 0.000156 0.000062
v 0.001840 0.000144 0.000060
v 0.001846 0.000139 0.000061
v 0.001855 0.000141 0.000062
v 0.001851 0.000161 0.000061
v 0.001843 0.000159 0.000061
v 0.001838 0.000152 0.000060
v 0.002034 0.000155 0.000063
v 0.002034 0.000146 0.000063
v 0.002029 0.000146 0.000137
v 0.002029 0.000155 0.000137
v 0.001987 0.000146 0.000134
v 0.001987 0.000154 0.000134
v 0.001991 0.000151 0.000117
v 0.001989 0.000146 0.000116
v 0.001989 0.000155 0.000116
v 0.002030 0.000081 0.000115
v 0.002030 0.000146 0.000115
v 0.002030 0.000155 0.000116
v 0.002030 0.000219 0.000116
v 0.001764 0.000219 0.000094
v 0.001764 0.000150 0.000094
v 0.001764 0.000081 0.000094
v 0.001770 0.000310 0.000089
v 0.001769 0.000318 0.000066
v 0.001770 0.000287 0.000094
v 0.001769 0.000302 0.000049
v 0.001769 0.000279 0.000054
v 0.001769 0.000271 0.000076
v 0.001593 0.000310 0.000091
v 0.001593 0.000317 0.000069
v 0.001593 0.000287 0.000096
v 0.001592 0.000301 0.000051
v 0.001593 0.000278 0.000056
v 0.001593 0.000271 0.000079
v 0.001578 0.000317 0.000069
v 0.001578 0.000301 0.000051
v 0.001579 0.000287 0.000096
v 0.001579 0.000310 0.000091
v 0.001579 0.000271 0.000079
v 0.001578 0.000278 0.000056
v 0.001593 0.000326 0.000067
v 0.001592 0.000304 0.000043
v 0.001584 0.000304 0.000043
v 0.001584 0.000326 0.000067
v 0.001593 0.000316 0.000097
v 0.001593 0.000284 0.000104
v 0.001585 0.000316 0.000098
v 0.001585 0.000284 0.000104
v 0.001593 0.000263 0.000080
v 0.001585 0.000263 0.000080
v 0.001592 0.000273 0.000050
v 0.001584 0.000273 0.000050
v 0.002030 -0.000488 0.000137
v 0.002036 -0.000488 0.000063
v 0.002030 -0.000350 0.000137
v 0.002035 -0.000350 0.000063
v 0.001769 -0.000351 0.000041
v 0.001770 -0.000489 0.000041
v 0.001764 -0.000489 0.000116
v 0.001764 -0.000351 0.000116
v 0.001764 -0.000420 0.000116
v 0.001769 -0.000420 0.000041
v 0.001960 -0.000442 0.000131
v 0.001810 -0.000420 0.000119
v 0.001960 -0.000397 0.000132
v 0.001961 -0.000442 0.000114
v 0.001811 -0.000420 0.000101
v 0.001961 -0.000397 0.000114
v 0.001810 -0.000435 0.000119
v 0.001806 -0.000446 0.000119
v 0.001817 -0.000442 0.000119
v 0.001818 -0.000442 0.000102
v 0.001811 -0.000435 0.000101
v 0.001817 -0.000398 0.000120
v 0.001806 -0.000394 0.000119
v 0.001810 -0.000405 0.000119
v 0.001811 -0.000405 0.000101
v 0.001818 -0.000398 0.000102
v 0.001857 -0.000422 0.000105
v 0.001856 -0.000414 0.000105
v 0.001838 -0.000426 0.000103
v 0.001844 -0.000430 0.000104
v 0.001853 -0.000429 0.000104
v 0.001849 -0.000409 0.000104
v 0.001841 -0.000411 0.000104
v 0.001836 -0.000417 0.000103
v 0.001861 -0.000422 0.000062
v 0.001859 -0.000414 0.000062
v 0.001841 -0.000426 0.000060
v 0.001848 -0.000430 0.000061
v 0.001856 -0.000429 0.000061
v 0.001852 -0.000409 0.000061
v 0.001844 -0.000411 0.000060
v 0.001840 -0.000417 0.000060
v 0.002035 -0.000415 0.000063
v 0.002035 -0.000424 0.000063
v 0.002030 -0.000424 0.000137
v 0.002030 -0.000415 0.000137
v 0.001989 -0.000424 0.000134
v 0.001989 -0.000415 0.000134
v 0.001992 -0.000419 0.000116
v 0.001990 -0.000424 0.000116
v 0.001990 -0.000415 0.000116
v 0.002032 -0.000488 0.000115
v 0.002032 -0.000424 0.000115
v 0.002032 -0.000415 0.000115
v 0.002031 -0.000350 0.000115
v 0.001765 -0.000351 0.000094
v 0.001766 -0.000420 0.000094
v 0.001766 -0.000489 0.000094
v 0.001771 -0.000408 0.000088
v 0.001771 -0.000400 0.000066
v 0.001771 -0.000431 0.000093
v 0.001771 -0.000416 0.000048
v 0.001771 -0.000439 0.000053
v 0.001771 -0.000447 0.000076
v 0.001595 -0.000408 0.000091
v 0.001594 -0.000401 0.000068
v 0.001595 -0.000431 0.000096
v 0.001594 -0.000417 0.000051
v 0.001594 -0.000440 0.000056
v 0.001594 -0.000447 0.000078
v 0.001580 -0.000401 0.000069
v 0.001580 -0.000417 0.000051
v 0.001580 -0.000431 0.000096
v 0.001580 -0.000408 0.000091
v 0.001580 -0.000447 0.000078
v 0.001580 -0.000440 0.000056
v 0.001594 -0.000393 0.000067
v 0.001594 -0.000414 0.000043
v 0.001586 -0.000414 0.000043
v 0.001586 -0.000393 0.000067
v 0.001595 -0.000402 0.000097
v 0.001595 -0.000434 0.000104
v 0.001586 -0.000402 0.000097
v 0.001587 -0.000434 0.000104
v 0.001595 -0.000455 0.000080
v 0.001586 -0.000455 0.000080
v 0.001594 -0.000445 0.000050
v 0.001586 -0.000445 0.000050
v 0.002030 -0.000346 0.000137
v 0.002035 -0.000346 0.000063
v 0.002029 -0.000208 0.000137
v 0.002035 -0.000208 0.000063
v 0.001769 -0.000209 0.000042
v 0.001769 -0.000347 0.000041
v 0.001764 -0.000347 0.000116
v 0.001763 -0.000209 0.000116
v 0.001764 -0.000278 0.000116
v 0.001769 -0.000278 0.000041
v 0.001959 -0.000300 0.000132
v 0.001809 -0.000278 0.000119
v 0.001959 -0.000255 0.000132
v 0.001961 -0.000300 0.000114
v 0.001811 -0.000278 0.000101
v 0.001961 -0.000255 0.000114
v 0.001809 -0.000293 0.000119
v 0.001806 -0.000304 0.000119
v 0.001816 -0.000300 0.000120
v 0.001818 -0.000300 0.000102
v 0.001811 -0.000293 0.000101
v 0.001816 -0.000256 0.000120
v 0.001806 -0.000252 0.000119
v 0.001809 -0.000263 0.000119
v 0.001811 -0.000263 0.000101
v 0.001818 -0.000256 0.000102
v 0.001857 -0.000280 0.000105
v 0.001856 -0.000272 0.000105
v 0.001837 -0.000284 0.000103
v 0.001844 -0.000288 0.000104
v 0.001852 -0.000287 0.000105
v 0.001849 -0.000267 0.000104
v 0.001841 -0.000269 0.000104
v 0.001836 -0.000275 0.000103
v 0.001860 -0.000280 0.000062
v 0.001859 -0.000272 0.000062
v 0.001841 -0.000284 0.000060
v 0.001847 -0.000288 0.000061
v 0.001856 -0.000287 0.000061
v 0.001852 -0.000267 0.000061
v 0.001844 -0.000269 0.000060
v 0.001839 -0.000275 0.000060
v 0.002035 -0.000273 0.000063
v 0.002035 -0.000282 0.000063
v 0.002030 -0.000282 0.000137
v 0.002030 -0.000273 0.000137
v 0.001988 -0.000282 0.000134
v 0.001988 -0.000273 0.000134
v 0.001992 -0.000277 0.000116
v 0.001990 -0.000282 0.000116
v 0.001990 -0.000273 0.000116
v 0.002031 -0.000346 0.000115
v 0.002031 -0.000282 0.000115
v 0.002031 -0.000273 0.000115
v 0.002031 -0.000208 0.000115
v 0.001765 -0.000209 0.000094
v 0.001765 -0.000278 0.000094
v 0.001765 -0.000347 0.000094
v 0.001771 -0.000262 0.000088
v 0.001770 -0.000255 0.000066
v 0.001771 -0.000285 0.000093
v 0.001770 -0.000271 0.000048
v 0.001770 -0.000294 0.000053
v 0.001771 -0.000301 0.000076
v 0.001594 -0.000262 0.000091
v 0.001594 -0.000255 0.000068
v 0.001594 -0.000286 0.000096
v 0.001594 -0.000271 0.000051
v 0.001594 -0.000294 0.000056
v 0.001594 -0.000301 0.000078
v 0.001580 -0.000255 0.000069
v 0.001579 -0.000271 0.000051
v 0.001580 -0.000286 0.000096
v 0.001580 -0.000262 0.000091
v 0.001580 -0.000301 0.000079
v 0.001579 -0.000294 0.000056
v 0.001594 -0.000247 0.000067
v 0.001594 -0.000268 0.000043
v 0.001585 -0.000268 0.000043
v 0.001586 -0.000247 0.000067
v 0.001594 -0.000257 0.000097
v 0.001594 -0.000288 0.000104
v 0.001586 -0.000257 0.000097
v 0.001586 -0.000288 0.000104
v 0.001594 -0.000310 0.000080
v 0.001586 -0.000310 0.000080
v 0.001594 -0.000300 0.000050
v 0.001586 -0.000300 0.000050
v 0.002581 -0.000470 0.000073
v 0.002711 0.000326 0.000073
v 0.002581 0.000347 0.000073
v 0.002451 -0.000448 0.000073
v 0.002581 -0.000470 0.000030
v 0.002711 0.000326 0.000030
v 0.002581 0.000347 0.000030
v 0.002451 -0.000448 0.000030
v 0.002514 -0.000470 0.000030
v 0.002514 -0.000470 0.000073
v 0.002648 0.000348 0.000073
v 0.002648 0.000348 0.000030
v 0.002525 -0.000483 0.000073
v 0.002542 -0.000493 0.000073
v 0.002561 -0.000487 0.000073
v 0.002561 -0.000487 0.000030
v 0.002542 -0.000493 0.000030
v 0.002525 -0.000483 0.000030
v 0.002698 0.000348 0.000073
v 0.002682 0.000359 0.000073
v 0.002662 0.000356 0.000073
v 0.002662 0.000356 0.000030
v 0.002682 0.000359 0.000030
v 0.002698 0.000348 0.000030
v 0.002636 0.000361 0.000073
v 0.002618 0.000370 0.000073
v 0.002599 0.000363 0.000073
v 0.002599 0.000364 0.000030
v 0.002618 0.000370 0.000030
v 0.002636 0.000361 0.000030
v 0.002463 -0.000470 0.000073
v 0.002479 -0.000482 0.000073
v 0.002498 -0.000479 0.000073
v 0.002498 -0.000480 0.000030
v 0.002479 -0.000482 0.000030
v 0.002463 -0.000470 0.000030
v 0.003373 -0.000493 0.000073
v 0.003333 -0.000493 0.000073
v 0.003398 -0.000486 0.000073
v 0.003412 -0.000472 0.000073
v 0.003419 -0.000447 0.000073
v 0.003419 0.000327 0.000073
v 0.003412 0.000352 0.000073
v 0.003398 0.000366 0.000073
v 0.003373 0.000373 0.000073
v 0.003333 0.000373 0.000073
v 0.003308 0.000366 0.000073
v 0.003294 0.000352 0.000073
v 0.003287 0.000327 0.000073
v 0.003287 -0.000447 0.000073
v 0.003294 -0.000472 0.000073
v 0.003308 -0.000486 0.000073
v 0.003373 -0.000493 0.000030
v 0.003333 -0.000493 0.000030
v 0.003398 -0.000486 0.000030
v 0.003412 -0.000472 0.000030
v 0.003419 -0.000447 0.000030
v 0.003419 0.000327 0.000030
v 0.003412 0.000352 0.000030
v 0.003398 0.000366 0.000030
v 0.003373 0.000373 0.000030
v 0.003333 0.000373 0.000030
v 0.003308 0.000366 0.000030
v 0.003294 0.000352 0.000030
v 0.003287 0.000327 0.000030
v 0.003287 -0.000447 0.000030
v 0.003294 -0.000472 0.000030
v 0.003308 -0.000486 0.000030
v 0.004229 -0.000493 0.000073
v 0.004189 -0.000493 0.000073
v 0.004254 -0.000486 0.000073
v 0.004268 -0.000472 0.000073
v 0.004275 -0.000447 0.000073
v 0.004275 0.000327 0.000073
v 0.004268 0.000352 0.000073
v 0.004254 0.000366 0.000073
v 0.004229 0.000373 0.000073
v 0.004189 0.000373 0.000073
v 0.004164 0.000366 0.000073
v 0.004150 0.000352 0.000073
v 0.004143 0.000327 0.000073
v 0.004143 -0.000447 0.000073
v 0.004150 -0.000472 0.000073
v 0.004164 -0.000486 0.000073
v 0.004229 -0.000493 0.000030
v 0.004189 -0.000493 0.000030
v 0.004254 -0.000486 0.000030
v 0.004268 -0.000472 0.000030
v 0.004275 -0.000447 0.000030
v 0.004275 0.000327 0.000030
v 0.004268 0.000352 0.000030
v 0.004254 0.000366 0.000030
v 0.004229 0.000373 0.000030
v 0.004189 0.000373 0.000030
v 0.004164 0.000366 0.000030
v 0.004150 0.000352 0.000030
v 0.004143 0.000327 0.000030
v 0.004143 -0.000447 0.000030
v 0.004150 -0.000472 0.000030
v 0.004164 -0.000486 0.000030
v 0.004446 0.000087 -0.000099
v 0.004446 0.000108 -0.000022
v 0.004446 0.000087 0.000055
v 0.004446 0.000030 0.000112
v 0.004446 -0.000047 0.000132
v 0.004446 -0.000124 0.000112
v 0.004446 -0.000181 0.000055
v 0.004446 -0.000201 -0.000022
v 0.004513 0.000087 -0.000099
v 0.004513 0.000108 -0.000022
v 0.004513 0.000087 0.000055
v 0.004513 0.000030 0.000112
v 0.004513 -0.000047 0.000132
v 0.004513 -0.000124 0.000112
v 0.004513 -0.000181 0.000055
v 0.004513 -0.000201 -0.000022
v 0.001711 -0.000596 0.000114
v 0.001711 -0.000596 0.000114
v 0.001711 -0.000596 0.000114
v 0.001681 -0.000560 0.000114
v 0.001681 -0.000560 0.000114
v 0.001681 -0.000560 0.000114
v 0.001688 -0.000584 0.000114
v 0.001688 -0.000584 0.000114
v 0.001688 -0.000584 0.000114
v 0.001747 -0.000567 0.000113
v 0.001747 -0.000567 0.000113
v 0.001747 -0.000567 0.000113
v 0.001735 -0.000589 0.000114
v 0.001735 -0.000589 0.000114
v 0.001735 -0.000589 0.000114
v 0.001717 -0.000530 0.000114
v 0.001717 -0.000530 0.000114
v 0.001717 -0.000530 0.000114
v 0.001739 -0.000542 0.000114
v 0.001739 -0.000542 0.000114
v 0.001739 -0.000542 0.000114
v 0.001693 -0.000538 0.000114
v 0.001693 -0.000538 0.000114
v 0.001693 -0.000538 0.000114
v 0.001681 -0.000560 0.000114
v 0.001688 -0.000584 0.000114
v 0.001688 -0.000584 0.000114
v 0.001681 -0.000560 0.000114
v 0.001688 -0.000584 0.000114
v 0.001711 -0.000596 0.000114
v 0.001711 -0.000596 0.000114
v 0.001688 -0.000584 0.000114
v 0.001711 -0.000596 0.000114
v 0.001735 -0.000589 0.000114
v 0.001735 -0.000589 0.000114
v 0.001711 -0.000596 0.000114
v 0.001735 -0.000589 0.000114
v 0.001747 -0.000567 0.000113
v 0.001747 -0.000567 0.000113
v 0.001735 -0.000589 0.000114
v 0.001739 -0.000542 0.000114
v 0.001717 -0.000530 0.000114
v 0.001717 -0.000530 0.000114
v 0.001739 -0.000542 0.000114
v 0.001747 -0.000567 0.000113
v 0.001739 -0.000542 0.000114
v 0.001739 -0.000542 0.000114
v 0.001747 -0.000567 0.000113
v 0.001717 -0.000530 0.000114
v 0.001693 -0.000538 0.000114
v 0.001693 -0.000538 0.000114
v 0.001717 -0.000530 0.000114
v 0.001693 -0.000538 0.000114
v 0.001681 -0.000560 0.000114
v 0.001681 -0.000560 0.000114
v 0.001693 -0.000538 0.000114
v 0.001876 0.000288 0.000121
v 0.001876 0.000296 0.000121
v 0.001876 0.000299 0.000127
v 0.001876 0.000296 0.000134
v 0.001876 0.000288 0.000134
v 0.001876 0.000284 0.000127
v 0.011621 0.000187 0.000185
v 0.011621 0.000194 0.000185
v 0.011621 0.000198 0.000191
v 0.011621 0.000194 0.000198
v 0.011621 0.000187 0.000198
v 0.011621 0.000183 0.000191
v 0.001858 0.000288 0.000122
v 0.001858 0.000296 0.000122
v 0.001854 0.000299 0.000127
v 0.001850 0.000296 0.000132
v 0.001850 0.000288 0.000132
v 0.001854 0.000284 0.000127
v 0.001843 0.000288 0.000090
v 0.001843 0.000296 0.000090
v 0.001839 0.000299 0.000095
v 0.001835 0.000296 0.000100
v 0.001835 0.000288 0.000100
v 0.001839 0.000284 0.000095
v 0.010998 0.000157 0.000129
v 0.010998 0.000165 0.000129
v 0.010998 0.000169 0.000136
v 0.010998 0.000165 0.000142
v 0.010998 0.000157 0.000142
v 0.010998 0.000154 0.000136
v 0.001876 0.000147 0.000121
v 0.001876 0.000155 0.000121
v 0.001876 0.000158 0.000127
v 0.001876 0.000155 0.000134
v 0.001876 0.000147 0.000134
v 0.001876 0.000144 0.000127
v 0.011918 0.000098 0.000140
v 0.011918 0.000106 0.000140
v 0.011918 0.000109 0.000146
v 0.011918 0.000106 0.000153
v 0.011918 0.000098 0.000153
v 0.011918 0.000094 0.000146
v 0.001858 0.000147 0.000122
v 0.001858 0.000155 0.000122
v 0.001854 0.000158 0.000127
v 0.001850 0.000155 0.000132
v 0.001850 0.000147 0.000132
v 0.001854 0.000144 0.000127
v 0.001843 0.000147 0.000090
v 0.001843 0.000155 0.000090
v 0.001839 0.000158 0.000095
v 0.001835 0.000155 0.000100
v 0.001835 0.000147 0.000100
v 0.001839 0.000144 0.000095
v 0.010998 0.000070 0.000136
v 0.010998 0.000078 0.000136
v 0.010998 0.000081 0.000142
v 0.010998 0.000078 0.000149
v 0.010998 0.000070 0.000149
v 0.010998 0.000067 0.000142
v 0.001876 0.000007 0.000121
v 0.001876 0.000014 0.000121
v 0.001876 0.000018 0.000127
v 0.001876 0.000014 0.000134
v 0.001876 0.000007 0.000134
v 0.001876 0.000003 0.000127
v 0.012210 0.000019 0.000093
v 0.012210 0.000027 0.000093
v 0.012210 0.000031 0.000100
v 0.012210 0.000027 0.000106
v 0.012210 0.000019 0.000106
v 0.012210 0.000016 0.000100
v 0.001858 0.000007 0.000122
v 0.001858 0.000014 0.000122
v 0.001854 0.000018 0.000127
v 0.001850 0.000014 0.000132
v 0.001850 0.000007 0.000132
v 0.001854 0.000003 0.000127
v 0.001843 0.000007 0.000090
v 0.001843 0.000014 0.000090
v 0.001839 0.000018 0.000095
v 0.001835 0.000014 0.000100
v 0.001835 0.000007 0.000100
v 0.001839 0.000003 0.000095
v 0.010998 -0.000015 0.000136
v 0.010998 -0.000007 0.000136
v 0.010998 -0.000004 0.000142
v 0.010998 -0.000007 0.000149
v 0.010998 -0.000015 0.000149
v 0.010998 -0.000018 0.000142
v 0.001884 -0.000135 0.000125
v 0.001878 -0.000131 0.000125
v 0.001877 -0.000129 0.000127
v 0.001881 -0.000131 0.000129
v 0.001887 -0.000135 0.000129
v 0.001888 -0.000137 0.000127
v 0.012502 -0.000072 0.000051
v 0.012502 -0.000066 0.000050
v 0.012502 -0.000063 0.000056
v 0.012502 -0.000066 0.000062
v 0.012502 -0.000072 0.000062
v 0.012502 -0.000075 0.000057
v 0.001859 -0.000136 0.000123
v 0.001858 -0.000130 0.000123
v 0.001850 -0.000127 0.000127
v 0.001856 -0.000130 0.000130
v 0.001856 -0.000136 0.000130
v 0.001850 -0.000139 0.000127
v 0.001829 -0.000136 0.000090
v 0.001829 -0.000129 0.000090
v 0.001829 -0.000126 0.000095
v 0.001836 -0.000129 0.000100
v 0.001837 -0.000136 0.000100
v 0.001829 -0.000140 0.000095
v 0.010993 -0.000099 0.000140
v 0.010987 -0.000095 0.000139
v 0.010992 -0.000092 0.000142
v 0.011003 -0.000095 0.000145
v 0.011008 -0.000100 0.000145
v 0.011003 -0.000102 0.000142
v 0.001884 -0.000278 0.000125
v 0.001878 -0.000274 0.000125
v 0.001877 -0.000272 0.000127
v 0.001881 -0.000274 0.000129
v 0.001887 -0.000278 0.000129
v 0.001888 -0.000279 0.000127
v 0.012790 -0.000156 0.000012
v 0.012790 -0.000150 0.000012
v 0.012790 -0.000147 0.000017
v 0.012790 -0.000150 0.000023
v 0.012790 -0.000156 0.000023
v 0.012790 -0.000159 0.000018
v 0.001859 -0.000279 0.000123
v 0.001858 -0.000273 0.000123
v 0.001850 -0.000270 0.000127
v 0.001856 -0.000273 0.000130
v 0.001856 -0.000278 0.000130
v 0.001850 -0.000281 0.000127
v 0.001829 -0.000279 0.000090
v 0.001829 -0.000272 0.000090
v 0.001829 -0.000269 0.000095
v 0.001836 -0.000272 0.000100
v 0.001837 -0.000279 0.000100
v 0.001829 -0.000283 0.000095
v 0.010993 -0.000184 0.000140
v 0.010987 -0.000180 0.000139
v 0.010992 -0.000177 0.000142
v 0.011003 -0.000180 0.000145
v 0.011008 -0.000185 0.000145
v 0.011003 -0.000187 0.000142
v 0.001884 -0.000415 0.000125
v 0.001878 -0.000411 0.000125
v 0.001877 -0.000409 0.000127
v 0.001881 -0.000411 0.000129
v 0.001887 -0.000415 0.000129
v 0.001888 -0.000417 0.000127
v 0.013065 -0.000250 -0.000030
v 0.013065 -0.000244 -0.000031
v 0.013065 -0.000241 -0.000025
v 0.013065 -0.000244 -0.000019
v 0.013065 -0.000250 -0.000019
v 0.013065 -0.000253 -0.000025
v 0.001859 -0.000416 0.000123
v 0.001858 -0.000410 0.000123
v 0.001850 -0.000408 0.000127
v 0.001856 -0.000411 0.000130
v 0.001856 -0.000416 0.000130
v 0.001850 -0.000419 0.000127
v 0.001829 -0.000417 0.000090
v 0.001829 -0.000410 0.000090
v 0.001829 -0.000406 0.000095
v 0.001836 -0.000410 0.000100
v 0.001837 -0.000417 0.000100
v 0.001829 -0.000421 0.000095
v 0.010993 -0.000268 0.000140
v 0.010987 -0.000264 0.000139
v 0.010992 -0.000261 0.000142
v 0.011003 -0.000264 0.000145
v 0.011008 -0.000269 0.000145
v 0.011003 -0.000271 0.000142
v 0.001757 0.000171 -0.000325
v 0.001759 0.000190 -0.000339
v 0.001764 0.000191 -0.000338
v 0.001763 0.000172 -0.000323
v 0.001757 0.000148 -0.000321
v 0.001763 0.000148 -0.000320
v 0.001757 0.000126 -0.000330
v 0.001763 0.000125 -0.000329
v 0.001759 0.000112 -0.000349
v 0.001765 0.000110 -0.000348
v 0.001760 0.000108 -0.000372
v 0.001766 0.000107 -0.000372
v 0.001760 0.000117 -0.000394
v 0.001767 0.000116 -0.000395
v 0.001760 0.000135 -0.000408
v 0.001767 0.000135 -0.000410
v 0.001760 0.000159 -0.000412
v 0.001766 0.000159 -0.000413
v 0.001761 0.000181 -0.000403
v 0.001760 0.000175 -0.000406
v 0.001766 0.000175 -0.000407
v 0.001766 0.000181 -0.000404
v 0.001761 0.000195 -0.000384
v 0.001766 0.000197 -0.000385
v 0.001760 0.000198 -0.000361
v 0.001766 0.000200 -0.000361
v 0.001766 0.000194 -0.000336
v 0.001765 0.000173 -0.000320
v 0.001765 0.000147 -0.000316
v 0.001766 0.000123 -0.000326
v 0.001768 0.000107 -0.000347
v 0.001769 0.000103 -0.000372
v 0.001770 0.000113 -0.000397
v 0.001769 0.000134 -0.000413
v 0.001769 0.000159 -0.000417
v 0.001769 0.000176 -0.000411
v 0.001769 0.000184 -0.000407
v 0.001768 0.000200 -0.000386
v 0.001768 0.000204 -0.000361
v 0.002725 0.000173 -0.000320
v 0.002726 0.000194 -0.000336
v 0.002724 0.000197 -0.000334
v 0.002722 0.000175 -0.000317
v 0.002724 0.000147 -0.000316
v 0.002722 0.000147 -0.000313
v 0.002726 0.000123 -0.000326
v 0.002723 0.000121 -0.000323
v 0.002727 0.000107 -0.000347
v 0.002725 0.000104 -0.000345
v 0.002729 0.000103 -0.000372
v 0.002727 0.000100 -0.000373
v 0.002729 0.000113 -0.000397
v 0.002727 0.000110 -0.000399
v 0.002729 0.000134 -0.000413
v 0.002726 0.000132 -0.000416
v 0.002728 0.000159 -0.000417
v 0.002726 0.000160 -0.000420
v 0.002728 0.000184 -0.000407
v 0.002728 0.000176 -0.000411
v 0.002726 0.000176 -0.000414
v 0.002726 0.000186 -0.000410
v 0.002728 0.000200 -0.000386
v 0.002726 0.000203 -0.000388
v 0.002728 0.000204 -0.000361
v 0.002725 0.000207 -0.000360
v 0.001763 0.000175 -0.000317
v 0.001764 0.000197 -0.000334
v 0.001759 0.000198 -0.000333
v 0.001757 0.000175 -0.000316
v 0.001762 0.000147 -0.000313
v 0.001756 0.000147 -0.000311
v 0.001763 0.000121 -0.000323
v 0.001757 0.000120 -0.000322
v 0.001765 0.000104 -0.000345
v 0.001759 0.000102 -0.000345
v 0.001767 0.000100 -0.000373
v 0.001761 0.000098 -0.000373
v 0.001767 0.000110 -0.000399
v 0.001761 0.000109 -0.000400
v 0.001767 0.000132 -0.000416
v 0.001760 0.000131 -0.000418
v 0.001766 0.000160 -0.000420
v 0.001760 0.000160 -0.000422
v 0.001766 0.000186 -0.000410
v 0.001766 0.000176 -0.000414
v 0.001760 0.000177 -0.000416
v 0.001761 0.000187 -0.000411
v 0.001766 0.000203 -0.000388
v 0.001761 0.000204 -0.000388
v 0.001766 0.000207 -0.000360
v 0.001760 0.000209 -0.000360
v 0.001753 0.000197 -0.000334
v 0.001751 0.000175 -0.000317
v 0.001750 0.000147 -0.000313
v 0.001750 0.000121 -0.000323
v 0.001752 0.000104 -0.000345
v 0.001754 0.000100 -0.000373
v 0.001754 0.000110 -0.000399
v 0.001754 0.000132 -0.000416
v 0.001754 0.000160 -0.000420
v 0.001755 0.000176 -0.000414
v 0.001755 0.000186 -0.000410
v 0.001755 0.000203 -0.000388
v 0.001755 0.000207 -0.000360
v 0.001751 0.000194 -0.000336
v 0.001749 0.000173 -0.000320
v 0.001748 0.000147 -0.000316
v 0.001748 0.000123 -0.000326
v 0.001749 0.000107 -0.000347
v 0.001751 0.000103 -0.000372
v 0.001751 0.000113 -0.000397
v 0.001751 0.000134 -0.000413
v 0.001752 0.000159 -0.000417
v 0.001752 0.000176 -0.000411
v 0.001752 0.000184 -0.000407
v 0.001753 0.000200 -0.000386
v 0.001753 0.000204 -0.000361
v 0.001753 0.000191 -0.000338
v 0.001752 0.000172 -0.000323
v 0.001751 0.000148 -0.000320
v 0.001751 0.000125 -0.000329
v 0.001752 0.000110 -0.000348
v 0.001753 0.000107 -0.000372
v 0.001754 0.000116 -0.000395
v 0.001754 0.000135 -0.000410
v 0.001754 0.000159 -0.000413
v 0.001755 0.000175 -0.000407
v 0.001755 0.000181 -0.000404
v 0.001755 0.000197 -0.000385
v 0.001755 0.000200 -0.000361
v 0.001672 0.000157 -0.000413
v 0.001673 0.000161 -0.000411
v 0.001670 0.000162 -0.000413
v 0.001668 0.000157 -0.000414
v 0.001672 0.000156 -0.000417
v 0.001663 0.000156 -0.000417
v 0.001672 0.000158 -0.000420
v 0.001658 0.000158 -0.000419
v 0.001673 0.000163 -0.000421
v 0.001657 0.000163 -0.000419
v 0.001673 0.000167 -0.000419
v 0.001659 0.000167 -0.000418
v 0.001673 0.000169 -0.000415
v 0.001664 0.000169 -0.000415
v 0.001673 0.000166 -0.000412
v 0.001669 0.000166 -0.000413
v 0.001670 0.000157 -0.000376
v 0.001668 0.000153 -0.000378
v 0.001663 0.000152 -0.000380
v 0.001658 0.000154 -0.000382
v 0.001657 0.000158 -0.000383
v 0.001659 0.000163 -0.000381
v 0.001664 0.000164 -0.000379
v 0.001669 0.000162 -0.000377
v 0.001760 0.000166 -0.000409
v 0.001765 0.000164 -0.000411
v 0.001767 0.000164 -0.000415
v 0.002727 0.000164 -0.000415
v 0.002725 0.000166 -0.000418
v 0.001765 0.000166 -0.000418
v 0.001760 0.000167 -0.000419
v 0.001755 0.000170 -0.000417
v 0.001753 0.000171 -0.000413
v 0.001755 0.000169 -0.000410
v 0.001756 0.000157 -0.000413
v 0.001749 0.000161 -0.000411
v 0.001758 0.000156 -0.000417
v 0.001756 0.000158 -0.000420
v 0.001749 0.000163 -0.000421
v 0.001746 0.000167 -0.000419
v 0.001744 0.000169 -0.000415
v 0.001746 0.000166 -0.000412
v 0.001757 0.000163 -0.000411
v 0.001762 0.000161 -0.000412
v 0.001764 0.000160 -0.000416
v 0.002724 0.000160 -0.000416
v 0.002722 0.000162 -0.000419
v 0.002717 0.000156 -0.000417
v 0.002715 0.000158 -0.000420
v 0.001762 0.000162 -0.000419
v 0.001757 0.000164 -0.000420
v 0.001753 0.000166 -0.000419
v 0.001751 0.000167 -0.000415
v 0.001753 0.000166 -0.000411
v 0.001757 0.000287 -0.000325
v 0.001759 0.000305 -0.000339
v 0.001764 0.000306 -0.000338
v 0.001763 0.000287 -0.000323
v 0.001757 0.000263 -0.000321
v 0.001763 0.000263 -0.000320
v 0.001757 0.000242 -0.000330
v 0.001763 0.000241 -0.000329
v 0.001759 0.000227 -0.000349
v 0.001765 0.000226 -0.000348
v 0.001760 0.000224 -0.000372
v 0.001766 0.000222 -0.000372
v 0.001760 0.000232 -0.000394
v 0.001767 0.000231 -0.000395
v 0.001760 0.000251 -0.000408
v 0.001767 0.000250 -0.000410
v 0.001760 0.000274 -0.000412
v 0.001766 0.000274 -0.000413
v 0.001761 0.000296 -0.000403
v 0.001760 0.000291 -0.000406
v 0.001766 0.000291 -0.000407
v 0.001766 0.000297 -0.000404
v 0.001761 0.000311 -0.000384
v 0.001766 0.000312 -0.000385
v 0.001760 0.000314 -0.000361
v 0.001766 0.000315 -0.000361
v 0.001766 0.000309 -0.000336
v 0.001765 0.000289 -0.000320
v 0.001765 0.000263 -0.000316
v 0.001766 0.000239 -0.000326
v 0.001768 0.000222 -0.000347
v 0.001770 0.000219 -0.000372
v 0.001770 0.000228 -0.000397
v 0.001769 0.000249 -0.000413
v 0.001769 0.000275 -0.000417
v 0.001769 0.000291 -0.000411
v 0.001769 0.000299 -0.000407
v 0.001768 0.000315 -0.000386
v 0.001768 0.000319 -0.000361
v 0.002725 0.000289 -0.000320
v 0.002726 0.000309 -0.000336
v 0.002724 0.000312 -0.000334
v 0.002722 0.000290 -0.000317
v 0.002724 0.000263 -0.000316
v 0.002722 0.000262 -0.000313
v 0.002726 0.000239 -0.000326
v 0.002723 0.000236 -0.000323
v 0.002727 0.000222 -0.000347
v 0.002725 0.000219 -0.000345
v 0.002729 0.000219 -0.000372
v 0.002727 0.000215 -0.000373
v 0.002729 0.000228 -0.000397
v 0.002727 0.000225 -0.000399
v 0.002729 0.000249 -0.000413
v 0.002726 0.000247 -0.000416
v 0.002728 0.000275 -0.000417
v 0.002726 0.000275 -0.000420
v 0.002728 0.000299 -0.000407
v 0.002728 0.000291 -0.000411
v 0.002726 0.000292 -0.000414
v 0.002726 0.000301 -0.000410
v 0.002728 0.000315 -0.000386
v 0.002726 0.000318 -0.000388
v 0.002728 0.000319 -0.000361
v 0.002725 0.000322 -0.000360
v 0.001763 0.000290 -0.000317
v 0.001764 0.000312 -0.000334
v 0.001759 0.000313 -0.000333
v 0.001757 0.000291 -0.000316
v 0.001762 0.000262 -0.000313
v 0.001756 0.000262 -0.000311
v 0.001763 0.000236 -0.000323
v 0.001757 0.000235 -0.000322
v 0.001765 0.000219 -0.000345
v 0.001759 0.000218 -0.000345
v 0.001767 0.000215 -0.000373
v 0.001761 0.000214 -0.000373
v 0.001767 0.000225 -0.000399
v 0.001761 0.000224 -0.000400
v 0.001767 0.000247 -0.000416
v 0.001760 0.000247 -0.000418
v 0.001766 0.000275 -0.000420
v 0.001760 0.000275 -0.000422
v 0.001766 0.000301 -0.000410
v 0.001766 0.000292 -0.000414
v 0.001760 0.000292 -0.000416
v 0.001761 0.000302 -0.000411
v 0.001766 0.000318 -0.000388
v 0.001761 0.000320 -0.000388
v 0.001766 0.000322 -0.000360
v 0.001760 0.000324 -0.000360
v 0.001753 0.000312 -0.000334
v 0.001751 0.000290 -0.000317
v 0.001750 0.000262 -0.000313
v 0.001750 0.000236 -0.000323
v 0.001752 0.000219 -0.000345
v 0.001754 0.000215 -0.000373
v 0.001754 0.000225 -0.000399
v 0.001754 0.000247 -0.000416
v 0.001754 0.000275 -0.000420
v 0.001755 0.000292 -0.000414
v 0.001755 0.000301 -0.000410
v 0.001755 0.000318 -0.000388
v 0.001755 0.000322 -0.000360
v 0.001751 0.000309 -0.000336
v 0.001749 0.000289 -0.000320
v 0.001748 0.000263 -0.000316
v 0.001748 0.000239 -0.000326
v 0.001749 0.000222 -0.000347
v 0.001751 0.000219 -0.000372
v 0.001751 0.000228 -0.000397
v 0.001751 0.000249 -0.000413
v 0.001752 0.000275 -0.000417
v 0.001752 0.000291 -0.000411
v 0.001752 0.000299 -0.000407
v 0.001753 0.000315 -0.000386
v 0.001753 0.000319 -0.000361
v 0.001753 0.000306 -0.000338
v 0.001752 0.000287 -0.000323
v 0.001751 0.000263 -0.000320
v 0.001751 0.000241 -0.000329
v 0.001752 0.000226 -0.000348
v 0.001753 0.000222 -0.000372
v 0.001754 0.000231 -0.000395
v 0.001754 0.000250 -0.000410
v 0.001754 0.000274 -0.000413
v 0.001755 0.000291 -0.000407
v 0.001755 0.000297 -0.000404
v 0.001755 0.000312 -0.000385
v 0.001755 0.000315 -0.000361
v 0.001672 0.000273 -0.000413
v 0.001673 0.000277 -0.000411
v 0.001670 0.000277 -0.000413
v 0.001668 0.000273 -0.000414
v 0.001672 0.000271 -0.000417
v 0.001663 0.000271 -0.000417
v 0.001672 0.000274 -0.000420
v 0.001658 0.000274 -0.000419
v 0.001673 0.000278 -0.000421
v 0.001657 0.000278 -0.000419
v 0.001673 0.000283 -0.000419
v 0.001659 0.000282 -0.000418
v 0.001673 0.000284 -0.000415
v 0.001664 0.000284 -0.000415
v 0.001673 0.000281 -0.000412
v 0.001669 0.000282 -0.000413
v 0.001670 0.000273 -0.000376
v 0.001668 0.000268 -0.000378
v 0.001663 0.000267 -0.000380
v 0.001658 0.000269 -0.000382
v 0.001657 0.000274 -0.000383
v 0.001659 0.000278 -0.000381
v 0.001664 0.000280 -0.000379
v 0.001669 0.000277 -0.000377
v 0.001760 0.000281 -0.000409
v 0.001765 0.000280 -0.000411
v 0.001767 0.000279 -0.000415
v 0.002727 0.000279 -0.000415
v 0.002725 0.000281 -0.000418
v 0.001765 0.000281 -0.000418
v 0.001760 0.000283 -0.000419
v 0.001755 0.000286 -0.000417
v 0.001753 0.000286 -0.000413
v 0.001755 0.000285 -0.000410
v 0.001756 0.000273 -0.000413
v 0.001749 0.000277 -0.000411
v 0.001758 0.000271 -0.000417
v 0.001756 0.000274 -0.000420
v 0.001749 0.000278 -0.000421
v 0.001746 0.000283 -0.000419
v 0.001744 0.000284 -0.000415
v 0.001746 0.000281 -0.000412
v 0.001757 0.000278 -0.000411
v 0.001762 0.000276 -0.000412
v 0.001764 0.000276 -0.000416
v 0.002724 0.000276 -0.000416
v 0.002722 0.000277 -0.000419
v 0.002717 0.000271 -0.000417
v 0.002715 0.000274 -0.000420
v 0.001762 0.000277 -0.000419
v 0.001757 0.000280 -0.000420
v 0.001753 0.000282 -0.000419
v 0.001751 0.000282 -0.000415
v 0.001753 0.000281 -0.000411
v 0.001757 0.000046 -0.000325
v 0.001759 0.000065 -0.000339
v 0.001764 0.000066 -0.000338
v 0.001763 0.000047 -0.000323
v 0.001757 0.000023 -0.000321
v 0.001763 0.000023 -0.000320
v 0.001757 0.000001 -0.000330
v 0.001763 0.000000 -0.000329
v 0.001759 -0.000013 -0.000349
v 0.001765 -0.000015 -0.000348
v 0.001760 -0.000017 -0.000372
v 0.001766 -0.000018 -0.000372
v 0.001760 -0.000008 -0.000394
v 0.001767 -0.000009 -0.000395
v 0.001760 0.000011 -0.000408
v 0.001767 0.000010 -0.000410
v 0.001760 0.000034 -0.000412
v 0.001766 0.000034 -0.000413
v 0.001761 0.000056 -0.000403
v 0.001760 0.000050 -0.000406
v 0.001766 0.000050 -0.000407
v 0.001766 0.000057 -0.000404
v 0.001761 0.000070 -0.000384
v 0.001766 0.000072 -0.000385
v 0.001760 0.000074 -0.000361
v 0.001766 0.000075 -0.000361
v 0.001766 0.000069 -0.000336
v 0.001765 0.000048 -0.000320
v 0.001765 0.000023 -0.000316
v 0.001766 -0.000002 -0.000326
v 0.001768 -0.000018 -0.000347
v 0.001769 -0.000022 -0.000372
v 0.001770 -0.000012 -0.000397
v 0.001769 0.000009 -0.000413
v 0.001769 0.000035 -0.000417
v 0.001769 0.000051 -0.000411
v 0.001769 0.000059 -0.000407
v 0.001768 0.000075 -0.000386
v 0.001768 0.000079 -0.000361
v 0.002725 0.000048 -0.000320
v 0.002726 0.000069 -0.000336
v 0.002724 0.000072 -0.000334
v 0.002722 0.000050 -0.000317
v 0.002724 0.000023 -0.000316
v 0.002722 0.000022 -0.000313
v 0.002726 -0.000002 -0.000326
v 0.002723 -0.000004 -0.000323
v 0.002727 -0.000018 -0.000347
v 0.002725 -0.000021 -0.000345
v 0.002729 -0.000022 -0.000372
v 0.002727 -0.000025 -0.000373
v 0.002729 -0.000012 -0.000397
v 0.002727 -0.000015 -0.000399
v 0.002729 0.000009 -0.000413
v 0.002726 0.000007 -0.000416
v 0.002728 0.000035 -0.000417
v 0.002726 0.000035 -0.000420
v 0.002728 0.000059 -0.000407
v 0.002728 0.000051 -0.000411
v 0.002726 0.000052 -0.000414
v 0.002726 0.000061 -0.000410
v 0.002728 0.000075 -0.000386
v 0.002726 0.000078 -0.000388
v 0.002728 0.000079 -0.000361
v 0.002725 0.000082 -0.000360
v 0.001763 0.000050 -0.000317
v 0.001764 0.000072 -0.000334
v 0.001759 0.000073 -0.000333
v 0.001757 0.000050 -0.000316
v 0.001762 0.000022 -0.000313
v 0.001756 0.000022 -0.000311
v 0.001763 -0.000004 -0.000323
v 0.001757 -0.000005 -0.000322
v 0.001765 -0.000021 -0.000345
v 0.001759 -0.000022 -0.000345
v 0.001767 -0.000025 -0.000373
v 0.001761 -0.000027 -0.000373
v 0.001767 -0.000015 -0.000399
v 0.001761 -0.000016 -0.000400
v 0.001767 0.000007 -0.000416
v 0.001760 0.000007 -0.000418
v 0.001766 0.000035 -0.000420
v 0.001760 0.000035 -0.000422
v 0.001766 0.000061 -0.000410
v 0.001766 0.000052 -0.000414
v 0.001760 0.000052 -0.000416
v 0.001761 0.000062 -0.000411
v 0.001766 0.000078 -0.000388
v 0.001761 0.000080 -0.000388
v 0.001766 0.000082 -0.000360
v 0.001760 0.000084 -0.000360
v 0.001753 0.000072 -0.000334
v 0.001751 0.000050 -0.000317
v 0.001750 0.000022 -0.000313
v 0.001750 -0.000004 -0.000323
v 0.001752 -0.000021 -0.000345
v 0.001754 -0.000025 -0.000373
v 0.001754 -0.000015 -0.000399
v 0.001754 0.000007 -0.000416
v 0.001754 0.000035 -0.000420
v 0.001755 0.000052 -0.000414
v 0.001755 0.000061 -0.000410
v 0.001755 0.000078 -0.000388
v 0.001755 0.000082 -0.000360
v 0.001751 0.000069 -0.000336
v 0.001749 0.000048 -0.000320
v 0.001748 0.000023 -0.000316
v 0.001748 -0.000002 -0.000326
v 0.001749 -0.000018 -0.000347
v 0.001751 -0.000022 -0.000372
v 0.001751 -0.000012 -0.000397
v 0.001751 0.000009 -0.000413
v 0.001752 0.000035 -0.000417
v 0.001752 0.000051 -0.000411
v 0.001752 0.000059 -0.000407
v 0.001753 0.000075 -0.000386
v 0.001753 0.000079 -0.000361
v 0.001753 0.000066 -0.000338
v 0.001752 0.000047 -0.000323
v 0.001751 0.000023 -0.000320
v 0.001751 0.000000 -0.000329
v 0.001752 -0.000015 -0.000348
v 0.001753 -0.000018 -0.000372
v 0.001754 -0.000009 -0.000395
v 0.001754 0.000010 -0.000410
v 0.001754 0.000034 -0.000413
v 0.001755 0.000050 -0.000407
v 0.001755 0.000057 -0.000404
v 0.001755 0.000072 -0.000385
v 0.001755 0.000075 -0.000361
v 0.001672 0.000032 -0.000413
v 0.001673 0.000036 -0.000411
v 0.001670 0.000037 -0.000413
v 0.001668 0.000032 -0.000414
v 0.001672 0.000031 -0.000417
v 0.001663 0.000031 -0.000417
v 0.001672 0.000033 -0.000420
v 0.001658 0.000033 -0.000419
v 0.001673 0.000038 -0.000421
v 0.001657 0.000038 -0.000419
v 0.001673 0.000042 -0.000419
v 0.001659 0.000042 -0.000418
v 0.001673 0.000044 -0.000415
v 0.001664 0.000044 -0.000415
v 0.001673 0.000041 -0.000412
v 0.001669 0.000041 -0.000413
v 0.001670 0.000032 -0.000376
v 0.001668 0.000028 -0.000378
v 0.001663 0.000027 -0.000380
v 0.001658 0.000029 -0.000382
v 0.001657 0.000034 -0.000383
v 0.001659 0.000038 -0.000381
v 0.001664 0.000039 -0.000379
v 0.001669 0.000037 -0.000377
v 0.001760 0.000041 -0.000409
v 0.001765 0.000040 -0.000411
v 0.001767 0.000039 -0.000415
v 0.002727 0.000039 -0.000415
v 0.002725 0.000041 -0.000418
v 0.001765 0.000041 -0.000418
v 0.001760 0.000042 -0.000419
v 0.001755 0.000045 -0.000417
v 0.001753 0.000046 -0.000413
v 0.001755 0.000044 -0.000410
v 0.001756 0.000032 -0.000413
v 0.001749 0.000036 -0.000411
v 0.001758 0.000031 -0.000417
v 0.001756 0.000033 -0.000420
v 0.001749 0.000038 -0.000421
v 0.001746 0.000042 -0.000419
v 0.001744 0.000044 -0.000415
v 0.001746 0.000041 -0.000412
v 0.001757 0.000038 -0.000411
v 0.001762 0.000036 -0.000412
v 0.001764 0.000036 -0.000416
v 0.002724 0.000036 -0.000416
v 0.002722 0.000037 -0.000419
v 0.002717 0.000031 -0.000417
v 0.002715 0.000033 -0.000420
v 0.001762 0.000037 -0.000419
v 0.001757 0.000039 -0.000420
v 0.001753 0.000042 -0.000419
v 0.001751 0.000042 -0.000415
v 0.001753 0.000041 -0.000411
v 0.001757 -0.000076 -0.000325
v 0.001759 -0.000057 -0.000339
v 0.001764 -0.000056 -0.000338
v 0.001763 -0.000075 -0.000323
v 0.001757 -0.000099 -0.000321
v 0.001763 -0.000099 -0.000320
v 0.001757 -0.000121 -0.000330
v 0.001763 -0.000122 -0.000329
v 0.001759 -0.000136 -0.000349
v 0.001765 -0.000137 -0.000348
v 0.001760 -0.000139 -0.000372
v 0.001766 -0.000140 -0.000372
v 0.001760 -0.000130 -0.000394
v 0.001767 -0.000131 -0.000395
v 0.001760 -0.000112 -0.000408
v 0.001767 -0.000112 -0.000410
v 0.001760 -0.000089 -0.000412
v 0.001766 -0.000088 -0.000413
v 0.001761 -0.000067 -0.000403
v 0.001760 -0.000072 -0.000406
v 0.001766 -0.000072 -0.000407
v 0.001766 -0.000066 -0.000404
v 0.001761 -0.000052 -0.000384
v 0.001766 -0.000051 -0.000385
v 0.001760 -0.000049 -0.000361
v 0.001766 -0.000047 -0.000361
v 0.001766 -0.000053 -0.000336
v 0.001765 -0.000074 -0.000320
v 0.001765 -0.000100 -0.000316
v 0.001766 -0.000124 -0.000326
v 0.001768 -0.000140 -0.000347
v 0.001769 -0.000144 -0.000372
v 0.001770 -0.000134 -0.000397
v 0.001769 -0.000114 -0.000413
v 0.001769 -0.000088 -0.000417
v 0.001769 -0.000071 -0.000411
v 0.001769 -0.000064 -0.000407
v 0.001768 -0.000047 -0.000386
v 0.001768 -0.000044 -0.000361
v 0.002725 -0.000074 -0.000320
v 0.002726 -0.000053 -0.000336
v 0.002724 -0.000051 -0.000334
v 0.002722 -0.000073 -0.000317
v 0.002724 -0.000100 -0.000316
v 0.002722 -0.000100 -0.000313
v 0.002726 -0.000124 -0.000326
v 0.002723 -0.000126 -0.000323
v 0.002727 -0.000140 -0.000347
v 0.002725 -0.000144 -0.000345
v 0.002729 -0.000144 -0.000372
v 0.002727 -0.000148 -0.000373
v 0.002729 -0.000134 -0.000397
v 0.002727 -0.000137 -0.000399
v 0.002729 -0.000114 -0.000413
v 0.002727 -0.000115 -0.000416
v 0.002729 -0.000088 -0.000417
v 0.002726 -0.000087 -0.000420
v 0.002728 -0.000064 -0.000407
v 0.002728 -0.000071 -0.000411
v 0.002726 -0.000071 -0.000414
v 0.002726 -0.000062 -0.000410
v 0.002728 -0.000047 -0.000386
v 0.002726 -0.000044 -0.000388
v 0.002728 -0.000044 -0.000361
v 0.002725 -0.000040 -0.000360
v 0.001763 -0.000073 -0.000317
v 0.001764 -0.000051 -0.000334
v 0.001759 -0.000049 -0.000333
v 0.001757 -0.000072 -0.000316
v 0.001762 -0.000100 -0.000313
v 0.001756 -0.000100 -0.000311
v 0.001763 -0.000126 -0.000323
v 0.001757 -0.000127 -0.000322
v 0.001765 -0.000144 -0.000345
v 0.001759 -0.000145 -0.000345
v 0.001767 -0.000148 -0.000373
v 0.001761 -0.000149 -0.000373
v 0.001767 -0.000137 -0.000399
v 0.001761 -0.000138 -0.000400
v 0.001767 -0.000115 -0.000416
v 0.001761 -0.000116 -0.000418
v 0.001766 -0.000087 -0.000420
v 0.001760 -0.000087 -0.000422
v 0.001766 -0.000062 -0.000410
v 0.001766 -0.000071 -0.000414
v 0.001760 -0.000071 -0.000416
v 0.001761 -0.000061 -0.000411
v 0.001766 -0.000044 -0.000388
v 0.001761 -0.000043 -0.000388
v 0.001766 -0.000040 -0.000360
v 0.001760 -0.000039 -0.000360
v 0.001753 -0.000051 -0.000334
v 0.001751 -0.000073 -0.000317
v 0.001750 -0.000100 -0.000313
v 0.001750 -0.000126 -0.000323
v 0.001752 -0.000144 -0.000345
v 0.001754 -0.000148 -0.000373
v 0.001754 -0.000137 -0.000399
v 0.001754 -0.000115 -0.000416
v 0.001754 -0.000087 -0.000420
v 0.001755 -0.000071 -0.000414
v 0.001755 -0.000062 -0.000410
v 0.001755 -0.000044 -0.000388
v 0.001755 -0.000040 -0.000360
v 0.001751 -0.000053 -0.000336
v 0.001749 -0.000074 -0.000320
v 0.001748 -0.000100 -0.000316
v 0.001748 -0.000124 -0.000326
v 0.001749 -0.000140 -0.000347
v 0.001751 -0.000144 -0.000372
v 0.001751 -0.000134 -0.000397
v 0.001752 -0.000114 -0.000413
v 0.001752 -0.000088 -0.000417
v 0.001752 -0.000071 -0.000411
v 0.001752 -0.000064 -0.000407
v 0.001753 -0.000047 -0.000386
v 0.001753 -0.000044 -0.000361
v 0.001753 -0.000056 -0.000338
v 0.001752 -0.000075 -0.000323
v 0.001751 -0.000099 -0.000320
v 0.001751 -0.000122 -0.000329
v 0.001752 -0.000137 -0.000348
v 0.001753 -0.000140 -0.000372
v 0.001754 -0.000131 -0.000395
v 0.001754 -0.000112 -0.000410
v 0.001754 -0.000088 -0.000413
v 0.001755 -0.000072 -0.000407
v 0.001755 -0.000066 -0.000404
v 0.001755 -0.000051 -0.000385
v 0.001755 -0.000047 -0.000361
v 0.001672 -0.000090 -0.000413
v 0.001673 -0.000086 -0.000411
v 0.001670 -0.000086 -0.000413
v 0.001668 -0.000090 -0.000414
v 0.001672 -0.000091 -0.000417
v 0.001663 -0.000091 -0.000417
v 0.001672 -0.000089 -0.000420
v 0.001658 -0.000089 -0.000419
v 0.001673 -0.000084 -0.000421
v 0.001657 -0.000084 -0.000419
v 0.001673 -0.000080 -0.000419
v 0.001659 -0.000080 -0.000418
v 0.001673 -0.000079 -0.000415
v 0.001664 -0.000079 -0.000415
v 0.001673 -0.000081 -0.000412
v 0.001669 -0.000081 -0.000413
v 0.001670 -0.000090 -0.000376
v 0.001668 -0.000094 -0.000378
v 0.001663 -0.000096 -0.000380
v 0.001658 -0.000093 -0.000382
v 0.001657 -0.000089 -0.000383
v 0.001659 -0.000084 -0.000381
v 0.001664 -0.000083 -0.000379
v 0.001669 -0.000085 -0.000377
v 0.001760 -0.000081 -0.000409
v 0.001765 -0.000083 -0.000411
v 0.001767 -0.000083 -0.000415
v 0.002727 -0.000083 -0.000415
v 0.002725 -0.000082 -0.000418
v 0.001765 -0.000082 -0.000418
v 0.001760 -0.000080 -0.000419
v 0.001755 -0.000077 -0.000417
v 0.001753 -0.000077 -0.000413
v 0.001755 -0.000078 -0.000410
v 0.001756 -0.000090 -0.000413
v 0.001749 -0.000086 -0.000411
v 0.001758 -0.000091 -0.000417
v 0.001756 -0.000089 -0.000420
v 0.001749 -0.000084 -0.000421
v 0.001746 -0.000080 -0.000419
v 0.001744 -0.000079 -0.000415
v 0.001746 -0.000081 -0.000412
v 0.001757 -0.000085 -0.000411
v 0.001762 -0.000086 -0.000412
v 0.001764 -0.000087 -0.000416
v 0.002724 -0.000087 -0.000416
v 0.002722 -0.000085 -0.000419
v 0.002717 -0.000091 -0.000417
v 0.002716 -0.000089 -0.000420
v 0.001762 -0.000085 -0.000419
v 0.001757 -0.000083 -0.000420
v 0.001753 -0.000081 -0.000419
v 0.001751 -0.000080 -0.000415
v 0.001753 -0.000082 -0.000411
v 0.001757 -0.000198 -0.000325
v 0.001759 -0.000179 -0.000339
v 0.001764 -0.000178 -0.000338
v 0.001763 -0.000197 -0.000323
v 0.001757 -0.000221 -0.000321
v 0.001763 -0.000221 -0.000320
v 0.001757 -0.000243 -0.000330
v 0.001763 -0.000244 -0.000329
v 0.001759 -0.000257 -0.000349
v 0.001765 -0.000259 -0.000348
v 0.001760 -0.000261 -0.000372
v 0.001766 -0.000262 -0.000372
v 0.001760 -0.000252 -0.000394
v 0.001767 -0.000253 -0.000395
v 0.001760 -0.000233 -0.000408
v 0.001767 -0.000234 -0.000410
v 0.001760 -0.000210 -0.000412
v 0.001766 -0.000210 -0.000413
v 0.001761 -0.000188 -0.000403
v 0.001760 -0.000194 -0.000406
v 0.001766 -0.000194 -0.000407
v 0.001766 -0.000187 -0.000404
v 0.001761 -0.000174 -0.000384
v 0.001766 -0.000172 -0.000385
v 0.001760 -0.000170 -0.000361
v 0.001766 -0.000169 -0.000361
v 0.001766 -0.000175 -0.000336
v 0.001765 -0.000196 -0.000320
v 0.001765 -0.000221 -0.000316
v 0.001766 -0.000246 -0.000326
v 0.001768 -0.000262 -0.000347
v 0.001769 -0.000266 -0.000372
v 0.001770 -0.000256 -0.000397
v 0.001769 -0.000235 -0.000413
v 0.001769 -0.000210 -0.000417
v 0.001769 -0.000193 -0.000411
v 0.001769 -0.000185 -0.000407
v 0.001768 -0.000169 -0.000386
v 0.001768 -0.000165 -0.000361
v 0.002725 -0.000196 -0.000320
v 0.002726 -0.000175 -0.000336
v 0.002724 -0.000172 -0.000334
v 0.002722 -0.000194 -0.000317
v 0.002724 -0.000221 -0.000316
v 0.002722 -0.000222 -0.000313
v 0.002726 -0.000246 -0.000326
v 0.002723 -0.000248 -0.000323
v 0.002727 -0.000262 -0.000347
v 0.002725 -0.000265 -0.000345
v 0.002729 -0.000266 -0.000372
v 0.002726 -0.000269 -0.000373
v 0.002729 -0.000256 -0.000397
v 0.002727 -0.000259 -0.000399
v 0.002729 -0.000235 -0.000413
v 0.002727 -0.000237 -0.000416
v 0.002729 -0.000210 -0.000417
v 0.002726 -0.000209 -0.000420
v 0.002728 -0.000185 -0.000407
v 0.002728 -0.000193 -0.000411
v 0.002726 -0.000193 -0.000414
v 0.002726 -0.000183 -0.000410
v 0.002728 -0.000169 -0.000386
v 0.002726 -0.000166 -0.000388
v 0.002728 -0.000165 -0.000361
v 0.002725 -0.000162 -0.000360
v 0.001763 -0.000194 -0.000317
v 0.001764 -0.000172 -0.000334
v 0.001759 -0.000171 -0.000333
v 0.001757 -0.000194 -0.000316
v 0.001762 -0.000222 -0.000313
v 0.001756 -0.000222 -0.000311
v 0.001763 -0.000248 -0.000323
v 0.001757 -0.000249 -0.000322
v 0.001765 -0.000265 -0.000345
v 0.001758 -0.000267 -0.000345
v 0.001767 -0.000269 -0.000373
v 0.001760 -0.000271 -0.000373
v 0.001767 -0.000259 -0.000399
v 0.001761 -0.000260 -0.000400
v 0.001767 -0.000237 -0.000416
v 0.001761 -0.000237 -0.000418
v 0.001766 -0.000209 -0.000420
v 0.001760 -0.000209 -0.000422
v 0.001766 -0.000183 -0.000410
v 0.001766 -0.000193 -0.000414
v 0.001760 -0.000192 -0.000416
v 0.001761 -0.000182 -0.000411
v 0.001766 -0.000166 -0.000388
v 0.001761 -0.000164 -0.000388
v 0.001766 -0.000162 -0.000360
v 0.001760 -0.000160 -0.000360
v 0.001753 -0.000172 -0.000334
v 0.001751 -0.000194 -0.000317
v 0.001750 -0.000222 -0.000313
v 0.001750 -0.000248 -0.000323
v 0.001752 -0.000265 -0.000345
v 0.001753 -0.000269 -0.000373
v 0.001754 -0.000259 -0.000399
v 0.001754 -0.000237 -0.000416
v 0.001754 -0.000209 -0.000420
v 0.001755 -0.000193 -0.000414
v 0.001755 -0.000183 -0.000410
v 0.001755 -0.000166 -0.000388
v 0.001755 -0.000162 -0.000360
v 0.001751 -0.000175 -0.000336
v 0.001749 -0.000196 -0.000320
v 0.001748 -0.000221 -0.000316
v 0.001748 -0.000246 -0.000326
v 0.001749 -0.000262 -0.000347
v 0.001751 -0.000266 -0.000372
v 0.001751 -0.000256 -0.000397
v 0.001752 -0.000235 -0.000413
v 0.001752 -0.000210 -0.000417
v 0.001752 -0.000193 -0.000411
v 0.001752 -0.000185 -0.000407
v 0.001753 -0.000169 -0.000386
v 0.001753 -0.000165 -0.000361
v 0.001753 -0.000178 -0.000338
v 0.001752 -0.000197 -0.000323
v 0.001751 -0.000221 -0.000320
v 0.001751 -0.000244 -0.000329
v 0.001752 -0.000259 -0.000348
v 0.001753 -0.000262 -0.000372
v 0.001754 -0.000253 -0.000395
v 0.001754 -0.000234 -0.000410
v 0.001754 -0.000210 -0.000413
v 0.001755 -0.000194 -0.000407
v 0.001755 -0.000187 -0.000404
v 0.001755 -0.000172 -0.000385
v 0.001755 -0.000169 -0.000361
v 0.001672 -0.000212 -0.000413
v 0.001673 -0.000208 -0.000411
v 0.001670 -0.000207 -0.000413
v 0.001668 -0.000212 -0.000414
v 0.001672 -0.000213 -0.000417
v 0.001663 -0.000213 -0.000417
v 0.001672 -0.000211 -0.000420
v 0.001658 -0.000211 -0.000419
v 0.001673 -0.000206 -0.000421
v 0.001657 -0.000206 -0.000419
v 0.001673 -0.000202 -0.000419
v 0.001659 -0.000202 -0.000418
v 0.001673 -0.000200 -0.000415
v 0.001664 -0.000200 -0.000415
v 0.001673 -0.000203 -0.000412
v 0.001669 -0.000203 -0.000413
v 0.001670 -0.000212 -0.000376
v 0.001668 -0.000216 -0.000378
v 0.001663 -0.000217 -0.000380
v 0.001658 -0.000215 -0.000382
v 0.001657 -0.000210 -0.000383
v 0.001659 -0.000206 -0.000381
v 0.001664 -0.000205 -0.000379
v 0.001669 -0.000207 -0.000377
v 0.001760 -0.000203 -0.000409
v 0.001765 -0.000205 -0.000411
v 0.001767 -0.000205 -0.000415
v 0.002727 -0.000205 -0.000415
v 0.002725 -0.000203 -0.000418
v 0.001765 -0.000203 -0.000418
v 0.001760 -0.000202 -0.000419
v 0.001755 -0.000199 -0.000417
v 0.001753 -0.000198 -0.000413
v 0.001755 -0.000200 -0.000410
v 0.001756 -0.000212 -0.000413
v 0.001749 -0.000208 -0.000411
v 0.001758 -0.000213 -0.000417
v 0.001756 -0.000211 -0.000420
v 0.001749 -0.000206 -0.000421
v 0.001746 -0.000202 -0.000419
v 0.001744 -0.000200 -0.000415
v 0.001746 -0.000203 -0.000412
v 0.001757 -0.000206 -0.000411
v 0.001762 -0.000208 -0.000412
v 0.001764 -0.000208 -0.000416
v 0.002724 -0.000208 -0.000416
v 0.002722 -0.000207 -0.000419
v 0.002717 -0.000213 -0.000417
v 0.002716 -0.000211 -0.000420
v 0.001762 -0.000207 -0.000419
v 0.001757 -0.000205 -0.000420
v 0.001753 -0.000202 -0.000419
v 0.001751 -0.000202 -0.000415
v 0.001753 -0.000203 -0.000411
v 0.001812 0.000480 -0.000421
v 0.001494 -0.000346 -0.000421
v 0.001851 -0.000428 -0.000421
v 0.001912 -0.000385 -0.000421
v 0.001869 -0.000403 -0.000421
v 0.001851 -0.000446 -0.000421
v 0.001838 -0.000705 -0.000421
v 0.001851 -0.000674 -0.000421
v 0.001851 -0.000656 -0.000421
v 0.001833 -0.000700 -0.000421
v 0.001789 -0.000718 -0.000421
v 0.001556 -0.000718 -0.000421
v 0.001512 -0.000700 -0.000421
v 0.001494 -0.000656 -0.000421
v 0.001494 0.000419 -0.000421
v 0.001512 0.000462 -0.000421
v 0.001556 0.000480 -0.000421
v 0.003128 -0.000323 -0.000421
v 0.003110 -0.000367 -0.000421
v 0.003067 -0.000385 -0.000421
v 0.003067 0.000480 -0.000421
v 0.003110 0.000462 -0.000421
v 0.003128 0.000419 -0.000421
v 0.001575 -0.000346 -0.000264
v 0.001545 -0.000346 -0.000276
v 0.001533 -0.000346 -0.000306
v 0.001533 -0.000618 -0.000306
v 0.001545 -0.000615 -0.000276
v 0.001575 -0.000609 -0.000264
v 0.001812 0.000400 -0.000264
v 0.001812 0.000429 -0.000276
v 0.001812 0.000442 -0.000306
v 0.001594 0.000442 -0.000306
v 0.001597 0.000429 -0.000276
v 0.001603 0.000400 -0.000264
v 0.001770 -0.000610 -0.000264
v 0.001800 -0.000615 -0.000276
v 0.001812 -0.000618 -0.000306
v 0.001812 -0.000408 -0.000306
v 0.001800 -0.000405 -0.000276
v 0.001770 -0.000399 -0.000264
v 0.001865 -0.000304 -0.000264
v 0.001871 -0.000334 -0.000276
v 0.001873 -0.000346 -0.000306
v 0.003028 -0.000346 -0.000306
v 0.003026 -0.000334 -0.000276
v 0.003020 -0.000304 -0.000264
v 0.001751 -0.000679 -0.000306
v 0.001748 -0.000667 -0.000276
v 0.001742 -0.000637 -0.000264
v 0.001602 -0.000637 -0.000264
v 0.001597 -0.000667 -0.000276
v 0.001594 -0.000679 -0.000306
v 0.003021 0.000399 -0.000264
v 0.003026 0.000429 -0.000276
v 0.003028 0.000442 -0.000306
v 0.003090 0.000380 -0.000306
v 0.003077 0.000378 -0.000276
v 0.003048 0.000372 -0.000264
v 0.003048 -0.000277 -0.000264
v 0.003077 -0.000282 -0.000276
v 0.003090 -0.000285 -0.000306
v 0.001575 0.000372 -0.000264
v 0.001545 0.000378 -0.000276
v 0.001533 0.000380 -0.000306
v 0.001798 -0.000332 -0.000264
v 0.001821 -0.000355 -0.000276
v 0.001830 -0.000364 -0.000306
v 0.001762 -0.000629 -0.000264
v 0.001784 -0.000652 -0.000276
v 0.001794 -0.000661 -0.000306
v 0.001583 -0.000629 -0.000264
v 0.001560 -0.000652 -0.000276
v 0.001551 -0.000661 -0.000306
v 0.001583 0.000392 -0.000264
v 0.001560 0.000414 -0.000276
v 0.001551 0.000424 -0.000306
v 0.003040 -0.000296 -0.000264
v 0.003062 -0.000319 -0.000276
v 0.003072 -0.000328 -0.000306
v 0.003040 0.000391 -0.000264
v 0.003062 0.000414 -0.000276
v 0.003072 0.000424 -0.000306
v 0.006403 0.001497 -0.000233
v 0.006412 0.001372 -0.000233
v 0.006343 0.001271 -0.000233
v 0.006163 0.001266 -0.000233
v 0.005939 0.001267 -0.000233
v 0.005716 0.001214 -0.000233
v 0.005537 0.001111 -0.000233
v 0.005367 0.000931 -0.000233
v 0.005291 0.000742 -0.000233
v 0.005310 0.000560 -0.000233
v 0.005508 0.000332 -0.000233
v 0.005832 0.000333 -0.000233
v 0.005832 -0.000437 -0.000233
v 0.005079 -0.000450 -0.000233
v 0.004869 -0.000507 -0.000233
v 0.004781 -0.000581 -0.000233
v 0.004677 -0.000733 -0.000233
v 0.004623 -0.000875 -0.000233
v 0.004650 -0.001048 -0.000233
v 0.004737 -0.001205 -0.000233
v 0.004841 -0.001316 -0.000233
v 0.004996 -0.001422 -0.000233
v 0.005183 -0.001487 -0.000233
v 0.005357 -0.001518 -0.000233
v 0.005434 -0.001559 -0.000233
v 0.005482 -0.001656 -0.000233
v 0.005450 -0.001765 -0.000233
v 0.005263 -0.001870 -0.000233
v 0.005023 -0.001936 -0.000233
v 0.004791 -0.001940 -0.000233
v 0.004603 -0.001908 -0.000233
v 0.004291 -0.001788 -0.000233
v 0.003952 -0.001665 -0.000233
v 0.003594 -0.001598 -0.000233
v 0.003325 -0.001639 -0.000233
v 0.003052 -0.001742 -0.000233
v 0.002732 -0.001918 -0.000233
v 0.002417 -0.002071 -0.000233
v 0.002046 -0.002216 -0.000233
v 0.001682 -0.002253 -0.000233
v 0.001324 -0.002255 -0.000233
v 0.000945 -0.002172 -0.000233
v 0.000705 -0.001979 -0.000233
v 0.000445 -0.001721 -0.000233
v 0.000296 -0.001391 -0.000233
v 0.000231 -0.001005 -0.000233
v 0.000189 -0.000652 -0.000233
v 0.000161 -0.000071 -0.000233
v 0.000168 0.000404 -0.000233
v 0.000233 0.000766 -0.000233
v 0.000343 0.001140 -0.000233
v 0.000475 0.001405 -0.000233
v 0.000645 0.001666 -0.000233
v 0.000868 0.001861 -0.000233
v 0.001079 0.001988 -0.000233
v 0.001350 0.002087 -0.000233
v 0.001585 0.002148 -0.000233
v 0.001889 0.002140 -0.000233
v 0.002198 0.002071 -0.000233
v 0.002498 0.001951 -0.000233
v 0.004509 0.001430 -0.000233
v 0.004884 0.001582 -0.000233
v 0.005311 0.001721 -0.000233
v 0.005614 0.001757 -0.000233
v 0.006008 0.001717 -0.000233
v 0.006244 0.001624 -0.000233
v 0.005489 -0.000437 -0.000233
v 0.006403 0.001497 -0.000136
v 0.006412 0.001372 -0.000136
v 0.006343 0.001271 -0.000136
v 0.006163 0.001266 -0.000136
v 0.005939 0.001267 -0.000136
v 0.005716 0.001214 -0.000136
v 0.005537 0.001111 -0.000136
v 0.005367 0.000931 -0.000136
v 0.005291 0.000742 -0.000136
v 0.005310 0.000560 -0.000136
v 0.005508 0.000332 -0.000136
v 0.005832 0.000333 -0.000136
v 0.005832 -0.000437 -0.000136
v 0.005489 -0.000437 -0.000136
v 0.005079 -0.000450 -0.000136
v 0.004869 -0.000507 -0.000136
v 0.004781 -0.000581 -0.000136
v 0.004677 -0.000733 -0.000136
v 0.004623 -0.000875 -0.000136
v 0.004650 -0.001048 -0.000136
v 0.004737 -0.001205 -0.000136
v 0.004841 -0.001316 -0.000136
v 0.004996 -0.001422 -0.000136
v 0.005183 -0.001487 -0.000136
v 0.005357 -0.001518 -0.000136
v 0.005434 -0.001559 -0.000136
v 0.005482 -0.001656 -0.000136
v 0.005450 -0.001765 -0.000136
v 0.005263 -0.001870 -0.000136
v 0.005023 -0.001936 -0.000136
v 0.004791 -0.001940 -0.000136
v 0.004603 -0.001908 -0.000136
v 0.004291 -0.001788 -0.000136
v 0.003952 -0.001665 -0.000136
v 0.003594 -0.001598 -0.000136
v 0.003325 -0.001639 -0.000136
v 0.003052 -0.001742 -0.000136
v 0.002732 -0.001918 -0.000136
v 0.002417 -0.002071 -0.000136
v 0.002046 -0.002216 -0.000136
v 0.001682 -0.002253 -0.000136
v 0.001324 -0.002255 -0.000136
v 0.000945 -0.002172 -0.000136
v 0.000705 -0.001979 -0.000136
v 0.000445 -0.001721 -0.000136
v 0.000296 -0.001391 -0.000136
v 0.000231 -0.001005 -0.000136
v 0.000189 -0.000652 -0.000136
v 0.000161 -0.000071 -0.000136
v 0.000168 0.000404 -0.000136
v 0.000233 0.000766 -0.000136
v 0.000343 0.001140 -0.000136
v 0.000475 0.001405 -0.000136
v 0.000645 0.001666 -0.000136
v 0.000868 0.001861 -0.000136
v 0.001079 0.001988 -0.000136
v 0.001350 0.002087 -0.000136
v 0.001585 0.002148 -0.000136
v 0.001889 0.002140 -0.000136
v 0.002198 0.002071 -0.000136
v 0.002498 0.001951 -0.000136
v 0.004482 0.001405 -0.000137
v 0.004884 0.001582 -0.000136
v 0.005311 0.001721 -0.000136
v 0.005614 0.001757 -0.000136
v 0.006008 0.001717 -0.000136
v 0.006244 0.001624 -0.000136
v 0.004459 0.001372 -0.000001
v 0.004455 0.001385 -0.000003
v 0.004452 0.001396 -0.000010
v 0.004450 0.001403 -0.000021
v 0.004449 0.001405 -0.000033
v 0.004094 0.001293 -0.000001
v 0.004093 0.001306 -0.000003
v 0.004092 0.001318 -0.000010
v 0.004092 0.001325 -0.000021
v 0.004091 0.001328 -0.000033
v 0.006370 0.001478 -0.000001
v 0.006382 0.001485 -0.000003
v 0.006393 0.001491 -0.000010
v 0.006400 0.001495 -0.000021
v 0.006403 0.001497 -0.000033
v 0.006376 0.001385 -0.000001
v 0.006390 0.001380 -0.000003
v 0.006401 0.001376 -0.000010
v 0.006409 0.001373 -0.000021
v 0.006412 0.001372 -0.000033
v 0.004895 0.001549 -0.000001
v 0.004891 0.001562 -0.000003
v 0.004887 0.001572 -0.000010
v 0.004885 0.001579 -0.000021
v 0.004884 0.001582 -0.000033
v 0.005318 0.001687 -0.000001
v 0.005315 0.001700 -0.000003
v 0.005313 0.001711 -0.000010
v 0.005311 0.001719 -0.000021
v 0.005311 0.001721 -0.000033
v 0.005484 0.000334 -0.000001
v 0.005493 0.000334 -0.000003
v 0.005501 0.000334 -0.000010
v 0.005506 0.000334 -0.000021
v 0.005508 0.000334 -0.000033
v 0.005614 0.001722 -0.000001
v 0.005614 0.001736 -0.000003
v 0.005614 0.001747 -0.000010
v 0.005614 0.001754 -0.000021
v 0.005614 0.001757 -0.000033
v 0.005277 0.000570 -0.000001
v 0.005290 0.000575 -0.000003
v 0.005300 0.000579 -0.000010
v 0.005308 0.000582 -0.000021
v 0.005310 0.000560 -0.000033
v 0.005998 0.001684 -0.000001
v 0.006002 0.001696 -0.000003
v 0.006005 0.001707 -0.000010
v 0.006007 0.001714 -0.000021
v 0.006008 0.001717 -0.000033
v 0.005256 0.000747 -0.000001
v 0.005270 0.000745 -0.000003
v 0.005281 0.000744 -0.000010
v 0.005289 0.000742 -0.000021
v 0.005291 0.000742 -0.000033
v 0.006227 0.001595 -0.000001
v 0.006233 0.001606 -0.000003
v 0.006239 0.001616 -0.000010
v 0.006243 0.001622 -0.000021
v 0.006244 0.001624 -0.000033
v 0.005338 0.000950 -0.000001
v 0.005349 0.000942 -0.000003
v 0.005359 0.000936 -0.000010
v 0.005365 0.000932 -0.000021
v 0.005367 0.000931 -0.000033
v 0.005516 0.001139 -0.000001
v 0.005524 0.001128 -0.000003
v 0.005531 0.001119 -0.000010
v 0.005536 0.001113 -0.000021
v 0.005537 0.001111 -0.000033
v 0.006328 0.001306 -0.000001
v 0.006334 0.001292 -0.000003
v 0.006338 0.001281 -0.000010
v 0.006341 0.001274 -0.000021
v 0.006343 0.001271 -0.000033
v 0.004677 -0.000733 -0.000033
v 0.004674 -0.000732 -0.000021
v 0.004667 -0.000728 -0.000010
v 0.004657 -0.000723 -0.000003
v 0.004645 -0.000717 -0.000001
v 0.004755 -0.000557 -0.000001
v 0.004765 -0.000566 -0.000003
v 0.004773 -0.000574 -0.000010
v 0.004779 -0.000579 -0.000021
v 0.004781 -0.000581 -0.000033
v 0.006160 0.001300 -0.000001
v 0.006161 0.001287 -0.000003
v 0.006162 0.001276 -0.000010
v 0.006163 0.001269 -0.000021
v 0.006163 0.001266 -0.000033
v 0.004853 -0.000475 -0.000001
v 0.004859 -0.000487 -0.000003
v 0.004864 -0.000497 -0.000010
v 0.004868 -0.000504 -0.000021
v 0.004869 -0.000507 -0.000033
v 0.005933 0.001301 -0.000001
v 0.005935 0.001288 -0.000003
v 0.005937 0.001277 -0.000010
v 0.005938 0.001270 -0.000021
v 0.005939 0.001267 -0.000033
v 0.005074 -0.000416 -0.000001
v 0.005076 -0.000429 -0.000003
v 0.005077 -0.000440 -0.000010
v 0.005078 -0.000447 -0.000021
v 0.005079 -0.000450 -0.000033
v 0.005704 0.001247 -0.000001
v 0.005709 0.001234 -0.000003
v 0.005713 0.001224 -0.000010
v 0.005715 0.001217 -0.000021
v 0.005716 0.001214 -0.000033
v 0.004623 -0.000875 -0.000033
v 0.004620 -0.000875 -0.000021
v 0.004612 -0.000874 -0.000010
v 0.004601 -0.000873 -0.000003
v 0.004587 -0.000872 -0.000001
v 0.004650 -0.001048 -0.000033
v 0.004647 -0.001049 -0.000021
v 0.004640 -0.001051 -0.000010
v 0.004629 -0.001055 -0.000003
v 0.004616 -0.001059 -0.000001
v 0.004737 -0.001205 -0.000033
v 0.004735 -0.001206 -0.000021
v 0.004729 -0.001210 -0.000010
v 0.004720 -0.001217 -0.000003
v 0.004709 -0.001224 -0.000001
v 0.004841 -0.001316 -0.000033
v 0.004839 -0.001318 -0.000021
v 0.004834 -0.001324 -0.000010
v 0.004827 -0.001332 -0.000003
v 0.004818 -0.001342 -0.000001
v 0.004996 -0.001422 -0.000033
v 0.004995 -0.001424 -0.000021
v 0.004991 -0.001431 -0.000010
v 0.004986 -0.001441 -0.000003
v 0.004980 -0.001453 -0.000001
v 0.005183 -0.001487 -0.000033
v 0.005182 -0.001489 -0.000021
v 0.005180 -0.001497 -0.000010
v 0.005177 -0.001508 -0.000003
v 0.005174 -0.001520 -0.000001
v 0.005357 -0.001518 -0.000033
v 0.005356 -0.001521 -0.000021
v 0.005354 -0.001528 -0.000010
v 0.005350 -0.001539 -0.000003
v 0.005346 -0.001551 -0.000001
v 0.005434 -0.001559 -0.000033
v 0.005432 -0.001561 -0.000021
v 0.005426 -0.001566 -0.000010
v 0.005418 -0.001574 -0.000003
v 0.005408 -0.001584 -0.000001
v 0.005482 -0.001656 -0.000033
v 0.005479 -0.001656 -0.000021
v 0.005471 -0.001657 -0.000010
v 0.005459 -0.001658 -0.000003
v 0.005445 -0.001659 -0.000001
v 0.005450 -0.001765 -0.000033
v 0.005448 -0.001763 -0.000021
v 0.005442 -0.001758 -0.000010
v 0.005433 -0.001750 -0.000003
v 0.005421 -0.001742 -0.000001
v 0.005263 -0.001870 -0.000033
v 0.005262 -0.001868 -0.000021
v 0.005259 -0.001861 -0.000010
v 0.005255 -0.001850 -0.000003
v 0.005250 -0.001838 -0.000001
v 0.005023 -0.001936 -0.000033
v 0.005023 -0.001933 -0.000021
v 0.005022 -0.001926 -0.000010
v 0.005020 -0.001915 -0.000003
v 0.005018 -0.001901 -0.000001
v 0.004791 -0.001940 -0.000033
v 0.004792 -0.001938 -0.000021
v 0.004792 -0.001930 -0.000010
v 0.004793 -0.001919 -0.000003
v 0.004794 -0.001906 -0.000001
v 0.004603 -0.001908 -0.000033
v 0.004604 -0.001905 -0.000021
v 0.004606 -0.001898 -0.000010
v 0.004609 -0.001887 -0.000003
v 0.004613 -0.001874 -0.000001
v 0.004291 -0.001788 -0.000033
v 0.004292 -0.001786 -0.000021
v 0.004294 -0.001779 -0.000010
v 0.004298 -0.001768 -0.000003
v 0.004303 -0.001756 -0.000001
v 0.003952 -0.001665 -0.000033
v 0.003953 -0.001662 -0.000021
v 0.003955 -0.001655 -0.000010
v 0.003958 -0.001644 -0.000003
v 0.003962 -0.001631 -0.000001
v 0.003594 -0.001598 -0.000033
v 0.003595 -0.001596 -0.000021
v 0.003595 -0.001588 -0.000010
v 0.003595 -0.001577 -0.000003
v 0.003595 -0.001563 -0.000001
v 0.003325 -0.001639 -0.000033
v 0.003324 -0.001636 -0.000021
v 0.003322 -0.001629 -0.000010
v 0.003319 -0.001618 -0.000003
v 0.003316 -0.001605 -0.000001
v 0.003052 -0.001742 -0.000033
v 0.003051 -0.001740 -0.000021
v 0.003048 -0.001733 -0.000010
v 0.003044 -0.001723 -0.000003
v 0.003038 -0.001711 -0.000001
v 0.002732 -0.001918 -0.000033
v 0.002731 -0.001915 -0.000021
v 0.002727 -0.001909 -0.000010
v 0.002722 -0.001899 -0.000003
v 0.002716 -0.001887 -0.000001
v 0.002417 -0.002071 -0.000033
v 0.002416 -0.002069 -0.000021
v 0.002413 -0.002062 -0.000010
v 0.002409 -0.002052 -0.000003
v 0.002403 -0.002039 -0.000001
v 0.002046 -0.002216 -0.000033
v 0.002046 -0.002213 -0.000021
v 0.002044 -0.002206 -0.000010
v 0.002042 -0.002195 -0.000003
v 0.002039 -0.002182 -0.000001
v 0.001682 -0.002253 -0.000033
v 0.001681 -0.002250 -0.000021
v 0.001681 -0.002243 -0.000010
v 0.001681 -0.002232 -0.000003
v 0.001680 -0.002219 -0.000001
v 0.001324 -0.002255 -0.000033
v 0.001324 -0.002253 -0.000021
v 0.001325 -0.002245 -0.000010
v 0.001326 -0.002234 -0.000003
v 0.001328 -0.002221 -0.000001
v 0.000945 -0.002172 -0.000033
v 0.000946 -0.002169 -0.000021
v 0.000949 -0.002163 -0.000010
v 0.000955 -0.002152 -0.000003
v 0.000961 -0.002140 -0.000001
v 0.000705 -0.001979 -0.000033
v 0.000707 -0.001977 -0.000021
v 0.000712 -0.001971 -0.000010
v 0.000720 -0.001963 -0.000003
v 0.000729 -0.001954 -0.000001
v 0.000445 -0.001721 -0.000033
v 0.000447 -0.001719 -0.000021
v 0.000453 -0.001715 -0.000010
v 0.000463 -0.001709 -0.000003
v 0.000474 -0.001701 -0.000001
v 0.000296 -0.001391 -0.000033
v 0.000299 -0.001390 -0.000021
v 0.000306 -0.001388 -0.000010
v 0.000317 -0.001385 -0.000003
v 0.000330 -0.001381 -0.000001
v 0.000231 -0.001005 -0.000033
v 0.000234 -0.001005 -0.000021
v 0.000241 -0.001004 -0.000010
v 0.000252 -0.001002 -0.000003
v 0.000265 -0.001001 -0.000001
v 0.000189 -0.000652 -0.000033
v 0.000192 -0.000652 -0.000021
v 0.000199 -0.000651 -0.000010
v 0.000211 -0.000651 -0.000003
v 0.000224 -0.000650 -0.000001
v 0.000161 -0.000071 -0.000033
v 0.000164 -0.000071 -0.000021
v 0.000172 -0.000071 -0.000010
v 0.000183 -0.000071 -0.000003
v 0.000196 -0.000071 -0.000001
v 0.000168 0.000404 -0.000033
v 0.000171 0.000403 -0.000021
v 0.000178 0.000402 -0.000010
v 0.000190 0.000401 -0.000003
v 0.000203 0.000399 -0.000001
v 0.000233 0.000766 -0.000033
v 0.000236 0.000765 -0.000021
v 0.000243 0.000764 -0.000010
v 0.000254 0.000761 -0.000003
v 0.000267 0.000757 -0.000001
v 0.000343 0.001140 -0.000033
v 0.000345 0.001139 -0.000021
v 0.000352 0.001136 -0.000010
v 0.000362 0.001132 -0.000003
v 0.000374 0.001127 -0.000001
v 0.000475 0.001405 -0.000033
v 0.000477 0.001404 -0.000021
v 0.000484 0.001400 -0.000010
v 0.000493 0.001394 -0.000003
v 0.000505 0.001388 -0.000001
v 0.000645 0.001666 -0.000033
v 0.000647 0.001664 -0.000021
v 0.000652 0.001659 -0.000010
v 0.000660 0.001651 -0.000003
v 0.000670 0.001642 -0.000001
v 0.000868 0.001861 -0.000033
v 0.000869 0.001859 -0.000021
v 0.000874 0.001852 -0.000010
v 0.000880 0.001843 -0.000003
v 0.000887 0.001832 -0.000001
v 0.001079 0.001988 -0.000033
v 0.001080 0.001985 -0.000021
v 0.001083 0.001979 -0.000010
v 0.001088 0.001968 -0.000003
v 0.001093 0.001956 -0.000001
v 0.001350 0.002087 -0.000033
v 0.001351 0.002085 -0.000021
v 0.001353 0.002078 -0.000010
v 0.001356 0.002067 -0.000003
v 0.001360 0.002054 -0.000001
v 0.001585 0.002148 -0.000033
v 0.001585 0.002146 -0.000021
v 0.001586 0.002138 -0.000010
v 0.001587 0.002127 -0.000003
v 0.001588 0.002114 -0.000001
v 0.001889 0.002140 -0.000033
v 0.001888 0.002137 -0.000021
v 0.001887 0.002130 -0.000010
v 0.001886 0.002119 -0.000003
v 0.001884 0.002106 -0.000001
v 0.002198 0.002071 -0.000033
v 0.002197 0.002068 -0.000021
v 0.002195 0.002061 -0.000010
v 0.002192 0.002051 -0.000003
v 0.002188 0.002038 -0.000001
v 0.002498 0.001951 -0.000033
v 0.002497 0.001948 -0.000021
v 0.002494 0.001941 -0.000010
v 0.002489 0.001931 -0.000003
v 0.002484 0.001919 -0.000001
v 0.002868 0.001770 -0.000033
v 0.002867 0.001767 -0.000021
v 0.002863 0.001761 -0.000010
v 0.002858 0.001751 -0.000003
v 0.002852 0.001739 -0.000001
v 0.003265 0.001558 -0.000033
v 0.003263 0.001556 -0.000021
v 0.003260 0.001549 -0.000010
v 0.003255 0.001539 -0.000003
v 0.003249 0.001527 -0.000001
v 0.003573 0.001431 -0.000033
v 0.003572 0.001429 -0.000021
v 0.003569 0.001422 -0.000010
v 0.003565 0.001411 -0.000003
v 0.003560 0.001399 -0.000001
v 0.003758 0.001369 -0.000033
v 0.003757 0.001367 -0.000021
v 0.003755 0.001359 -0.000010
v 0.003752 0.001349 -0.000003
v 0.003748 0.001336 -0.000001
v 0.003961 0.001330 -0.000033
v 0.003960 0.001328 -0.000021
v 0.003959 0.001320 -0.000010
v 0.003958 0.001309 -0.000003
v 0.003956 0.001296 -0.000001
v 0.002846 0.001337 -0.000251
v 0.003022 0.001312 -0.000243
v 0.003212 0.001278 -0.000192
v 0.003412 0.001257 -0.000161
v 0.003617 0.001250 -0.000150
v 0.003822 0.001257 -0.000161
v 0.004021 0.001257 -0.000192
v 0.004211 0.001242 -0.000243
v 0.004326 0.001235 -0.000284
v 0.006371 0.001479 -0.000421
v 0.006387 0.001488 -0.000417
v 0.006399 0.001494 -0.000406
v 0.006403 0.001497 -0.000390
v 0.006378 0.001385 -0.000421
v 0.006395 0.001378 -0.000417
v 0.006407 0.001374 -0.000406
v 0.006412 0.001372 -0.000390
v 0.006228 0.001596 -0.000421
v 0.006236 0.001610 -0.000417
v 0.006242 0.001621 -0.000406
v 0.006244 0.001624 -0.000390
v 0.006328 0.001303 -0.000421
v 0.006335 0.001287 -0.000417
v 0.006341 0.001276 -0.000406
v 0.006343 0.001271 -0.000390
v 0.006000 0.001685 -0.000421
v 0.006004 0.001701 -0.000417
v 0.006007 0.001713 -0.000406
v 0.006008 0.001717 -0.000390
v 0.005516 0.001137 -0.000421
v 0.005527 0.001124 -0.000417
v 0.005534 0.001115 -0.000406
v 0.005537 0.001111 -0.000390
v 0.005339 0.000948 -0.000421
v 0.005353 0.000940 -0.000417
v 0.005364 0.000933 -0.000406
v 0.005367 0.000931 -0.000390
v 0.005704 0.001245 -0.000421
v 0.005710 0.001230 -0.000417
v 0.005714 0.001218 -0.000406
v 0.005716 0.001214 -0.000390
v 0.005258 0.000746 -0.000421
v 0.005275 0.000744 -0.000417
v 0.005287 0.000743 -0.000406
v 0.005291 0.000742 -0.000390
v 0.005487 -0.000404 -0.000421
v 0.005488 -0.000421 -0.000417
v 0.005488 -0.000433 -0.000406
v 0.005489 -0.000437 -0.000390
v 0.005801 0.000316 -0.000421
v 0.005818 0.000324 -0.000417
v 0.005830 0.000330 -0.000406
v 0.005832 0.000333 -0.000390
v 0.005486 0.000308 -0.000421
v 0.005497 0.000320 -0.000417
v 0.005505 0.000329 -0.000406
v 0.005508 0.000332 -0.000390
v 0.004884 0.001582 -0.000390
v 0.004886 0.001578 -0.000406
v 0.004891 0.001567 -0.000417
v 0.004898 0.001552 -0.000421
v 0.005318 0.001689 -0.000421
v 0.005314 0.001705 -0.000417
v 0.005312 0.001717 -0.000406
v 0.005311 0.001721 -0.000390
v 0.005279 0.000570 -0.000421
v 0.005294 0.000576 -0.000417
v 0.005306 0.000581 -0.000406
v 0.005310 0.000560 -0.000390
v 0.005615 0.001724 -0.000421
v 0.005614 0.001740 -0.000417
v 0.005614 0.001753 -0.000406
v 0.005614 0.001757 -0.000390
v 0.006160 0.001299 -0.000421
v 0.006161 0.001282 -0.000417
v 0.006163 0.001270 -0.000406
v 0.006163 0.001266 -0.000390
v 0.004647 -0.000718 -0.000421
v 0.004662 -0.000726 -0.000417
v 0.004673 -0.000731 -0.000406
v 0.004677 -0.000733 -0.000390
v 0.004589 -0.000873 -0.000421
v 0.004606 -0.000874 -0.000417
v 0.004618 -0.000875 -0.000406
v 0.004623 -0.000875 -0.000390
v 0.004756 -0.000558 -0.000421
v 0.004768 -0.000569 -0.000417
v 0.004777 -0.000578 -0.000406
v 0.004781 -0.000581 -0.000390
v 0.004854 -0.000477 -0.000421
v 0.004861 -0.000492 -0.000417
v 0.004867 -0.000503 -0.000406
v 0.004869 -0.000507 -0.000390
v 0.005933 0.001300 -0.000421
v 0.005936 0.001283 -0.000417
v 0.005938 0.001272 -0.000406
v 0.005939 0.001267 -0.000390
v 0.005073 -0.000417 -0.000421
v 0.005076 -0.000434 -0.000417
v 0.005078 -0.000446 -0.000406
v 0.005079 -0.000450 -0.000390
v 0.004618 -0.001060 -0.000421
v 0.004634 -0.001054 -0.000417
v 0.004645 -0.001050 -0.000406
v 0.004650 -0.001048 -0.000390
v 0.004711 -0.001224 -0.000421
v 0.004724 -0.001215 -0.000417
v 0.004734 -0.001207 -0.000406
v 0.004737 -0.001205 -0.000390
v 0.004819 -0.001341 -0.000421
v 0.004830 -0.001329 -0.000417
v 0.004838 -0.001319 -0.000406
v 0.004841 -0.001316 -0.000390
v 0.004981 -0.001451 -0.000421
v 0.004989 -0.001437 -0.000417
v 0.004994 -0.001426 -0.000406
v 0.004996 -0.001422 -0.000390
v 0.005175 -0.001519 -0.000421
v 0.005179 -0.001503 -0.000417
v 0.005182 -0.001491 -0.000406
v 0.005183 -0.001487 -0.000390
v 0.005346 -0.001550 -0.000421
v 0.005352 -0.001534 -0.000417
v 0.005356 -0.001523 -0.000406
v 0.005357 -0.001518 -0.000390
v 0.005409 -0.001584 -0.000421
v 0.005421 -0.001571 -0.000417
v 0.005430 -0.001562 -0.000406
v 0.005434 -0.001559 -0.000390
v 0.005447 -0.001659 -0.000421
v 0.005464 -0.001658 -0.000417
v 0.005477 -0.001656 -0.000406
v 0.005482 -0.001656 -0.000390
v 0.005422 -0.001743 -0.000421
v 0.005436 -0.001754 -0.000417
v 0.005447 -0.001762 -0.000406
v 0.005450 -0.001765 -0.000390
v 0.005249 -0.001840 -0.000421
v 0.005256 -0.001855 -0.000417
v 0.005261 -0.001866 -0.000406
v 0.005263 -0.001870 -0.000390
v 0.005018 -0.001903 -0.000421
v 0.005021 -0.001919 -0.000417
v 0.005022 -0.001931 -0.000406
v 0.005023 -0.001936 -0.000390
v 0.004794 -0.001907 -0.000421
v 0.004793 -0.001924 -0.000417
v 0.004792 -0.001936 -0.000406
v 0.004791 -0.001940 -0.000390
v 0.004612 -0.001876 -0.000421
v 0.004608 -0.001892 -0.000417
v 0.004605 -0.001903 -0.000406
v 0.004603 -0.001908 -0.000390
v 0.004302 -0.001757 -0.000421
v 0.004296 -0.001773 -0.000417
v 0.004292 -0.001784 -0.000406
v 0.004291 -0.001788 -0.000390
v 0.003960 -0.001633 -0.000421
v 0.003956 -0.001649 -0.000417
v 0.003953 -0.001660 -0.000406
v 0.003952 -0.001665 -0.000390
v 0.003595 -0.001565 -0.000421
v 0.003595 -0.001582 -0.000417
v 0.003595 -0.001594 -0.000406
v 0.003594 -0.001598 -0.000390
v 0.003316 -0.001607 -0.000421
v 0.003320 -0.001623 -0.000417
v 0.003323 -0.001634 -0.000406
v 0.003325 -0.001639 -0.000390
v 0.003038 -0.001713 -0.000421
v 0.003045 -0.001727 -0.000417
v 0.003050 -0.001738 -0.000406
v 0.003052 -0.001742 -0.000390
v 0.002716 -0.001889 -0.000421
v 0.002724 -0.001903 -0.000417
v 0.002730 -0.001914 -0.000406
v 0.002732 -0.001918 -0.000390
v 0.002404 -0.002041 -0.000421
v 0.002410 -0.002056 -0.000417
v 0.002415 -0.002067 -0.000406
v 0.002417 -0.002071 -0.000390
v 0.002038 -0.002184 -0.000421
v 0.002042 -0.002200 -0.000417
v 0.002045 -0.002212 -0.000406
v 0.002046 -0.002216 -0.000390
v 0.001679 -0.002220 -0.000421
v 0.001680 -0.002237 -0.000417
v 0.001681 -0.002249 -0.000406
v 0.001682 -0.002253 -0.000390
v 0.001326 -0.002222 -0.000421
v 0.001325 -0.002239 -0.000417
v 0.001324 -0.002251 -0.000406
v 0.001324 -0.002255 -0.000390
v 0.000959 -0.002141 -0.000421
v 0.000952 -0.002156 -0.000417
v 0.000947 -0.002168 -0.000406
v 0.000945 -0.002172 -0.000390
v 0.000726 -0.001954 -0.000421
v 0.000716 -0.001966 -0.000417
v 0.000708 -0.001975 -0.000406
v 0.000705 -0.001979 -0.000390
v 0.000472 -0.001701 -0.000421
v 0.000458 -0.001711 -0.000417
v 0.000449 -0.001718 -0.000406
v 0.000445 -0.001721 -0.000390
v 0.000328 -0.001380 -0.000421
v 0.000312 -0.001385 -0.000417
v 0.000300 -0.001389 -0.000406
v 0.000296 -0.001391 -0.000390
v 0.000263 -0.000998 -0.000421
v 0.000247 -0.001002 -0.000417
v 0.000235 -0.001004 -0.000406
v 0.000231 -0.001005 -0.000390
v 0.000222 -0.000647 -0.000421
v 0.000206 -0.000649 -0.000417
v 0.000194 -0.000651 -0.000406
v 0.000189 -0.000652 -0.000390
v 0.000194 -0.000068 -0.000421
v 0.000178 -0.000069 -0.000417
v 0.000166 -0.000070 -0.000406
v 0.000161 -0.000071 -0.000390
v 0.000201 0.000402 -0.000421
v 0.000185 0.000403 -0.000417
v 0.000173 0.000403 -0.000406
v 0.000168 0.000404 -0.000390
v 0.000266 0.000759 -0.000421
v 0.000250 0.000763 -0.000417
v 0.000238 0.000765 -0.000406
v 0.000233 0.000766 -0.000390
v 0.000374 0.001129 -0.000421
v 0.000358 0.001135 -0.000417
v 0.000347 0.001139 -0.000406
v 0.000343 0.001140 -0.000390
v 0.000504 0.001390 -0.000421
v 0.000490 0.001397 -0.000417
v 0.000479 0.001403 -0.000406
v 0.000475 0.001405 -0.000390
v 0.000671 0.001645 -0.000421
v 0.000658 0.001655 -0.000417
v 0.000648 0.001663 -0.000406
v 0.000645 0.001666 -0.000390
v 0.000888 0.001835 -0.000421
v 0.000878 0.001848 -0.000417
v 0.000871 0.001857 -0.000406
v 0.000868 0.001861 -0.000390
v 0.001094 0.001958 -0.000421
v 0.001087 0.001973 -0.000417
v 0.001081 0.001984 -0.000406
v 0.001079 0.001988 -0.000390
v 0.001361 0.002056 -0.000421
v 0.001355 0.002072 -0.000417
v 0.001352 0.002083 -0.000406
v 0.001350 0.002087 -0.000390
v 0.001589 0.002115 -0.000421
v 0.001587 0.002132 -0.000417
v 0.001585 0.002144 -0.000406
v 0.001585 0.002148 -0.000390
v 0.001885 0.002107 -0.000421
v 0.001887 0.002123 -0.000417
v 0.001888 0.002135 -0.000406
v 0.001889 0.002140 -0.000390
v 0.002189 0.002039 -0.000421
v 0.002193 0.002055 -0.000417
v 0.002197 0.002067 -0.000406
v 0.002198 0.002071 -0.000390
v 0.002485 0.001920 -0.000421
v 0.002491 0.001935 -0.000417
v 0.002496 0.001947 -0.000406
v 0.002498 0.001951 -0.000390
v 0.002706 0.001831 -0.000417
v 0.002717 0.001839 -0.000407
v 0.002726 0.001841 -0.000392
v 0.002738 0.001830 -0.000394
v 0.002740 0.001813 -0.000396
v 0.002732 0.001797 -0.000399
v 0.002721 0.001802 -0.000411
v 0.002708 0.001809 -0.000419
v 0.002694 0.001817 -0.000421
v 0.002589 0.001717 -0.000421
v 0.002603 0.001707 -0.000420
v 0.002614 0.001695 -0.000417
v 0.002624 0.001683 -0.000412
v 0.002508 0.001478 -0.000421
v 0.002525 0.001479 -0.000420
v 0.002541 0.001479 -0.000417
v 0.002557 0.001480 -0.000411
v 0.004623 0.001420 -0.000414
v 0.004634 0.001409 -0.000420
v 0.004638 0.001392 -0.000421
v 0.004623 0.001383 -0.000420
v 0.004607 0.001378 -0.000416
v 0.004590 0.001376 -0.000409
v 0.004593 0.001397 -0.000410
v 0.004597 0.001413 -0.000410
v 0.004608 0.001423 -0.000405
v 0.004618 0.001194 -0.000421
v 0.004602 0.001200 -0.000420
v 0.004588 0.001207 -0.000417
v 0.004575 0.001214 -0.000411
v 0.004433 0.000987 -0.000413
v 0.004445 0.000977 -0.000418
v 0.004456 0.000966 -0.000420
v 0.004468 0.000956 -0.000421
v 0.002846 0.001764 -0.000248
v 0.002844 0.001781 -0.000245
v 0.002836 0.001794 -0.000237
v 0.002826 0.001803 -0.000225
v 0.002621 0.001203 -0.000421
v 0.002635 0.001211 -0.000420
v 0.002648 0.001219 -0.000415
v 0.002659 0.001226 -0.000407
v 0.003022 0.001682 -0.000168
v 0.003020 0.001697 -0.000161
v 0.003017 0.001708 -0.000148
v 0.003012 0.001712 -0.000133
v 0.002845 0.000956 -0.000421
v 0.002855 0.000968 -0.000420
v 0.002863 0.000981 -0.000417
v 0.002870 0.000994 -0.000411
v 0.003212 0.001553 -0.000146
v 0.003214 0.001568 -0.000139
v 0.003219 0.001578 -0.000126
v 0.003226 0.001579 -0.000111
v 0.003071 0.000806 -0.000421
v 0.003077 0.000821 -0.000420
v 0.003082 0.000835 -0.000417
v 0.003086 0.000849 -0.000411
v 0.003412 0.001465 -0.000123
v 0.003406 0.001484 -0.000117
v 0.003391 0.001501 -0.000106
v 0.003367 0.001515 -0.000092
v 0.003408 0.000709 -0.000421
v 0.003410 0.000725 -0.000420
v 0.003411 0.000740 -0.000417
v 0.003412 0.000754 -0.000411
v 0.003597 0.001392 -0.000114
v 0.003594 0.001408 -0.000106
v 0.003590 0.001420 -0.000094
v 0.003585 0.001425 -0.000078
v 0.003617 0.000696 -0.000421
v 0.003617 0.000711 -0.000420
v 0.003617 0.000727 -0.000416
v 0.003617 0.000741 -0.000410
v 0.003800 0.001332 -0.000129
v 0.003794 0.001347 -0.000119
v 0.003787 0.001358 -0.000106
v 0.003780 0.001363 -0.000089
v 0.003825 0.000709 -0.000421
v 0.003823 0.000725 -0.000420
v 0.003822 0.000740 -0.000417
v 0.003822 0.000754 -0.000411
v 0.004021 0.001304 -0.000169
v 0.004020 0.001315 -0.000156
v 0.004016 0.001322 -0.000141
v 0.004009 0.001325 -0.000126
v 0.004028 0.000749 -0.000421
v 0.004024 0.000764 -0.000420
v 0.004022 0.000780 -0.000417
v 0.004021 0.000794 -0.000411
v 0.004211 0.001327 -0.000226
v 0.004208 0.001338 -0.000211
v 0.004202 0.001344 -0.000195
v 0.004193 0.001345 -0.000179
v 0.004219 0.000814 -0.000421
v 0.004215 0.000829 -0.000420
v 0.004212 0.000844 -0.000417
v 0.004211 0.000859 -0.000413
v 0.004326 0.001366 -0.000270
v 0.004327 0.001372 -0.000256
v 0.004331 0.001377 -0.000242
v 0.004338 0.001380 -0.000228
v 0.004339 0.000851 -0.000421
v 0.004332 0.000866 -0.000421
v 0.004327 0.000882 -0.000418
v 0.004326 0.000898 -0.000414
v 0.004658 0.001407 -0.000421
v 0.004645 0.001419 -0.000418
v 0.004633 0.001427 -0.000410
v 0.004622 0.001430 -0.000398
v 0.002717 0.001822 -0.000416
v 0.002728 0.001830 -0.000406
v 0.002730 0.001815 -0.000408
v 0.004611 0.001412 -0.000416
v 0.004623 0.001400 -0.000420
v 0.004607 0.001395 -0.000416
v 0.005485 -0.000416 -0.000003
v 0.005484 -0.000403 -0.000001
v 0.005487 -0.000427 -0.000010
v 0.005488 -0.000435 -0.000021
v 0.005489 -0.000437 -0.000033
v 0.005650 -0.000433 -0.000406
v 0.005830 -0.000248 -0.000406
v 0.005832 -0.000437 -0.000262
v 0.005652 -0.000437 -0.000390
v 0.005832 -0.000252 -0.000390
v 0.005636 -0.000421 -0.000417
v 0.005818 -0.000239 -0.000417
v 0.005801 -0.000223 -0.000421
v 0.005619 -0.000404 -0.000421
v 0.001876 -0.000359 -0.000421
v 0.001873 -0.000346 -0.000409
v 0.001840 -0.000374 -0.000421
v 0.001830 -0.000364 -0.000409
v 0.001824 -0.000410 -0.000421
v 0.001812 -0.000408 -0.000409
v 0.001824 -0.000620 -0.000421
v 0.001812 -0.000618 -0.000409
v 0.001804 -0.000671 -0.000421
v 0.001794 -0.000661 -0.000409
v 0.001753 -0.000692 -0.000421
v 0.001751 -0.000679 -0.000409
v 0.001592 -0.000692 -0.000421
v 0.001594 -0.000679 -0.000409
v 0.001541 -0.000671 -0.000421
v 0.001551 -0.000661 -0.000409
v 0.001520 -0.000620 -0.000421
v 0.001533 -0.000618 -0.000409
v 0.001520 0.000383 -0.000421
v 0.001533 0.000380 -0.000409
v 0.001541 0.000433 -0.000421
v 0.001551 0.000424 -0.000409
v 0.001592 0.000454 -0.000421
v 0.001594 0.000442 -0.000409
v 0.003102 -0.000287 -0.000421
v 0.003090 -0.000285 -0.000409
v 0.003081 -0.000338 -0.000421
v 0.003072 -0.000328 -0.000409
v 0.003031 -0.000359 -0.000421
v 0.003028 -0.000346 -0.000409
v 0.003031 0.000454 -0.000421
v 0.003028 0.000442 -0.000409
v 0.003081 0.000433 -0.000421
v 0.003072 0.000424 -0.000409
v 0.003102 0.000383 -0.000421
v 0.003090 0.000380 -0.000409
v 0.001520 -0.000346 -0.000421
v 0.001533 -0.000346 -0.000409
v 0.001812 0.000454 -0.000421
v 0.001812 0.000442 -0.000409
v 0.001755 0.000385 -0.000264
v 0.001598 -0.000592 -0.000264
v 0.001755 -0.000592 -0.000264
v 0.001598 0.000385 -0.000264
v 0.001598 -0.000592 -0.000128
v 0.001598 0.000385 -0.000127
v 0.001755 0.000385 -0.000128
v 0.001755 -0.000592 -0.000128
vn -0.3742 0.0801 -0.9239
vn 0.3743 -0.0801 -0.9238
vn 0.9034 -0.1934 -0.3826
vn 0.9034 -0.1934 0.3826
vn 0.3743 -0.0801 0.9238
vn -0.3742 0.0801 0.9239
vn -0.9033 0.1934 0.3828
vn -0.9033 0.1934 -0.3828
vn -0.5245 -0.6770 -0.5163
vn -0.5221 -0.6653 -0.5336
vn -0.5331 -0.8147 -0.2280
vn 0.2047 -0.8207 -0.5335
vn 0.2022 -0.8322 -0.5163
vn 0.1538 -0.9613 -0.2286
vn 0.8258 -0.5008 -0.2593
vn 0.8249 -0.5064 -0.2512
vn 0.8113 -0.5593 -0.1702
vn 0.9674 0.0755 0.2419
vn 0.9689 0.0829 0.2331
vn 0.9738 0.2178 0.0647
vn 0.5202 0.5953 0.6123
vn 0.5211 0.5995 0.6075
vn 0.5329 0.8098 0.2455
vn -0.2299 0.7602 0.6076
vn -0.2308 0.7561 0.6124
vn -0.1543 0.9570 0.2458
vn -0.8502 0.4721 0.2329
vn -0.8518 0.4646 0.2419
vn -0.7997 0.5969 0.0647
vn -0.9601 -0.1236 -0.2508
vn -0.9586 -0.1181 -0.2590
vn -0.9694 -0.1773 -0.1698
vn -0.5673 -0.8235 -0.0000
vn 0.1823 -0.9832 -0.0000
vn 0.8228 -0.5683 -0.0000
vn 0.9835 0.1807 -0.0000
vn 0.5673 0.8235 -0.0000
vn -0.1795 0.9838 -0.0000
vn -0.8237 0.5670 -0.0000
vn -0.9835 -0.1807 -0.0000
vn -0.9382 -0.0605 -0.3409
vn -0.8606 0.3156 0.3997
vn -0.2653 0.4302 0.8629
vn 0.4180 0.2841 0.8629
vn 0.9143 -0.0645 0.3998
vn 0.8308 -0.4398 -0.3412
vn 0.2326 -0.5701 -0.7879
vn -0.4451 -0.4249 -0.7883
vn -0.3996 -0.0559 -0.9150
vn 0.3416 -0.2146 -0.9150
vn 0.8899 -0.2496 -0.3819
vn 0.9140 -0.1367 0.3820
vn 0.3996 0.0559 0.9150
vn -0.3416 0.2146 0.9150
vn -0.8899 0.2496 0.3819
vn -0.9140 0.1367 -0.3820
vn -0.1383 -0.6455 -0.7511
vn 0.3808 -0.7569 -0.5311
vn 0.5965 -0.8026 -0.0000
vn 0.3808 -0.7569 0.5310
vn -0.1383 -0.6455 0.7511
vn -0.6575 -0.5344 0.5311
vn -0.8729 -0.4880 -0.0000
vn -0.6575 -0.5344 -0.5311
vn 0.3760 -0.0716 -0.9238
vn 0.3759 -0.0715 -0.9239
vn 0.3722 -0.0897 -0.9238
vn 0.9052 -0.1848 -0.3828
vn 0.9051 -0.1849 -0.3829
vn 0.9013 -0.2030 -0.3828
vn 0.9052 -0.1849 0.3828
vn 0.9052 -0.1848 0.3826
vn 0.9013 -0.2030 0.3828
vn 0.3761 -0.0715 0.9238
vn 0.3762 -0.0716 0.9238
vn 0.3722 -0.0897 0.9238
vn -0.3724 0.0887 0.9238
vn -0.3722 0.0886 0.9239
vn -0.3762 0.0705 0.9238
vn -0.9015 0.2019 0.3829
vn -0.9014 0.2020 0.3830
vn -0.9054 0.1838 0.3827
vn -0.9014 0.2020 -0.3829
vn -0.9015 0.2020 -0.3827
vn -0.9054 0.1838 -0.3827
vn -0.3723 0.0887 -0.9238
vn -0.3725 0.0887 -0.9238
vn -0.3762 0.0705 -0.9238
vn 0.2085 0.9780 -0.0000
vn 0.2080 0.9781 0.0019
vn -0.0311 -0.1449 -0.9890
vn 0.6528 -0.2914 -0.6992
vn 0.2076 0.9782 -0.0000
vn 0.9360 -0.3521 -0.0000
vn 0.2080 0.9781 -0.0019
vn 0.6528 -0.2914 0.6992
vn -0.0311 -0.1449 0.9890
vn 0.2097 0.9778 0.0005
vn -0.7148 0.0015 0.6993
vn 0.2110 0.9775 -0.0000
vn -0.9981 0.0621 -0.0000
vn 0.2097 0.9778 -0.0005
vn -0.7148 0.0015 -0.6993
vn 0.9211 -0.0828 -0.3804
vn 0.9211 -0.0828 0.3804
vn 0.3953 0.0298 0.9181
vn -0.3485 0.1890 0.9181
vn -0.8742 0.3016 0.3806
vn -0.8742 0.3016 -0.3806
vn -0.3485 0.1890 -0.9181
vn 0.3953 0.0298 -0.9181
vn 0.0001 -0.0000 1.0000
vn -0.0000 -0.0000 1.0000
vn -0.0400 -0.3606 0.9318
vn -0.1476 -0.2662 0.9525
vn 0.0401 -0.3606 0.9319
vn 0.1475 -0.2663 0.9525
vn 0.2664 -0.1475 0.9525
vn -0.0001 -0.0000 1.0000
vn 0.3959 -0.0044 0.9183
vn 0.3959 0.0044 0.9183
vn 0.2664 0.1474 0.9525
vn 0.1474 0.2663 0.9526
vn -0.0000 -0.0001 1.0000
vn 0.0401 0.3617 0.9314
vn -0.0400 0.3617 0.9314
vn 0.0001 0.0001 1.0000
vn -0.1475 0.2663 0.9526
vn -0.2664 0.1475 0.9525
vn -0.3959 0.0044 0.9183
vn -0.3959 -0.0044 0.9183
vn -0.2664 -0.1474 0.9525
vn 0.8574 0.5147 -0.0000
vn 0.8875 0.4608 -0.0000
vn -0.0579 0.9983 -0.0000
vn -0.0686 0.9976 -0.0000
vn 0.0326 0.9995 -0.0000
vn 0.2368 0.9716 -0.0000
vn 0.3203 0.9473 -0.0000
vn 0.3338 0.9426 -0.0000
vn 0.3349 0.9422 -0.0000
vn 0.2168 0.9762 -0.0000
vn 0.0544 0.9985 -0.0000
vn -0.1992 0.9800 -0.0000
vn -0.5136 0.8581 -0.0000
vn -0.8192 0.5735 -0.0000
vn -0.9480 0.3182 -0.0000
vn -0.9800 0.1988 -0.0000
vn -0.0000 -1.0000 -0.0000
vn -1.0000 -0.0000 -0.0000
vn -0.0000 1.0000 -0.0000
vn -0.9999 0.0146 -0.0000
vn -0.9865 0.1636 -0.0000
vn -0.9546 0.2980 -0.0000
vn -0.9106 0.4133 -0.0000
vn -0.8130 0.5822 -0.0000
vn -0.7416 0.6709 -0.0000
vn -0.7860 0.6183 -0.0000
vn -0.9668 0.2555 -0.0000
vn -0.9776 -0.2105 -0.0000
vn -0.7001 -0.7140 -0.0000
vn -0.3852 -0.9228 -0.0000
vn -0.0091 -1.0000 -0.0000
vn 0.0656 -0.9978 -0.0000
vn 0.2628 -0.9649 -0.0000
vn 0.3965 -0.9180 -0.0000
vn 0.4222 -0.9065 -0.0000
vn 0.4105 -0.9119 -0.0000
vn 0.2996 -0.9541 -0.0000
vn 0.0942 -0.9956 -0.0000
vn -0.0835 -0.9965 -0.0000
vn -0.2718 -0.9623 -0.0000
vn -0.3472 -0.9378 -0.0000
vn -0.3334 -0.9428 -0.0000
vn -0.1613 -0.9869 -0.0000
vn 0.0981 -0.9952 -0.0000
vn 0.2837 -0.9589 -0.0000
vn 0.5465 -0.8375 -0.0000
vn 0.8064 -0.5913 -0.0000
vn 0.4207 0.9072 -0.0000
vn 0.1946 0.9809 -0.0000
vn 0.2524 0.9676 -0.0000
vn 0.4103 0.9120 -0.0000
vn 0.5913 0.8064 -0.0000
vn 0.7961 0.6051 -0.0000
vn 0.9725 0.2329 -0.0000
vn 0.9989 -0.0465 -0.0000
vn 0.9460 -0.3241 -0.0000
vn 0.8893 -0.4574 -0.0000
vn 1.0000 -0.0000 -0.0000
vn 0.5068 0.8620 -0.0000
vn 0.6721 0.7405 -0.0000
vn -0.0400 -0.3617 0.9314
vn -0.1473 -0.2663 0.9526
vn 0.0399 -0.3617 0.9314
vn 0.1474 -0.2662 0.9526
vn 0.2666 -0.1475 0.9524
vn 0.2667 0.1474 0.9524
vn 0.1473 0.2663 0.9526
vn 0.0400 0.3617 0.9314
vn -0.0000 0.0001 1.0000
vn -0.0399 0.3617 0.9314
vn -0.0004 0.0002 1.0000
vn -0.1474 0.2662 0.9526
vn -0.2666 0.1475 0.9524
vn -0.2667 -0.1474 0.9524
vn -0.0980 -0.3499 0.9317
vn -0.1891 -0.2392 0.9524
vn -0.0193 -0.3629 0.9316
vn 0.1022 -0.2867 0.9526
vn 0.2391 -0.1889 0.9524
vn 0.3900 -0.0687 0.9183
vn -0.0002 -0.0000 1.0000
vn 0.3913 -0.0599 0.9183
vn 0.2870 0.1022 0.9525
vn 0.1891 0.2392 0.9524
vn 0.0980 0.3499 0.9317
vn 0.0193 0.3629 0.9316
vn -0.1022 0.2864 0.9526
vn -0.2388 0.1886 0.9526
vn -0.3897 0.0687 0.9184
vn -0.3913 0.0599 0.9183
vn -0.2870 -0.1022 0.9525
vn -0.0760 -0.6832 0.7263
vn -0.3424 -0.6180 0.7077
vn 0.0758 -0.6832 0.7263
vn 0.3426 -0.6179 0.7077
vn 0.6183 -0.3421 0.7076
vn 0.6781 -0.0078 0.7349
vn 0.6781 0.0077 0.7349
vn 0.6183 0.3422 0.7076
vn 0.3423 0.6182 0.7075
vn 0.0759 0.6839 0.7256
vn -0.0757 0.6839 0.7256
vn -0.3425 0.6182 0.7075
vn -0.6183 0.3421 0.7076
vn -0.6781 0.0078 0.7349
vn -0.6781 -0.0077 0.7349
vn -0.6183 -0.3422 0.7076
vn -0.0751 -0.6815 0.7279
vn -0.3414 -0.6169 0.7092
vn 0.0751 -0.6815 0.7279
vn 0.3414 -0.6169 0.7092
vn 0.6169 -0.3410 0.7094
vn 0.6756 -0.0076 0.7372
vn 0.6756 0.0076 0.7372
vn 0.6168 0.3412 0.7094
vn 0.3415 0.6168 0.7092
vn 0.0751 0.6815 0.7279
vn -0.0751 0.6815 0.7279
vn -0.3414 0.6169 0.7092
vn -0.6169 0.3410 0.7094
vn -0.6756 0.0076 0.7372
vn -0.6756 -0.0076 0.7372
vn -0.6168 -0.3412 0.7093
vn -0.1856 -0.6628 0.7254
vn -0.4388 -0.5552 0.7065
vn -0.0366 -0.6874 0.7254
vn 0.2374 -0.6662 0.7070
vn 0.5550 -0.4387 0.7067
vn 0.6686 -0.1178 0.7342
vn 0.6710 -0.1027 0.7343
vn 0.6663 0.2376 0.7068
vn 0.4386 0.5554 0.7065
vn 0.1856 0.6628 0.7254
vn 0.0366 0.6874 0.7254
vn -0.2375 0.6661 0.7070
vn -0.5550 0.4379 0.7072
vn -0.6685 0.1176 0.7344
vn -0.6710 0.1027 0.7343
vn -0.6663 -0.2376 0.7068
vn 0.0001 -0.0001 1.0000
vn 0.0001 0.0002 1.0000
vn -0.0001 0.0002 1.0000
vn -0.0001 -0.0001 1.0000
vn -0.0002 -0.0001 1.0000
vn -0.0002 0.0001 1.0000
vn 0.0101 0.9999 -0.0000
vn 0.0101 -0.9999 -0.0000
vn -0.0070 -1.0000 -0.0000
vn 0.0070 1.0000 -0.0000
vn -0.0040 -1.0000 -0.0000
vn 0.0050 1.0000 -0.0000
vn -0.0010 -1.0000 -0.0000
vn 0.0010 1.0000 -0.0000
vn 0.0010 -1.0000 -0.0000
vn -0.0020 1.0000 -0.0000
vn 0.0040 -1.0000 -0.0000
vn -0.0040 1.0000 -0.0000
vn 0.0060 -1.0000 -0.0000
vn -0.0070 1.0000 -0.0000
vn -0.0000 -0.0000 -1.0000
vn 0.0183 0.9998 -0.0055
vn 0.0115 0.9999 -0.0000
vn 0.0063 0.7479 -0.6638
vn 0.0117 -0.9999 -0.0000
vn 0.0118 -0.9999 -0.0000
vn 0.0030 -1.0000 -0.0000
vn 0.0099 -1.0000 -0.0000
vn 0.0097 1.0000 -0.0000
vn 0.0024 1.0000 -0.0000
vn 0.0116 0.9999 -0.0000
vn 0.0114 0.9999 -0.0000
vn 0.0039 0.7414 -0.6711
vn 0.0150 -0.9999 -0.0027
vn 0.0186 -0.9998 -0.0055
vn 0.0192 -0.9998 -0.0060
vn 0.8925 0.2287 -0.3887
vn 0.8934 0.2004 -0.4020
vn 0.8935 0.1824 -0.4103
vn 0.0188 0.9998 -0.0059
vn 0.8935 -0.1824 -0.4103
vn 0.8934 -0.2004 -0.4020
vn 0.8925 -0.2287 -0.3887
vn 0.0017 0.4286 -0.9035
vn 0.0055 0.4277 -0.9039
vn 0.0069 -0.7876 -0.6161
vn 0.0055 -0.4277 -0.9039
vn 0.0012 -0.4285 -0.9035
vn 0.0046 -0.7888 -0.6147
vn 0.0017 -0.0000 -1.0000
vn 0.0055 -0.0000 -1.0000
vn 0.0002 0.0197 0.9998
vn 0.0033 0.0197 0.9998
vn 0.0036 0.0687 0.9976
vn 0.0005 0.0682 0.9977
vn 0.0001 0.0182 0.9998
vn 0.0005 0.0584 0.9983
vn -0.9962 0.0870 -0.0000
vn -0.9958 0.0918 -0.0000
vn 0.8975 -0.0000 -0.4410
vn 0.1488 -0.0000 0.9889
vn 0.1491 0.0004 0.9888
vn 0.1496 0.0003 0.9887
vn 0.1496 -0.0003 0.9887
vn 0.1493 -0.0006 0.9888
vn 0.9574 -0.2684 -0.1068
vn 0.7189 -0.6904 -0.0805
vn 0.7421 -0.6702 -0.0105
vn 0.9651 -0.2616 -0.0141
vn 0.6380 0.7667 -0.0719
vn 0.9223 0.3724 -0.1030
vn 0.9332 0.3590 -0.0140
vn 0.6572 0.7536 -0.0102
vn -0.1434 -0.9895 0.0163
vn 0.1739 -0.9846 -0.0190
vn 0.1725 -0.9850 -0.0023
vn -0.1596 -0.9872 0.0024
vn 0.1721 -0.9849 -0.0192
vn 0.0372 -0.9993 -0.0042
vn 0.0412 -0.9992 -0.0003
vn 0.1921 -0.9814 -0.0022
vn 0.2423 0.9692 -0.0433
vn 0.2710 0.9618 -0.0395
vn 0.2707 0.9621 -0.0337
vn 0.2397 0.9687 -0.0641
vn 0.3130 0.9491 -0.0349
vn 0.3239 0.9461 -0.0051
vn -0.5528 -0.8311 0.0615
vn -0.4783 -0.8764 0.0556
vn -0.5057 -0.8627 0.0094
vn -0.5519 -0.8339 0.0091
vn 0.2729 0.9616 -0.0305
vn 0.2766 0.9610 -0.0041
vn -0.5614 -0.8251 0.0634
vn -0.5843 -0.8115 0.0086
vn -0.6700 -0.7386 0.0744
vn -0.6734 -0.7392 0.0099
vn 0.1726 -0.9848 -0.0194
vn 0.1788 -0.9839 -0.0017
vn -0.3528 -0.9349 0.0392
vn -0.3384 -0.9410 0.0050
vn -0.1645 0.0001 -0.9864
vn -0.1457 -0.0000 -0.9893
vn -0.1579 0.0022 -0.9875
vn -0.1512 0.0014 -0.9885
vn -0.1609 -0.0115 -0.9869
vn -0.1706 -0.0163 -0.9852
vn -0.6969 0.7075 0.1174
vn -0.5162 0.8549 0.0520
vn -0.5090 0.8608 0.0058
vn -0.5478 0.2472 -0.7993
vn -0.1549 0.0131 -0.9878
vn -0.3665 0.1410 -0.9197
vn -0.2303 -0.1325 -0.9641
vn -0.4306 -0.3320 -0.8393
vn -0.3139 0.0013 -0.9495
vn -0.0144 -0.9999 0.0034
vn -0.4766 -0.8763 0.0705
vn -0.0171 -0.9998 0.0030
vn -0.2757 -0.8514 -0.4461
vn -0.3014 -0.2887 -0.9087
vn -0.2065 0.0078 -0.9784
vn -0.3248 0.2455 -0.9134
vn -0.6227 0.5748 -0.5309
vn -0.5977 0.7940 0.1106
vn -0.6941 0.7082 0.1291
vn -0.5353 0.8410 0.0788
vn 0.2462 0.9685 -0.0363
vn 0.2715 0.9616 -0.0400
vn 0.3126 0.9488 -0.0460
vn 0.6374 0.7648 -0.0939
vn 0.9190 0.3703 -0.1354
vn 0.9533 -0.2676 -0.1404
vn 0.7187 -0.6872 -0.1059
vn 0.1746 -0.9843 -0.0257
vn 0.0378 -0.9993 -0.0055
vn -0.3471 -0.9364 0.0511
vn -0.6660 -0.7395 0.0981
vn -0.5621 -0.8229 0.0828
vn -0.1456 -0.9891 0.0214
vn 0.1722 -0.9847 -0.0254
vn 0.1726 -0.9847 -0.0254
vn -0.5486 -0.8322 0.0808
vn -0.6334 0.7636 0.1252
vn -0.0202 -0.9998 0.0085
vn 0.0002 -0.0179 0.9998
vn 0.0003 -0.0189 0.9998
vn 0.0034 -0.0187 0.9998
vn -0.9961 -0.0888 -0.0000
vn -0.9964 -0.0842 -0.0000
vn 0.0006 -0.0560 0.9984
vn 0.0006 -0.0591 0.9983
vn 0.0039 -0.0593 0.9982
vn -0.6585 -0.7526 -0.0000
vn -0.5647 -0.8253 -0.0000
vn -0.6591 0.7521 -0.0000
vn -0.5654 0.8248 -0.0000
vn 0.0002 -0.0227 0.9997
vn 0.0006 -0.0556 0.9985
vn 0.0006 -0.0548 0.9985
vn 0.0003 -0.0540 0.9985
vn 0.0005 0.0582 0.9983
vn 0.0004 0.0565 0.9984
vn 0.0004 0.0573 0.9984
vn 0.0002 0.0231 0.9997
vn -0.9997 0.0232 -0.0000
vn -0.9997 -0.0233 -0.0000
vn -0.0021 -1.0000 -0.0000
vn -0.1141 -0.9935 -0.0000
vn -0.0074 1.0000 -0.0000
vn -0.1170 0.9931 -0.0000
vn -0.1170 0.9931 -0.0001
vn -0.7085 -0.7057 -0.0000
vn -0.7091 0.7052 -0.0000
vn 0.0114 -0.9999 -0.0000
vn 0.0069 -0.7877 -0.6161
vn 0.9421 0.3128 -0.1210
vn 0.9336 0.3153 -0.1703
vn 0.7285 -0.6636 -0.1703
vn 0.7370 -0.6648 -0.1218
vn -0.2052 -0.9787 0.0001
vn -0.1952 -0.9796 0.0483
vn -0.9336 -0.3151 0.1704
vn -0.9231 -0.3162 0.2189
vn -0.7282 0.6639 0.1704
vn -0.7177 0.6611 0.2187
vn 0.2053 0.9787 0.0001
vn 0.2147 0.9754 0.0492
vn 0.4815 -0.8667 -0.1303
vn 0.4677 -0.8746 -0.1279
vn -0.2052 -0.9787 -0.0001
vn -0.7890 -0.6005 0.1302
vn -0.7795 -0.6132 0.1277
vn -0.4813 0.8668 0.1304
vn -0.4678 0.8746 0.1279
vn 0.2052 0.9787 0.0001
vn 0.7890 0.6005 -0.1300
vn 0.7795 0.6132 -0.1277
vn 0.9336 0.3158 -0.1694
vn 0.9371 0.2758 0.2140
vn 0.7472 -0.6294 0.2134
vn 0.7282 -0.6637 -0.1708
vn -0.1172 -0.9213 0.3708
vn -0.2056 -0.9786 -0.0006
vn -0.7915 -0.3065 0.5288
vn -0.9337 -0.3150 0.1700
vn -0.6012 0.5990 0.5290
vn -0.7285 0.6634 0.1707
vn 0.2628 0.8902 0.3720
vn 0.2052 0.9787 0.0015
vn 0.3253 0.0054 0.9456
vn 0.2957 -0.1356 0.9456
vn 0.1610 -0.1811 0.9702
vn 0.0558 -0.0856 0.9948
vn 0.0854 0.0558 0.9948
vn 0.2202 0.1016 0.9702
vn 0.1925 -0.0404 0.9805
vn -0.4022 0.2377 -0.8841
vn -0.4021 0.2379 -0.8842
vn -0.4635 -0.0559 -0.8843
vn -0.4635 -0.0560 -0.8843
vn 0.1925 -0.0405 0.9805
vn -0.1218 0.3327 -0.9351
vn -0.1219 0.3328 -0.9351
vn 0.0967 0.1329 -0.9864
vn 0.0964 0.1337 -0.9863
vn 0.0351 -0.1603 -0.9865
vn 0.0346 -0.1608 -0.9864
vn -0.2450 -0.2549 -0.9354
vn -0.2449 -0.2549 -0.9354
vn 0.9596 -0.2009 -0.1968
vn 0.9596 -0.2008 -0.1969
vn 0.9597 -0.2008 -0.1968
vn 0.9597 -0.2007 -0.1968
vn -0.9597 0.2008 0.1967
vn -0.9597 0.2006 0.1967
vn -0.9597 0.2005 0.1967
vn 0.0094 0.7218 -0.6920
vn -0.2811 -0.6632 -0.6937
vn -0.0094 -0.7218 0.6920
vn 0.2812 0.6632 0.6936
vn -0.3076 -0.9513 0.0210
vn -0.7301 -0.6735 0.1154
vn -0.7302 -0.6734 0.1154
vn -0.9761 -0.1108 0.1871
vn -0.9760 -0.1110 0.1871
vn -0.8492 0.4938 0.1873
vn -0.8491 0.4939 0.1873
vn -0.3980 0.9100 0.1158
vn -0.3979 0.9101 0.1158
vn -0.0371 0.9981 0.0484
vn -0.0370 0.9981 0.0484
vn -0.9328 0.2640 0.2454
vn -0.9525 0.3035 0.0236
vn -0.9534 0.2964 0.0553
vn -0.9346 0.2641 0.2384
vn -0.1758 0.0422 -0.9835
vn -0.0288 0.0534 -0.9982
vn 0.3869 0.0006 -0.9221
vn 0.3787 0.0023 -0.9255
vn 0.7423 -0.0606 -0.6674
vn 0.7441 -0.0610 -0.6652
vn 0.9398 -0.1102 -0.3236
vn 0.9401 -0.1104 -0.3224
vn 0.9752 -0.2046 -0.0849
vn 0.9776 -0.1933 -0.0829
vn 0.9294 -0.1818 0.3212
vn 0.9272 -0.1945 0.3201
vn 0.6500 -0.1255 0.7495
vn 0.6466 -0.1356 0.7506
vn 0.4373 -0.0834 0.8954
vn 0.4343 -0.0911 0.8962
vn 0.9927 -0.1205 -0.0104
vn 0.9923 -0.1204 -0.0288
vn -0.2209 0.0963 -0.9705
vn -0.1933 0.0437 -0.9802
vn 0.9338 -0.1842 -0.3068
vn 0.9317 -0.1955 -0.3060
vn 0.3419 -0.0231 0.9395
vn 0.3089 -0.0191 0.9509
vn 0.1264 0.0294 0.9915
vn 0.1213 0.0322 0.9921
vn -0.1723 0.0367 -0.9844
vn -0.1796 0.0387 -0.9830
vn 0.3177 -0.0556 -0.9466
vn 0.3129 -0.0656 -0.9475
vn 0.7370 -0.1416 -0.6609
vn 0.7348 -0.1541 -0.6605
vn 0.6706 -0.0618 0.7393
vn 0.6635 -0.0610 0.7457
vn 0.9173 -0.0976 0.3862
vn 0.9252 -0.0987 0.3664
vn -0.0465 0.1397 0.9891
vn -0.0600 0.1494 0.9870
vn -0.1376 0.2046 0.9691
vn -0.9173 0.2743 0.2887
vn -0.9149 0.2750 0.2954
vn -0.8944 0.3541 -0.2732
vn -0.2341 0.0583 -0.9705
vn -0.4527 0.2255 -0.8627
vn -0.2020 0.0484 -0.9782
vn 0.2056 0.9786 -0.0005
vn 0.2062 0.9785 -0.0019
vn 0.2056 0.9786 -0.0022
vn 0.2053 0.9787 -0.0005
vn 0.2027 0.9792 0.0003
vn 0.2026 0.9793 -0.0004
vn 0.2049 0.9788 0.0010
vn 0.2069 0.9784 0.0019
vn 0.2065 0.9784 0.0020
vn 0.2060 0.9785 0.0020
vn 0.2057 0.9786 -0.0000
vn 0.2056 0.9786 -0.0001
vn 0.2047 0.9788 -0.0015
vn 0.2046 0.9788 -0.0014
vn 0.2063 0.9785 -0.0014
vn 0.2071 0.9783 0.0011
vn 0.2071 0.9783 0.0008
vn 0.2061 0.9785 0.0016
vn 0.2052 0.9787 -0.0002
vn 0.2042 0.9789 -0.0009
vn 0.2042 0.9789 -0.0008
vn -0.3355 0.0703 -0.9394
vn -0.3357 0.0703 -0.9394
vn 0.0415 -0.0087 -0.9991
vn 0.0416 -0.0087 -0.9991
vn 0.4128 -0.0865 -0.9067
vn 0.4127 -0.0865 -0.9067
vn 0.7208 -0.1512 -0.6765
vn 0.7209 -0.1510 -0.6764
vn 0.9192 -0.1925 -0.3435
vn 0.9194 -0.1926 -0.3430
vn 0.9778 -0.2049 0.0433
vn 0.9778 -0.2050 0.0426
vn 0.8874 -0.1861 0.4219
vn 0.8874 -0.1861 0.4217
vn 0.6624 -0.1391 0.7362
vn 0.6621 -0.1390 0.7364
vn 0.3358 -0.0707 0.9393
vn 0.3356 -0.0707 0.9394
vn -0.0422 0.0088 0.9991
vn -0.0418 0.0087 0.9991
vn -0.4127 0.0865 0.9068
vn -0.4128 0.0865 0.9067
vn -0.7210 0.1510 0.6763
vn -0.7213 0.1511 0.6759
vn -0.9195 0.1926 0.3428
vn -0.9196 0.1926 0.3423
vn -0.9778 0.2050 -0.0424
vn -0.9779 0.2050 -0.0421
vn -0.8876 0.1861 -0.4214
vn -0.8879 0.1861 -0.4207
vn -0.6620 0.1387 -0.7365
vn -0.6619 0.1387 -0.7366
vn -0.3359 0.0703 -0.9393
vn -0.3357 0.0703 -0.9393
vn 0.0415 -0.0088 -0.9991
vn 0.4125 -0.0866 -0.9068
vn 0.4126 -0.0866 -0.9068
vn 0.7208 -0.1513 -0.6764
vn 0.7209 -0.1513 -0.6763
vn 0.9194 -0.1930 -0.3427
vn 0.9193 -0.1930 -0.3430
vn 0.9778 -0.2050 0.0427
vn 0.8875 -0.1858 0.4216
vn 0.6620 -0.1386 0.7366
vn 0.3359 -0.0703 0.9393
vn 0.3358 -0.0703 0.9393
vn -0.0415 0.0088 0.9991
vn -0.0414 0.0087 0.9991
vn -0.4126 0.0866 0.9068
vn -0.4125 0.0866 0.9068
vn -0.7209 0.1513 0.6763
vn -0.7208 0.1513 0.6764
vn -0.9193 0.1930 0.3430
vn -0.9194 0.1930 0.3427
vn -0.9778 0.2050 -0.0426
vn -0.8875 0.1858 -0.4216
vn -0.6620 0.1386 -0.7366
vn -0.2044 -0.9789 0.0014
vn -0.2045 -0.9789 0.0003
vn -0.2059 -0.9786 -0.0000
vn -0.2064 -0.9785 0.0001
vn -0.2047 -0.9788 -0.0001
vn -0.2055 -0.9787 -0.0002
vn -0.2072 -0.9783 -0.0008
vn -0.2053 -0.9787 -0.0016
vn -0.2054 -0.9787 -0.0014
vn -0.2071 -0.9783 -0.0022
vn -0.2051 -0.9787 -0.0017
vn -0.2045 -0.9789 -0.0001
vn -0.2057 -0.9786 0.0014
vn -0.2050 -0.9788 0.0002
vn -0.2036 -0.9790 -0.0004
vn -0.2039 -0.9790 0.0017
vn 0.0280 0.9990 0.0359
vn -0.4702 0.8732 0.1282
vn -0.7452 0.6444 0.1715
vn -0.7449 0.6446 0.1721
vn -0.1918 0.0413 -0.9806
vn -0.9175 0.2736 0.2887
vn -0.9612 -0.1915 0.1987
vn -0.8127 0.5480 0.1981
vn -0.8166 0.5420 0.1987
vn -0.9623 -0.1852 0.1992
vn -0.1910 0.0399 -0.9808
vn 0.2105 0.9776 -0.0023
vn 0.0089 0.9992 0.0393
vn 0.0174 0.9991 0.0376
vn -0.2121 -0.9772 -0.0036
vn -0.3971 -0.9169 0.0399
vn -0.4052 -0.9133 0.0418
vn 0.0356 0.9988 0.0336
vn -0.6646 0.7304 0.1572
vn -0.6658 0.7293 0.1574
vn 0.0341 0.9989 0.0335
vn -0.9110 -0.3801 0.1599
vn -0.9106 -0.3813 0.1597
vn -0.4566 -0.8882 0.0520
vn -0.4578 -0.8875 0.0524
vn 0.6636 -0.7314 -0.1568
vn 0.9604 -0.2014 -0.1924
vn 0.6633 -0.7318 -0.1567
vn 0.1252 -0.0263 0.9918
vn -0.0567 0.0119 0.9983
vn -0.0575 0.0081 0.9983
vn 0.1052 -0.0254 0.9941
vn -0.4295 0.0861 -0.8990
vn -0.4287 0.0899 -0.8990
vn -0.2589 0.0543 -0.9644
vn -0.2782 0.0551 -0.9589
vn 0.0569 -0.9971 -0.0508
vn 0.0583 -0.9970 -0.0512
vn -0.1252 0.0263 -0.9918
vn -0.1098 0.0206 -0.9937
vn 0.3670 0.9297 -0.0325
vn 0.3657 0.9301 -0.0325
vn 0.2589 -0.0543 0.9644
vn 0.2738 -0.0598 0.9599
vn 0.0353 -0.0074 -0.9994
vn 0.0347 -0.0100 -0.9993
vn 0.6477 0.7561 -0.0935
vn 0.4089 -0.0885 0.9083
vn 0.4094 -0.0859 0.9083
vn -0.2277 0.0418 -0.9728
vn 0.1573 -0.0390 0.9868
vn -0.1570 0.0279 -0.9872
vn 0.2278 -0.0528 0.9723
vn 0.9335 0.3152 -0.1706
vn 0.9337 0.3147 -0.1707
vn 0.7281 -0.6638 -0.1710
vn 0.7284 -0.6635 -0.1710
vn -0.2053 -0.9787 -0.0009
vn -0.2054 -0.9787 -0.0009
vn -0.9336 -0.3155 0.1699
vn -0.9338 -0.3149 0.1700
vn -0.7284 0.6639 0.1695
vn -0.7288 0.6634 0.1696
vn 0.2050 0.9788 -0.0009
vn 0.2052 0.9787 -0.0010
vn -0.4715 0.5096 0.7197
vn 0.0405 0.0952 0.9946
vn -0.0011 -0.1037 0.9946
vn -0.6369 -0.2781 0.7190
vn 0.2795 0.7633 0.5825
vn 0.2302 0.1590 0.9601
vn 0.8652 0.2301 0.4456
vn 0.3783 0.0243 0.9254
vn 0.7003 -0.5578 0.4454
vn 0.3362 -0.1744 0.9255
vn -0.0510 -0.8120 0.5814
vn 0.1467 -0.2389 0.9599
vn 0.6879 -0.5417 0.4830
vn 0.8470 0.2196 0.4841
vn 0.2804 0.7356 0.6166
vn -0.4460 0.4905 0.7486
vn -0.6052 -0.2710 0.7485
vn -0.0386 -0.7869 0.6158
vn 0.1926 -0.0404 0.9805
vn 0.1925 -0.0403 0.9805
vn 0.9421 0.3125 -0.1216
vn 0.9336 0.3151 -0.1704
vn 0.7286 -0.6634 -0.1704
vn 0.7378 -0.6642 -0.1205
vn -0.1952 -0.9795 0.0491
vn -0.9338 -0.3147 0.1704
vn -0.9231 -0.3161 0.2191
vn -0.7284 0.6637 0.1703
vn -0.7181 0.6606 0.2192
vn 0.2052 0.9787 -0.0001
vn 0.2144 0.9756 0.0481
vn 0.4814 -0.8668 -0.1301
vn 0.4675 -0.8747 -0.1279
vn -0.7890 -0.6004 0.1304
vn -0.7796 -0.6131 0.1277
vn -0.4825 0.8661 0.1304
vn -0.4686 0.8741 0.1282
vn 0.2050 0.9788 0.0002
vn 0.7897 0.5994 -0.1304
vn 0.7803 0.6122 -0.1281
vn 0.9336 0.3149 -0.1709
vn 0.9370 0.2767 0.2133
vn 0.7471 -0.6296 0.2133
vn 0.7287 -0.6631 -0.1709
vn -0.1172 -0.9212 0.3711
vn -0.2054 -0.9787 -0.0007
vn -0.7912 -0.3068 0.5289
vn -0.9340 -0.3141 0.1703
vn -0.6011 0.5992 0.5287
vn -0.7284 0.6637 0.1699
vn 0.2630 0.8906 0.3709
vn 0.2053 0.9787 -0.0010
vn 0.3252 0.0055 0.9456
vn 0.2955 -0.1358 0.9456
vn 0.1608 -0.1810 0.9702
vn 0.0559 -0.0854 0.9948
vn 0.0855 0.0559 0.9948
vn 0.2202 0.1011 0.9702
vn 0.1926 -0.0404 0.9804
vn -0.4021 0.2372 -0.8843
vn -0.4020 0.2373 -0.8843
vn -0.4639 -0.0559 -0.8841
vn -0.4638 -0.0561 -0.8841
vn -0.1223 0.3315 -0.9355
vn -0.1221 0.3315 -0.9355
vn 0.1924 -0.0404 0.9805
vn 0.0963 0.1324 -0.9865
vn 0.0960 0.1331 -0.9864
vn 0.1924 -0.0403 0.9805
vn 0.0349 -0.1604 -0.9864
vn -0.2454 -0.2552 -0.9352
vn -0.2452 -0.2553 -0.9353
vn 0.9595 -0.2016 -0.1968
vn 0.9595 -0.2016 -0.1967
vn 0.9595 -0.2017 -0.1966
vn -0.9596 0.2012 0.1966
vn -0.9594 0.2019 0.1968
vn -0.9594 0.2018 0.1970
vn -0.9596 0.2012 0.1967
vn 0.0092 0.7204 -0.6935
vn -0.0086 -0.7192 0.6948
vn 0.2816 0.6644 0.6923
vn -0.3077 -0.9512 0.0208
vn -0.3077 -0.9513 0.0208
vn -0.7300 -0.6736 0.1153
vn -0.7301 -0.6735 0.1153
vn -0.9761 -0.1111 0.1870
vn -0.9761 -0.1110 0.1870
vn -0.8492 0.4939 0.1869
vn -0.8493 0.4938 0.1869
vn -0.3980 0.9101 0.1155
vn -0.3981 0.9101 0.1155
vn -0.0381 0.9981 0.0488
vn -0.9526 0.3034 0.0234
vn -0.9534 0.2966 0.0551
vn -0.9345 0.2642 0.2384
vn -0.0286 0.0533 -0.9982
vn 0.7419 -0.0606 -0.6677
vn 0.7441 -0.0610 -0.6653
vn 0.9396 -0.1102 -0.3239
vn 0.9752 -0.2045 -0.0849
vn 0.9776 -0.1933 -0.0830
vn 0.9295 -0.1817 0.3210
vn 0.9273 -0.1945 0.3198
vn 0.6500 -0.1256 0.7495
vn 0.6466 -0.1356 0.7507
vn 0.4373 -0.0833 0.8954
vn 0.4343 -0.0911 0.8961
vn 0.9927 -0.1205 -0.0100
vn 0.9923 -0.1205 -0.0287
vn -0.2208 0.0964 -0.9706
vn -0.1932 0.0437 -0.9802
vn 0.9318 -0.1955 -0.3060
vn 0.3419 -0.0231 0.9394
vn 0.3090 -0.0191 0.9509
vn 0.1264 0.0293 0.9915
vn 0.1212 0.0323 0.9921
vn -0.2054 -0.9787 -0.0004
vn -0.1722 0.0367 -0.9844
vn 0.3178 -0.0556 -0.9465
vn 0.3130 -0.0656 -0.9475
vn 0.7346 -0.1541 -0.6608
vn 0.6706 -0.0618 0.7392
vn 0.6635 -0.0611 0.7457
vn 0.9170 -0.0976 0.3867
vn -0.0463 0.1398 0.9891
vn -0.0597 0.1494 0.9870
vn -0.1369 0.2046 0.9692
vn -0.9150 0.2750 0.2953
vn -0.8942 0.3548 -0.2732
vn -0.2343 0.0585 -0.9704
vn -0.4531 0.2256 -0.8625
vn -0.2024 0.0486 -0.9781
vn 0.2039 0.9790 -0.0019
vn 0.2045 0.9789 -0.0033
vn 0.2058 0.9786 -0.0000
vn 0.2055 0.9787 0.0018
vn 0.2060 0.9786 -0.0002
vn 0.2058 0.9786 -0.0009
vn 0.2045 0.9789 -0.0012
vn 0.2044 0.9789 -0.0009
vn 0.2044 0.9789 -0.0006
vn 0.2056 0.9786 0.0009
vn 0.2058 0.9786 0.0010
vn 0.2072 0.9783 -0.0000
vn 0.2076 0.9782 0.0004
vn 0.2056 0.9786 -0.0011
vn 0.2059 0.9786 -0.0012
vn 0.2041 0.9790 -0.0013
vn 0.2042 0.9789 -0.0016
vn 0.2042 0.9789 -0.0007
vn -0.3362 0.0706 -0.9391
vn -0.3359 0.0705 -0.9393
vn 0.0420 -0.0088 -0.9991
vn 0.4129 -0.0866 -0.9067
vn 0.7207 -0.1510 -0.6766
vn 0.7210 -0.1511 -0.6763
vn 0.9196 -0.1926 -0.3425
vn 0.9779 -0.2048 0.0422
vn 0.9779 -0.2048 0.0425
vn 0.8875 -0.1857 0.4218
vn 0.8876 -0.1858 0.4216
vn 0.6619 -0.1386 0.7367
vn 0.3363 -0.0705 0.9391
vn 0.3360 -0.0705 0.9392
vn -0.0415 0.0087 0.9991
vn -0.0420 0.0088 0.9991
vn -0.4128 0.0866 0.9067
vn -0.4124 0.0866 0.9069
vn -0.7210 0.1511 0.6763
vn -0.7207 0.1510 0.6766
vn -0.9194 0.1926 0.3429
vn -0.9196 0.1926 0.3424
vn -0.9779 0.2049 -0.0424
vn -0.9779 0.2049 -0.0422
vn -0.8875 0.1860 -0.4216
vn -0.8874 0.1860 -0.4218
vn -0.6619 0.1388 -0.7367
vn -0.6618 0.1387 -0.7368
vn -0.3358 0.0705 -0.9393
vn 0.0419 -0.0087 -0.9991
vn 0.0417 -0.0087 -0.9991
vn 0.4129 -0.0865 -0.9067
vn 0.7208 -0.1509 -0.6765
vn 0.7209 -0.1509 -0.6764
vn 0.9192 -0.1928 -0.3433
vn 0.9193 -0.1928 -0.3432
vn 0.9778 -0.2052 0.0429
vn 0.9778 -0.2052 0.0427
vn 0.8874 -0.1862 0.4217
vn 0.8874 -0.1862 0.4216
vn 0.6621 -0.1389 0.7365
vn 0.6620 -0.1389 0.7366
vn 0.3354 -0.0703 0.9394
vn 0.3356 -0.0704 0.9394
vn -0.0416 0.0088 0.9991
vn -0.4125 0.0867 0.9068
vn -0.4126 0.0867 0.9068
vn -0.7209 0.1514 0.6763
vn -0.7211 0.1514 0.6761
vn -0.9194 0.1927 0.3429
vn -0.9193 0.1927 0.3430
vn -0.9778 0.2050 -0.0423
vn -0.8874 0.1862 -0.4217
vn -0.8875 0.1862 -0.4216
vn -0.6620 0.1389 -0.7365
vn -0.6620 0.1389 -0.7366
vn -0.2060 -0.9785 -0.0007
vn -0.2057 -0.9786 0.0015
vn -0.2049 -0.9788 0.0003
vn -0.2054 -0.9787 -0.0000
vn -0.2051 -0.9787 0.0004
vn -0.2038 -0.9790 -0.0004
vn -0.2061 -0.9785 0.0012
vn -0.2076 -0.9782 0.0009
vn -0.2046 -0.9788 0.0007
vn -0.2030 -0.9792 0.0004
vn -0.2040 -0.9790 -0.0013
vn 0.0281 0.9990 0.0359
vn 0.0282 0.9990 0.0359
vn -0.4700 0.8734 0.1278
vn -0.4699 0.8734 0.1278
vn -0.7457 0.6439 0.1715
vn -0.7454 0.6441 0.1720
vn -0.9174 0.2738 0.2889
vn -0.9611 -0.1913 0.1993
vn -0.8126 0.5457 0.2047
vn -0.8137 0.5440 0.2048
vn -0.9622 -0.1850 0.1999
vn -0.1909 0.0399 -0.9808
vn 0.2109 0.9775 0.0039
vn 0.0110 0.9988 0.0486
vn 0.0181 0.9987 0.0471
vn -0.2117 -0.9773 0.0024
vn -0.3967 -0.9169 0.0433
vn -0.4050 -0.9132 0.0453
vn -0.6647 0.7304 0.1572
vn -0.6658 0.7293 0.1573
vn 0.0342 0.9989 0.0335
vn -0.9110 -0.3801 0.1598
vn -0.4568 -0.8881 0.0518
vn -0.4581 -0.8874 0.0522
vn 0.6637 -0.7313 -0.1572
vn 0.6633 -0.7317 -0.1571
vn -0.0575 0.0080 0.9983
vn 0.0567 -0.9971 -0.0514
vn 0.0582 -0.9970 -0.0518
vn 0.4089 -0.0884 0.9083
vn 0.1573 -0.0391 0.9868
vn 0.2279 -0.0527 0.9723
vn 0.9336 0.3154 -0.1699
vn 0.9338 0.3149 -0.1700
vn 0.7288 -0.6634 -0.1696
vn 0.7283 -0.6639 -0.1695
vn -0.2052 -0.9787 0.0009
vn -0.2050 -0.9788 0.0009
vn -0.9336 -0.3152 0.1705
vn -0.9337 -0.3147 0.1706
vn -0.7284 0.6635 0.1710
vn -0.7281 0.6638 0.1710
vn 0.2054 0.9787 0.0009
vn 0.2052 0.9787 0.0009
vn -0.4709 0.5100 0.7198
vn 0.0409 0.0951 0.9946
vn -0.0010 -0.1035 0.9946
vn -0.6362 -0.2774 0.7200
vn 0.2800 0.7632 0.5823
vn 0.2303 0.1592 0.9600
vn 0.3783 0.0242 0.9254
vn 0.6999 -0.5572 0.4468
vn 0.3360 -0.1741 0.9256
vn -0.0511 -0.8103 0.5838
vn 0.1469 -0.2378 0.9601
vn 0.6863 -0.5422 0.4848
vn 0.8473 0.2200 0.4834
vn 0.2812 0.7362 0.6157
vn -0.4448 0.4916 0.7487
vn -0.6050 -0.2710 0.7487
vn -0.0389 -0.7860 0.6170
vn 0.9421 0.3128 -0.1209
vn 0.7370 -0.6648 -0.1217
vn -0.9231 -0.3162 0.2190
vn -0.7177 0.6611 0.2188
vn 0.2054 0.9787 0.0001
vn 0.4815 -0.8667 -0.1302
vn -0.7890 -0.6005 0.1299
vn -0.7795 -0.6133 0.1277
vn 0.7889 0.6005 -0.1302
vn 0.9371 0.2758 0.2139
vn -0.1172 -0.9213 0.3709
vn -0.7914 -0.3064 0.5289
vn -0.6012 0.5989 0.5290
vn 0.2628 0.8903 0.3719
vn 0.2051 0.9787 0.0015
vn 0.3253 0.0058 0.9456
vn 0.2957 -0.1355 0.9456
vn 0.2201 0.1016 0.9702
vn -0.4022 0.2377 -0.8842
vn -0.4020 0.2379 -0.8842
vn -0.4634 -0.0559 -0.8844
vn -0.4634 -0.0560 -0.8844
vn -0.1219 0.3327 -0.9351
vn 0.0351 -0.1603 -0.9864
vn 0.0347 -0.1608 -0.9864
vn 0.9597 -0.2009 -0.1967
vn 0.9597 -0.2008 -0.1967
vn -0.9597 0.2008 0.1966
vn -0.2811 -0.6632 -0.6936
vn 0.2812 0.6631 0.6937
vn -0.3078 -0.9512 0.0213
vn -0.7302 -0.6733 0.1158
vn -0.7301 -0.6734 0.1158
vn -0.9760 -0.1110 0.1872
vn -0.9760 -0.1111 0.1872
vn -0.9534 0.2965 0.0553
vn -0.1757 0.0421 -0.9835
vn -0.0289 0.0533 -0.9982
vn 0.3867 0.0007 -0.9222
vn 0.9398 -0.1102 -0.3235
vn 0.9402 -0.1104 -0.3224
vn 0.9752 -0.2046 -0.0850
vn 0.9272 -0.1945 0.3200
vn 0.4374 -0.0834 0.8954
vn 0.9927 -0.1205 -0.0105
vn 0.9923 -0.1205 -0.0289
vn -0.2209 0.0964 -0.9705
vn -0.1934 0.0438 -0.9801
vn 0.9318 -0.1954 -0.3060
vn 0.3419 -0.0232 0.9394
vn -0.1724 0.0367 -0.9844
vn -0.1795 0.0394 -0.9830
vn 0.6638 -0.0611 0.7454
vn 0.9174 -0.0976 0.3857
vn -0.1375 0.2046 0.9691
vn -0.2342 0.0584 -0.9704
vn -0.4529 0.2256 -0.8625
vn -0.2021 0.0484 -0.9782
vn 0.2044 0.9789 0.0014
vn 0.2066 0.9784 -0.0002
vn 0.2053 0.9787 -0.0004
vn 0.2057 0.9786 -0.0001
vn 0.2047 0.9788 -0.0014
vn 0.2046 0.9789 -0.0014
vn 0.2049 0.9788 0.0004
vn 0.2042 0.9789 0.0006
vn 0.2042 0.9789 0.0008
vn 0.2040 0.9790 -0.0013
vn 0.2041 0.9789 -0.0008
vn 0.4128 -0.0866 -0.9067
vn 0.4127 -0.0866 -0.9067
vn 0.7205 -0.1511 -0.6768
vn 0.7207 -0.1512 -0.6766
vn 0.9192 -0.1927 -0.3435
vn 0.9193 -0.1927 -0.3431
vn 0.9778 -0.2048 0.0435
vn 0.9779 -0.2048 0.0428
vn 0.8874 -0.1859 0.4219
vn 0.8875 -0.1859 0.4217
vn 0.6619 -0.1387 0.7366
vn 0.6620 -0.1387 0.7365
vn 0.3355 -0.0703 0.9394
vn 0.3357 -0.0703 0.9393
vn -0.0416 0.0087 0.9991
vn -0.4127 0.0865 0.9067
vn -0.7209 0.1511 0.6763
vn -0.7213 0.1512 0.6759
vn -0.9192 0.1931 0.3431
vn -0.9776 0.2059 -0.0426
vn -0.9777 0.2059 -0.0423
vn -0.8873 0.1865 -0.4218
vn -0.8874 0.1865 -0.4216
vn -0.6621 0.1387 -0.7365
vn 0.0414 -0.0087 -0.9991
vn 0.9194 -0.1930 -0.3428
vn 0.3360 -0.0704 0.9392
vn -0.0418 0.0088 0.9991
vn -0.4129 0.0865 0.9067
vn -0.7208 0.1512 0.6765
vn -0.7209 0.1512 0.6763
vn -0.9778 0.2050 -0.0427
vn -0.8876 0.1858 -0.4216
vn -0.6619 0.1386 -0.7366
vn -0.2048 -0.9788 -0.0001
vn -0.2055 -0.9787 -0.0003
vn -0.2071 -0.9783 -0.0008
vn -0.2071 -0.9783 -0.0018
vn -0.2072 -0.9783 -0.0017
vn -0.2041 -0.9789 -0.0002
vn -0.7452 0.6445 0.1715
vn -0.9175 0.2736 0.2888
vn -0.9611 -0.1886 0.2019
vn -0.8126 0.5483 0.1975
vn -0.8166 0.5421 0.1982
vn -0.9612 -0.1878 0.2019
vn 0.2105 0.9776 -0.0022
vn 0.0089 0.9992 0.0394
vn -0.2117 -0.9773 0.0025
vn -0.3977 -0.9163 0.0475
vn -0.4024 -0.9142 0.0486
vn 0.9604 -0.2014 -0.1925
vn 0.0569 -0.9971 -0.0509
vn 0.4088 -0.0885 0.9083
vn 0.9336 0.3152 -0.1706
vn 0.9337 0.3147 -0.1706
vn -0.9336 -0.3154 0.1699
vn -0.9338 -0.3149 0.1699
vn -0.7288 0.6634 0.1695
vn 0.2051 0.9787 -0.0009
vn 0.2052 0.9787 -0.0009
vn -0.4716 0.5096 0.7197
vn -0.0012 -0.1037 0.9946
vn -0.6370 -0.2781 0.7190
vn 0.2795 0.7632 0.5825
vn 0.8652 0.2302 0.4455
vn -0.0509 -0.8120 0.5814
vn 0.1466 -0.2389 0.9599
vn 0.6878 -0.5417 0.4831
vn 0.8469 0.2196 0.4842
vn 0.2803 0.7356 0.6167
vn -0.4460 0.4905 0.7487
vn -0.0387 -0.7869 0.6158
vn 0.9421 0.3128 -0.1211
vn 0.7282 -0.6639 -0.1704
vn 0.7372 -0.6648 -0.1209
vn -0.2053 -0.9787 -0.0001
vn -0.1951 -0.9795 0.0502
vn -0.9336 -0.3154 0.1703
vn -0.9228 -0.3166 0.2196
vn -0.2056 -0.9786 0.0003
vn -0.7895 -0.5997 0.1306
vn -0.7796 -0.6130 0.1281
vn -0.4813 0.8668 0.1303
vn -0.4677 0.8746 0.1279
vn 0.7795 0.6133 -0.1277
vn 0.9336 0.3155 -0.1701
vn 0.9372 0.2755 0.2138
vn 0.7469 -0.6297 0.2137
vn 0.7281 -0.6641 -0.1699
vn -0.1171 -0.9209 0.3718
vn -0.2052 -0.9787 0.0010
vn -0.7911 -0.3069 0.5291
vn -0.9334 -0.3154 0.1709
vn -0.6012 0.5987 0.5293
vn -0.7280 0.6639 0.1708
vn 0.2630 0.8904 0.3714
vn 0.2055 0.9786 0.0007
vn 0.3252 0.0056 0.9456
vn 0.2956 -0.1358 0.9456
vn 0.1608 -0.1815 0.9702
vn 0.0557 -0.0853 0.9948
vn 0.0854 0.0557 0.9948
vn 0.2201 0.1013 0.9702
vn -0.4635 -0.0560 -0.8844
vn -0.1221 0.3322 -0.9353
vn 0.0960 0.1333 -0.9864
vn 0.0963 0.1325 -0.9865
vn 0.0342 -0.1603 -0.9865
vn 0.0345 -0.1600 -0.9865
vn -0.2452 -0.2545 -0.9355
vn -0.2453 -0.2545 -0.9355
vn -0.9596 0.2011 0.1966
vn -0.2817 -0.6644 -0.6923
vn -0.3076 -0.9513 0.0216
vn -0.7300 -0.6735 0.1159
vn -0.7299 -0.6736 0.1159
vn -0.9760 -0.1112 0.1872
vn -0.0382 0.9981 0.0484
vn -0.0381 0.9981 0.0484
vn -0.9327 0.2640 0.2458
vn -0.9525 0.3036 0.0235
vn -0.9532 0.2973 0.0552
vn -0.9343 0.2647 0.2386
vn -0.1756 0.0422 -0.9836
vn -0.0288 0.0533 -0.9982
vn 0.3788 0.0022 -0.9255
vn 0.7422 -0.0607 -0.6675
vn 0.7440 -0.0610 -0.6654
vn 0.9397 -0.1102 -0.3236
vn 0.9401 -0.1105 -0.3225
vn 0.9752 -0.2045 -0.0851
vn 0.9776 -0.1932 -0.0833
vn 0.9273 -0.1945 0.3197
vn 0.6499 -0.1254 0.7496
vn 0.6464 -0.1356 0.7508
vn 0.4375 -0.0834 0.8954
vn 0.4345 -0.0911 0.8961
vn 0.9927 -0.1204 -0.0104
vn 0.9923 -0.1206 -0.0289
vn -0.2210 0.0964 -0.9705
vn -0.1934 0.0437 -0.9801
vn 0.9337 -0.1843 -0.3069
vn 0.1213 0.0323 0.9921
vn -0.2054 -0.9787 0.0004
vn -0.1795 0.0393 -0.9830
vn 0.3178 -0.0557 -0.9465
vn 0.3131 -0.0657 -0.9475
vn 0.7370 -0.1415 -0.6609
vn 0.7349 -0.1541 -0.6605
vn 0.6705 -0.0618 0.7393
vn 0.9174 -0.0976 0.3859
vn -0.0468 0.1399 0.9891
vn -0.0605 0.1497 0.9869
vn -0.1382 0.2049 0.9690
vn -0.9173 0.2743 0.2888
vn -0.8942 0.3541 -0.2738
vn -0.2344 0.0580 -0.9704
vn -0.4533 0.2255 -0.8624
vn -0.2024 0.0484 -0.9781
vn 0.2059 0.9786 -0.0026
vn 0.2052 0.9787 -0.0006
vn 0.2044 0.9789 0.0008
vn 0.2046 0.9789 -0.0015
vn 0.2049 0.9788 0.0003
vn 0.2044 0.9789 0.0001
vn 0.2049 0.9788 0.0015
vn 0.2068 0.9784 0.0019
vn 0.2071 0.9783 0.0018
vn -0.3354 0.0703 -0.9394
vn -0.3356 0.0703 -0.9394
vn 0.7207 -0.1515 -0.6765
vn 0.7206 -0.1515 -0.6766
vn 0.9191 -0.1935 -0.3433
vn 0.9191 -0.1936 -0.3431
vn 0.9777 -0.2054 0.0430
vn 0.9777 -0.2054 0.0429
vn 0.8874 -0.1860 0.4218
vn 0.8875 -0.1860 0.4216
vn 0.6620 -0.1388 0.7365
vn -0.0417 0.0087 0.9991
vn -0.9193 0.1927 0.3431
vn -0.9192 0.1927 0.3434
vn -0.9779 0.2049 -0.0425
vn -0.6620 0.1388 -0.7365
vn -0.3356 0.0704 -0.9394
vn 0.4126 -0.0867 -0.9068
vn 0.4125 -0.0867 -0.9068
vn 0.7211 -0.1515 -0.6760
vn 0.7209 -0.1515 -0.6763
vn 0.9194 -0.1927 -0.3429
vn 0.9778 -0.2050 0.0423
vn 0.8874 -0.1863 0.4216
vn 0.8874 -0.1863 0.4217
vn 0.6619 -0.1390 0.7366
vn 0.6620 -0.1390 0.7365
vn 0.3358 -0.0705 0.9393
vn 0.3357 -0.0705 0.9393
vn -0.7209 0.1509 0.6764
vn -0.7208 0.1509 0.6765
vn -0.9193 0.1927 0.3432
vn -0.9193 0.1927 0.3433
vn -0.9778 0.2052 -0.0426
vn -0.9778 0.2052 -0.0428
vn -0.6619 0.1389 -0.7366
vn -0.2062 -0.9785 0.0011
vn -0.2041 -0.9790 -0.0002
vn -0.2042 -0.9789 -0.0019
vn -0.2044 -0.9789 -0.0020
vn -0.2046 -0.9788 0.0014
vn -0.2045 -0.9789 0.0005
vn -0.2059 -0.9786 -0.0005
vn -0.2062 -0.9785 0.0010
vn -0.2062 -0.9785 -0.0013
vn -0.2060 -0.9785 0.0002
vn 0.0281 0.9990 0.0354
vn -0.4706 0.8730 0.1280
vn -0.4706 0.8730 0.1281
vn -0.7455 0.6441 0.1716
vn -0.7453 0.6442 0.1719
vn -0.9169 0.2757 0.2887
vn -0.9608 -0.1889 0.2028
vn -0.8129 0.5455 0.2041
vn -0.8139 0.5439 0.2043
vn -0.9610 -0.1880 0.2028
vn -0.1909 0.0398 -0.9808
vn 0.2124 0.9772 0.0036
vn 0.0118 0.9988 0.0485
vn 0.0190 0.9987 0.0469
vn -0.3977 -0.9163 0.0478
vn -0.4024 -0.9142 0.0489
vn 0.0357 0.9988 0.0333
vn -0.6649 0.7303 0.1568
vn -0.6654 0.7298 0.1569
vn 0.0342 0.9989 0.0332
vn -0.9109 -0.3805 0.1595
vn -0.9109 -0.3807 0.1595
vn -0.4567 -0.8881 0.0518
vn -0.4580 -0.8874 0.0522
vn 0.6640 -0.7310 -0.1572
vn 0.6630 -0.7320 -0.1570
vn 0.0570 -0.9971 -0.0512
vn 0.0584 -0.9970 -0.0515
vn 0.3668 0.9297 -0.0327
vn 0.3656 0.9302 -0.0327
vn 0.2590 -0.0543 0.9644
vn 0.2737 -0.0598 0.9599
vn 0.6475 0.7563 -0.0939
vn 0.4088 -0.0884 0.9083
vn -0.2276 0.0417 -0.9729
vn 0.2278 -0.0527 0.9723
vn -0.2052 -0.9787 -0.0009
vn -0.6369 -0.2781 0.7191
vn 0.8652 0.2301 0.4455
vn 0.7004 -0.5578 0.4453
vn -0.0509 -0.8120 0.5815
vn 0.6875 -0.5410 0.4844
vn 0.8470 0.2197 0.4841
vn 0.2804 0.7357 0.6166
vn -0.6043 -0.2707 0.7494
vn -0.0377 -0.7855 0.6177
vn 0.9421 0.3127 -0.1210
vn 0.9337 0.3150 -0.1704
vn 0.7372 -0.6648 -0.1208
vn -0.1956 -0.9794 0.0496
vn -0.9227 -0.3173 0.2188
vn -0.7285 0.6636 0.1703
vn -0.7178 0.6610 0.2189
vn 0.4825 -0.8662 -0.1303
vn 0.4686 -0.8741 -0.1278
vn -0.2049 -0.9788 -0.0002
vn -0.2050 -0.9788 -0.0002
vn -0.7896 -0.5996 0.1304
vn -0.7803 -0.6121 0.1280
vn -0.4675 0.8747 0.1278
vn 0.7891 0.6004 -0.1299
vn 0.7795 0.6132 -0.1279
vn 0.9336 0.3150 -0.1706
vn 0.9369 0.2767 0.2135
vn 0.7469 -0.6296 0.2140
vn 0.7282 -0.6640 -0.1697
vn -0.7910 -0.3069 0.5292
vn -0.6012 0.5986 0.5293
vn 0.2626 0.8906 0.3713
vn 0.2051 0.9787 -0.0000
vn 0.0558 -0.0853 0.9948
vn 0.0854 0.0556 0.9948
vn 0.2200 0.1012 0.9702
vn -0.4015 0.2376 -0.8845
vn -0.4022 0.2368 -0.8844
vn -0.4633 -0.0558 -0.8844
vn -0.4633 -0.0560 -0.8844
vn 0.1926 -0.0403 0.9805
vn 0.0961 0.1333 -0.9864
vn 0.0343 -0.1603 -0.9865
vn 0.0346 -0.1600 -0.9865
vn 0.9596 -0.2010 -0.1969
vn 0.9594 -0.2022 -0.1968
vn 0.9595 -0.2019 -0.1965
vn -0.9595 0.2017 0.1967
vn -0.9595 0.2016 0.1966
vn -0.9594 0.2020 0.1968
vn 0.0092 0.7204 -0.6934
vn -0.2820 -0.6630 -0.6935
vn -0.0095 -0.7204 0.6935
vn -0.3076 -0.9513 0.0217
vn -0.7301 -0.6734 0.1159
vn -0.7300 -0.6735 0.1158
vn -0.9327 0.2640 0.2457
vn -0.9532 0.2974 0.0552
vn 0.3872 0.0006 -0.9220
vn 0.7421 -0.0606 -0.6675
vn 0.7440 -0.0610 -0.6653
vn 0.9776 -0.1931 -0.0833
vn 0.9294 -0.1818 0.3211
vn 0.6499 -0.1255 0.7496
vn 0.6465 -0.1356 0.7508
vn 0.4345 -0.0911 0.8960
vn 0.9923 -0.1206 -0.0290
vn 0.9318 -0.1954 -0.3059
vn 0.3093 -0.0192 0.9508
vn -0.1724 0.0367 -0.9843
vn 0.7371 -0.1415 -0.6608
vn 0.7349 -0.1541 -0.6604
vn 0.6704 -0.0618 0.7394
vn 0.6637 -0.0611 0.7455
vn 0.9171 -0.0976 0.3865
vn 0.9252 -0.0988 0.3663
vn -0.8943 0.3541 -0.2737
vn 0.2065 0.9784 0.0021
vn 0.2045 0.9789 0.0002
vn 0.2031 0.9792 -0.0000
vn 0.2059 0.9786 -0.0002
vn 0.2070 0.9783 0.0010
vn 0.2057 0.9786 0.0006
vn 0.2041 0.9789 0.0006
vn 0.2041 0.9790 0.0002
vn 0.2025 0.9793 0.0010
vn 0.2024 0.9793 -0.0006
vn 0.2021 0.9794 -0.0006
vn 0.2049 0.9788 0.0014
vn -0.3354 0.0704 -0.9394
vn 0.7213 -0.1513 -0.6759
vn 0.7210 -0.1512 -0.6763
vn 0.9192 -0.1932 -0.3432
vn 0.9777 -0.2059 0.0422
vn 0.9776 -0.2059 0.0425
vn 0.8874 -0.1865 0.4216
vn 0.8873 -0.1865 0.4219
vn -0.4127 0.0866 0.9067
vn -0.7209 0.1511 0.6764
vn -0.7206 0.1511 0.6767
vn -0.9194 0.1927 0.3430
vn -0.9192 0.1926 0.3434
vn -0.9778 0.2050 -0.0429
vn -0.9778 0.2050 -0.0435
vn -0.8874 0.1861 -0.4217
vn -0.8873 0.1861 -0.4219
vn -0.3355 0.0704 -0.9394
vn 0.0418 -0.0088 -0.9991
vn 0.4125 -0.0865 -0.9068
vn 0.9779 -0.2049 0.0423
vn 0.9779 -0.2049 0.0424
vn 0.8875 -0.1862 0.4216
vn 0.6620 -0.1389 0.7365
vn -0.4129 0.0865 0.9066
vn -0.7210 0.1509 0.6764
vn -0.7209 0.1509 0.6765
vn -0.9192 0.1927 0.3433
vn -0.8874 0.1863 -0.4217
vn -0.6619 0.1390 -0.7366
vn -0.6620 0.1390 -0.7365
vn -0.2059 -0.9786 -0.0004
vn 0.0279 0.9990 0.0354
vn -0.4711 0.8728 0.1277
vn -0.4710 0.8728 0.1277
vn -0.7450 0.6446 0.1714
vn -0.7448 0.6449 0.1716
vn -0.9610 -0.1913 0.1998
vn -0.8125 0.5457 0.2051
vn -0.8136 0.5440 0.2052
vn -0.9621 -0.1850 0.2004
vn 0.0109 0.9989 0.0452
vn 0.0177 0.9989 0.0436
vn -0.2136 -0.9769 -0.0032
vn -0.3978 -0.9166 0.0401
vn -0.4059 -0.9130 0.0421
vn -0.9108 -0.3807 0.1595
vn 0.6640 -0.7310 -0.1573
vn 0.6630 -0.7320 -0.1571
vn 0.9338 0.3146 -0.1705
vn 0.9335 0.3154 -0.1704
vn 0.7282 -0.6638 -0.1708
vn 0.7285 -0.6634 -0.1709
vn -0.2053 -0.9787 -0.0004
vn -0.9338 -0.3146 0.1705
vn -0.9335 -0.3154 0.1704
vn -0.7285 0.6634 0.1709
vn -0.7282 0.6638 0.1708
vn 0.2055 0.9787 0.0004
vn 0.2053 0.9787 0.0004
vn -0.4719 0.5107 0.7187
vn 0.0404 0.0955 0.9946
vn -0.0010 -0.1034 0.9946
vn -0.6362 -0.2774 0.7199
vn 0.2791 0.7643 0.5814
vn 0.2303 0.1601 0.9599
vn 0.8658 0.2286 0.4451
vn 0.3780 0.0248 0.9255
vn 0.7005 -0.5569 0.4463
vn 0.3362 -0.1741 0.9255
vn -0.0504 -0.8103 0.5839
vn 0.1470 -0.2375 0.9602
vn -0.4458 0.4904 0.7488
vn -0.6056 -0.2692 0.7489
vn -0.0385 -0.7861 0.6169
vn -0.1952 -0.9795 0.0492
vn -0.7283 0.6637 0.1703
vn 0.2145 0.9756 0.0480
vn 0.4813 -0.8668 -0.1304
vn 0.4675 -0.8747 -0.1280
vn -0.7890 -0.6003 0.1304
vn -0.4825 0.8661 0.1307
vn -0.4687 0.8740 0.1282
vn 0.2049 0.9788 0.0002
vn 0.7897 0.5995 -0.1305
vn 0.9336 0.3149 -0.1708
vn 0.9370 0.2767 0.2135
vn 0.7471 -0.6295 0.2134
vn 0.7288 -0.6631 -0.1709
vn -0.1173 -0.9212 0.3710
vn -0.7913 -0.3068 0.5289
vn -0.9340 -0.3141 0.1702
vn 0.2053 0.9787 -0.0009
vn 0.0559 -0.0853 0.9948
vn -0.4021 0.2371 -0.8844
vn -0.4020 0.2373 -0.8844
vn -0.4638 -0.0559 -0.8842
vn -0.4637 -0.0561 -0.8842
vn 0.0961 0.1331 -0.9864
vn -0.2451 -0.2552 -0.9353
vn 0.9595 -0.2017 -0.1967
vn -0.9595 0.2018 0.1968
vn -0.9594 0.2018 0.1969
vn -0.0086 -0.7191 0.6948
vn -0.9328 0.2640 0.2455
vn -0.9534 0.2965 0.0552
vn -0.9345 0.2641 0.2385
vn 0.3871 0.0006 -0.9220
vn 0.9401 -0.1104 -0.3225
vn 0.9752 -0.2045 -0.0850
vn 0.9776 -0.1932 -0.0831
vn 0.4342 -0.0911 0.8962
vn 0.9923 -0.1205 -0.0288
vn -0.2208 0.0964 -0.9705
vn 0.7371 -0.1416 -0.6608
vn 0.7346 -0.1541 -0.6607
vn 0.9171 -0.0976 0.3866
vn -0.8941 0.3547 -0.2734
vn -0.2023 0.0486 -0.9781
vn 0.2044 0.9789 -0.0005
vn 0.2040 0.9790 0.0013
vn 0.2072 0.9783 0.0001
vn 0.2063 0.9785 -0.0013
vn 0.2058 0.9786 -0.0011
vn 0.2041 0.9789 -0.0007
vn -0.3358 0.0704 -0.9393
vn -0.3359 0.0704 -0.9393
vn 0.0419 -0.0088 -0.9991
vn 0.7207 -0.1511 -0.6766
vn 0.7209 -0.1511 -0.6763
vn 0.9196 -0.1927 -0.3424
vn 0.9194 -0.1926 -0.3428
vn 0.9779 -0.2048 0.0421
vn 0.9779 -0.2048 0.0424
vn 0.8875 -0.1859 0.4215
vn 0.6617 -0.1387 0.7368
vn 0.6618 -0.1387 0.7367
vn 0.3362 -0.0705 0.9392
vn 0.3359 -0.0705 0.9392
vn -0.4128 0.0867 0.9067
vn -0.7206 0.1510 0.6767
vn -0.9194 0.1926 0.3428
vn -0.9779 0.2048 -0.0425
vn -0.9779 0.2048 -0.0422
vn -0.6618 0.1387 -0.7367
vn -0.6617 0.1387 -0.7368
vn -0.3357 0.0705 -0.9393
vn 0.0418 -0.0087 -0.9991
vn 0.9193 -0.1928 -0.3431
vn 0.3354 -0.0704 0.9394
vn -0.7211 0.1514 0.6760
vn -0.8874 0.1863 -0.4216
vn -0.2050 -0.9788 0.0003
vn -0.2051 -0.9787 0.0003
vn -0.2076 -0.9782 0.0008
vn 0.0282 0.9990 0.0358
vn -0.4700 0.8733 0.1278
vn -0.7457 0.6438 0.1714
vn -0.9175 0.2737 0.2886
vn -0.9610 -0.1913 0.1996
vn -0.8126 0.5457 0.2048
vn -0.8137 0.5440 0.2050
vn -0.9621 -0.1850 0.2002
vn 0.0181 0.9987 0.0470
vn -0.3967 -0.9169 0.0435
vn -0.4050 -0.9132 0.0454
vn 0.0354 0.9988 0.0333
vn -0.6652 0.7300 0.1568
vn -0.6657 0.7296 0.1568
vn 0.0339 0.9989 0.0332
vn -0.9111 -0.3800 0.1597
vn -0.9106 -0.3813 0.1596
vn 0.6633 -0.7317 -0.1572
vn 0.1053 -0.0254 0.9941
vn 0.3657 0.9302 -0.0325
vn -0.2051 -0.9788 0.0009
vn -0.9336 -0.3152 0.1706
vn -0.7281 0.6638 0.1709
vn 0.2053 0.9787 0.0009
vn -0.4711 0.5100 0.7197
vn 0.0408 0.0951 0.9946
vn -0.6363 -0.2773 0.7199
vn 0.2796 0.7627 0.5832
vn 0.2301 0.1590 0.9601
vn 0.8653 0.2284 0.4461
vn 0.3777 0.0247 0.9256
vn 0.7001 -0.5572 0.4465
vn -0.0511 -0.8102 0.5839
vn 0.1470 -0.2378 0.9601
vn 0.6863 -0.5421 0.4849
vn 0.2812 0.7362 0.6156
vn -0.0388 -0.7860 0.6170
vn -0.9996 -0.0288 -0.0000
vn -0.9996 0.0281 -0.0000
vn -0.0291 0.9996 -0.0000
vn 0.0121 0.9999 -0.0001
vn 0.0121 0.9999 -0.0000
vn 0.9989 0.0461 -0.0000
vn 0.9964 -0.0850 -0.0000
vn 0.0509 -0.9987 -0.0000
vn -0.0274 -0.9996 -0.0000
vn 0.8666 -0.4990 -0.0000
vn 0.6042 -0.7968 -0.0000
vn 0.3113 -0.9503 -0.0000
vn -0.7108 0.7033 -0.0000
vn -0.7024 -0.7118 -0.0000
vn 0.7042 0.7100 -0.0000
vn -0.0613 0.9981 -0.0000
vn -0.0613 -0.9981 -0.0000
vn -0.0000 0.9961 -0.0878
vn -0.0000 -0.9961 -0.0878
vn -0.7078 -0.7064 -0.0000
vn -0.9977 -0.0682 -0.0000
vn -0.9977 0.0682 -0.0000
vn -0.7078 0.7064 -0.0000
vn -0.0000 0.0682 -0.9977
vn -0.0000 0.7064 -0.7078
vn -0.0000 -0.7064 -0.7078
vn -0.0000 -0.0682 -0.9977
vn -0.9995 -0.0000 -0.0312
vn -0.0000 0.9718 -0.2358
vn -0.0000 -0.9718 -0.2358
vn -0.0001 -0.9718 -0.2358
vn 0.9993 -0.0000 -0.0371
vn -0.0000 -0.9626 -0.2708
vn -0.9993 -0.0000 -0.0371
vn -0.0000 0.9626 -0.2708
vn -0.0000 0.4859 -0.8740
vn -0.0000 -0.2754 -0.9613
vn -0.0000 0.9612 -0.2758
vn -0.0000 -0.8739 -0.4861
vn -0.0000 -0.9620 0.2732
vn -0.0000 -0.4859 0.8740
vn -0.0000 0.2738 0.9618
vn -0.0000 0.8744 0.4852
vn -0.4255 -0.2488 -0.8701
vn -0.4259 -0.7911 -0.4390
vn -0.6464 -0.6669 -0.3706
vn -0.6462 -0.2095 -0.7339
vn -0.4244 -0.8706 0.2490
vn -0.6458 -0.7341 0.2096
vn -0.4242 -0.4395 0.7918
vn -0.4255 0.2488 0.8701
vn -0.6461 0.2094 0.7340
vn -0.6456 -0.3713 0.6673
vn -0.4259 0.7911 0.4390
vn -0.4244 0.8706 -0.2490
vn -0.6456 0.7343 -0.2098
vn -0.6463 0.6670 0.3707
vn -0.4241 0.4395 -0.7918
vn -0.6456 0.3714 -0.6673
vn -0.9902 -0.1221 -0.0683
vn -0.9901 -0.0386 -0.1349
vn -0.9901 -0.1347 0.0386
vn -0.9901 0.0385 0.1350
vn -0.9901 -0.0680 0.1227
vn -0.9901 0.1350 -0.0381
vn -0.9900 0.1233 0.0681
vn -0.9901 0.0680 -0.1227
vn -0.0000 -0.2738 -0.9618
vn -0.0000 0.9620 -0.2732
vn -0.0000 -0.8731 -0.4876
vn -0.0000 -0.9614 0.2752
vn -0.0000 -0.4841 0.8750
vn -0.0000 0.2754 0.9613
vn -0.0000 0.8739 0.4861
vn -0.4247 -0.2486 -0.8705
vn -0.4250 -0.7909 -0.4403
vn -0.6458 -0.6674 -0.3708
vn -0.6458 -0.2091 -0.7343
vn -0.4267 -0.8697 0.2480
vn -0.6467 -0.7333 0.2098
vn -0.4268 -0.4398 0.7902
vn -0.4241 0.2478 0.8711
vn -0.6455 0.2106 0.7342
vn -0.6465 -0.3702 0.6671
vn -0.4225 0.7918 0.4410
vn -0.4243 0.8707 -0.2485
vn -0.6456 0.7344 -0.2095
vn -0.6449 0.6680 0.3713
vn -0.4254 0.4399 -0.7909
vn -0.6460 0.3700 -0.6676
vn -0.9901 -0.1226 -0.0681
vn -0.9901 -0.0381 -0.1350
vn -0.9900 -0.1354 0.0393
vn -0.9901 0.0386 0.1349
vn -0.9901 -0.0679 0.1229
vn -0.9901 0.1348 -0.0389
vn -0.9902 0.1221 0.0683
vn -0.9901 0.0689 -0.1226
vn -0.9999 -0.0167 -0.0000
vn -0.9999 0.0167 -0.0000
vn -0.2099 0.9777 -0.0000
vn 0.2099 0.9777 -0.0000
vn 0.9999 0.0167 -0.0000
vn 0.9999 -0.0167 -0.0000
vn 0.2099 -0.9777 -0.0000
vn -0.2099 -0.9777 -0.0000
vn -0.7070 -0.7073 -0.0000
vn -0.7070 0.7073 -0.0000
vn 0.7070 0.7073 -0.0000
vn 0.7070 -0.7073 -0.0000
vn 0.2122 -0.9748 0.0690
vn 0.1312 -0.9748 0.1806
vn -0.0000 -0.9748 0.2232
vn -0.1312 -0.9748 0.1805
vn -0.2123 -0.9748 0.0690
vn -0.2123 -0.9748 -0.0690
vn -0.1312 -0.9748 -0.1806
vn -0.0000 -0.9748 -0.2232
vn 0.1312 -0.9748 -0.1806
vn 0.2123 -0.9748 -0.0689
vn 0.9511 -0.0018 0.3090
vn 0.5878 -0.0019 0.8090
vn 0.5045 -0.5131 0.6944
vn 0.8163 -0.5131 0.2652
vn 0.9511 -0.0019 -0.3090
vn 0.8163 -0.5131 -0.2652
vn 0.8090 -0.0018 -0.5878
vn 0.5636 -0.6511 -0.5083
vn -0.9511 -0.0019 -0.3090
vn -0.8091 -0.0018 -0.5877
vn -0.5637 -0.6511 -0.5083
vn -0.8164 -0.5130 -0.2652
vn -0.9511 -0.0019 0.3090
vn -0.8164 -0.5130 0.2653
vn -0.5878 -0.0019 0.8090
vn -0.5045 -0.5131 0.6944
vn -0.0000 -0.0018 1.0000
vn -0.0000 -0.5131 0.8583
vn -0.0000 -0.9102 -0.4142
vn 0.9511 0.0023 0.3090
vn 0.5878 0.0024 0.8090
vn 0.9511 0.0024 -0.3090
vn 0.8090 0.0023 -0.5878
vn -0.9511 0.0024 -0.3090
vn -0.8091 0.0023 -0.5877
vn -0.9511 0.0024 0.3090
vn -0.5878 0.0024 0.8090
vn -0.0000 0.0024 1.0000
vn 0.2149 0.9741 0.0698
vn 0.2149 0.9741 -0.0698
vn 0.1328 0.9741 -0.1828
vn -0.0000 0.9741 -0.2260
vn -0.1327 0.9742 -0.1827
vn -0.2149 0.9741 -0.0698
vn -0.2149 0.9741 0.0698
vn -0.1328 0.9742 0.1828
vn -0.0000 0.9741 0.2259
vn 0.1328 0.9741 0.1828
vn 0.8170 0.5119 0.2654
vn 0.5049 0.5119 0.6950
vn 0.8170 0.5119 -0.2654
vn 0.5645 0.6491 -0.5099
vn -0.8171 0.5118 -0.2655
vn -0.5645 0.6491 -0.5100
vn -0.8170 0.5118 0.2655
vn -0.5049 0.5118 0.6950
vn -0.0000 0.5119 0.8591
vn -0.0000 0.9082 -0.4185
vn 0.2071 -0.9760 0.0673
vn 0.1280 -0.9760 0.1762
vn -0.0000 -0.9760 0.2178
vn -0.1280 -0.9760 0.1762
vn -0.2071 -0.9760 0.0673
vn -0.2072 -0.9760 -0.0673
vn -0.1280 -0.9760 -0.1762
vn -0.0000 -0.9760 -0.2178
vn 0.1280 -0.9760 -0.1762
vn 0.2071 -0.9760 -0.0673
vn 0.9510 -0.0020 0.3091
vn 0.5878 -0.0020 0.8090
vn 0.5012 -0.5225 0.6898
vn 0.8109 -0.5225 0.2635
vn 0.9511 -0.0020 -0.3090
vn 0.8109 -0.5226 -0.2635
vn 0.8090 -0.0019 -0.5878
vn 0.5577 -0.6604 -0.5028
vn -0.9510 -0.0020 -0.3091
vn -0.8090 -0.0019 -0.5878
vn -0.5577 -0.6604 -0.5028
vn -0.8109 -0.5226 -0.2635
vn -0.9510 -0.0020 0.3091
vn -0.8109 -0.5225 0.2635
vn -0.5878 -0.0020 0.8090
vn -0.5012 -0.5225 0.6898
vn -0.0000 -0.0020 1.0000
vn -0.0000 -0.5225 0.8526
vn -0.0000 -0.9142 -0.4053
vn 0.9510 0.0020 0.3091
vn 0.5878 0.0020 0.8090
vn 0.9511 0.0020 -0.3090
vn 0.8090 0.0019 -0.5878
vn -0.9510 0.0020 -0.3091
vn -0.8090 0.0019 -0.5878
vn -0.9510 0.0020 0.3091
vn -0.5878 0.0020 0.8090
vn -0.0000 0.0020 1.0000
vn 0.2098 0.9754 0.0681
vn 0.2098 0.9754 -0.0682
vn 0.1296 0.9754 -0.1784
vn -0.0000 0.9754 -0.2205
vn -0.1296 0.9754 -0.1785
vn -0.2098 0.9754 -0.0682
vn -0.2097 0.9754 0.0681
vn -0.1297 0.9754 0.1784
vn -0.0000 0.9754 0.2206
vn 0.1297 0.9754 0.1785
vn 0.8119 0.5208 0.2638
vn 0.5018 0.5208 0.6907
vn 0.8119 0.5209 -0.2638
vn 0.5587 0.6582 -0.5046
vn -0.8119 0.5208 -0.2638
vn -0.5587 0.6582 -0.5046
vn -0.8119 0.5208 0.2639
vn -0.5018 0.5207 0.6907
vn -0.0000 0.5208 0.8537
vn -0.0000 0.9122 -0.4097
vn 0.2047 -0.9766 0.0665
vn 0.1265 -0.9766 0.1741
vn -0.0000 -0.9766 0.2152
vn -0.1265 -0.9766 0.1741
vn -0.2046 -0.9766 0.0665
vn -0.2047 -0.9766 -0.0665
vn -0.1265 -0.9766 -0.1741
vn -0.0000 -0.9766 -0.2152
vn 0.1265 -0.9766 -0.1740
vn 0.2046 -0.9766 -0.0665
vn 0.9511 -0.0021 0.3090
vn 0.5878 -0.0021 0.8090
vn 0.4982 -0.5307 0.6857
vn 0.8061 -0.5307 0.2619
vn 0.9510 -0.0021 -0.3090
vn 0.8061 -0.5306 -0.2620
vn 0.8090 -0.0020 -0.5878
vn 0.5524 -0.6678 -0.4989
vn -0.9510 -0.0021 -0.3091
vn -0.8090 -0.0020 -0.5878
vn -0.5524 -0.6678 -0.4989
vn -0.8061 -0.5308 -0.2619
vn -0.9511 -0.0021 0.3090
vn -0.8061 -0.5307 0.2619
vn -0.5878 -0.0021 0.8090
vn -0.4982 -0.5307 0.6857
vn -0.0001 -0.0021 1.0000
vn -0.0000 -0.5307 0.8476
vn -0.0000 -0.9162 -0.4008
vn 0.9511 0.0021 0.3090
vn 0.5878 0.0021 0.8090
vn 0.9510 0.0021 -0.3090
vn 0.8090 0.0020 -0.5878
vn -0.9510 0.0021 -0.3091
vn -0.8090 0.0020 -0.5878
vn -0.9511 0.0021 0.3090
vn -0.5878 0.0021 0.8090
vn -0.0001 0.0021 1.0000
vn 0.2047 0.9766 0.0665
vn 0.2046 0.9766 -0.0665
vn 0.1265 0.9766 -0.1740
vn -0.0000 0.9766 -0.2152
vn -0.1265 0.9766 -0.1741
vn -0.2047 0.9766 -0.0665
vn -0.2046 0.9766 0.0665
vn -0.1265 0.9766 0.1741
vn -0.0000 0.9766 0.2152
vn 0.1265 0.9766 0.1740
vn 0.8061 0.5307 0.2619
vn 0.4982 0.5307 0.6857
vn 0.8061 0.5307 -0.2619
vn 0.5524 0.6678 -0.4989
vn -0.8061 0.5308 -0.2619
vn -0.5524 0.6678 -0.4989
vn -0.8060 0.5307 0.2619
vn -0.4981 0.5307 0.6857
vn -0.0000 0.5307 0.8476
vn -0.0000 0.9162 -0.4008
vn 0.1995 -0.9778 0.0648
vn 0.1232 -0.9778 0.1696
vn -0.0000 -0.9777 0.2098
vn -0.1232 -0.9778 0.1696
vn -0.1994 -0.9778 0.0648
vn -0.1994 -0.9778 -0.0648
vn -0.1233 -0.9778 -0.1697
vn -0.0000 -0.9778 -0.2097
vn 0.1233 -0.9778 -0.1697
vn 0.1994 -0.9778 -0.0648
vn 0.4950 -0.5394 0.6812
vn 0.8009 -0.5393 0.2602
vn 0.9510 -0.0021 -0.3091
vn 0.8009 -0.5393 -0.2603
vn 0.8090 -0.0020 -0.5879
vn 0.5468 -0.6764 -0.4935
vn -0.9510 -0.0021 -0.3090
vn -0.8091 -0.0020 -0.5877
vn -0.5468 -0.6764 -0.4934
vn -0.8008 -0.5394 -0.2603
vn -0.9510 -0.0021 0.3091
vn -0.8009 -0.5394 0.2602
vn -0.5877 -0.0021 0.8091
vn -0.4949 -0.5393 0.6813
vn -0.0000 -0.0021 1.0000
vn -0.0000 -0.5394 0.8421
vn -0.0000 -0.9200 -0.3918
vn 0.9511 0.0020 0.3090
vn 0.9510 0.0021 -0.3091
vn 0.8089 0.0020 -0.5879
vn -0.9510 0.0021 -0.3090
vn -0.9510 0.0021 0.3091
vn -0.5877 0.0021 0.8091
vn -0.0000 0.0021 1.0000
vn 0.1995 0.9778 0.0648
vn 0.1994 0.9778 -0.0648
vn 0.1233 0.9778 -0.1697
vn -0.0000 0.9778 -0.2097
vn -0.1233 0.9778 -0.1697
vn -0.1994 0.9778 -0.0648
vn -0.1995 0.9778 0.0648
vn -0.1232 0.9778 0.1696
vn -0.0000 0.9778 0.2097
vn 0.1232 0.9778 0.1696
vn 0.8009 0.5393 0.2602
vn 0.4950 0.5394 0.6812
vn 0.8009 0.5393 -0.2603
vn 0.5468 0.6764 -0.4935
vn -0.8008 0.5394 -0.2603
vn -0.5468 0.6764 -0.4934
vn -0.8008 0.5394 0.2602
vn -0.4950 0.5393 0.6813
vn -0.0000 0.5394 0.8420
vn -0.0000 0.9200 -0.3918
vn 0.1233 -0.9777 0.1697
vn -0.0000 -0.9778 0.2097
vn -0.1233 -0.9778 0.1697
vn -0.1995 -0.9778 0.0648
vn 0.1233 -0.9777 -0.1697
vn 0.9510 -0.0021 0.3091
vn 0.5877 -0.0021 0.8091
vn 0.4949 -0.5394 0.6813
vn 0.8008 -0.5394 0.2602
vn 0.8009 -0.5393 -0.2602
vn 0.8089 -0.0020 -0.5879
vn -0.8008 -0.5394 -0.2602
vn -0.9510 -0.0021 0.3090
vn -0.8008 -0.5394 0.2602
vn -0.4949 -0.5394 0.6813
vn -0.0000 -0.5393 0.8421
vn 0.9510 0.0021 0.3091
vn -0.9510 0.0021 0.3090
vn 0.1233 0.9777 -0.1697
vn -0.1995 0.9777 0.0648
vn -0.1233 0.9778 0.1697
vn 0.1233 0.9778 0.1697
vn 0.8008 0.5395 0.2602
vn 0.4950 0.5394 0.6813
vn 0.8008 0.5394 -0.2602
vn 0.5468 0.6764 -0.4934
vn -0.4949 0.5394 0.6813
vn -0.0000 0.5393 0.8421
vn 0.1233 -0.9778 0.1697
vn -0.0000 -0.9777 -0.2098
vn 0.1995 -0.9777 -0.0648
vn 0.5877 -0.0021 0.8090
vn 0.4950 -0.5393 0.6812
vn 0.8009 -0.5394 0.2602
vn 0.9511 -0.0021 -0.3090
vn 0.8009 -0.5394 -0.2602
vn 0.5468 -0.6764 -0.4934
vn -0.9511 -0.0021 -0.3090
vn -0.5469 -0.6764 -0.4934
vn -0.8009 -0.5394 -0.2602
vn -0.8009 -0.5393 0.2602
vn -0.4950 -0.5394 0.6813
vn -0.0000 -0.9201 -0.3918
vn 0.9511 0.0021 -0.3090
vn 0.8090 0.0020 -0.5877
vn -0.9511 0.0021 -0.3090
vn -0.8091 0.0020 -0.5877
vn 0.1994 0.9778 0.0648
vn 0.1995 0.9778 -0.0648
vn 0.1232 0.9778 -0.1697
vn -0.0000 0.9777 -0.2098
vn 0.1233 0.9778 0.1696
vn 0.8008 0.5394 0.2602
vn 0.8009 0.5394 -0.2602
vn 0.5469 0.6764 -0.4934
vn -0.8009 0.5394 -0.2602
vn -0.8009 0.5393 0.2602
vn -0.4950 0.5394 0.6812
vn -0.0000 0.9201 -0.3918
vn -0.1995 -0.9778 -0.0648
vn -0.1232 -0.9778 -0.1696
vn 0.1995 -0.9778 -0.0648
vn 0.4950 -0.5393 0.6813
vn 0.8008 -0.5394 -0.2603
vn -0.4950 -0.5394 0.6812
vn -0.1233 0.9778 -0.1696
vn -0.1995 0.9778 -0.0648
vn -0.1994 0.9778 0.0648
vn -0.1233 0.9778 0.1696
vn -0.0000 0.9777 0.2098
vn 0.8009 0.5394 0.2602
vn 0.4950 0.5393 0.6813
vn 0.8008 0.5394 -0.2603
vn -0.8008 0.5394 -0.2602
vn -0.8009 0.5394 0.2602
vn -0.0000 0.5394 0.8421
vn -0.0000 -0.9778 0.2098
vn 0.4950 -0.5394 0.6813
vn -0.4950 -0.5393 0.6813
vn -0.0000 0.9778 0.2098
vn 0.4949 0.5394 0.6812
vn 0.8009 0.5393 -0.2602
vn 0.1995 -0.9777 0.0648
vn 0.9510 -0.0021 0.3090
vn 0.4949 -0.5393 0.6813
vn 0.8008 -0.5394 -0.2602
vn -0.8009 -0.5393 -0.2602
vn 0.1995 0.9777 0.0648
vn 0.8008 0.5394 0.2603
vn 0.4949 0.5394 0.6813
vn -0.8009 0.5393 -0.2602
vn 0.1969 -0.9783 0.0640
vn 0.1217 -0.9783 0.1675
vn -0.0000 -0.9783 0.2071
vn -0.1217 -0.9783 0.1675
vn -0.1969 -0.9783 0.0640
vn -0.1970 -0.9783 -0.0640
vn -0.1217 -0.9783 -0.1675
vn -0.0000 -0.9783 -0.2071
vn 0.1217 -0.9783 -0.1675
vn 0.1970 -0.9783 -0.0640
vn 0.9511 -0.0027 0.3090
vn 0.5878 -0.0027 0.8090
vn 0.4921 -0.5470 0.6773
vn 0.7961 -0.5470 0.2587
vn 0.9511 -0.0027 -0.3090
vn 0.7961 -0.5470 -0.2587
vn 0.8090 -0.0026 -0.5878
vn 0.5420 -0.6831 -0.4895
vn -0.9511 -0.0028 -0.3090
vn -0.8091 -0.0026 -0.5877
vn -0.5420 -0.6831 -0.4894
vn -0.7962 -0.5470 -0.2587
vn -0.9511 -0.0028 0.3090
vn -0.7962 -0.5470 0.2587
vn -0.5878 -0.0028 0.8090
vn -0.4921 -0.5470 0.6772
vn -0.0000 -0.0027 1.0000
vn -0.0000 -0.5470 0.8371
vn -0.0000 -0.9220 -0.3872
vn 0.9511 0.0027 0.3090
vn 0.5878 0.0027 0.8090
vn 0.9511 0.0027 -0.3090
vn 0.8090 0.0026 -0.5878
vn -0.9511 0.0028 -0.3090
vn -0.8091 0.0026 -0.5877
vn -0.9511 0.0028 0.3090
vn -0.5878 0.0028 0.8090
vn -0.0000 0.0027 1.0000
vn 0.1969 0.9783 0.0640
vn 0.1970 0.9783 -0.0640
vn 0.1217 0.9783 -0.1675
vn -0.0000 0.9783 -0.2071
vn -0.1217 0.9783 -0.1675
vn -0.1970 0.9783 -0.0640
vn -0.1969 0.9783 0.0640
vn -0.1217 0.9783 0.1675
vn -0.0000 0.9783 0.2071
vn 0.1217 0.9783 0.1675
vn 0.7961 0.5470 0.2587
vn 0.4921 0.5470 0.6772
vn 0.7962 0.5470 -0.2587
vn 0.5420 0.6831 -0.4895
vn -0.7962 0.5470 -0.2587
vn -0.5420 0.6831 -0.4895
vn -0.7962 0.5470 0.2587
vn -0.4921 0.5470 0.6772
vn -0.0000 0.5470 0.8371
vn -0.0000 0.9220 -0.3872
vn 0.1217 -0.9783 0.1676
vn -0.1970 -0.9783 0.0640
vn -0.1217 -0.9783 -0.1676
vn 0.1969 -0.9783 -0.0640
vn 0.9510 -0.0027 0.3090
vn 0.4920 -0.5470 0.6773
vn 0.7962 -0.5470 0.2587
vn 0.7962 -0.5470 -0.2587
vn -0.9510 -0.0027 -0.3090
vn -0.8090 -0.0026 -0.5878
vn -0.5420 -0.6831 -0.4895
vn -0.7961 -0.5470 -0.2587
vn -0.9511 -0.0027 0.3090
vn -0.7961 -0.5470 0.2587
vn -0.5878 -0.0027 0.8090
vn -0.4920 -0.5470 0.6772
vn 0.9510 0.0027 0.3090
vn -0.9510 0.0027 -0.3090
vn -0.8090 0.0026 -0.5878
vn -0.9511 0.0027 0.3090
vn -0.5878 0.0027 0.8090
vn 0.1969 0.9783 -0.0640
vn -0.1970 0.9783 0.0640
vn 0.1217 0.9783 0.1676
vn 0.7962 0.5470 0.2587
vn 0.4920 0.5470 0.6773
vn 0.7961 0.5470 -0.2587
vn -0.7961 0.5470 -0.2587
vn -0.7961 0.5470 0.2587
vn -0.4920 0.5470 0.6772
vn -0.1969 -0.9783 -0.0640
vn 0.4920 -0.5470 0.6772
vn -0.9511 -0.0027 -0.3090
vn -0.5420 -0.6832 -0.4895
vn -0.9511 0.0027 -0.3090
vn 0.1217 0.9783 -0.1676
vn -0.1969 0.9783 -0.0640
vn -0.5419 0.6832 -0.4895
vn 0.7962 0.5470 0.2586
vn 0.4920 0.5470 0.6772
vn 0.1943 -0.9789 0.0631
vn 0.1201 -0.9789 0.1653
vn -0.0000 -0.9789 0.2043
vn -0.1201 -0.9789 0.1653
vn -0.1943 -0.9789 0.0631
vn -0.1943 -0.9789 -0.0631
vn -0.1201 -0.9789 -0.1653
vn -0.0000 -0.9789 -0.2043
vn 0.1201 -0.9789 -0.1653
vn 0.1943 -0.9789 -0.0631
vn 0.9511 -0.0017 0.3090
vn 0.5878 -0.0016 0.8090
vn 0.4913 -0.5491 0.6761
vn 0.7949 -0.5491 0.2583
vn 0.9510 -0.0017 -0.3090
vn 0.7949 -0.5491 -0.2583
vn 0.8090 -0.0016 -0.5878
vn 0.5403 -0.6859 -0.4874
vn -0.9511 -0.0017 -0.3090
vn -0.8090 -0.0016 -0.5878
vn -0.5404 -0.6859 -0.4874
vn -0.7949 -0.5491 -0.2583
vn -0.9510 -0.0017 0.3090
vn -0.7949 -0.5491 0.2583
vn -0.5878 -0.0016 0.8090
vn -0.4912 -0.5491 0.6762
vn -0.0000 -0.0016 1.0000
vn -0.0000 -0.5491 0.8358
vn -0.0000 -0.9239 -0.3827
vn 0.5878 0.0023 0.8090
vn 0.9511 0.0023 -0.3090
vn 0.8090 0.0022 -0.5878
vn -0.9511 0.0023 -0.3090
vn -0.8090 0.0022 -0.5878
vn -0.9511 0.0023 0.3090
vn -0.5878 0.0023 0.8090
vn -0.0000 0.0023 1.0000
vn 0.1970 0.9783 0.0640
vn -0.1217 0.9783 -0.1676
vn -0.1217 0.9783 0.1676
vn 0.7956 0.5479 0.2585
vn 0.4917 0.5479 0.6768
vn 0.7956 0.5479 -0.2585
vn 0.5413 0.6839 -0.4891
vn -0.7956 0.5479 -0.2585
vn -0.5413 0.6840 -0.4891
vn -0.7956 0.5479 0.2585
vn -0.4917 0.5479 0.6768
vn -0.0000 0.5479 0.8365
vn 0.1891 -0.9800 0.0614
vn 0.1169 -0.9800 0.1608
vn -0.0000 -0.9800 0.1988
vn -0.1169 -0.9800 0.1609
vn -0.1891 -0.9800 0.0614
vn -0.1891 -0.9800 -0.0614
vn -0.1169 -0.9800 -0.1609
vn -0.0000 -0.9800 -0.1988
vn 0.1169 -0.9800 -0.1608
vn 0.1891 -0.9800 -0.0614
vn 0.9511 -0.0026 0.3090
vn 0.5878 -0.0026 0.8090
vn 0.4869 -0.5601 0.6702
vn 0.7879 -0.5601 0.2560
vn 0.9511 -0.0026 -0.3090
vn 0.7879 -0.5601 -0.2560
vn 0.8090 -0.0024 -0.5878
vn 0.5333 -0.6960 -0.4808
vn -0.9510 -0.0026 -0.3090
vn -0.8090 -0.0025 -0.5878
vn -0.5333 -0.6960 -0.4808
vn -0.7878 -0.5601 -0.2560
vn -0.9511 -0.0026 0.3090
vn -0.7878 -0.5601 0.2560
vn -0.5878 -0.0026 0.8090
vn -0.4869 -0.5601 0.6702
vn -0.0000 -0.0026 1.0000
vn -0.0000 -0.5601 0.8284
vn -0.0000 -0.9277 -0.3734
vn 0.9511 0.0019 0.3090
vn 0.5877 0.0019 0.8090
vn 0.9510 0.0019 -0.3091
vn 0.8090 0.0018 -0.5878
vn -0.9511 0.0019 -0.3090
vn -0.9511 0.0019 0.3090
vn -0.5878 0.0019 0.8090
vn -0.0000 0.0019 1.0000
vn 0.1891 0.9800 0.0614
vn 0.1891 0.9800 -0.0614
vn 0.1169 0.9800 -0.1608
vn -0.0000 0.9800 -0.1988
vn -0.1169 0.9800 -0.1609
vn -0.1891 0.9800 -0.0614
vn -0.1891 0.9800 0.0614
vn -0.1169 0.9800 0.1609
vn -0.0000 0.9800 0.1988
vn 0.1169 0.9800 0.1608
vn 0.7882 0.5595 0.2561
vn 0.4871 0.5595 0.6705
vn 0.7882 0.5595 -0.2561
vn 0.5335 0.6957 -0.4810
vn -0.7882 0.5595 -0.2561
vn -0.5335 0.6957 -0.4810
vn -0.7882 0.5595 0.2561
vn -0.4872 0.5595 0.6705
vn -0.0000 0.5595 0.8288
vn -0.0000 0.9277 -0.3734
vn 0.1890 -0.9800 0.0614
vn 0.1168 -0.9800 0.1608
vn -0.1168 -0.9800 0.1608
vn -0.1890 -0.9800 0.0614
vn -0.1890 -0.9800 -0.0614
vn -0.1169 -0.9800 -0.1608
vn 0.1168 -0.9800 -0.1608
vn 0.1890 -0.9800 -0.0614
vn 0.9510 -0.0024 0.3090
vn 0.5878 -0.0024 0.8090
vn 0.4876 -0.5586 0.6710
vn 0.7889 -0.5586 0.2563
vn 0.9511 -0.0024 -0.3090
vn 0.7888 -0.5586 -0.2563
vn 0.8090 -0.0023 -0.5878
vn 0.5343 -0.6949 -0.4814
vn -0.9510 -0.0024 -0.3090
vn -0.8090 -0.0023 -0.5878
vn -0.5343 -0.6948 -0.4814
vn -0.7888 -0.5586 -0.2563
vn -0.9511 -0.0024 0.3090
vn -0.7888 -0.5586 0.2563
vn -0.5878 -0.0024 0.8090
vn -0.4876 -0.5586 0.6710
vn -0.0000 -0.0024 1.0000
vn -0.0000 -0.5586 0.8294
vn 0.9511 0.0017 0.3090
vn 0.5878 0.0017 0.8090
vn 0.9511 0.0018 -0.3090
vn 0.8090 0.0017 -0.5878
vn -0.9510 0.0018 -0.3090
vn -0.8090 0.0017 -0.5878
vn -0.9510 0.0018 0.3090
vn -0.5878 0.0017 0.8090
vn -0.0000 0.0017 1.0000
vn 0.1890 0.9800 0.0614
vn 0.1890 0.9800 -0.0614
vn 0.1168 0.9800 -0.1608
vn -0.1169 0.9800 -0.1608
vn -0.1890 0.9800 -0.0614
vn -0.1890 0.9800 0.0614
vn -0.1169 0.9800 0.1608
vn 0.1168 0.9800 0.1608
vn 0.7892 0.5580 0.2564
vn 0.4878 0.5580 0.6714
vn 0.7892 0.5580 -0.2564
vn 0.5345 0.6946 -0.4815
vn -0.7892 0.5580 -0.2565
vn -0.5345 0.6945 -0.4816
vn -0.7892 0.5580 0.2564
vn -0.4878 0.5580 0.6714
vn -0.0000 0.5580 0.8298
vn 0.1891 -0.9800 0.0615
vn 0.1169 -0.9800 0.1609
vn -0.0000 -0.9800 0.1989
vn -0.0000 -0.9800 -0.1989
vn 0.1169 -0.9800 -0.1609
vn 0.1892 -0.9800 -0.0615
vn 0.9511 -0.0022 0.3090
vn 0.5878 -0.0022 0.8090
vn 0.4866 -0.5609 0.6697
vn 0.7874 -0.5609 0.2558
vn 0.9511 -0.0022 -0.3090
vn 0.7874 -0.5609 -0.2558
vn 0.8091 -0.0020 -0.5877
vn 0.5327 -0.6967 -0.4805
vn -0.9511 -0.0022 -0.3090
vn -0.5326 -0.6967 -0.4805
vn -0.7873 -0.5610 -0.2558
vn -0.9511 -0.0022 0.3090
vn -0.7873 -0.5610 0.2558
vn -0.5878 -0.0022 0.8090
vn -0.4866 -0.5610 0.6697
vn -0.0000 -0.0022 1.0000
vn -0.0000 -0.5610 0.8278
vn 0.9511 0.0022 0.3090
vn 0.5878 0.0022 0.8090
vn 0.9511 0.0022 -0.3090
vn 0.8091 0.0020 -0.5877
vn -0.9511 0.0022 -0.3090
vn -0.9511 0.0022 0.3090
vn -0.5878 0.0022 0.8090
vn -0.0000 0.0022 1.0000
vn 0.1891 0.9800 0.0615
vn 0.1892 0.9800 -0.0615
vn 0.1169 0.9800 -0.1609
vn -0.0000 0.9800 -0.1989
vn -0.0000 0.9800 0.1989
vn 0.1169 0.9800 0.1609
vn 0.7874 0.5609 0.2558
vn 0.4866 0.5610 0.6697
vn 0.7873 0.5609 -0.2558
vn 0.5327 0.6967 -0.4805
vn -0.7873 0.5610 -0.2558
vn -0.5326 0.6967 -0.4805
vn -0.7873 0.5610 0.2558
vn -0.4866 0.5610 0.6697
vn -0.0000 0.5610 0.8278
vn 0.1864 -0.9806 0.0606
vn 0.1152 -0.9806 0.1586
vn -0.0000 -0.9806 0.1960
vn -0.1152 -0.9806 0.1586
vn -0.1865 -0.9806 0.0606
vn -0.1864 -0.9806 -0.0606
vn -0.1152 -0.9806 -0.1586
vn -0.0000 -0.9806 -0.1960
vn 0.1152 -0.9806 -0.1586
vn 0.1864 -0.9806 -0.0606
vn 0.5877 -0.0017 0.8090
vn 0.4855 -0.5636 0.6683
vn 0.7856 -0.5636 0.2553
vn 0.9510 -0.0017 -0.3091
vn 0.7856 -0.5636 -0.2552
vn 0.5307 -0.6997 -0.4782
vn -0.8091 -0.0016 -0.5877
vn -0.5308 -0.6998 -0.4782
vn -0.7856 -0.5636 -0.2553
vn -0.9511 -0.0017 0.3090
vn -0.7856 -0.5636 0.2553
vn -0.5878 -0.0017 0.8090
vn -0.4855 -0.5636 0.6683
vn -0.0000 -0.0017 1.0000
vn -0.0000 -0.5636 0.8260
vn -0.0000 -0.9295 -0.3687
vn 0.9511 0.0024 0.3090
vn 0.9510 0.0024 -0.3090
vn -0.8090 0.0022 -0.5877
vn 0.1892 0.9800 0.0615
vn 0.1892 0.9800 -0.0614
vn -0.1892 0.9800 -0.0615
vn -0.1892 0.9800 0.0615
vn 0.7863 0.5625 0.2555
vn 0.4860 0.5625 0.6689
vn 0.7864 0.5625 -0.2555
vn 0.5317 0.6978 -0.4799
vn -0.7863 0.5625 -0.2555
vn -0.5316 0.6979 -0.4799
vn -0.7864 0.5625 0.2555
vn -0.4860 0.5625 0.6689
vn -0.0000 0.5625 0.8268
vn 0.1813 -0.9817 0.0589
vn 0.1121 -0.9816 0.1543
vn -0.0000 -0.9817 0.1907
vn -0.1121 -0.9817 0.1543
vn -0.1814 -0.9817 0.0589
vn -0.1814 -0.9816 -0.0589
vn -0.1121 -0.9817 -0.1543
vn -0.0000 -0.9817 -0.1907
vn 0.1121 -0.9817 -0.1543
vn 0.1814 -0.9817 -0.0589
vn 0.9510 -0.0029 0.3090
vn 0.5878 -0.0029 0.8090
vn 0.4792 -0.5790 0.6596
vn 0.7754 -0.5790 0.2520
vn 0.9510 -0.0029 -0.3090
vn 0.7754 -0.5790 -0.2519
vn 0.8090 -0.0027 -0.5878
vn 0.5206 -0.7129 -0.4697
vn -0.9510 -0.0029 -0.3090
vn -0.8090 -0.0028 -0.5878
vn -0.5206 -0.7130 -0.4697
vn -0.7754 -0.5790 -0.2520
vn -0.9511 -0.0029 0.3090
vn -0.7755 -0.5789 0.2520
vn -0.5878 -0.0029 0.8090
vn -0.4792 -0.5789 0.6597
vn -0.0000 -0.0029 1.0000
vn -0.0000 -0.5790 0.8154
vn -0.0000 -0.9332 -0.3593
vn 0.9510 0.0022 -0.3090
vn -0.8090 0.0021 -0.5879
vn 0.1813 0.9817 0.0589
vn 0.1813 0.9817 -0.0589
vn 0.1121 0.9817 -0.1543
vn -0.0000 0.9817 -0.1907
vn -0.1121 0.9817 -0.1543
vn -0.1813 0.9817 -0.0589
vn -0.1814 0.9817 0.0589
vn -0.1121 0.9817 0.1543
vn -0.0000 0.9817 0.1907
vn 0.1121 0.9817 0.1543
vn 0.7759 0.5783 0.2521
vn 0.4795 0.5783 0.6600
vn 0.7759 0.5783 -0.2521
vn 0.5209 0.7126 -0.4700
vn -0.7759 0.5783 -0.2521
vn -0.5209 0.7126 -0.4700
vn -0.7759 0.5783 0.2521
vn -0.4795 0.5783 0.6600
vn -0.0000 0.5783 0.8158
vn -0.0000 0.9332 -0.3593
vn 0.1759 -0.9828 0.0571
vn 0.1087 -0.9828 0.1496
vn -0.0000 -0.9828 0.1849
vn -0.1087 -0.9827 0.1496
vn -0.1759 -0.9827 0.0572
vn -0.1759 -0.9827 -0.0571
vn -0.1087 -0.9827 -0.1496
vn -0.0000 -0.9828 -0.1849
vn 0.1087 -0.9828 -0.1496
vn 0.1759 -0.9827 -0.0572
vn 0.9511 -0.0019 0.3089
vn 0.4770 -0.5844 0.6565
vn 0.7718 -0.5844 0.2507
vn 0.9511 -0.0019 -0.3089
vn 0.7718 -0.5844 -0.2507
vn 0.8091 -0.0018 -0.5877
vn 0.5167 -0.7191 -0.4647
vn -0.8090 -0.0018 -0.5878
vn -0.5167 -0.7190 -0.4648
vn -0.7718 -0.5843 -0.2507
vn -0.9510 -0.0019 0.3090
vn -0.7718 -0.5843 0.2508
vn -0.4770 -0.5844 0.6565
vn -0.0000 -0.0019 1.0000
vn -0.0000 -0.5843 0.8115
vn -0.0000 -0.9368 -0.3498
vn 0.9511 0.0026 0.3090
vn 0.9511 0.0026 -0.3089
vn 0.8091 0.0025 -0.5877
vn -0.9511 0.0026 -0.3090
vn -0.8090 0.0025 -0.5878
vn -0.9510 0.0027 0.3090
vn -0.5878 0.0026 0.8090
vn -0.0000 0.0026 1.0000
vn 0.1787 0.9822 0.0581
vn 0.1787 0.9822 -0.0581
vn 0.1104 0.9822 -0.1520
vn -0.0000 0.9822 -0.1879
vn -0.1104 0.9822 -0.1520
vn -0.1787 0.9822 -0.0580
vn -0.1787 0.9822 0.0581
vn -0.1104 0.9822 0.1520
vn -0.0000 0.9822 0.1879
vn 0.1104 0.9822 0.1520
vn 0.7725 0.5833 0.2510
vn 0.4774 0.5833 0.6571
vn 0.7725 0.5833 -0.2510
vn 0.5176 0.7172 -0.4666
vn -0.7725 0.5833 -0.2510
vn -0.5176 0.7171 -0.4667
vn -0.7725 0.5833 0.2510
vn -0.4774 0.5833 0.6572
vn -0.0000 0.5833 0.8122
vn -0.0000 0.9350 -0.3545
vn 0.1787 -0.9822 0.0580
vn 0.1104 -0.9822 0.1520
vn -0.0000 -0.9822 0.1879
vn -0.1104 -0.9822 0.1520
vn -0.1787 -0.9822 0.0581
vn -0.1787 -0.9822 -0.0581
vn -0.1105 -0.9822 -0.1520
vn -0.0000 -0.9822 -0.1879
vn 0.1104 -0.9822 -0.1520
vn 0.1787 -0.9822 -0.0581
vn 0.4774 -0.5833 0.6571
vn 0.7725 -0.5833 0.2510
vn 0.9510 -0.0026 -0.3090
vn 0.7725 -0.5833 -0.2510
vn 0.8089 -0.0025 -0.5879
vn 0.5175 -0.7172 -0.4667
vn -0.8090 -0.0025 -0.5877
vn -0.5176 -0.7172 -0.4666
vn -0.7725 -0.5834 -0.2510
vn -0.9510 -0.0026 0.3091
vn -0.7725 -0.5833 0.2510
vn -0.5879 -0.0026 0.8090
vn -0.4775 -0.5833 0.6571
vn -0.0001 -0.0026 1.0000
vn -0.0000 -0.5833 0.8122
vn -0.0000 -0.9350 -0.3545
vn 0.5878 0.0026 0.8090
vn 0.9510 0.0026 -0.3090
vn 0.8089 0.0025 -0.5879
vn -0.8091 0.0025 -0.5877
vn -0.9510 0.0026 0.3091
vn -0.5879 0.0026 0.8090
vn -0.0001 0.0026 1.0000
vn 0.1787 0.9822 0.0580
vn -0.1105 0.9822 -0.1520
vn 0.5175 0.7172 -0.4667
vn -0.7725 0.5834 -0.2510
vn -0.5176 0.7172 -0.4666
vn -0.4775 0.5833 0.6572
vn 0.1787 -0.9822 0.0581
vn 0.1105 -0.9822 0.1520
vn -0.0000 -0.9822 0.1878
vn -0.1104 -0.9822 -0.1520
vn 0.1786 -0.9822 -0.0580
vn 0.4775 -0.5833 0.6571
vn 0.7725 -0.5834 -0.2509
vn 0.8091 -0.0025 -0.5876
vn 0.5176 -0.7172 -0.4666
vn -0.9510 -0.0026 -0.3091
vn -0.5176 -0.7172 -0.4667
vn -0.7725 -0.5833 -0.2510
vn -0.4774 -0.5833 0.6571
vn 0.8091 0.0025 -0.5876
vn -0.9510 0.0026 -0.3091
vn -0.9510 0.0026 0.3090
vn 0.1786 0.9822 -0.0580
vn -0.1787 0.9822 -0.0581
vn -0.0000 0.9822 0.1878
vn 0.4775 0.5833 0.6571
vn 0.7725 0.5834 -0.2509
vn 0.5176 0.7172 -0.4665
vn -0.4774 0.5833 0.6571
vn 0.1525 -0.8244 -0.5451
vn 0.2804 -0.3787 -0.8821
vn -0.5496 -0.1216 -0.8265
vn -0.6694 -0.5393 -0.5108
vn 0.4384 0.1723 -0.8821
vn -0.4015 0.3946 -0.8265
vn 0.5663 0.6181 -0.5452
vn -0.2817 0.8123 -0.5108
vn 0.6152 0.7884 -0.0000
vn -0.2360 0.9718 -0.0000
vn 0.5663 0.6181 0.5452
vn -0.2817 0.8122 0.5108
vn 0.4384 0.1722 0.8821
vn -0.4015 0.3946 0.8265
vn 0.2804 -0.3787 0.8820
vn -0.5496 -0.1216 0.8265
vn 0.1525 -0.8244 0.5451
vn -0.6694 -0.5393 0.5109
vn 0.1037 -0.9946 -0.0000
vn -0.7152 -0.6989 -0.0000
vn -0.6269 -0.0819 -0.7748
vn -0.7394 -0.4734 -0.4788
vn -0.7823 -0.6229 -0.0000
vn -0.4880 0.4019 -0.7748
vn -0.3756 0.7934 -0.4789
vn -0.3327 0.9430 -0.0000
vn -0.3756 0.7934 0.4789
vn -0.4880 0.4019 0.7748
vn -0.6269 -0.0819 0.7748
vn -0.7394 -0.4734 0.4788
vn 0.6010 -0.7068 -0.3732
vn 0.6881 -0.4018 -0.6043
vn 0.6881 -0.4016 -0.6043
vn 0.6010 -0.7067 -0.3733
vn 0.5679 -0.8231 -0.0000
vn 0.7963 -0.0242 -0.6044
vn 0.7963 -0.0244 -0.6044
vn 0.8841 0.2809 -0.3733
vn 0.8841 0.2808 -0.3735
vn 0.9177 0.3972 -0.0000
vn 0.8841 0.2809 0.3733
vn 0.8841 0.2808 0.3735
vn 0.7963 -0.0242 0.6044
vn 0.7963 -0.0244 0.6044
vn 0.6881 -0.4018 0.6043
vn 0.6881 -0.4016 0.6043
vn 0.6010 -0.7068 0.3732
vn 0.6010 -0.7067 0.3733
vn 0.8192 0.3800 0.4296
vn 0.7184 0.0287 0.6950
vn 0.9116 -0.1298 0.3900
vn 0.9682 0.0671 0.2409
vn 0.8577 0.5142 -0.0000
vn 0.9898 0.1428 -0.0000
vn 0.5938 -0.4054 0.6951
vn 0.8417 -0.3734 0.3899
vn 0.4928 -0.7566 0.4297
vn 0.7852 -0.5704 0.2410
vn 0.4543 -0.8909 -0.0000
vn 0.7634 -0.6459 -0.0000
vn 0.4928 -0.7566 -0.4297
vn 0.7852 -0.5704 -0.2410
vn 0.5938 -0.4054 -0.6951
vn 0.8417 -0.3734 -0.3899
vn 0.7184 0.0287 -0.6950
vn 0.9117 -0.1297 -0.3899
vn 0.8192 0.3800 -0.4296
vn 0.9682 0.0671 -0.2410
vn -0.9612 0.2759 0.0001
vn -0.9612 0.2760 0.0001
vn -0.9612 0.2758 -0.0000
vn -0.9612 0.2759 -0.0001
vn -0.9612 0.2758 -0.0001
vn -0.9612 0.2760 -0.0001
vn -0.9611 0.2761 -0.0000
vn -0.9612 0.2759 -0.0000
vn -0.9612 0.2758 0.0001
vn -0.0855 -0.2972 -0.9510
vn -0.2236 -0.7775 -0.5878
vn -0.2236 -0.7776 -0.5877
vn -0.0853 -0.2967 -0.9511
vn 0.0853 0.2967 -0.9511
vn 0.0855 0.2972 -0.9510
vn 0.2236 0.7776 -0.5877
vn 0.2236 0.7775 -0.5878
vn 0.2764 0.9610 -0.0000
vn 0.2236 0.7776 0.5877
vn 0.2236 0.7775 0.5878
vn 0.0853 0.2967 0.9511
vn 0.0855 0.2972 0.9510
vn -0.0855 -0.2972 0.9510
vn -0.0853 -0.2967 0.9511
vn -0.2236 -0.7775 0.5878
vn -0.2236 -0.7776 0.5877
vn -0.2764 -0.9610 -0.0000
vn -0.2234 -0.7779 -0.5873
vn -0.2760 -0.9612 -0.0000
vn -0.2234 -0.7779 0.5873
vn -0.0851 -0.2964 0.9513
vn -0.0851 -0.2963 0.9513
vn 0.0851 0.2962 0.9513
vn 0.0851 0.2964 0.9513
vn 0.2234 0.7779 0.5873
vn 0.2760 0.9612 -0.0000
vn 0.2234 0.7779 -0.5873
vn 0.0851 0.2962 -0.9513
vn 0.0851 0.2964 -0.9513
vn -0.0851 -0.2964 -0.9513
vn -0.0851 -0.2963 -0.9513
vn -0.2222 -0.7777 -0.5881
vn -0.2738 -0.9618 -0.0000
vn -0.2223 -0.7779 -0.5877
vn -0.2222 -0.7777 0.5881
vn -0.2222 -0.7779 0.5877
vn -0.0855 -0.2975 0.9509
vn -0.0852 -0.2965 0.9512
vn 0.0848 0.2977 0.9509
vn 0.0845 0.2970 0.9511
vn 0.2216 0.7783 0.5875
vn 0.2215 0.7780 0.5880
vn 0.2738 0.9618 -0.0000
vn 0.2216 0.7783 -0.5876
vn 0.2215 0.7780 -0.5880
vn 0.0848 0.2977 -0.9509
vn 0.0845 0.2970 -0.9511
vn -0.0855 -0.2974 -0.9509
vn -0.0852 -0.2965 -0.9512
vn 0.9612 -0.2759 -0.0000
vn -0.9612 0.2757 -0.0000
vn 0.9612 -0.2758 -0.0000
vn -0.0855 -0.2966 -0.9512
vn 0.0851 0.2968 -0.9511
vn 0.4699 0.1589 -0.8683
vn 0.3140 -0.3837 -0.8684
vn 0.2231 0.7777 -0.5877
vn 0.5959 0.5973 -0.5368
vn 0.2757 0.9612 -0.0000
vn 0.6438 0.7652 -0.0000
vn 0.2231 0.7777 0.5877
vn 0.5959 0.5973 0.5368
vn 0.0851 0.2968 0.9511
vn 0.4699 0.1589 0.8683
vn -0.0855 -0.2966 0.9512
vn 0.3140 -0.3837 0.8684
vn -0.2242 -0.7773 0.5879
vn 0.1877 -0.8226 0.5367
vn -0.2771 -0.9608 -0.0000
vn 0.1395 -0.9902 -0.0000
vn -0.2242 -0.7773 -0.5879
vn 0.1877 -0.8226 -0.5367
vn -0.9612 0.2760 -0.0002
vn -0.9612 0.2760 0.0002
vn -0.9611 0.2761 -0.0002
vn -0.9611 0.2762 -0.0000
vn -0.9611 0.2761 0.0002
vn -0.3696 0.7527 -0.5449
vn -0.3723 0.2890 -0.8820
vn 0.4961 0.2655 -0.8267
vn 0.4988 0.7004 -0.5106
vn -0.3754 -0.2841 -0.8822
vn 0.4933 -0.2714 -0.8264
vn -0.3782 -0.7484 -0.5449
vn 0.4909 -0.7059 -0.5105
vn -0.3789 -0.9254 -0.0000
vn 0.4897 -0.8719 -0.0001
vn -0.3782 -0.7484 0.5448
vn 0.4909 -0.7059 0.5106
vn -0.3754 -0.2840 0.8823
vn 0.4933 -0.2714 0.8264
vn -0.3723 0.2891 0.8820
vn 0.4961 0.2655 0.8267
vn -0.3696 0.7527 0.5448
vn 0.4988 0.7004 0.5105
vn -0.3683 0.9297 -0.0000
vn 0.4994 0.8664 0.0001
vn 0.5814 0.2483 -0.7748
vn 0.5837 0.6558 -0.4787
vn 0.5844 0.8115 -0.0000
vn 0.5785 -0.2550 -0.7748
vn 0.5762 -0.6624 -0.4788
vn 0.5754 -0.8179 -0.0000
vn 0.5762 -0.6624 0.4788
vn 0.5785 -0.2550 0.7748
vn 0.5814 0.2483 0.7748
vn 0.5837 0.6558 0.4787
vn -0.7693 0.5184 -0.3733
vn -0.7709 0.2004 -0.6046
vn -0.7709 0.2009 -0.6044
vn -0.7693 0.5183 -0.3735
vn -0.7688 0.6395 -0.0000
vn -0.7730 -0.1922 -0.6046
vn -0.7744 -0.5103 -0.3740
vn -0.7744 -0.5105 -0.3738
vn -0.7749 -0.6321 -0.0000
vn -0.7744 -0.5103 0.3740
vn -0.7744 -0.5105 0.3738
vn -0.7730 -0.1922 0.6046
vn -0.7709 0.2004 0.6046
vn -0.7709 0.2009 0.6044
vn -0.7693 0.5184 0.3733
vn -0.7693 0.5183 0.3735
vn -0.6858 -0.5875 0.4296
vn -0.6839 -0.2221 0.6950
vn -0.9128 -0.1217 0.3899
vn -0.9139 -0.3267 0.2410
vn -0.6865 -0.7271 -0.0000
vn -0.9143 -0.4051 -0.0000
vn -0.6814 0.2296 0.6949
vn -0.9113 0.1319 0.3900
vn -0.6795 0.5949 0.4294
vn -0.9104 0.3365 0.2408
vn -0.6788 0.7343 -0.0000
vn -0.9099 0.4149 -0.0000
vn -0.6795 0.5949 -0.4294
vn -0.9104 0.3365 -0.2408
vn -0.6814 0.2296 -0.6949
vn -0.9113 0.1318 -0.3900
vn -0.6839 -0.2221 -0.6950
vn -0.9128 -0.1217 -0.3899
vn -0.6858 -0.5875 -0.4296
vn -0.9139 -0.3267 -0.2410
vn 1.0000 -0.0056 -0.0000
vn 0.0017 0.3093 -0.9510
vn 0.0050 0.8085 -0.5885
vn 0.0050 0.8083 -0.5887
vn 0.0017 0.3097 -0.9508
vn -0.0020 -0.3085 -0.9512
vn -0.0020 -0.3088 -0.9511
vn -0.0048 -0.8087 -0.5883
vn -0.0048 -0.8088 -0.5881
vn -0.0055 -1.0000 -0.0000
vn -0.0048 -0.8087 0.5883
vn -0.0048 -0.8088 0.5881
vn -0.0020 -0.3085 0.9512
vn -0.0020 -0.3088 0.9511
vn 0.0017 0.3093 0.9510
vn 0.0017 0.3097 0.9508
vn 0.0050 0.8085 0.5885
vn 0.0050 0.8083 0.5887
vn 0.0066 1.0000 -0.0000
vn 0.0042 0.8089 -0.5880
vn 0.0037 1.0000 -0.0000
vn 0.0042 0.8086 -0.5883
vn 0.0042 0.8089 0.5880
vn 0.0042 0.8086 0.5883
vn 0.0023 0.3090 0.9511
vn 0.0023 0.3083 0.9513
vn -0.0023 -0.3083 0.9513
vn -0.0023 -0.3090 0.9511
vn -0.0042 -0.8086 0.5883
vn -0.0042 -0.8089 0.5880
vn -0.0037 -1.0000 -0.0000
vn -0.0042 -0.8086 -0.5883
vn -0.0042 -0.8089 -0.5880
vn -0.0023 -0.3083 -0.9513
vn -0.0023 -0.3090 -0.9511
vn 0.0023 0.3090 -0.9511
vn 0.0023 0.3083 -0.9513
vn 0.0041 0.8088 -0.5881
vn 0.0051 1.0000 -0.0000
vn 0.0041 0.8089 -0.5880
vn 0.0041 0.8088 0.5881
vn 0.0041 0.8089 0.5880
vn 0.0016 0.3089 0.9511
vn 0.0016 0.3091 0.9510
vn -0.0016 -0.3091 0.9510
vn -0.0016 -0.3089 0.9511
vn -0.0041 -0.8088 0.5880
vn -0.0041 -0.8088 0.5881
vn -0.0051 -1.0000 -0.0000
vn -0.0041 -0.8089 -0.5880
vn -0.0041 -0.8088 -0.5881
vn -0.0016 -0.3091 -0.9510
vn -0.0016 -0.3089 -0.9511
vn 0.0016 0.3089 -0.9511
vn 0.0016 0.3091 -0.9510
vn -1.0000 0.0056 -0.0000
vn -1.0000 0.0055 -0.0000
vn 1.0000 -0.0055 -0.0000
vn 0.0014 0.3096 -0.9509
vn -0.0019 -0.3091 -0.9510
vn -0.4096 -0.2798 -0.8683
vn -0.4064 0.2841 -0.8684
vn -0.0049 -0.8091 -0.5877
vn -0.4122 -0.7363 -0.5366
vn -0.0061 -1.0000 -0.0000
vn -0.4131 -0.9107 -0.0000
vn -0.0049 -0.8091 0.5877
vn -0.4122 -0.7363 0.5366
vn -0.0019 -0.3091 0.9510
vn -0.4096 -0.2798 0.8683
vn 0.0014 0.3096 0.9509
vn -0.4064 0.2841 0.8684
vn 0.0037 0.8089 0.5879
vn -0.4040 0.7409 0.5366
vn 0.0046 1.0000 -0.0000
vn -0.4030 0.9152 -0.0000
vn 0.0037 0.8089 -0.5879
vn -0.4040 0.7409 -0.5366
vn 0.5878 -0.8090 -0.0000
vn 0.9510 -0.3092 -0.0000
vn 0.9507 -0.3092 0.0247
vn 0.5878 -0.8087 0.0248
vn 0.9511 0.3090 -0.0000
vn 0.9508 0.3087 0.0247
vn 0.5877 0.8091 -0.0000
vn 0.5875 0.8088 0.0246
vn -0.0000 0.9997 0.0248
vn -0.5877 0.8091 -0.0000
vn -0.5875 0.8088 0.0246
vn -0.9511 0.3090 -0.0000
vn -0.9508 0.3087 0.0247
vn -0.9510 -0.3092 -0.0000
vn -0.9507 -0.3092 0.0247
vn -0.5878 -0.8090 -0.0000
vn -0.5877 -0.8087 0.0248
vn -0.0000 -0.9997 0.0246
vn 0.0797 -0.0259 0.9965
vn 0.0797 0.0259 0.9965
vn 0.0493 0.0679 0.9965
vn -0.0000 0.0839 0.9965
vn -0.0493 0.0679 0.9965
vn -0.0797 0.0259 0.9965
vn -0.0797 -0.0259 0.9965
vn -0.0492 -0.0678 0.9965
vn -0.0000 -0.0838 0.9965
vn 0.0492 -0.0678 0.9965
vn 0.4093 -0.5639 0.7173
vn 0.6628 -0.2151 0.7173
vn 0.3546 -0.1151 0.9279
vn 0.2190 -0.3016 0.9279
vn 0.6626 0.2156 0.7173
vn 0.3546 0.1153 0.9279
vn 0.4096 0.5637 0.7172
vn 0.2191 0.3016 0.9279
vn -0.0000 0.6968 0.7173
vn -0.0000 0.3728 0.9279
vn -0.4096 0.5637 0.7172
vn -0.2191 0.3015 0.9279
vn -0.6626 0.2156 0.7173
vn -0.3546 0.1153 0.9279
vn -0.6628 -0.2151 0.7173
vn -0.3545 -0.1151 0.9279
vn -0.4094 -0.5638 0.7173
vn -0.2190 -0.3016 0.9279
vn -0.0000 -0.6968 0.7172
vn -0.0000 -0.3728 0.9279
vn 0.5877 -0.8091 -0.0000
vn 0.9511 -0.3090 -0.0000
vn 0.9508 -0.3087 0.0247
vn 0.5875 -0.8088 0.0246
vn 0.9510 0.3092 -0.0000
vn 0.9507 0.3092 0.0247
vn 0.5878 0.8090 -0.0000
vn 0.5877 0.8087 0.0248
vn -0.0000 0.9997 0.0246
vn -0.5878 0.8090 -0.0000
vn -0.5878 0.8087 0.0248
vn -0.9510 0.3092 -0.0000
vn -0.9507 0.3092 0.0247
vn -0.9511 -0.3090 -0.0000
vn -0.9508 -0.3087 0.0247
vn -0.5877 -0.8091 -0.0000
vn -0.5875 -0.8088 0.0246
vn -0.0000 -0.9997 0.0248
vn 0.0492 0.0678 0.9965
vn -0.0000 0.0838 0.9965
vn -0.0492 0.0678 0.9965
vn -0.0493 -0.0679 0.9965
vn -0.0000 -0.0839 0.9965
vn 0.0493 -0.0679 0.9965
vn 0.4096 -0.5637 0.7172
vn 0.6626 -0.2156 0.7173
vn 0.3546 -0.1153 0.9279
vn 0.2191 -0.3016 0.9279
vn 0.6628 0.2151 0.7173
vn 0.3545 0.1151 0.9279
vn 0.4094 0.5638 0.7173
vn 0.2190 0.3016 0.9279
vn -0.0000 0.6968 0.7172
vn -0.4094 0.5638 0.7173
vn -0.2190 0.3016 0.9279
vn -0.6628 0.2151 0.7173
vn -0.3546 0.1151 0.9279
vn -0.6626 -0.2156 0.7173
vn -0.3545 -0.1152 0.9279
vn -0.4096 -0.5637 0.7172
vn -0.2191 -0.3016 0.9279
vn -0.0000 -0.6968 0.7173
vn 0.9507 -0.3090 0.0250
vn 0.5875 -0.8088 0.0249
vn 0.9507 0.3090 0.0250
vn 0.5875 0.8088 0.0249
vn -0.5875 0.8088 0.0249
vn -0.9507 0.3090 0.0250
vn -0.9507 -0.3090 0.0250
vn -0.5875 -0.8088 0.0249
vn 0.0493 0.0678 0.9965
vn -0.0000 0.0837 0.9965
vn -0.0493 0.0678 0.9965
vn -0.0493 -0.0678 0.9965
vn -0.0000 -0.0837 0.9965
vn 0.0493 -0.0678 0.9965
vn 0.4095 -0.5635 0.7175
vn 0.6626 -0.2150 0.7175
vn 0.2191 -0.3015 0.9280
vn 0.6626 0.2150 0.7175
vn 0.3546 0.1151 0.9279
vn 0.4096 0.5635 0.7175
vn 0.2191 0.3015 0.9280
vn -0.0000 0.3727 0.9280
vn -0.4096 0.5635 0.7175
vn -0.2191 0.3015 0.9280
vn -0.6626 0.2150 0.7175
vn -0.6626 -0.2150 0.7175
vn -0.4096 -0.5635 0.7175
vn -0.2192 -0.3015 0.9279
vn -0.0000 -0.3727 0.9280
vn -0.1167 -0.9874 -0.1067
vn 0.4775 -0.8782 -0.0259
vn 0.4863 -0.8699 -0.0827
vn -0.1128 -0.9800 -0.1642
vn 0.8847 -0.4492 0.1241
vn 0.8966 -0.4375 0.0684
vn 0.9487 0.1355 0.2857
vn 0.9610 0.1517 0.2312
vn 0.6452 0.6526 0.3973
vn 0.6552 0.6728 0.3437
vn 0.0901 0.9047 0.4163
vn 0.0957 0.9269 0.3629
vn -0.5047 0.7954 0.3355
vn -0.5038 0.8167 0.2814
vn -0.9117 0.3665 0.1857
vn -0.9139 0.3845 0.1305
vn -0.9757 -0.2179 0.0242
vn -0.9783 -0.2045 -0.0323
vn -0.6719 -0.7355 -0.0875
vn -0.6723 -0.7260 -0.1449
vn 0.0263 -0.4349 0.9001
vn 0.1162 -0.3405 0.9330
vn 0.1302 -0.2119 0.9686
vn 0.0636 -0.0979 0.9932
vn -0.0590 -0.0426 0.9974
vn -0.1897 -0.0665 0.9796
vn -0.2795 -0.1611 0.9465
vn -0.2936 -0.2900 0.9109
vn -0.2270 -0.4039 0.8862
vn -0.1046 -0.4591 0.8822
vn -0.1126 -0.9790 -0.1700
vn 0.4877 -0.8685 -0.0885
vn 0.3048 -0.7935 0.5267
vn -0.1340 -0.8738 0.4674
vn 0.8977 -0.4361 0.0625
vn 0.6052 -0.4770 0.6373
vn 0.9621 0.1532 0.2256
vn 0.6522 -0.0457 0.7566
vn 0.6558 0.6748 0.3384
vn 0.4281 0.3356 0.8391
vn 0.0961 0.9288 0.3578
vn 0.0189 0.5211 0.8533
vn -0.5035 0.8187 0.2762
vn -0.4195 0.4407 0.7936
vn -0.9139 0.3861 0.1250
vn -0.7198 0.1244 0.6830
vn -0.9782 -0.2040 -0.0381
vn -0.7669 -0.3066 0.5638
vn -0.6724 -0.7247 -0.1504
vn -0.5432 -0.6879 0.4815
vn 0.0836 0.2570 -0.9628
vn -0.7401 0.6630 0.1127
vn 0.7403 -0.6627 -0.1127
vn -0.6689 -0.7016 -0.2455
vn 0.6671 0.7033 0.2457
vn -0.9972 -0.0022 -0.0745
vn 0.0023 -1.0000 -0.0004
vn 0.0022 -1.0000 0.0002
vn -0.0022 1.0000 0.0012
vn -0.0022 1.0000 0.0005
vn -0.0745 -0.0007 0.9972
vn -0.0797 -0.0016 0.9968
vn -0.0797 -0.0017 0.9968
vn -0.0789 -0.0015 0.9969
vn -0.0801 -0.0017 0.9968
vn -0.0808 -0.0019 0.9967
vn -0.0788 0.0002 0.9969
vn -0.0797 0.0003 0.9968
vn -0.0808 0.0005 0.9967
vn -0.0800 0.0004 0.9968
vn 0.9972 0.0022 0.0745
vn 0.9502 0.3033 0.0709
vn 0.9502 0.3036 0.0709
vn 0.0454 0.9990 0.0036
vn 0.0450 0.9990 0.0035
vn -0.1061 0.9943 -0.0072
vn -0.1051 0.9944 -0.0071
vn -0.1015 -0.9948 -0.0076
vn 0.0480 -0.9988 0.0034
vn 0.0486 -0.9988 0.0035
vn -0.1006 -0.9949 -0.0076
vn 0.9512 -0.3002 0.0711
vn 0.9511 -0.3005 0.0711
vn -0.0842 0.0097 0.9964
vn -0.0842 0.0090 0.9964
vn -0.0843 -0.0013 0.9964
vn -0.0844 -0.0060 0.9964
vn -0.0843 0.0130 0.9964
vn -0.0803 0.0110 0.9967
vn -0.0842 0.0187 0.9963
vn -0.0844 -0.0154 0.9963
vn -0.0788 -0.0123 0.9968
vn -0.0817 -0.0205 0.9964
vn -0.0834 -0.0211 0.9963
vn -0.9726 0.2207 -0.0725
vn -0.8430 -0.5341 -0.0636
vn -0.8428 -0.5344 -0.0636
vn -0.9726 0.2210 -0.0725
vn 0.8435 0.5334 0.0634
vn 0.2209 0.9752 0.0172
vn 0.2208 0.9752 0.0172
vn 0.8436 0.5331 0.0634
vn -0.5318 0.8459 -0.0391
vn -0.5320 0.8458 -0.0392
vn -0.2194 -0.9755 -0.0174
vn -0.2193 -0.9755 -0.0174
vn 0.5318 -0.8459 0.0391
vn 0.5320 -0.8458 0.0391
vn 0.9727 -0.2204 0.0726
vn 0.9726 -0.2208 0.0726
vn -0.0845 -0.0151 0.9963
vn -0.2342 0.9720 -0.0159
vn -0.2262 0.9740 -0.0153
vn -0.2296 -0.9731 -0.0179
vn -0.2217 -0.9750 -0.0174
vn 0.0745 0.0007 -0.9972
vn -0.0022 1.0000 -0.0002
vn 0.0023 -1.0000 -0.0010
vn 0.0022 -1.0000 -0.0014
vn -0.0022 1.0000 0.0014
vn 0.0194 -0.0005 0.9998
vn -0.0141 0.0005 -0.9999
vn 0.0141 -0.0005 0.9999
vn -0.9999 -0.0022 0.0141
vn 0.9999 0.0022 -0.0141
vn 0.9909 0.0023 0.1345
vn 0.9909 0.0021 0.1345
vn 0.0556 -0.0003 0.9985
vn 0.0557 -0.0003 0.9985
vn 0.9909 0.0021 0.1347
vn 0.0560 -0.0003 0.9984
vn 0.9909 0.0021 0.1349
vn 0.0560 -0.0004 0.9984
vn 0.0557 -0.0005 0.9984
vn 0.9909 0.0023 0.1347
vn 0.9909 0.0021 0.1344
vn 0.0556 -0.0004 0.9985
vn 0.9566 0.2910 -0.0135
vn 0.4716 0.8818 -0.0067
vn -0.2902 0.9570 0.0041
vn -0.8821 0.4710 0.0125
vn -0.4707 -0.8823 0.0060
vn -0.9568 -0.2904 0.0135
vn 0.2913 -0.9566 -0.0048
vn 0.8821 -0.4710 -0.0125
vn 0.0023 -1.0000 -0.0002
vn 0.0017 -1.0000 -0.0003
vn 0.0021 -1.0000 -0.0006
vn 0.0022 -1.0000 -0.0003
vn 0.9999 0.0023 -0.0141
vn -0.0022 1.0000 0.0009
vn -0.0022 1.0000 0.0006
vn -0.0022 1.0000 0.0011
vn -0.0022 1.0000 0.0008
vn -0.0027 1.0000 0.0010
vn -0.0032 1.0000 0.0003
vn -0.0989 -0.0004 0.9951
vn -0.6981 -0.0019 0.7160
vn -0.6970 -0.0019 0.7170
vn -0.0998 -0.0007 0.9950
vn -0.9867 -0.0023 0.1623
vn -0.9867 -0.0023 0.1625
vn 0.9911 0.0021 0.1331
vn 0.7251 0.0013 0.6886
vn 0.7173 0.0013 0.6967
vn 0.0528 -0.0004 0.9986
vn 0.0566 -0.0004 0.9984
vn 0.0127 -0.0572 0.9983
vn 0.0119 -0.7147 0.6994
vn 0.0115 -0.7117 0.7024
vn 0.0142 -0.0528 0.9985
vn 0.0038 -0.9892 0.1467
vn 0.0043 -0.9891 0.1469
vn 0.7167 0.0012 0.6974
vn 0.7168 0.0012 0.6972
vn 0.7172 0.0013 0.6969
vn 0.7168 0.0013 0.6973
vn 0.7167 0.0013 0.6974
vn 0.7168 0.0013 0.6972
vn 0.7174 0.0013 0.6967
vn 0.7172 0.0013 0.6968
vn -0.0000 0.9888 0.1493
vn -0.0001 0.9890 0.1480
vn -0.9869 -0.0023 0.1616
vn 0.0140 0.0609 0.9980
vn 0.0140 0.0591 0.9982
vn -0.0001 0.9888 0.1490
vn -0.1171 -0.0007 0.9931
vn 0.0119 0.0653 0.9978
vn 0.0156 -0.0517 0.9985
vn 0.0425 -0.0004 0.9991
vn 0.0562 -0.0003 0.9984
vn 0.9911 0.0023 0.1331
vn -0.0020 1.0000 0.0006
vn 0.0021 -1.0000 -0.0005
vn 0.0024 -1.0000 -0.0004
vn -0.0024 1.0000 0.0004
vn -0.0021 1.0000 0.0005
vn 0.0022 -1.0000 -0.0006
vn 0.0020 -1.0000 -0.0006
vn 0.0079 0.7144 0.6996
vn 0.0085 0.7067 0.7074
vn -0.7024 -0.0019 0.7118
vn 0.7252 0.0013 0.6885
vn 0.0084 0.7093 0.7048
vn 0.0431 -0.0014 0.9991
vn 0.0305 -0.0083 0.9995
vn -0.2016 0.9795 0.0028
vn -0.7083 0.7058 0.0100
vn -0.7084 0.7058 0.0102
vn -0.2010 0.9796 0.0033
vn -0.9966 0.0813 0.0140
vn -0.9966 0.0814 0.0142
vn -0.9990 -0.0422 0.0142
vn -0.7052 -0.7089 0.0100
vn -0.7053 -0.7088 0.0100
vn -0.9990 -0.0421 0.0141
vn -0.1961 -0.9806 0.0025
vn -0.1967 -0.9805 0.0026
vn 0.0404 -0.9992 -0.0005
vn 0.7085 -0.7057 -0.0101
vn 0.7084 -0.7058 -0.0101
vn 0.0403 -0.9992 -0.0006
vn 0.9984 -0.0543 -0.0142
vn 0.9984 -0.0546 -0.0141
vn 0.0299 -0.9996 -0.0007
vn 0.7090 -0.7052 -0.0105
vn 0.7085 -0.7056 -0.0103
vn 0.0296 -0.9996 -0.0005
vn 0.9967 -0.0802 -0.0142
vn 0.9967 -0.0804 -0.0141
vn 0.9962 0.0855 -0.0139
vn 0.7052 0.7089 -0.0092
vn 0.7054 0.7088 -0.0096
vn 0.9962 0.0854 -0.0141
vn 0.0548 0.9985 0.0003
vn 0.0549 0.9985 -0.0002
vn -0.1376 0.6527 0.7450
vn -0.4414 0.4498 0.7764
vn -0.0295 0.0430 0.9986
vn -0.7425 0.0619 0.6670
vn -0.0946 0.0054 0.9955
vn 0.7608 0.0650 0.6457
vn 0.4613 0.4523 0.7633
vn 0.0265 0.0122 0.9996
vn 0.0468 0.0018 0.9989
vn 0.0515 0.7718 0.6338
vn 0.0158 0.0500 0.9986
vn 0.7618 -0.0612 0.6449
vn 0.4634 -0.4515 0.7625
vn 0.6981 -0.6928 0.1809
vn 0.9875 -0.0894 0.1299
vn 0.0310 -0.7924 0.6093
vn 0.0344 -0.9908 0.1307
vn 0.0399 -0.7872 0.6154
vn 0.1929 -0.1790 0.9647
vn 0.7758 -0.0399 0.6297
vn -0.1342 -0.6556 0.7431
vn -0.4398 -0.4541 0.7749
vn -0.6899 -0.6958 0.1999
vn -0.2087 -0.9632 0.1697
vn -0.7760 -0.0326 0.6299
vn -0.9879 -0.0468 0.1480
vn 0.0633 0.9884 0.1381
vn -0.2122 0.9620 0.1718
vn 0.9870 0.0944 0.1304
vn -0.9834 0.0898 0.1579
vn 0.0470 -0.9901 0.1322
vn 0.0320 -0.0013 0.9995
vn -0.1095 -0.0036 0.9940
vn 0.0238 -0.0336 0.9992
vn 0.0151 -0.0611 0.9980
vn 0.0206 -0.0070 0.9998
vn -0.0097 -0.0243 0.9997
vn -0.6926 0.6925 0.2018
vn 0.6949 0.6957 0.1818
vn 0.6981 -0.6927 0.1809
vn 0.9902 -0.0609 0.1260
vn 0.9510 -0.3089 -0.0134
vn 0.1762 -0.9843 -0.0027
vn 0.1763 -0.9843 -0.0029
vn 0.9509 -0.3093 -0.0138
vn 0.1650 -0.9692 0.1829
vn 0.9400 -0.2872 0.1840
vn 0.1160 -0.5711 0.8126
vn 0.5492 -0.1783 0.8164
vn -0.0192 0.9998 0.0007
vn -0.7086 0.7055 0.0103
vn -0.7086 0.7056 0.0107
vn -0.0192 0.9998 0.0010
vn -0.9975 0.0689 0.0142
vn -0.9975 0.0693 0.0141
vn -0.9974 -0.0706 0.0140
vn -0.7056 -0.7086 0.0088
vn -0.7053 -0.7088 0.0093
vn -0.9974 -0.0704 0.0140
vn -0.0145 -0.9999 -0.0012
vn -0.0145 -0.9999 -0.0006
vn 0.0449 -0.9990 -0.0007
vn 0.7085 -0.7057 -0.0102
vn 0.7086 -0.7056 -0.0104
vn 0.0449 -0.9990 -0.0012
vn 0.9999 -0.0037 -0.0143
vn 0.9999 -0.0040 -0.0142
vn 0.9999 0.0084 -0.0142
vn 0.7051 0.7090 -0.0100
vn 0.7052 0.7089 -0.0099
vn 0.9999 0.0083 -0.0141
vn 0.0401 0.9992 -0.0006
vn 0.0401 0.9992 -0.0005
vn 0.0023 -1.0000 -0.0007
vn 0.0023 -1.0000 -0.0008
vn -0.0144 -0.9999 -0.0001
vn 0.0449 -0.9990 -0.0017
vn 0.9999 0.0079 -0.0141
vn 0.9999 -0.0038 -0.0141
vn -0.0023 1.0000 0.0002
vn -0.0023 1.0000 0.0003
vn -0.9974 -0.0706 0.0141
vn -0.9975 0.0686 0.0140
vn 0.0023 -1.0000 -0.0005
vn -0.0022 1.0000 -0.0000
vn -0.0192 0.9998 0.0003
vn -0.7089 0.7053 0.0100
vn -0.7055 -0.7087 0.0099
vn 0.7084 -0.7057 -0.0106
vn 0.7053 0.7088 -0.0099
vn 0.0022 -1.0000 -0.0008
vn 0.0022 -1.0000 -0.0012
vn -0.0022 1.0000 0.0001
vn -0.0798 -0.0017 0.9968
vn -0.0796 -0.0016 0.9968
vn -0.0788 0.0001 0.9969
vn -0.0807 0.0005 0.9967
vn 0.0454 0.9990 0.0043
vn 0.0448 0.9990 0.0043
vn -0.1062 0.9943 -0.0064
vn -0.1053 0.9944 -0.0063
vn 0.0487 -0.9988 0.0035
vn -0.0842 0.0094 0.9964
vn -0.0843 -0.0014 0.9964
vn -0.0844 -0.0059 0.9964
vn -0.0834 -0.0210 0.9963
vn -0.9726 0.2208 -0.0726
vn -0.8436 -0.5332 -0.0634
vn -0.8435 -0.5334 -0.0634
vn -0.9727 0.2204 -0.0726
vn 0.2191 0.9755 0.0167
vn 0.2191 0.9756 0.0167
vn 0.8436 0.5332 0.0634
vn -0.5335 0.8449 -0.0396
vn -0.5333 0.8450 -0.0396
vn -0.2191 -0.9756 -0.0167
vn 0.5333 -0.8450 0.0396
vn 0.5335 -0.8449 0.0396
vn -0.2337 0.9722 -0.0167
vn -0.2260 0.9740 -0.0162
vn -0.0022 1.0000 0.0004
vn 0.0022 -1.0000 -0.0004
vn -0.0014 1.0000 -0.0001
vn -0.9707 0.2375 -0.0375
vn -0.9728 0.0730 -0.2197
vn -0.9658 -0.0780 0.2474
vn -0.9671 0.1621 0.1959
vn -0.9680 -0.2424 0.0649
vn -0.9716 -0.1663 -0.1685
vn 0.0024 0.9515 0.3077
vn 0.0134 0.2089 0.9779
vn -0.0111 0.7426 -0.6696
vn -0.0021 -0.9515 -0.3077
vn -0.0133 -0.2089 -0.9779
vn 0.0111 -0.7427 0.6696
vn -0.0122 0.7424 -0.6698
vn -0.4184 0.2797 -0.8641
vn -0.4099 0.8932 -0.1850
vn 0.0138 0.2090 0.9778
vn -0.3964 0.6118 0.6845
vn -0.3916 -0.2819 0.8759
vn 0.0044 0.9512 0.3084
vn 0.0065 -0.9778 0.2094
vn 0.0122 -0.7424 0.6698
vn -0.4001 -0.8951 0.1967
vn -0.0131 -0.2088 -0.9779
vn -0.4129 -0.6134 -0.6732
vn -0.0009 -0.9515 -0.3076
vn -0.0023 1.0000 0.0004
vn -0.0788 -0.0015 0.9969
vn -0.0800 -0.0017 0.9968
vn -0.0801 0.0004 0.9968
vn 0.0453 0.9990 0.0036
vn 0.0449 0.9990 0.0035
vn -0.1059 0.9943 -0.0078
vn -0.1048 0.9945 -0.0078
vn -0.1018 -0.9948 -0.0092
vn 0.0483 -0.9988 0.0027
vn 0.0487 -0.9988 0.0027
vn -0.1007 -0.9949 -0.0091
vn -0.0844 -0.0058 0.9964
vn -0.0845 -0.0150 0.9963
vn -0.0787 -0.0123 0.9968
vn -0.9726 0.2207 -0.0726
vn 0.8427 0.5346 0.0637
vn 0.2193 0.9755 0.0174
vn 0.2194 0.9755 0.0174
vn 0.8428 0.5344 0.0637
vn -0.2208 -0.9752 -0.0172
vn -0.2209 -0.9752 -0.0172
vn 0.5329 -0.8453 0.0390
vn 0.5327 -0.8454 0.0390
vn 0.9729 -0.2194 0.0724
vn 0.9729 -0.2198 0.0724
vn -0.2260 0.9740 -0.0161
vn -0.2295 -0.9731 -0.0179
vn -0.2217 -0.9750 -0.0173
vn -0.0023 1.0000 0.0010
vn 0.0029 -1.0000 0.0002
vn 0.0194 -0.0004 0.9998
vn -0.9706 0.2378 -0.0379
vn -0.9727 0.0741 -0.2197
vn -0.9659 -0.0779 0.2470
vn -0.9683 -0.2412 0.0652
vn -0.9717 -0.1657 -0.1683
vn -0.0065 0.9778 -0.2092
vn -0.4181 0.2793 -0.8644
vn -0.4105 0.8928 -0.1852
vn 0.0146 -0.3087 0.9511
vn 0.0131 0.2088 0.9779
vn -0.3973 0.6109 0.6848
vn -0.3921 -0.2819 0.8757
vn 0.0009 0.9515 0.3076
vn -0.3995 -0.8954 0.1964
vn -0.0123 -0.2090 -0.9778
vn -0.4124 -0.6142 -0.6728
vn 0.0025 -0.9512 -0.3085
vn 0.9999 0.0022 -0.0142
vn -0.9704 0.2385 -0.0377
vn -0.9727 0.0735 -0.2200
vn -0.9659 -0.0773 0.2473
vn -0.9670 0.1627 0.1961
vn -0.9680 -0.2425 0.0646
vn -0.9714 -0.1672 -0.1687
vn 0.0021 0.9515 0.3077
vn 0.0133 0.2089 0.9779
vn -0.0024 -0.9515 -0.3077
vn -0.0134 -0.2089 -0.9779
vn -0.0150 0.3073 -0.9515
vn -0.4183 0.2812 -0.8637
vn -0.4100 0.8930 -0.1857
vn -0.3972 0.6119 0.6840
vn -0.3921 -0.2838 0.8750
vn 0.0045 -0.9780 0.2085
vn -0.4006 -0.8949 0.1965
vn -0.0138 -0.2090 -0.9778
vn -0.4137 -0.6128 -0.6733
vn -0.0044 -0.9512 -0.3084
vn -0.0802 0.0004 0.9968
vn 0.9496 0.3054 0.0709
vn 0.9495 0.3057 0.0709
vn 0.0430 0.9991 0.0034
vn 0.0426 0.9991 0.0034
vn -0.1057 0.9944 -0.0078
vn -0.1046 0.9945 -0.0078
vn 0.0494 -0.9988 0.0023
vn 0.0501 -0.9987 0.0023
vn -0.1006 -0.9949 -0.0091
vn 0.9516 -0.2991 0.0705
vn 0.9515 -0.2995 0.0704
vn -0.0842 0.0092 0.9964
vn -0.0843 -0.0015 0.9964
vn -0.0788 -0.0124 0.9968
vn -0.0817 -0.0204 0.9964
vn -0.9729 0.2194 -0.0727
vn -0.8427 -0.5346 -0.0629
vn -0.8429 -0.5344 -0.0630
vn -0.9728 0.2197 -0.0727
vn 0.8436 0.5332 0.0633
vn 0.8435 0.5334 0.0633
vn -0.5329 0.8453 -0.0394
vn -0.5327 0.8454 -0.0394
vn -0.2194 -0.9755 -0.0168
vn 0.5320 -0.8458 0.0392
vn 0.9726 -0.2208 0.0724
vn 0.9727 -0.2205 0.0724
vn -0.2340 0.9721 -0.0175
vn -0.2263 0.9739 -0.0169
vn -0.2297 -0.9731 -0.0187
vn -0.2222 -0.9748 -0.0182
vn -0.0029 1.0000 -0.0002
vn -0.9717 -0.1658 -0.1684
vn 0.0111 -0.7426 0.6696
vn -0.0146 0.3095 -0.9508
vn -0.3919 -0.2818 0.8758
vn -0.4005 -0.8950 0.1966
vn -0.4133 -0.6133 -0.6731
vn 0.0022 -1.0000 -0.0005
vn -0.0802 -0.0017 0.9968
vn 0.9499 0.3043 0.0715
vn 0.9498 0.3047 0.0716
vn 0.0440 0.9990 0.0047
vn 0.0437 0.9990 0.0047
vn -0.1058 0.9944 -0.0070
vn -0.1049 0.9945 -0.0069
vn -0.1014 -0.9948 -0.0099
vn -0.1002 -0.9949 -0.0098
vn -0.0834 -0.0212 0.9963
vn -0.9728 0.2198 -0.0727
vn 0.5319 -0.8459 0.0391
vn 0.9727 -0.2204 0.0724
vn -0.2293 -0.9732 -0.0194
vn -0.2218 -0.9749 -0.0189
vn -0.9704 0.2386 -0.0372
vn -0.9727 0.0736 -0.2199
vn -0.9681 -0.2420 0.0650
vn -0.9716 -0.1664 -0.1685
vn -0.0112 0.7420 -0.6703
vn -0.0023 -0.9511 -0.3088
vn -0.0134 -0.2091 -0.9778
vn 0.0112 -0.7420 0.6703
vn -0.0095 0.7429 -0.6694
vn -0.0130 0.3077 -0.9514
vn -0.4174 0.2816 -0.8640
vn -0.4096 0.8933 -0.1851
vn 0.0123 0.2090 0.9778
vn 0.0076 0.6710 0.7414
vn -0.3971 0.6110 0.6848
vn -0.3923 -0.2837 0.8750
vn 0.0065 -0.9779 0.2090
vn -0.3999 -0.8951 0.1971
vn -0.4131 -0.6143 -0.6723
vn 0.9999 0.0023 -0.0142
vn 0.0022 -1.0000 -0.0001
vn 0.9496 0.3051 0.0715
vn 0.9500 0.3039 0.0716
vn 0.0444 0.9990 0.0040
vn 0.0435 0.9990 0.0039
vn 0.0495 -0.9988 0.0030
vn 0.0497 -0.9988 0.0030
vn 0.9514 -0.2999 0.0705
vn 0.9518 -0.2986 0.0705
vn -0.0834 -0.0209 0.9963
vn -0.9727 0.2205 -0.0724
vn -0.8435 -0.5334 -0.0633
vn -0.8436 -0.5332 -0.0633
vn -0.9726 0.2208 -0.0724
vn 0.8429 0.5344 0.0630
vn 0.2194 0.9755 0.0168
vn 0.8427 0.5346 0.0629
vn 0.5327 -0.8454 0.0394
vn 0.5329 -0.8453 0.0394
vn 0.9728 -0.2197 0.0727
vn 0.9729 -0.2194 0.0727
vn -0.2299 -0.9731 -0.0172
vn -0.2221 -0.9749 -0.0166
vn 0.0014 -1.0000 0.0001
vn -0.9707 0.2375 -0.0376
vn -0.9728 0.0731 -0.2198
vn -0.9679 -0.2428 0.0651
vn 0.0023 0.9511 0.3088
vn 0.0134 0.2091 0.9778
vn -0.0110 0.7420 -0.6703
vn 0.0110 -0.7420 0.6703
vn -0.0095 0.7420 -0.6704
vn -0.4178 0.2808 -0.8640
vn -0.4091 0.8935 -0.1853
vn -0.3924 -0.2816 0.8756
vn 0.0030 -0.9779 0.2089
vn 0.0095 -0.7420 0.6704
vn -0.4010 -0.8947 0.1969
vn -0.4138 -0.6127 -0.6733
vn 0.9834 -0.1814 0.0001
vn 0.9834 -0.1814 0.0002
vn 0.9900 -0.1414 -0.0001
vn 0.9900 -0.1413 -0.0001
vn -0.9837 0.1800 -0.0000
vn -0.9837 0.1801 0.0001
vn -0.9897 0.1434 -0.0003
vn -0.9897 0.1434 -0.0000
vn 0.5042 -0.8636 0.0004
vn -0.0895 -0.9960 0.0006
vn 0.5039 -0.8638 0.0005
vn -0.6163 -0.7875 0.0004
vn -0.6160 -0.7877 0.0004
vn -0.3289 0.9444 -0.0001
vn 0.2377 0.9713 -0.0001
vn -0.3288 0.9444 -0.0001
vn 0.7559 0.6547 -0.0002
vn -0.5257 0.8507 0.0002
vn 0.0601 0.9982 0.0005
vn -0.5253 0.8509 0.0003
vn 0.6000 0.8000 0.0003
vn 0.5996 0.8003 0.0002
vn 0.3097 -0.9508 0.0004
vn -0.2654 -0.9641 0.0005
vn -0.2655 -0.9641 0.0005
vn 0.3092 -0.9510 0.0004
vn -0.7718 -0.6358 0.0002
vn -0.7716 -0.6361 0.0001
vn 0.4975 -0.8675 0.0002
vn -0.7693 -0.6389 0.0002
vn 0.7497 0.6618 0.0001
vn -0.5223 0.8528 -0.0002
vn -0.1033 -0.9947 -0.0000
vn 0.1033 -0.9947 -0.0000
vn 0.4703 -0.8825 -0.0000
vn 0.8827 -0.4700 -0.0000
vn 1.0000 -0.0084 -0.0000
vn 1.0000 0.0087 -0.0000
vn 0.8825 0.4702 -0.0000
vn 0.4703 0.8825 -0.0000
vn 0.1033 0.9947 -0.0000
vn -0.1033 0.9947 -0.0000
vn -0.4703 0.8825 -0.0000
vn -0.8825 0.4702 -0.0000
vn -1.0000 0.0086 -0.0000
vn -1.0000 -0.0084 -0.0000
vn -0.8827 -0.4700 -0.0000
vn -0.4703 -0.8825 -0.0000
vn 1.0000 0.0086 0.0001
vn 1.0000 0.0086 -0.0000
vn -0.4702 0.8825 -0.0000
vn -0.4702 -0.8825 -0.0000
vn -0.0000 0.9658 -0.2592
vn -0.0000 0.8659 0.5002
vn -0.0000 0.5001 0.8660
vn -0.0000 -0.5000 0.8660
vn -0.0000 -0.8661 0.4998
vn -0.0000 -0.9660 0.2585
vn 0.0003 -0.5046 -0.8634
vn 0.0110 0.4938 -0.8695
vn 0.0511 0.5204 -0.8524
vn 0.1003 -0.4998 -0.8603
vn 0.0105 0.9999 -0.0016
vn -0.0500 0.9983 0.0288
vn -0.0008 0.4950 0.8689
vn -0.1003 0.4950 0.8631
vn -0.0108 -0.5059 0.8625
vn -0.0554 -0.4764 0.8775
vn -0.0102 -0.9999 -0.0015
vn 0.0450 -0.9986 0.0276
vn 0.0079 0.5015 -0.8651
vn -0.0064 -0.4977 -0.8673
vn 0.5394 -0.5964 -0.5944
vn 0.5406 0.5928 -0.5970
vn 0.0142 0.9999 -0.0002
vn -0.1019 0.9831 0.1523
vn 0.0062 0.5016 0.8651
vn -0.5866 0.4164 0.6946
vn -0.0080 -0.4979 0.8672
vn -0.5861 -0.4186 0.6938
vn -0.0143 -0.9999 -0.0002
vn -0.1008 -0.9834 0.1506
vn 0.8447 -0.3813 -0.3757
vn 0.8455 0.3790 -0.3761
vn 0.1572 0.9851 -0.0699
vn -0.7870 0.5081 0.3501
vn -0.7849 -0.5119 0.3492
vn 0.1554 -0.9854 -0.0691
vn -0.0008 -0.5009 -0.8655
vn 0.0041 0.4990 -0.8666
vn -0.0114 0.5091 -0.8607
vn 0.0189 -0.4916 -0.8706
vn 0.0049 1.0000 0.0003
vn -0.0302 0.9995 0.0014
vn 0.0007 0.4987 0.8668
vn -0.0193 0.5077 0.8613
vn -0.0041 -0.5006 0.8656
vn 0.0108 -0.4904 0.8714
vn -0.0049 -1.0000 0.0003
vn 0.0302 -0.9995 0.0015
vn 0.0056 0.5030 -0.8642
vn -0.0029 -0.4960 -0.8683
vn 0.5407 -0.5926 -0.5971
vn 0.5394 0.5963 -0.5945
vn 0.0084 1.0000 -0.0004
vn -0.1008 0.9834 0.1507
vn 0.0027 0.5034 0.8640
vn -0.5861 0.4186 0.6938
vn -0.0058 -0.4963 0.8681
vn -0.5866 -0.4164 0.6946
vn -0.0085 -1.0000 -0.0004
vn -0.1018 -0.9831 0.1523
vn 0.8455 -0.3789 -0.3761
vn 0.8447 0.3813 -0.3757
vn 0.1554 0.9854 -0.0691
vn -0.7849 0.5119 0.3492
vn -0.7870 -0.5081 0.3501
vn 0.1572 -0.9851 -0.0699
vn -0.0016 -0.5026 -0.8645
vn -0.0029 0.5001 -0.8660
vn -0.0443 0.5012 -0.8642
vn -0.0166 -0.4897 -0.8717
vn -0.0013 1.0000 0.0018
vn -0.0286 0.9995 -0.0109
vn 0.0017 0.4985 0.8669
vn 0.0156 0.5109 0.8595
vn 0.0028 -0.5011 0.8654
vn 0.0442 -0.4989 0.8655
vn 0.0013 -1.0000 0.0017
vn 0.0278 -0.9996 -0.0112
vn 0.0025 0.5016 -0.8651
vn 0.0001 -0.4982 -0.8671
vn 0.0024 1.0000 -0.0004
vn -0.1008 0.9834 0.1506
vn -0.0004 0.5019 0.8649
vn -0.0027 -0.4985 0.8669
vn -0.0024 -1.0000 -0.0004
vn -0.0069 -0.5082 -0.8612
vn -0.0031 0.3246 -0.9458
vn -0.0611 0.4344 -0.8987
vn -0.0421 -0.4890 -0.8713
vn -0.0124 0.9067 0.4215
vn -0.0182 0.9993 0.0320
vn 0.0034 0.2360 0.9717
vn 0.0377 0.5125 0.8579
vn 0.0267 -0.3603 0.9324
vn 0.0578 -0.4414 0.8955
vn -0.0004 -0.9296 0.3686
vn 0.0135 -0.9974 -0.0714
vn -0.0001 0.5604 -0.8282
vn 0.0025 -0.1341 -0.9910
vn 0.4843 -0.5011 -0.7172
vn 0.5244 0.5007 -0.6887
vn -0.0017 0.9779 -0.2090
vn -0.2410 0.9585 0.1522
vn -0.0037 0.5681 0.8229
vn -0.5085 0.1688 0.8444
vn -0.0009 -0.1638 0.9865
vn -0.4691 -0.1963 0.8610
vn 0.0042 -0.9877 -0.1562
vn -0.1985 -0.9699 0.1409
vn 0.7194 -0.3616 -0.5931
vn 0.7140 0.3793 -0.5884
vn 0.3708 0.8912 -0.2614
vn -0.7690 -0.4248 0.4777
vn -0.7727 0.4132 0.4818
vn 0.3683 -0.8926 -0.2600
vn -0.0081 -0.4943 -0.8692
vn -0.0063 0.3256 -0.9455
vn -0.0709 0.4310 -0.8996
vn -0.0535 -0.4965 -0.8664
vn -0.0185 0.9138 0.4057
vn -0.0156 0.9996 0.0253
vn 0.0063 0.2582 0.9661
vn 0.0494 0.5217 0.8517
vn 0.0353 -0.3664 0.9298
vn 0.0681 -0.4455 0.8927
vn 0.0012 -0.9457 0.3250
vn 0.0101 -0.9971 -0.0751
vn -0.0045 0.5584 -0.8296
vn 0.0031 -0.1365 -0.9906
vn 0.4846 -0.5042 -0.7148
vn 0.5242 0.5012 -0.6885
vn -0.0079 0.9803 -0.1971
vn -0.2404 0.9584 0.1535
vn -0.0072 0.5604 0.8282
vn -0.5085 0.1689 0.8443
vn -0.0002 -0.1669 0.9860
vn -0.4697 -0.1980 0.8603
vn 0.0106 -0.9850 -0.1722
vn -0.1990 -0.9698 0.1413
vn 0.7192 -0.3629 -0.5926
vn 0.7140 0.3798 -0.5882
vn 0.3680 0.8932 -0.2582
vn -0.7726 0.4146 0.4808
vn 0.3658 -0.8944 -0.2573
vn -0.0100 -0.4823 -0.8759
vn -0.0092 0.3270 -0.9450
vn -0.0780 0.4271 -0.9009
vn -0.0660 -0.5053 -0.8604
vn -0.0227 0.9203 0.3905
vn -0.0088 0.9998 0.0153
vn 0.0102 0.2789 0.9603
vn 0.0623 0.5304 0.8455
vn 0.0421 -0.3681 0.9288
vn 0.0751 -0.4487 0.8905
vn 0.0003 -0.9560 0.2933
vn 0.0024 -0.9974 -0.0719
vn -0.0073 0.5568 -0.8306
vn 0.0039 -0.1359 -0.9907
vn 0.4848 -0.5038 -0.7150
vn 0.5237 0.5001 -0.6896
vn -0.0157 0.9818 -0.1893
vn -0.2467 0.9569 0.1529
vn -0.0105 0.5535 0.8328
vn -0.5084 0.1716 0.8438
vn 0.0011 -0.1638 0.9865
vn -0.4694 -0.1965 0.8609
vn 0.0162 -0.9832 -0.1818
vn -0.1977 -0.9699 0.1422
vn 0.7192 -0.3623 -0.5929
vn 0.7143 0.3797 -0.5879
vn 0.3731 0.8903 -0.2612
vn -0.7679 -0.4283 0.4764
vn -0.7738 0.4106 0.4824
vn 0.3669 -0.8934 -0.2594
vn -0.0019 -0.3875 -0.9219
vn 0.0004 -0.7989 -0.6015
vn 0.5868 -0.6684 -0.4570
vn 0.5810 -0.3402 -0.7394
vn -0.0038 0.1252 -0.9921
vn 0.5661 0.1078 -0.8173
vn -0.0023 0.6030 -0.7977
vn 0.5436 0.5313 -0.6498
vn 0.0004 0.9206 -0.3905
vn 0.5230 0.7988 -0.2973
vn 0.0018 0.9929 0.1186
vn 0.5116 0.8503 0.1238
vn 0.0017 0.8031 0.5958
vn 0.5160 0.6866 0.5121
vn 0.0002 0.3997 0.9167
vn 0.5303 0.3460 0.7740
vn -0.0002 0.1442 0.9896
vn 0.5258 0.1291 0.8407
vn 0.0005 -0.7247 0.6890
vn 0.0026 -0.4049 0.9144
vn 0.5475 -0.3435 0.7631
vn 0.5665 -0.5945 0.5707
vn 0.0017 -0.9175 0.3976
vn 0.5776 -0.7465 0.3303
vn 0.0025 -0.9930 -0.1183
vn 0.5849 -0.8081 -0.0706
vn 0.0033 -0.7953 -0.6062
vn 0.0027 -0.3847 -0.9231
vn 0.0030 0.1203 -0.9927
vn 0.0033 0.5920 -0.8059
vn 0.0027 0.9149 -0.4036
vn 0.0018 0.9937 0.1123
vn 0.0025 0.8010 0.5986
vn 0.0025 0.3879 0.9217
vn 0.0044 0.3097 0.9508
vn 0.0036 -0.3653 0.9309
vn 0.0036 -0.7132 0.7010
vn 0.0034 -0.9176 0.3976
vn 0.0043 -0.9923 -0.1238
vn 0.0040 -0.3990 -0.9169
vn 0.0045 -0.8070 -0.5905
vn 0.0029 0.8065 0.5912
vn 0.0033 0.4024 0.9154
vn 0.0043 0.1200 -0.9928
vn 0.0029 -0.1255 0.9921
vn 0.0049 0.6055 -0.7958
vn 0.0027 -0.6020 0.7985
vn 0.0048 0.9237 -0.3831
vn 0.0028 -0.9234 0.3838
vn 0.0031 0.9920 0.1262
vn 0.0038 -0.9923 -0.1239
vn 0.0042 0.8017 0.5978
vn 0.0038 -0.8015 -0.5980
vn 0.0040 0.3962 0.9181
vn 0.0033 -0.3985 -0.9172
vn 0.0040 0.2210 0.9753
vn 0.0034 0.0303 -0.9995
vn 0.0047 -0.7121 0.7021
vn 0.0049 -0.3560 0.9345
vn 0.0039 0.3746 -0.9272
vn 0.0028 0.7034 -0.7108
vn 0.0045 -0.9181 0.3963
vn 0.0028 0.9184 -0.3956
vn 0.0052 -0.9938 -0.1107
vn 0.0027 0.9937 0.1122
vn 0.0022 0.3876 0.9218
vn 0.0026 0.7961 0.6051
vn 0.0008 0.7992 0.6010
vn -0.0029 0.3900 0.9208
vn 0.0015 -0.1178 0.9930
vn -0.0046 -0.1227 0.9924
vn 0.0016 -0.5912 0.8065
vn -0.0029 -0.6025 0.7981
vn 0.0026 -0.9140 0.4058
vn -0.0006 -0.9199 0.3922
vn 0.0028 -0.9937 -0.1118
vn 0.0050 -0.9930 -0.1180
vn 0.0024 -0.8004 -0.5995
vn 0.0003 -0.8024 -0.5968
vn 0.0019 -0.3918 -0.9200
vn -0.0002 -0.3986 -0.9171
vn 0.0017 -0.0652 -0.9979
vn -0.0005 -0.1415 -0.9899
vn 0.0005 0.7030 -0.7112
vn 0.0016 0.3738 -0.9275
vn 0.0294 0.3874 -0.9214
vn -0.0014 0.6981 -0.7160
vn 0.0017 0.9196 -0.3927
vn 0.0025 0.9179 -0.3968
vn 0.0031 0.9922 0.1244
vn 0.0033 0.9930 0.1183
vn -0.5056 0.7069 0.4947
vn -0.5058 0.3591 0.7843
vn -0.4939 -0.1041 0.8633
vn -0.4714 -0.5437 0.6944
vn -0.4463 -0.8329 0.3271
vn -0.4303 -0.8948 -0.1193
vn -0.4423 -0.7204 -0.5342
vn -0.4597 -0.3534 -0.8147
vn -0.4531 -0.1236 -0.8829
vn -0.4894 0.3426 -0.8019
vn -0.4877 0.6182 -0.6164
vn -0.4955 0.7974 -0.3444
vn -0.5010 0.8612 0.0855
vn -0.9914 0.1305 0.0115
vn -0.9959 0.0829 0.0366
vn -0.9989 0.0128 0.0444
vn -0.9977 -0.0629 0.0264
vn -0.9912 -0.1318 -0.0094
vn -0.9854 -0.1600 -0.0575
vn -0.9882 -0.1185 -0.0968
vn -0.9924 -0.0419 -0.1153
vn -0.9920 -0.0068 -0.1258
vn -0.9976 -0.0018 -0.0689
vn -0.9888 0.1183 -0.0911
vn -0.9882 0.1412 -0.0594
vn -0.9883 0.1510 -0.0214
vn -0.5751 -0.6263 -0.5263
vn -0.5508 -0.2912 -0.7822
vn -0.5309 0.1136 -0.8398
vn -0.5186 0.4996 -0.6938
vn -0.5148 0.7764 -0.3635
vn -0.5173 0.8522 0.0786
vn -0.5221 0.6900 0.5013
vn -0.5319 0.3420 0.7747
vn -0.5246 0.1273 0.8418
vn -0.5394 -0.3602 0.7611
vn -0.5731 -0.5845 0.5743
vn -0.5868 -0.7432 0.3214
vn -0.5907 -0.7978 -0.1208
vn -0.0136 -0.7383 0.6744
vn -0.0183 -0.1524 0.9882
vn 0.9856 -0.1337 0.1037
vn 0.5291 -0.8484 -0.0179
vn -0.0050 -0.9832 -0.1826
vn -0.1290 -0.9709 -0.2020
vn -0.0124 -0.5040 -0.8636
vn -0.7425 -0.5791 -0.3365
vn -0.0171 0.1047 -0.9944
vn -0.9395 0.1602 -0.3028
vn -0.0110 0.6971 -0.7169
vn -0.6275 0.7622 -0.1589
vn -0.0033 0.9876 0.1568
vn -0.0601 0.9968 0.0522
vn -0.0131 0.4778 0.8784
vn 0.6403 0.7448 0.1877
vn 0.9927 -0.1196 -0.0143
vn 0.6957 -0.7133 -0.0851
vn 0.0648 -0.9909 -0.1183
vn -0.7001 -0.7091 -0.0846
vn -0.9906 0.1361 0.0162
vn -0.5832 0.8066 0.0958
vn 0.1476 0.9822 0.1164
vn 0.8149 0.5755 0.0684
vn 0.0420 -0.3573 0.9330
vn 0.5524 -0.3962 0.7334
vn 0.0038 -0.3188 0.9478
vn 0.0063 -0.3142 0.9493
vn 0.0044 0.3282 -0.9446
vn 0.0016 0.3293 -0.9442
vn 0.1235 0.3143 -0.9413
vn -0.3770 0.4209 -0.8250
vn -0.9867 0.1626 -0.0079
vn -0.4744 -0.2598 0.8411
vn 0.0270 -0.8419 0.5390
vn -0.0015 -0.2569 0.9664
vn 0.0031 -0.9613 -0.2754
vn 0.0014 -0.5931 -0.8052
vn 0.0039 0.0010 -1.0000
vn 0.0104 0.6419 -0.7667
vn 0.0063 0.9865 0.1636
vn 0.0033 0.4096 0.9123
vn -0.0123 -0.3146 0.9491
vn 0.3395 -0.6439 0.6856
vn 0.0028 -0.2170 0.9762
vn 0.0026 -0.2898 0.9571
vn 0.0053 0.3025 -0.9531
vn 0.0032 -0.5600 0.8285
vn 0.0017 -0.3010 -0.9536
vn 0.0014 0.2391 -0.9710
vn 0.0732 0.1438 -0.9869
vn -0.1052 0.6771 -0.7284
vn -0.1925 0.9738 0.1212
vn -0.2616 0.2330 0.9366
vn -0.0020 -0.3885 -0.9214
vn 0.0003 -0.7986 -0.6019
vn 0.5846 -0.6700 -0.4576
vn 0.5802 -0.3383 -0.7409
vn -0.0038 0.1257 -0.9921
vn 0.5662 0.1083 -0.8171
vn -0.0023 0.6034 -0.7974
vn 0.5417 0.5335 -0.6496
vn 0.0003 0.9202 -0.3914
vn 0.5145 0.8048 -0.2959
vn 0.0019 0.9930 0.1183
vn 0.5012 0.8566 0.1228
vn 0.0014 0.8026 0.5965
vn 0.5122 0.6914 0.5095
vn 0.0002 0.3997 0.9166
vn 0.5312 0.3453 0.7737
vn -0.0002 0.1443 0.9895
vn 0.5259 0.1286 0.8408
vn 0.0005 -0.7253 0.6884
vn 0.0020 -0.4048 0.9144
vn 0.5471 -0.3439 0.7631
vn 0.5642 -0.5949 0.5725
vn 0.5755 -0.7474 0.3319
vn 0.0025 -0.9931 -0.1175
vn 0.5823 -0.8098 -0.0709
vn 0.0010 -0.7957 -0.6057
vn 0.0028 -0.3919 -0.9200
vn 0.0032 0.1206 -0.9927
vn 0.0032 0.5918 -0.8061
vn 0.0036 0.9141 -0.4055
vn 0.0043 0.9937 0.1120
vn 0.0038 0.8022 0.5970
vn 0.0035 0.3941 0.9190
vn 0.0030 0.3122 0.9500
vn 0.0024 -0.3653 0.9309
vn 0.0038 -0.7129 0.7012
vn 0.0048 -0.9188 0.3947
vn 0.0020 -0.9921 -0.1254
vn 0.0043 -0.4002 -0.9164
vn 0.0032 -0.8064 -0.5914
vn 0.0040 0.8064 0.5914
vn 0.0033 0.4028 0.9153
vn 0.0043 0.1201 -0.9928
vn 0.0031 -0.1189 0.9929
vn 0.0044 0.6068 -0.7948
vn 0.0030 -0.6075 0.7943
vn 0.0044 0.9241 -0.3822
vn 0.0028 -0.9241 0.3822
vn 0.0052 0.9923 0.1237
vn 0.0027 -0.9923 -0.1235
vn 0.0049 0.8014 0.5981
vn 0.0023 -0.8022 -0.5970
vn 0.0047 0.3971 0.9177
vn 0.0029 -0.3926 -0.9197
vn 0.0043 0.2211 0.9753
vn 0.0032 0.0301 -0.9995
vn 0.0038 -0.7119 0.7023
vn 0.0029 -0.3767 0.9263
vn 0.0040 0.3761 -0.9266
vn 0.0036 0.7035 -0.7107
vn 0.0046 -0.9176 0.3974
vn 0.0036 0.9182 -0.3960
vn 0.0038 -0.9936 -0.1130
vn 0.0036 0.9937 0.1117
vn 0.0009 0.3888 0.9213
vn 0.0005 0.7961 0.6052
vn 0.0009 0.7991 0.6011
vn -0.0027 0.3888 0.9213
vn 0.0016 -0.1167 0.9932
vn -0.0045 -0.1240 0.9923
vn 0.0021 -0.5905 0.8071
vn -0.0042 -0.6031 0.7977
vn 0.0026 -0.9139 0.4060
vn 0.0009 -0.9201 0.3916
vn 0.0028 -0.9936 -0.1131
vn 0.0058 -0.9930 -0.1181
vn 0.0024 -0.7997 -0.6004
vn -0.0006 -0.8024 -0.5968
vn 0.0019 -0.3920 -0.9200
vn -0.0002 -0.3988 -0.9171
vn 0.0016 -0.0655 -0.9979
vn -0.0005 -0.1418 -0.9899
vn 0.0013 0.7029 -0.7113
vn 0.0017 0.3744 -0.9273
vn 0.0293 0.3874 -0.9214
vn -0.0005 0.6996 -0.7145
vn -0.0013 0.9197 -0.3926
vn 0.0024 0.9177 -0.3972
vn -0.0012 0.9922 0.1249
vn 0.0032 0.9929 0.1188
vn -0.5045 0.7073 0.4952
vn -0.5050 0.3598 0.7846
vn -0.4943 -0.1031 0.8632
vn -0.4708 -0.5480 0.6914
vn -0.4401 -0.8368 0.3256
vn -0.4259 -0.8974 -0.1156
vn -0.4426 -0.7217 -0.5322
vn -0.4593 -0.3531 -0.8151
vn -0.4528 -0.1239 -0.8830
vn -0.4901 0.3430 -0.8013
vn -0.4893 0.6178 -0.6155
vn -0.4939 0.7983 -0.3447
vn -0.4988 0.8624 0.0861
vn -0.9917 0.1283 0.0099
vn -0.9959 0.0827 0.0369
vn -0.9990 0.0117 0.0439
vn -0.9964 -0.0781 0.0340
vn -0.9854 -0.1704 -0.0013
vn -0.9792 -0.1961 -0.0525
vn -0.9874 -0.1278 -0.0938
vn -0.9922 -0.0427 -0.1171
vn -0.9924 -0.0065 -0.1231
vn -0.9978 -0.0033 -0.0668
vn -0.9889 0.1181 -0.0906
vn -0.9882 0.1411 -0.0602
vn -0.9889 0.1470 -0.0219
vn -0.5730 -0.6280 -0.5266
vn -0.5500 -0.2907 -0.7830
vn -0.5309 0.1141 -0.8397
vn -0.5203 0.4979 -0.6938
vn -0.5233 0.7688 -0.3675
vn -0.5275 0.8459 0.0791
vn -0.5272 0.6841 0.5040
vn -0.5328 0.3421 0.7740
vn -0.5248 0.1268 0.8418
vn -0.5389 -0.3610 0.7611
vn -0.5716 -0.5849 0.5754
vn -0.5846 -0.7444 0.3225
vn -0.5883 -0.7995 -0.1210
vn -0.0132 -0.7404 0.6720
vn -0.0178 -0.1548 0.9878
vn 0.9856 -0.1343 0.1029
vn 0.5319 -0.8465 -0.0247
vn -0.0030 -0.9829 -0.1841
vn -0.1269 -0.9712 -0.2015
vn -0.0118 -0.5053 -0.8628
vn -0.7414 -0.5816 -0.3348
vn -0.0173 0.1020 -0.9946
vn -0.9395 0.1595 -0.3030
vn -0.0118 0.6948 -0.7192
vn -0.6282 0.7611 -0.1613
vn -0.0052 0.9876 0.1572
vn -0.0618 0.9968 0.0516
vn -0.0133 0.4765 0.8791
vn 0.6356 0.7478 0.1919
vn 0.9928 -0.1192 -0.0140
vn 0.6942 -0.7148 -0.0845
vn 0.0629 -0.9911 -0.1175
vn -0.6981 -0.7111 -0.0842
vn -0.9905 0.1365 0.0161
vn -0.5828 0.8070 0.0955
vn 0.1481 0.9821 0.1164
vn 0.8148 0.5757 0.0681
vn 0.0410 -0.3579 0.9328
vn 0.5507 -0.3986 0.7334
vn 0.0012 -0.3215 0.9469
vn -0.0004 -0.3287 0.9444
vn 0.0041 0.3288 -0.9444
vn 0.0007 0.3285 -0.9445
vn 0.1246 0.3136 -0.9413
vn -0.3770 0.4210 -0.8250
vn -0.9862 0.1653 -0.0036
vn -0.4747 -0.2610 0.8406
vn 0.0284 -0.8424 0.5380
vn -0.0011 -0.2602 0.9656
vn 0.0017 -0.5932 -0.8051
vn 0.0041 -0.0038 -1.0000
vn 0.0091 0.6399 -0.7684
vn 0.0069 0.9864 0.1644
vn 0.0046 0.4080 0.9130
vn -0.0123 -0.3147 0.9491
vn 0.3371 -0.6456 0.6852
vn 0.0039 -0.2185 0.9758
vn 0.0059 -0.2919 0.9564
vn 0.0045 0.3024 -0.9532
vn 0.0014 0.2394 -0.9709
vn 0.0731 0.1447 -0.9868
vn -0.1051 0.6763 -0.7291
vn -0.1916 0.9735 0.1249
vn -0.2582 0.2326 0.9377
vn 0.0005 -0.7986 -0.6018
vn 0.5864 -0.6687 -0.4571
vn 0.5818 -0.3394 -0.7392
vn 0.5659 0.1081 -0.8174
vn 0.5423 0.5323 -0.6501
vn 0.5207 0.8003 -0.2973
vn 0.5082 0.8523 0.1239
vn 0.5145 0.6882 0.5115
vn 0.0002 0.3996 0.9167
vn 0.5304 0.3460 0.7740
vn -0.0002 0.1440 0.9896
vn 0.5256 0.1284 0.8410
vn 0.0016 -0.9174 0.3981
vn 0.5766 -0.7471 0.3307
vn 0.0024 -0.9930 -0.1180
vn 0.5828 -0.8095 -0.0709
vn 0.0038 -0.7958 -0.6056
vn 0.0035 -0.3918 -0.9200
vn 0.0028 0.1206 -0.9927
vn 0.0021 0.5869 -0.8096
vn 0.0020 0.9145 -0.4046
vn 0.0025 0.8014 0.5981
vn 0.0026 0.3879 0.9217
vn 0.0028 0.3120 0.9501
vn 0.0047 -0.3999 -0.9165
vn 0.0048 -0.8067 -0.5910
vn 0.0024 0.8065 0.5912
vn 0.0027 0.3967 0.9180
vn 0.0044 0.1201 -0.9928
vn 0.0030 -0.1189 0.9929
vn 0.0038 0.6064 -0.7952
vn 0.0032 -0.6063 0.7952
vn 0.0046 0.9231 -0.3844
vn 0.0036 -0.9235 0.3836
vn 0.0032 0.9920 0.1261
vn 0.0038 -0.9923 -0.1236
vn 0.0042 0.8019 0.5974
vn 0.0038 -0.8016 -0.5978
vn 0.0033 -0.3986 -0.9171
vn 0.0043 -0.7119 0.7022
vn 0.0030 -0.3767 0.9263
vn 0.0036 0.3757 -0.9267
vn 0.0034 0.7038 -0.7104
vn 0.0020 0.3877 0.9218
vn 0.0018 -0.1166 0.9932
vn 0.0011 -0.5909 0.8067
vn -0.0031 -0.6029 0.7978
vn -0.0009 -0.9142 0.4052
vn -0.0004 -0.9198 0.3925
vn -0.0019 -0.9937 -0.1123
vn 0.0051 -0.9930 -0.1181
vn -0.0007 -0.8006 -0.5992
vn -0.0001 -0.8020 -0.5973
vn 0.0012 -0.3920 -0.9200
vn -0.0002 -0.3990 -0.9170
vn 0.0018 0.7031 -0.7111
vn 0.0010 0.3728 -0.9279
vn 0.0294 0.3867 -0.9217
vn -0.0006 0.6994 -0.7147
vn 0.0028 0.9197 -0.3925
vn 0.0025 0.9181 -0.3963
vn 0.0032 0.9930 0.1183
vn -0.5050 0.7071 0.4950
vn -0.5052 0.3588 0.7849
vn -0.4943 -0.1030 0.8632
vn -0.4708 -0.5450 0.6938
vn -0.4428 -0.8349 0.3269
vn -0.4252 -0.8973 -0.1185
vn -0.4402 -0.7218 -0.5340
vn -0.4591 -0.3537 -0.8149
vn -0.4892 0.3429 -0.8019
vn -0.4898 0.6177 -0.6153
vn -0.4964 0.7971 -0.3439
vn -0.9913 0.1312 0.0123
vn -0.9958 0.0839 0.0379
vn -0.9990 0.0119 0.0438
vn -0.9976 -0.0644 0.0268
vn -0.9900 -0.1408 -0.0086
vn -0.9835 -0.1721 -0.0567
vn -0.9878 -0.1223 -0.0962
vn -0.9924 -0.0420 -0.1154
vn -0.9924 -0.0064 -0.1225
vn -0.9977 -0.0023 -0.0682
vn -0.9888 0.1184 -0.0904
vn -0.5747 -0.6266 -0.5264
vn -0.5514 -0.2911 -0.7818
vn -0.5306 0.1139 -0.8399
vn -0.5174 0.5000 -0.6945
vn -0.5157 0.7751 -0.3651
vn -0.5212 0.8499 0.0781
vn -0.5238 0.6883 0.5019
vn -0.5320 0.3419 0.7746
vn -0.5244 0.1266 0.8420
vn -0.5858 -0.7438 0.3219
vn -0.5886 -0.7993 -0.1210
vn 0.5275 -0.8493 -0.0177
vn -0.0046 -0.9823 -0.1873
vn -0.1278 -0.9705 -0.2043
vn -0.0119 -0.5003 -0.8658
vn -0.7408 -0.5811 -0.3369
vn -0.9396 0.1596 -0.3029
vn -0.0117 0.7000 -0.7141
vn -0.6286 0.7613 -0.1591
vn -0.0038 0.9866 0.1629
vn -0.0609 0.9965 0.0564
vn 0.6944 -0.7146 -0.0850
vn 0.0631 -0.9911 -0.1175
vn -0.6978 -0.7113 -0.0844
vn -0.5834 0.8065 0.0958
vn 0.0417 -0.3584 0.9326
vn 0.5519 -0.3967 0.7335
vn 0.0062 -0.3141 0.9494
vn 0.0046 0.3270 -0.9450
vn 0.0012 0.3287 -0.9444
vn 0.1240 0.3141 -0.9413
vn -0.3764 0.4218 -0.8248
vn -0.9866 0.1630 -0.0065
vn -0.4743 -0.2602 0.8410
vn 0.0271 -0.8411 0.5402
vn -0.0016 -0.2569 0.9664
vn 0.0035 -0.9596 -0.2814
vn 0.0009 -0.5884 -0.8085
vn 0.0047 -0.0038 -1.0000
vn 0.0100 0.6450 -0.7642
vn 0.0062 0.9853 0.1708
vn 0.0032 0.4096 0.9122
vn -0.0140 -0.3133 0.9496
vn 0.3385 -0.6439 0.6862
vn 0.0034 -0.2905 0.9569
vn 0.0044 0.3025 -0.9531
vn 0.0001 -0.5627 0.8267
vn 0.0013 -0.2940 -0.9558
vn 0.0012 0.2406 -0.9706
vn 0.0745 0.1429 -0.9869
vn -0.1055 0.6773 -0.7281
vn -0.1917 0.9730 0.1285
vn -0.2616 0.2334 0.9365
vn 0.5862 -0.6689 -0.4572
vn 0.5807 -0.3379 -0.7407
vn -0.0038 0.1258 -0.9921
vn 0.5435 0.5317 -0.6496
vn 0.0004 0.9204 -0.3910
vn 0.5215 0.7998 -0.2973
vn 0.0015 0.9930 0.1183
vn 0.5079 0.8524 0.1245
vn 0.0016 0.8029 0.5961
vn 0.5134 0.6879 0.5131
vn 0.0003 0.3999 0.9166
vn 0.5282 0.3454 0.7757
vn -0.0008 0.1444 0.9895
vn 0.5221 0.1292 0.8430
vn 0.0005 -0.7249 0.6888
vn 0.5468 -0.3437 0.7635
vn 0.5641 -0.5948 0.5727
vn 0.0017 -0.9173 0.3982
vn 0.5761 -0.7474 0.3308
vn 0.5830 -0.8094 -0.0707
vn 0.0031 -0.7958 -0.6055
vn 0.0034 -0.3915 -0.9202
vn 0.0033 0.5922 -0.8058
vn 0.0036 0.9145 -0.4046
vn 0.0043 0.9938 0.1114
vn 0.0038 0.8010 0.5986
vn 0.0035 0.3942 0.9190
vn 0.0030 0.3130 0.9498
vn 0.0024 -0.3654 0.9309
vn 0.0031 -0.7129 0.7012
vn 0.0028 -0.9176 0.3974
vn 0.0019 -0.9922 -0.1247
vn 0.0046 -0.3989 -0.9170
vn 0.0057 -0.7985 -0.6020
vn 0.0032 0.8063 0.5915
vn 0.0027 0.4028 0.9153
vn 0.0044 0.6064 -0.7951
vn 0.0031 -0.6067 0.7949
vn 0.0044 0.9237 -0.3832
vn 0.0028 -0.9238 0.3829
vn 0.0052 0.9922 0.1242
vn 0.0027 -0.9922 -0.1246
vn 0.0049 0.8005 0.5993
vn 0.0023 -0.8015 -0.5980
vn 0.0047 0.3970 0.9178
vn 0.0042 0.2202 0.9754
vn 0.0032 0.0305 -0.9995
vn 0.0028 -0.3766 0.9264
vn 0.0042 -0.9936 -0.1126
vn 0.0027 0.9937 0.1117
vn 0.0009 0.7992 0.6011
vn 0.0021 -0.5913 0.8064
vn -0.0034 -0.6030 0.7977
vn 0.0027 -0.9141 0.4054
vn -0.0002 -0.9201 0.3916
vn 0.0028 -0.9937 -0.1120
vn 0.0054 -0.9930 -0.1179
vn -0.0002 -0.8022 -0.5970
vn 0.0019 -0.3919 -0.9200
vn 0.0002 -0.3987 -0.9171
vn 0.0016 -0.0661 -0.9978
vn -0.0010 -0.1417 -0.9899
vn 0.0017 0.3745 -0.9272
vn 0.0290 0.3877 -0.9213
vn -0.5034 0.7076 0.4959
vn -0.5044 0.3599 0.7849
vn -0.4711 -0.5457 0.6930
vn -0.4432 -0.8351 0.3260
vn -0.4267 -0.8966 -0.1185
vn -0.4404 -0.7213 -0.5346
vn -0.4575 -0.3534 -0.8159
vn -0.4515 -0.1249 -0.8835
vn -0.4899 0.3430 -0.8015
vn -0.4981 0.8628 0.0862
vn -0.9913 0.1312 0.0120
vn -0.9958 0.0833 0.0377
vn -0.9974 -0.0666 0.0290
vn -0.9890 -0.1477 -0.0068
vn -0.9810 -0.1851 -0.0588
vn -0.9858 -0.1317 -0.1043
vn -0.9912 -0.0465 -0.1241
vn -0.9918 -0.0087 -0.1271
vn -0.9890 0.1177 -0.0901
vn -0.9884 0.1398 -0.0594
vn -0.9888 0.1476 -0.0214
vn -0.5743 -0.6269 -0.5265
vn -0.5504 -0.2903 -0.7828
vn -0.5186 0.4999 -0.6937
vn -0.5165 0.7745 -0.3652
vn -0.5212 0.8498 0.0781
vn -0.5248 0.6881 0.5011
vn -0.5332 0.3423 0.7737
vn -0.5250 0.1262 0.8417
vn -0.5389 -0.3609 0.7611
vn -0.5715 -0.5848 0.5757
vn -0.5855 -0.7440 0.3219
vn -0.5889 -0.7991 -0.1209
vn -0.0124 -0.7393 0.6733
vn -0.0172 -0.1483 0.9888
vn 0.9857 -0.1343 0.1015
vn 0.5321 -0.8463 -0.0245
vn -0.0030 -0.9829 -0.1842
vn -0.0118 -0.5054 -0.8628
vn -0.0617 0.9968 0.0516
vn -0.0134 0.4772 0.8787
vn 0.6355 0.7479 0.1919
vn 0.9928 -0.1193 -0.0141
vn -0.5829 0.8069 0.0955
vn 0.8149 0.5756 0.0681
vn 0.0410 -0.3577 0.9329
vn 0.5496 -0.3972 0.7349
vn -0.0004 -0.3288 0.9444
vn 0.0042 0.3288 -0.9444
vn 0.0007 0.3286 -0.9445
vn 0.1245 0.3143 -0.9411
vn -0.3760 0.4207 -0.8256
vn 0.0267 -0.8421 0.5387
vn -0.0013 -0.2564 0.9666
vn 0.0031 -0.9612 -0.2757
vn 0.0017 -0.5937 -0.8047
vn 0.0041 -0.0039 -1.0000
vn 0.0090 0.6399 -0.7684
vn 0.0047 0.4091 0.9125
vn -0.0128 -0.3151 0.9490
vn 0.3369 -0.6452 0.6857
vn 0.0039 -0.2187 0.9758
vn 0.0058 -0.2920 0.9564
vn 0.0031 -0.5609 0.8279
vn 0.0017 -0.3005 -0.9538
vn 0.0728 0.1445 -0.9868
vn -0.1046 0.6757 -0.7297
vn -0.2579 0.2335 0.9376
vn -0.0019 -0.3873 -0.9219
vn 0.5860 -0.6691 -0.4571
vn 0.5810 -0.3401 -0.7395
vn -0.0038 0.1259 -0.9920
vn 0.5662 0.1084 -0.8171
vn 0.5236 0.7981 -0.2982
vn 0.5127 0.8495 0.1245
vn 0.5148 0.6858 0.5144
vn 0.5273 0.3462 0.7759
vn 0.5218 0.1293 0.8432
vn 0.0005 -0.7240 0.6898
vn 0.0020 -0.4038 0.9149
vn 0.5478 -0.3425 0.7633
vn 0.5670 -0.5940 0.5707
vn 0.0017 -0.9175 0.3977
vn 0.5767 -0.7473 0.3301
vn 0.0025 -0.7958 -0.6055
vn 0.0027 -0.3846 -0.9231
vn 0.0031 0.1206 -0.9927
vn 0.0036 0.9147 -0.4041
vn 0.0043 0.9938 0.1113
vn 0.0032 0.8002 0.5998
vn 0.0026 0.3882 0.9216
vn 0.0028 0.3130 0.9497
vn 0.0038 -0.3647 0.9311
vn 0.0027 -0.9178 0.3970
vn 0.0040 -0.3990 -0.9170
vn 0.0043 -0.8064 -0.5914
vn 0.0037 0.8064 0.5914
vn 0.0034 0.4024 0.9154
vn 0.0044 0.6065 -0.7951
vn 0.0031 -0.6064 0.7951
vn 0.0044 0.9234 -0.3837
vn 0.0027 -0.9232 0.3843
vn 0.0052 0.9923 0.1241
vn 0.0027 -0.9922 -0.1249
vn 0.0046 0.8000 0.5999
vn 0.0029 -0.8006 -0.5992
vn 0.0039 0.3961 0.9182
vn 0.0033 -0.3987 -0.9171
vn 0.0040 0.2204 0.9754
vn 0.0034 0.0306 -0.9995
vn 0.0054 -0.7117 0.7024
vn 0.0055 -0.3570 0.9341
vn 0.0034 0.3758 -0.9267
vn 0.0013 0.6992 -0.7150
vn 0.0049 -0.9183 0.3958
vn 0.0028 0.9182 -0.3961
vn 0.0032 -0.9936 -0.1129
vn 0.0038 0.9938 0.1112
vn 0.0020 0.3875 0.9219
vn -0.0029 0.3899 0.9209
vn 0.0014 -0.1169 0.9931
vn -0.0045 -0.1244 0.9922
vn 0.0005 -0.5921 0.8058
vn -0.0026 -0.6018 0.7986
vn 0.0018 -0.9148 0.4040
vn 0.0003 -0.9199 0.3921
vn 0.0028 -0.9938 -0.1116
vn 0.0025 -0.9930 -0.1179
vn 0.0024 -0.8014 -0.5982
vn 0.0017 -0.8023 -0.5969
vn 0.0023 0.7027 -0.7115
vn 0.0021 0.3747 -0.9272
vn 0.0290 0.3882 -0.9211
vn -0.0005 0.6992 -0.7149
vn 0.0028 0.9194 -0.3933
vn 0.0025 0.9178 -0.3971
vn -0.5063 0.7065 0.4945
vn -0.5058 0.3591 0.7844
vn -0.4940 -0.1033 0.8633
vn -0.4723 -0.5433 0.6941
vn -0.4509 -0.8293 0.3301
vn -0.4404 -0.8897 -0.1204
vn -0.4435 -0.7165 -0.5384
vn -0.4580 -0.3538 -0.8155
vn -0.4517 -0.1249 -0.8834
vn -0.4891 0.3431 -0.8019
vn -0.4890 0.6174 -0.6162
vn -0.4965 0.7967 -0.3446
vn -0.5023 0.8605 0.0853
vn -0.9916 0.1291 0.0109
vn -0.9959 0.0829 0.0364
vn -0.9990 0.0119 0.0442
vn -0.9978 -0.0616 0.0260
vn -0.9932 -0.1162 -0.0095
vn -0.9890 -0.1370 -0.0557
vn -0.9889 -0.1092 -0.1004
vn -0.9914 -0.0458 -0.1223
vn -0.9919 -0.0086 -0.1267
vn -0.9976 -0.0013 -0.0693
vn -0.9885 0.1195 -0.0922
vn -0.9883 0.1403 -0.0599
vn -0.9889 0.1466 -0.0221
vn -0.5743 -0.6271 -0.5263
vn -0.5509 -0.2911 -0.7822
vn -0.5142 0.7768 -0.3636
vn -0.5156 0.8532 0.0788
vn -0.5218 0.6907 0.5007
vn -0.5323 0.3423 0.7742
vn -0.5247 0.1263 0.8418
vn -0.5403 -0.3600 0.7606
vn -0.5736 -0.5840 0.5744
vn -0.5860 -0.7439 0.3212
vn -0.0130 -0.7386 0.6740
vn -0.0174 -0.1486 0.9887
vn 0.9851 -0.1392 0.1005
vn 0.5288 -0.8485 -0.0184
vn -0.1289 -0.9709 -0.2019
vn -0.0124 -0.5047 -0.8632
vn -0.7425 -0.5793 -0.3363
vn -0.0170 0.1015 -0.9947
vn -0.9392 0.1616 -0.3029
vn -0.0107 0.6955 -0.7184
vn -0.6266 0.7627 -0.1599
vn -0.0595 0.9968 0.0528
vn -0.0132 0.4777 0.8784
vn 0.6389 0.7459 0.1885
vn 0.9925 -0.1215 -0.0144
vn -0.5805 0.8085 0.0965
vn 0.1461 0.9823 0.1173
vn 0.8144 0.5762 0.0686
vn 0.0408 -0.3578 0.9329
vn 0.5501 -0.3970 0.7347
vn 0.0015 -0.3210 0.9471
vn -0.0009 -0.3290 0.9443
vn 0.0040 0.3288 -0.9444
vn 0.1234 0.3149 -0.9411
vn -0.3761 0.4206 -0.8256
vn -0.4751 -0.2602 0.8406
vn -0.0015 -0.2570 0.9664
vn -0.0129 -0.3149 0.9490
vn 0.0017 -0.3006 -0.9538
vn 0.0728 0.1435 -0.9870
vn -0.1055 0.6745 -0.7307
vn -0.2615 0.2330 0.9367
vn -0.0000 -0.0000 -0.0000
vn 0.9957 -0.0000 -0.0921
vn 0.7085 -0.0000 -0.7057
vn 0.7363 0.0369 -0.6757
vn 0.9945 0.0561 -0.0885
vn 0.1591 -0.0000 -0.9873
vn 0.0805 0.0029 -0.9967
vn -0.0000 -0.9957 -0.0922
vn -0.0000 -0.7073 -0.7069
vn 0.0446 -0.7364 -0.6751
vn 0.0677 -0.9938 -0.0884
vn -0.0000 -0.0192 -0.9998
vn 0.0117 -0.2439 -0.9697
vn -0.9936 0.0696 -0.0890
vn -0.7329 0.0455 -0.6788
vn -0.6691 0.0540 -0.7412
vn -0.9926 0.0716 -0.0980
vn -0.0683 0.0034 -0.9977
vn -0.0240 0.0022 -0.9997
vn -0.0153 0.9953 -0.0961
vn -0.0119 0.6810 -0.7322
vn -0.0095 0.7331 -0.6801
vn -0.0149 0.9959 -0.0888
vn -0.0003 0.0131 -0.9999
vn -0.0010 0.0104 -0.9999
vn -0.0080 0.1227 -0.9924
vn -0.0598 0.7408 -0.6690
vn 0.0601 0.7400 -0.6699
vn 0.0084 0.1225 -0.9924
vn -0.0885 0.9922 -0.0880
vn 0.0884 0.9922 -0.0882
vn -0.0063 0.0002 -1.0000
vn -0.7353 -0.0160 -0.6776
vn -0.7341 0.0160 -0.6789
vn -0.0062 0.0001 -1.0000
vn -0.9958 -0.0250 -0.0886
vn -0.9958 0.0252 -0.0886
vn 0.0001 -0.0112 -0.9999
vn -0.0006 -0.0002 -1.0000
vn -0.0005 0.0005 -1.0000
vn 0.7332 -0.0149 -0.6799
vn 0.1561 -0.0025 -0.9877
vn 0.9958 -0.0230 -0.0888
vn -0.0092 -0.7300 -0.6834
vn -0.0142 -0.9959 -0.0892
vn -0.5484 0.5487 -0.6311
vn -0.0433 0.0439 -0.9981
vn -0.7048 0.7042 -0.0861
vn -0.4213 0.4213 -0.8031
vn -0.0077 0.0077 -0.9999
vn -0.7025 0.7025 -0.1137
vn 0.5485 0.5484 -0.6312
vn 0.0281 0.0283 -0.9992
vn 0.7045 0.7045 -0.0862
vn -0.5499 -0.5478 -0.6305
vn -0.7046 -0.7044 -0.0861
vn -0.5485 0.5484 -0.6312
vn -0.7045 0.7045 -0.0863
vn 0.5483 -0.5485 -0.6312
vn 0.0231 -0.0231 -0.9995
vn 0.7048 -0.7041 -0.0860
vn 0.8331 0.5531 -0.0000
vn 0.9660 -0.2585 -0.0000
vn 0.9660 -0.2586 -0.0000
vn 0.3930 -0.9195 -0.0000
vn 0.0104 -0.9999 -0.0000
vn 0.1148 -0.9934 -0.0000
vn 0.1149 -0.9934 -0.0000
vn 0.3619 -0.9322 -0.0000
vn 0.6308 -0.7759 -0.0000
vn 0.8325 -0.5540 -0.0000
vn 0.9882 -0.1530 -0.0000
vn 0.8839 0.4676 -0.0017
vn 0.8841 0.4673 -0.0000
vn 0.9083 0.4130 0.0664
vn 0.3996 0.9167 -0.0000
vn -0.0013 1.0000 -0.0000
vn -0.0005 -1.0000 -0.0000
vn 0.0220 -0.9998 -0.0000
vn 0.0179 -0.9998 -0.0000
vn -0.0005 -1.0000 -0.0001
vn 0.1112 -0.9938 -0.0000
vn 0.4013 -0.9160 -0.0000
vn 0.7616 -0.6481 -0.0000
vn 0.8810 -0.4732 -0.0000
vn 0.9964 -0.0853 -0.0000
vn 0.9964 -0.0852 -0.0000
vn 0.9444 0.3287 -0.0000
vn 0.8138 0.5812 -0.0000
vn 0.6428 0.7660 -0.0000
vn 0.4472 0.8945 -0.0000
vn 0.4472 0.8944 -0.0000
vn 0.2588 0.9659 -0.0000
vn 0.2759 0.9612 -0.0000
vn 0.7396 0.6730 -0.0000
vn 0.9967 0.0816 -0.0000
vn 0.6997 -0.7144 -0.0000
vn 0.3714 -0.9285 -0.0000
vn 0.1463 -0.9892 -0.0000
vn -0.0669 -0.9978 -0.0000
vn -0.2902 -0.9570 -0.0000
vn -0.3498 -0.9368 -0.0000
vn -0.2634 -0.9647 -0.0000
vn -0.2638 -0.9646 -0.0000
vn -0.0412 -0.9992 -0.0000
vn 0.2567 -0.9665 -0.0000
vn 0.4259 -0.9048 -0.0000
vn 0.4595 -0.8882 -0.0000
vn 0.4596 -0.8881 -0.0000
vn 0.3988 -0.9170 -0.0000
vn 0.2403 -0.9707 -0.0000
vn 0.0546 -0.9985 -0.0000
vn -0.1097 -0.9940 -0.0000
vn -0.4083 -0.9128 -0.0000
vn -0.6699 -0.7425 -0.0000
vn -0.8209 -0.5710 -0.0000
vn -0.8210 -0.5709 -0.0000
vn -0.9582 -0.2862 -0.0000
vn -0.9897 -0.1432 -0.0000
vn -0.9972 -0.0744 -0.0000
vn -0.9998 -0.0198 -0.0000
vn -0.9963 0.0858 -0.0000
vn -0.9731 0.2302 -0.0000
vn -0.9353 0.3538 -0.0000
vn -0.8668 0.4986 -0.0000
vn -0.8669 0.4985 -0.0000
vn -0.7573 0.6530 -0.0000
vn -0.5957 0.8032 -0.0000
vn -0.5958 0.8031 -0.0000
vn -0.4253 0.9050 -0.0000
vn -0.3022 0.9533 -0.0000
vn -0.3022 0.9532 -0.0000
vn -0.0970 0.9953 -0.0000
vn 0.1252 0.9921 -0.0000
vn 0.2965 0.9550 -0.0000
vn 0.2966 0.9550 -0.0000
vn 0.3969 0.9178 -0.0002
vn 0.4022 0.9153 0.0219
vn -0.2333 0.9724 -0.0000
vn -0.3581 0.9333 -0.0287
vn -0.3495 0.9369 -0.0023
vn 0.0059 1.0000 -0.0000
vn 0.4867 0.8736 -0.0000
vn 0.0002 -0.0000 1.0000
vn 0.3076 -0.1643 0.9372
vn 0.2629 -0.2250 0.9382
vn 0.5962 -0.3194 0.7366
vn 0.5130 -0.4375 0.7385
vn 0.8040 -0.4316 0.4090
vn 0.6940 -0.5909 0.4115
vn 0.8807 -0.4731 0.0232
vn 0.7613 -0.6479 0.0240
vn 0.0001 -0.0002 1.0000
vn -0.0001 0.0001 1.0000
vn -0.0001 -0.0002 1.0000
vn -0.0000 -0.0002 1.0000
vn 0.8327 0.5532 0.0236
vn 0.9657 -0.2586 0.0227
vn 0.3921 -0.9196 0.0241
vn 0.0104 -0.9997 0.0234
vn 0.1148 -0.9931 0.0241
vn 0.3619 -0.9319 0.0242
vn 0.6307 -0.7757 0.0236
vn 0.8323 -0.5539 0.0237
vn 0.9880 -0.1534 0.0184
vn 0.8744 0.4828 -0.0477
vn 0.9931 0.0798 0.0854
vn 0.4013 -0.9156 0.0253
vn 0.1112 -0.9935 0.0242
vn 0.9961 -0.0853 0.0242
vn 0.9442 0.3286 0.0237
vn 0.8135 0.5811 0.0231
vn 0.6426 0.7659 0.0229
vn 0.4470 0.8942 0.0231
vn 0.2588 0.9657 0.0232
vn 0.2757 0.9610 0.0226
vn 0.7394 0.6728 0.0226
vn 0.9964 0.0816 0.0229
vn 0.6997 -0.7141 0.0225
vn 0.3713 -0.9282 0.0220
vn 0.1463 -0.9890 0.0225
vn -0.0669 -0.9975 0.0230
vn -0.2902 -0.9567 0.0231
vn -0.3497 -0.9366 0.0232
vn -0.2637 -0.9643 0.0233
vn -0.0411 -0.9989 0.0233
vn 0.2566 -0.9662 0.0229
vn 0.4258 -0.9045 0.0228
vn 0.4590 -0.8881 0.0224
vn 0.3988 -0.9168 0.0221
vn 0.2402 -0.9705 0.0222
vn 0.0540 -0.9983 0.0227
vn -0.1097 -0.9937 0.0226
vn -0.4083 -0.9126 0.0229
vn -0.6697 -0.7423 0.0227
vn -0.8208 -0.5707 0.0223
vn -0.9579 -0.2861 0.0223
vn -0.9894 -0.1431 0.0226
vn -0.9970 -0.0744 0.0227
vn -0.9995 -0.0198 0.0226
vn -0.9961 0.0858 0.0225
vn -0.9729 0.2302 0.0225
vn -0.9351 0.3537 0.0222
vn -0.8666 0.4985 0.0221
vn -0.7571 0.6529 0.0219
vn -0.5956 0.8030 0.0219
vn -0.4252 0.9048 0.0219
vn -0.3021 0.9530 0.0221
vn -0.0969 0.9950 0.0225
vn 0.1252 0.9919 0.0230
vn 0.2959 0.9549 0.0230
vn 0.4060 0.9127 0.0468
vn -0.3414 0.9399 0.0031
vn -0.3047 0.9525 -0.0015
vn -0.3495 0.9369 -0.0051
vn -0.2333 0.9722 0.0219
vn 0.0059 0.9997 0.0223
vn 0.2057 0.9784 0.0227
vn 0.4866 0.8733 0.0230
vn -0.2789 0.8701 0.4064
vn -0.1426 0.9895 0.0229
vn -0.1383 0.9021 0.4087
vn -0.2078 0.6486 0.7322
vn -0.1023 0.6693 0.7359
vn -0.0005 0.0016 1.0000
vn -0.1084 0.3384 0.9347
vn -0.0526 0.3462 0.9367
vn 0.7591 0.5084 0.4066
vn 0.4463 0.8014 0.3982
vn 0.5693 0.3846 0.7267
vn 0.3366 0.6058 0.7209
vn 0.0008 0.0005 1.0000
vn 0.3164 0.2162 0.9237
vn 0.1832 0.3307 0.9258
vn 0.0005 0.0010 1.0000
vn 0.8868 -0.2392 0.3955
vn 0.6763 -0.1762 0.7152
vn 0.3819 -0.0945 0.9194
vn 0.0005 -0.0002 1.0000
vn -0.3156 0.8612 0.3983
vn -0.2376 0.6481 0.7235
vn -0.1271 0.3465 0.9294
vn -0.0007 0.0018 1.0000
vn -0.2142 0.8929 0.3961
vn -0.1619 0.6741 0.7207
vn -0.0876 0.3643 0.9271
vn -0.0004 0.0016 1.0000
vn 0.9949 -0.0006 0.1012
vn 0.8868 0.3751 0.2700
vn 0.9923 -0.0046 0.1238
vn 0.6303 0.3385 0.6987
vn 0.0002 0.0002 1.0000
vn 0.9910 -0.0112 0.1331
vn 0.3288 0.1779 0.9275
vn 0.0009 0.0005 1.0000
vn 0.0055 0.9181 0.3964
vn 0.0041 0.6938 0.7202
vn 0.0021 0.3760 0.9266
vn -0.0000 0.0015 1.0000
vn 0.9031 -0.1459 0.4039
vn 0.6484 -0.1062 0.7538
vn 0.3226 -0.0526 0.9451
vn 0.0008 -0.0002 1.0000
vn 0.1893 0.8985 0.3960
vn 0.1427 0.6805 0.7188
vn 0.0771 0.3714 0.9253
vn 0.0003 0.0015 1.0000
vn 0.7568 -0.5033 0.4171
vn 0.5555 -0.3693 0.7450
vn 0.2819 -0.1872 0.9410
vn 0.0006 -0.0004 1.0000
vn 0.5748 -0.7070 0.4121
vn 0.4244 -0.5225 0.7395
vn 0.2176 -0.2681 0.9385
vn 0.0006 -0.0008 1.0000
vn 0.3302 -0.8497 0.4112
vn 0.2443 -0.6289 0.7381
vn 0.1253 -0.3230 0.9380
vn 0.0003 -0.0008 1.0000
vn 0.3530 -0.8410 0.4100
vn 0.2644 -0.6308 0.7295
vn 0.1492 -0.3510 0.9244
vn 0.0004 -0.0008 1.0000
vn 0.3248 -0.0275 0.9454
vn 0.6539 -0.0560 0.7545
vn 0.9015 -0.0778 0.4258
vn 0.3646 -0.8312 0.4197
vn 0.2675 -0.6084 0.7472
vn 0.1349 -0.3062 0.9424
vn 0.0097 -0.9174 0.3978
vn 0.0072 -0.6917 0.7221
vn 0.0038 -0.3700 0.9290
vn -0.0000 -0.0008 1.0000
vn 0.1017 -0.9072 0.4081
vn 0.0759 -0.6740 0.7348
vn 0.0395 -0.3487 0.9364
vn 0.0001 -0.0003 1.0000
vn 0.1045 -0.9071 0.4077
vn 0.0784 -0.6745 0.7341
vn 0.0412 -0.3490 0.9362
vn 0.0001 -0.0008 1.0000
vn 0.0002 -0.0002 1.0000
vn 0.3202 0.1103 0.9409
vn 0.6304 0.2190 0.7447
vn 0.8584 0.2989 0.4168
vn -0.0000 0.0003 1.0000
vn 0.2836 0.2022 0.9374
vn 0.5498 0.3923 0.7374
vn 0.7422 0.5302 0.4099
vn 0.2248 0.2672 0.9370
vn 0.4349 0.5179 0.7366
vn 0.5866 0.6991 0.4088
vn 0.0009 0.0019 1.0000
vn 0.1556 0.3105 0.9378
vn 0.3020 0.6036 0.7379
vn 0.4078 0.8158 0.4100
vn 0.0005 0.0019 1.0000
vn 0.0924 0.3434 0.9346
vn 0.1768 0.6584 0.7316
vn 0.2368 0.8832 0.4049
vn 0.0004 0.0013 1.0000
vn 0.1025 0.3664 0.9248
vn 0.1898 0.6700 0.7177
vn 0.2524 0.8834 0.3949
vn 0.0010 0.0004 1.0000
vn 0.2868 0.2632 0.9211
vn 0.5141 0.4696 0.7177
vn 0.6783 0.6183 0.3971
vn 0.0014 0.0002 1.0000
vn 0.3879 0.0326 0.9211
vn 0.6906 0.0579 0.7209
vn 0.9131 0.0748 0.4009
vn 0.0017 -0.0019 1.0000
vn 0.2678 -0.2817 0.9214
vn 0.4812 -0.4983 0.7212
vn 0.6389 -0.6568 0.4004
vn 0.0009 -0.0027 1.0000
vn 0.1401 -0.3510 0.9258
vn 0.2574 -0.6448 0.7197
vn 0.3405 -0.8528 0.3960
vn 0.0005 -0.0028 1.0000
vn 0.0553 -0.3729 0.9262
vn 0.1017 -0.6865 0.7200
vn 0.1343 -0.9081 0.3966
vn -0.0000 -0.0003 1.0000
vn -0.0250 -0.3747 0.9268
vn -0.0464 -0.6922 0.7202
vn -0.0615 -0.9158 0.3969
vn -0.1090 -0.3587 0.9271
vn -0.2014 -0.6634 0.7206
vn -0.2665 -0.8782 0.3972
vn -0.0001 -0.0004 1.0000
vn -0.1274 -0.3414 0.9312
vn -0.2402 -0.6438 0.7266
vn -0.3202 -0.8582 0.4012
vn -0.0000 -0.0004 1.0000
vn -0.0934 -0.3424 0.9349
vn -0.1791 -0.6564 0.7329
vn -0.2406 -0.8815 0.4063
vn -0.0141 -0.3429 0.9393
vn -0.0275 -0.6707 0.7412
vn -0.0374 -0.9099 0.4132
vn 0.0900 -0.3397 0.9362
vn 0.1738 -0.6551 0.7353
vn 0.2343 -0.8824 0.4080
vn 0.1519 -0.3231 0.9341
vn 0.2903 -0.6170 0.7315
vn 0.3895 -0.8272 0.4050
vn 0.1691 -0.3266 0.9299
vn 0.3168 -0.6121 0.7245
vn 0.4214 -0.8144 0.3990
vn 0.1476 -0.3393 0.9290
vn 0.2756 -0.6335 0.7230
vn 0.3660 -0.8413 0.3977
vn 0.0910 -0.3668 0.9259
vn 0.1669 -0.6743 0.7194
vn 0.2205 -0.8915 0.3958
vn 0.0203 -0.3707 0.9285
vn 0.0378 -0.6906 0.7223
vn 0.0500 -0.9161 0.3978
vn -0.0410 -0.3749 0.9262
vn -0.0760 -0.6908 0.7191
vn -0.1008 -0.9129 0.3956
vn -0.1561 -0.3502 0.9236
vn -0.2841 -0.6355 0.7179
vn -0.3753 -0.8380 0.3961
vn -0.2491 -0.2762 0.9283
vn -0.4637 -0.5140 0.7217
vn -0.6148 -0.6813 0.3973
vn -0.3124 -0.2179 0.9246
vn -0.5709 -0.3974 0.7184
vn -0.7541 -0.5245 0.3953
vn -0.3615 -0.1081 0.9261
vn -0.6654 -0.1988 0.7195
vn -0.8800 -0.2626 0.3958
vn -0.3649 -0.0528 0.9296
vn -0.6829 -0.0988 0.7238
vn -0.9076 -0.1312 0.3987
vn -0.3672 -0.0276 0.9297
vn -0.6878 -0.0513 0.7241
vn -0.9144 -0.0681 0.3991
vn -0.3693 -0.0074 0.9293
vn -0.6904 -0.0137 0.7233
vn -0.9170 -0.0181 0.3985
vn -0.3731 0.0318 0.9272
vn -0.6909 0.0594 0.7205
vn -0.9146 0.0790 0.3965
vn -0.3616 0.0853 0.9284
vn -0.6733 0.1592 0.7221
vn -0.8929 0.2114 0.3975
vn -0.3509 0.1324 0.9270
vn -0.6488 0.2451 0.7204
vn -0.8587 0.3251 0.3963
vn -0.3231 0.1855 0.9280
vn -0.6003 0.3451 0.7214
vn -0.7957 0.4577 0.3967
vn -0.2877 0.2472 0.9253
vn -0.5270 0.4540 0.7184
vn -0.6954 0.6004 0.3949
vn -0.2242 0.3015 0.9267
vn -0.4138 0.5575 0.7197
vn -0.5470 0.7379 0.3953
vn -0.1597 0.3390 0.9271
vn -0.2950 0.6277 0.7204
vn -0.3904 0.8312 0.3958
vn -0.1126 0.3544 0.9283
vn -0.2092 0.6594 0.7221
vn -0.2773 0.8748 0.3972
vn -0.0372 0.3766 0.9256
vn -0.0675 0.6914 0.7193
vn -0.0886 0.9139 0.3961
vn 0.0466 0.3721 0.9270
vn 0.0868 0.6881 0.7204
vn 0.1151 0.9107 0.3968
vn 0.1107 0.3564 0.9278
vn 0.2055 0.6615 0.7213
vn 0.2723 0.8764 0.3972
vn 0.1512 0.3365 0.9295
vn 0.2829 0.6294 0.7237
vn 0.3760 0.8363 0.3990
vn 0.1670 0.3264 0.9304
vn 0.3137 0.6131 0.7250
vn 0.4176 0.8161 0.3996
vn 0.4371 0.8966 0.0712
vn 0.1557 0.3240 0.9331
vn 0.2962 0.6165 0.7296
vn 0.3963 0.8251 0.4027
vn 0.4504 0.8864 0.1074
vn 0.1295 0.3375 0.9324
vn 0.2456 0.6398 0.7282
vn 0.3280 0.8551 0.4016
vn 0.3592 0.9328 0.0295
vn 0.0898 0.3449 0.9343
vn 0.1714 0.6597 0.7317
vn 0.2299 0.8853 0.4043
vn 0.2462 0.9685 0.0361
vn 0.0437 0.3519 0.9350
vn 0.0836 0.6748 0.7332
vn 0.1123 0.9072 0.4054
vn 0.0969 0.9947 0.0349
vn -0.3633 0.9302 -0.0522
vn -0.0008 0.0018 -1.0000
vn -0.1788 0.4327 -0.8837
vn -0.1145 0.4772 -0.8713
vn -0.0005 0.0019 -1.0000
vn -0.3190 0.7701 -0.5525
vn -0.2003 0.8343 -0.5137
vn -0.3648 0.9269 -0.0888
vn -0.2333 0.9721 -0.0245
vn 0.6174 -0.1033 -0.7798
vn 0.8242 0.1745 -0.5388
vn 0.7068 0.3864 -0.5926
vn 0.4940 -0.0113 -0.8694
vn 0.7052 0.6353 -0.3148
vn 0.6166 0.7337 -0.2853
vn 0.4276 0.9031 -0.0402
vn 0.4244 0.9055 0.0031
vn 0.0013 0.0012 -1.0000
vn 0.1976 -0.1455 -0.9694
vn 0.1344 -0.0821 -0.9875
vn 0.0003 -0.0002 -1.0000
vn 0.3714 -0.2760 -0.8865
vn 0.2888 -0.1693 -0.9423
vn 0.5651 -0.0616 -0.8227
vn -0.0003 0.0001 -1.0000
vn -0.0854 0.2217 -0.9714
vn -0.2236 0.3880 -0.8941
vn -0.0006 0.0011 -1.0000
vn -0.1850 0.5864 -0.7886
vn -0.4030 0.7130 -0.5738
vn -0.2889 0.9322 -0.2179
vn -0.4024 0.9001 -0.1669
vn -0.4086 0.1797 -0.8949
vn -0.2398 0.0966 -0.9660
vn -0.1786 0.1429 -0.9735
vn -0.3594 0.2911 -0.8866
vn -0.1170 0.0460 -0.9921
vn -0.0856 0.0686 -0.9940
vn -0.0005 0.0002 -1.0000
vn -0.0004 0.0004 -1.0000
vn 0.3617 -0.9319 -0.0264
vn 0.6306 -0.7756 -0.0269
vn 0.0189 -0.9996 -0.0222
vn 0.1221 -0.9816 -0.1470
vn 0.8322 -0.5537 -0.0272
vn 0.4865 0.8733 -0.0258
vn 0.8325 0.5534 -0.0261
vn 0.9951 -0.0563 -0.0811
vn 0.9967 -0.0507 -0.0634
vn 0.9999 -0.0000 -0.0106
vn -0.0014 0.9999 -0.0148
vn 0.3992 0.9168 -0.0009
vn 0.8778 0.4789 0.0140
vn 0.0059 0.9997 -0.0248
vn 0.9879 -0.1535 -0.0234
vn 0.2056 0.9783 -0.0253
vn 0.9656 -0.2588 -0.0250
vn 0.3924 -0.9194 -0.0260
vn 0.8806 -0.4731 -0.0262
vn 0.7614 -0.6477 -0.0269
vn 0.0104 -0.9996 -0.0254
vn 0.4012 -0.9156 -0.0282
vn 0.1148 -0.9930 -0.0261
vn 0.1111 -0.9934 -0.0271
vn 0.9960 -0.0854 -0.0275
vn 0.9441 0.3284 -0.0268
vn 0.8134 0.5811 -0.0261
vn 0.6426 0.7658 -0.0260
vn 0.4470 0.8941 -0.0264
vn 0.2587 0.9656 -0.0256
vn 0.2758 0.9609 -0.0246
vn 0.7393 0.6730 -0.0248
vn 0.9963 0.0815 -0.0254
vn 0.6994 -0.7143 -0.0253
vn 0.3714 -0.9282 -0.0249
vn 0.1463 -0.9889 -0.0251
vn -0.0669 -0.9974 -0.0253
vn -0.2901 -0.9566 -0.0255
vn -0.3494 -0.9366 -0.0258
vn -0.2634 -0.9643 -0.0260
vn -0.0412 -0.9988 -0.0267
vn 0.2566 -0.9662 -0.0265
vn 0.4258 -0.9044 -0.0260
vn 0.4595 -0.8878 -0.0251
vn 0.3987 -0.9167 -0.0247
vn 0.2403 -0.9704 -0.0247
vn 0.0546 -0.9982 -0.0252
vn -0.1097 -0.9937 -0.0249
vn -0.4082 -0.9126 -0.0248
vn -0.6697 -0.7422 -0.0251
vn -0.8206 -0.5709 -0.0251
vn -0.9578 -0.2862 -0.0250
vn -0.9894 -0.1431 -0.0253
vn -0.9969 -0.0744 -0.0253
vn -0.9995 -0.0198 -0.0254
vn -0.9960 0.0857 -0.0253
vn -0.9728 0.2301 -0.0252
vn -0.9351 0.3536 -0.0251
vn -0.8666 0.4984 -0.0252
vn -0.7572 0.6528 -0.0251
vn -0.5956 0.8029 -0.0249
vn -0.4252 0.9047 -0.0248
vn -0.3021 0.9529 -0.0249
vn -0.0970 0.9950 -0.0251
vn 0.1251 0.9918 -0.0252
vn 0.2966 0.9547 -0.0252
vn 0.3961 0.9176 -0.0339
vn 0.3752 0.1894 -0.9074
vn 0.4006 0.2289 -0.8872
vn 0.4868 0.0294 -0.8730
vn 0.2742 0.1340 -0.9523
vn 0.2742 0.2789 -0.9204
vn 0.2782 0.3783 -0.8829
vn 0.2388 0.1857 -0.9532
vn 0.2017 0.3365 -0.9198
vn 0.1919 0.4025 -0.8951
vn 0.1570 0.1965 -0.9678
vn 0.1123 0.3806 -0.9179
vn 0.0957 0.4377 -0.8940
vn 0.0686 0.2575 -0.9638
vn 0.0082 0.4134 -0.9105
vn -0.0000 0.4485 -0.8938
vn -0.0416 0.3638 -0.9305
vn -0.0774 0.4290 -0.9000
vn -0.0756 0.4413 -0.8942
vn -0.1941 0.4167 -0.8881
vn -0.1495 0.4136 -0.8981
vn -0.1376 0.4231 -0.8956
vn -0.3338 0.2970 -0.8946
vn -0.2121 0.3704 -0.9043
vn -0.1866 0.3985 -0.8980
vn -0.4457 0.1429 -0.8837
vn -0.3495 0.2481 -0.9035
vn -0.2693 0.3422 -0.9002
vn -0.4553 0.1101 -0.8835
vn 0.4674 0.8816 0.0653
vn 0.4821 0.8734 0.0689
vn -0.2326 0.9717 -0.0401
vn -0.2040 0.9787 -0.0247
vn 0.0188 0.9997 -0.0167
vn 0.2138 0.9762 -0.0351
vn 0.3484 0.9355 -0.0582
vn 0.3900 0.9195 -0.0490
vn 0.0008 -0.0002 -1.0000
vn 0.0005 -0.0011 -1.0000
vn -0.0000 -0.0010 -1.0000
vn 0.0001 -0.0011 -1.0000
vn 0.0008 -0.0010 -1.0000
vn 0.0010 -0.0007 -1.0000
vn 0.0010 -0.0002 -1.0000
vn -0.0000 0.0018 -1.0000
vn 0.0004 0.0018 -1.0000
vn 0.0007 0.0012 -1.0000
vn 0.0010 0.0007 -1.0000
vn 0.7119 0.4775 -0.5149
vn 0.8337 -0.2235 -0.5049
vn 0.4187 0.2838 -0.8626
vn 0.4989 -0.1270 -0.8573
vn 0.3311 -0.7894 -0.5170
vn 0.1965 -0.4651 -0.8632
vn 0.4173 0.7502 -0.5128
vn 0.2414 0.4340 -0.8680
vn 0.0089 -0.8573 -0.5148
vn 0.0048 -0.4873 -0.8732
vn 0.1768 0.8406 -0.5119
vn 0.1016 0.4850 -0.8686
vn 0.5321 -0.6546 -0.5370
vn 0.6993 -0.4654 -0.5426
vn 0.2875 -0.3536 -0.8901
vn 0.3734 -0.2474 -0.8941
vn 0.8323 -0.1342 -0.5378
vn 0.4277 -0.0690 -0.9013
vn 0.3056 -0.7868 -0.5363
vn 0.1654 -0.4253 -0.8898
vn 0.8018 0.3356 -0.4945
vn 0.3817 0.2003 -0.9023
vn 0.0006 0.0004 -1.0000
vn 0.0192 -0.8547 -0.5188
vn 0.0943 -0.8412 -0.5324
vn 0.0001 -0.0023 -1.0000
vn 0.0111 -0.4829 -0.8756
vn 0.0520 -0.4591 -0.8869
vn 0.0001 -0.0008 -1.0000
vn -0.0041 0.9569 -0.2904
vn 0.3758 0.8301 -0.4119
vn 0.4256 0.2618 -0.8662
vn 0.2118 0.4140 -0.8853
vn 0.0060 0.0042 -1.0000
vn 0.0014 0.0020 -1.0000
vn 0.0050 0.8584 -0.5130
vn 0.0032 0.4925 -0.8703
vn 0.0971 -0.8420 -0.5307
vn 0.0543 -0.4600 -0.8863
vn 0.7456 -0.3999 -0.5331
vn 0.8301 -0.0714 -0.5531
vn 0.0004 -0.0002 -1.0000
vn 0.4056 -0.2166 -0.8880
vn 0.4322 -0.0358 -0.9010
vn 0.0004 -0.0000 -1.0000
vn 0.7939 0.2760 -0.5418
vn 0.4238 0.1474 -0.8937
vn 0.0003 0.0002 -1.0000
vn 0.6425 -0.5474 -0.5363
vn 0.3471 -0.2962 -0.8898
vn 0.0002 -0.0003 -1.0000
vn 0.3364 -0.7664 -0.5472
vn 0.1785 -0.4046 -0.8969
vn 0.0003 -0.0001 -1.0000
vn 0.6881 0.4914 -0.5338
vn 0.3737 0.2672 -0.8882
vn 0.0008 0.0006 -1.0000
vn 0.5442 0.6483 -0.5325
vn 0.2965 0.3534 -0.8872
vn 0.0007 0.0009 -1.0000
vn 0.3780 0.7557 -0.5348
vn 0.2050 0.4101 -0.8887
vn 0.0006 0.0012 -1.0000
vn 0.2200 0.8203 -0.5280
vn 0.1213 0.4520 -0.8837
vn 0.0003 0.0013 -1.0000
vn 0.2359 0.8267 -0.5108
vn 0.1355 0.4788 -0.8674
vn 0.0003 0.0010 -1.0000
vn 0.6367 0.5803 -0.5078
vn 0.3776 0.3432 -0.8600
vn 0.0006 0.0006 -1.0000
vn 0.8574 0.0712 -0.5096
vn 0.5098 0.0408 -0.8593
vn 0.0010 0.0002 -1.0000
vn 0.5997 -0.6171 -0.5095
vn 0.3523 -0.3695 -0.8599
vn 0.0010 -0.0011 -1.0000
vn 0.3188 -0.7978 -0.5117
vn 0.1831 -0.4602 -0.8687
vn 0.0006 -0.0015 -1.0000
vn 0.1257 -0.8495 -0.5125
vn 0.0721 -0.4889 -0.8694
vn 0.0002 -0.0015 -1.0000
vn -0.0575 -0.8563 -0.5132
vn -0.0330 -0.4912 -0.8704
vn -0.0001 -0.0013 -1.0000
vn -0.2492 -0.8211 -0.5135
vn -0.1431 -0.4707 -0.8706
vn -0.0005 -0.0016 -1.0000
vn -0.2984 -0.8001 -0.5205
vn -0.1676 -0.4494 -0.8775
vn -0.0007 -0.0020 -1.0000
vn -0.2238 -0.8193 -0.5279
vn -0.1229 -0.4515 -0.8838
vn -0.0002 -0.0008 -1.0000
vn -0.0346 -0.8421 -0.5382
vn -0.0183 -0.4532 -0.8912
vn -0.0000 -0.0008 -1.0000
vn 0.2172 -0.8188 -0.5314
vn 0.1190 -0.4480 -0.8861
vn 0.0002 -0.0008 -1.0000
vn 0.3619 -0.7689 -0.5272
vn 0.2002 -0.4252 -0.8827
vn 0.0005 -0.0010 -1.0000
vn 0.3930 -0.7593 -0.5188
vn 0.2218 -0.4285 -0.8759
vn 0.0008 -0.0017 -1.0000
vn 0.3415 -0.7850 -0.5168
vn 0.1934 -0.4448 -0.8745
vn 0.0009 -0.0020 -1.0000
vn 0.2064 -0.8337 -0.5122
vn 0.1186 -0.4800 -0.8692
vn 0.0003 -0.0012 -1.0000
vn 0.0468 -0.8554 -0.5159
vn 0.0264 -0.4861 -0.8735
vn -0.0000 -0.0007 -1.0000
vn -0.0939 -0.8531 -0.5132
vn -0.0542 -0.4896 -0.8702
vn -0.0001 -0.0009 -1.0000
vn -0.3506 -0.7848 -0.5110
vn -0.2049 -0.4563 -0.8659
vn -0.0003 -0.0008 -1.0000
vn -0.5740 -0.6361 -0.5156
vn -0.3269 -0.3618 -0.8731
vn -0.0004 -0.0005 -1.0000
vn -0.7050 -0.4911 -0.5117
vn -0.4090 -0.2835 -0.8674
vn -0.0007 -0.0005 -1.0000
vn -0.8232 -0.2461 -0.5116
vn -0.4747 -0.1409 -0.8688
vn -0.0008 -0.0002 -1.0000
vn -0.8470 -0.1226 -0.5173
vn -0.4791 -0.0690 -0.8750
vn -0.0007 -0.0001 -1.0000
vn -0.8544 -0.0639 -0.5156
vn -0.4858 -0.0360 -0.8733
vn -0.0010 -0.0001 -1.0000
vn -0.8554 -0.0171 -0.5178
vn -0.4838 -0.0094 -0.8751
vn -0.0011 -0.0000 -1.0000
vn -0.8540 0.0732 -0.5151
vn -0.4871 0.0423 -0.8723
vn -0.0009 0.0001 -1.0000
vn -0.8338 0.1972 -0.5157
vn -0.4742 0.1124 -0.8732
vn -0.0008 0.0002 -1.0000
vn -0.8022 0.3033 -0.5143
vn -0.4585 0.1736 -0.8716
vn -0.0008 0.0003 -1.0000
vn -0.7428 0.4272 -0.5156
vn -0.4226 0.2434 -0.8730
vn -0.0006 0.0004 -1.0000
vn -0.6507 0.5607 -0.5121
vn -0.3747 0.3237 -0.8688
vn -0.0007 0.0006 -1.0000
vn -0.5113 0.6891 -0.5134
vn -0.2925 0.3948 -0.8710
vn -0.0009 0.0013 -1.0000
vn -0.3650 0.7767 -0.5134
vn -0.2088 0.4449 -0.8709
vn -0.0007 0.0014 -1.0000
vn -0.2589 0.8164 -0.5162
vn -0.1468 0.4637 -0.8738
vn -0.0004 0.0013 -1.0000
vn -0.0834 0.8548 -0.5122
vn -0.0478 0.4929 -0.8688
vn -0.0001 0.0016 -1.0000
vn 0.1074 0.8511 -0.5139
vn 0.0617 0.4876 -0.8709
vn 0.0002 0.0017 -1.0000
vn 0.2544 0.8188 -0.5146
vn 0.1454 0.4677 -0.8719
vn 0.0005 0.0016 -1.0000
vn 0.3375 0.7764 -0.5322
vn 0.1908 0.4365 -0.8792
vn 0.0006 0.0013 -1.0000
vn 0.3843 0.7705 -0.5085
vn 0.2258 0.4415 -0.8684
vn 0.2885 0.0277 -0.9571
vn 0.1326 0.0130 -0.9911
vn 0.0002 -0.0000 -1.0000
vn 0.2859 0.1837 -0.9405
vn 0.1389 0.0893 -0.9863
vn -0.2966 0.0326 -0.9544
vn -0.1371 0.0146 -0.9904
vn 0.5323 0.7847 -0.3177
vn 0.5035 0.5285 -0.6835
vn 0.2107 0.2403 -0.9476
vn 0.1031 0.1173 -0.9877
vn 0.0005 0.0005 -1.0000
vn 0.4851 0.7755 -0.4040
vn 0.3829 0.5211 -0.7628
vn 0.1164 0.2679 -0.9564
vn 0.0565 0.1308 -0.9898
vn 0.0008 0.0020 -1.0000
vn 0.3877 0.8188 -0.4234
vn 0.2979 0.5497 -0.7804
vn 0.0581 0.2904 -0.9552
vn 0.0283 0.1430 -0.9893
vn 0.0004 0.0019 -1.0000
vn 0.3134 0.8565 -0.4101
vn 0.2125 0.6134 -0.7607
vn -0.0000 0.3022 -0.9532
vn -0.0000 0.1508 -0.9886
vn -0.0000 0.0015 -1.0000
vn 0.1670 0.9062 -0.3884
vn 0.0674 0.7048 -0.7062
vn -0.0385 0.2936 -0.9551
vn -0.0188 0.1458 -0.9891
vn -0.0001 0.0008 -1.0000
vn -0.0525 0.9256 -0.3748
vn -0.1340 0.7763 -0.6159
vn -0.0723 0.2678 -0.9608
vn -0.0353 0.1325 -0.9906
vn -0.0002 0.0006 -1.0000
vn -0.2631 0.9132 -0.3111
vn -0.3189 0.8095 -0.4930
vn -0.0844 0.2356 -0.9682
vn -0.0408 0.1170 -0.9923
vn -0.0001 0.0003 -1.0000
vn -0.3748 0.8425 -0.3871
vn -0.4501 0.6436 -0.6190
vn -0.0991 0.1796 -0.9787
vn -0.0463 0.0848 -0.9953
vn -0.3898 0.7949 -0.4649
vn -0.4635 0.4968 -0.7337
vn 0.3958 0.1331 -0.9086
vn 0.6276 0.4343 -0.6462
vn 0.6581 -0.0617 -0.7504
vn -0.2605 0.3488 -0.9003
vn -0.1373 0.1027 -0.9852
vn -0.3216 0.0181 -0.9467
vn 0.0056 -0.0010 -1.0000
vn 0.0010 -0.0022 -1.0000
vn 0.0118 -0.3776 0.9259
vn 0.0002 -0.0069 1.0000
vn 0.0217 -0.6962 0.7176
vn 0.0287 -0.9185 0.3943
vn 0.0312 -0.9992 0.0231
vn 0.9941 -0.0236 0.1054
vn 0.4121 -0.6944 -0.5899
vn 0.8472 -0.1991 -0.4926
vn 0.1801 -0.3651 -0.9134
vn 0.4629 -0.1072 -0.8799
vn 0.9102 -0.0000 -0.4142
vn -0.0067 0.4716 -0.8818
vn -0.0150 0.9950 -0.0992
vn -0.0152 0.9930 -0.1167
vn -0.0035 0.2126 -0.9771
vn -0.2135 0.2135 -0.9533
vn -0.7043 0.7041 -0.0904
vn -0.3988 0.0264 -0.9167
vn -0.9926 0.0700 -0.0993
vn -0.2203 0.0167 -0.9753
vn -0.9903 0.0709 -0.1193
vn -0.1149 0.1149 -0.9867
vn -0.6996 0.6998 -0.1442
vn -0.0184 0.1944 -0.9807
vn -0.0897 0.9886 -0.1208
vn 0.0184 0.1944 -0.9807
vn 0.0896 0.9886 -0.1208
vn 0.1149 0.1150 -0.9867
vn 0.6997 0.6997 -0.1442
vn 0.2085 0.0127 -0.9779
vn 0.9912 0.0572 -0.1192
vn 0.3019 -0.0000 -0.9533
vn 0.9941 -0.0000 -0.1083
vn 0.2095 -0.0053 -0.9778
vn 0.9928 -0.0234 -0.1176
vn 0.1149 -0.1149 -0.9867
vn 0.6997 -0.6998 -0.1442
vn 0.0153 -0.2085 -0.9779
vn 0.0688 -0.9905 -0.1193
vn -0.0000 -0.3045 -0.9525
vn -0.0000 -0.9942 -0.1078
vn -0.2052 0.0056 -0.9787
vn -0.9927 0.0255 -0.1179
vn -0.9927 -0.0257 -0.1178
vn -0.2052 -0.0056 -0.9787
vn -0.0033 -0.2101 -0.9777
vn -0.0144 -0.9930 -0.1168
vn -0.1149 -0.1150 -0.9867
vn -0.6997 -0.6997 -0.1442
vt 0.524201 0.489525
vt 0.526007 0.489557
vt 0.509541 0.606196
vt 0.507772 0.605985
vt 0.527752 0.490042
vt 0.511301 0.606488
vt 0.529441 0.490699
vt 0.513053 0.606834
vt 0.531150 0.491280
vt 0.514811 0.607179
vt 0.532913 0.491652
vt 0.516584 0.607466
vt 0.534706 0.491813
vt 0.518371 0.607670
vt 0.536503 0.491776
vt 0.520158 0.607816
vt 0.522405 0.489646
vt 0.505994 0.605829
vt 0.526183 0.487712
vt 0.524017 0.487528
vt 0.524575 0.485429
vt 0.526347 0.485659
vt 0.528295 0.487883
vt 0.528152 0.485537
vt 0.530076 0.487998
vt 0.529944 0.485176
vt 0.531716 0.488136
vt 0.531736 0.484831
vt 0.533451 0.488323
vt 0.533544 0.484704
vt 0.535190 0.488369
vt 0.535333 0.484857
vt 0.536840 0.488456
vt 0.537084 0.485160
vt 0.522155 0.487315
vt 0.522861 0.484979
vt 0.525919 0.456984
vt 0.527689 0.457078
vt 0.529450 0.457158
vt 0.531219 0.457225
vt 0.533005 0.457287
vt 0.534809 0.457355
vt 0.536620 0.457433
vt 0.538425 0.457521
vt 0.524127 0.456885
vt 0.502715 0.653659
vt 0.500858 0.653313
vt 0.504596 0.654068
vt 0.506466 0.654522
vt 0.508335 0.654929
vt 0.510219 0.655191
vt 0.512096 0.655240
vt 0.513931 0.655018
vt 0.499109 0.652915
vt 0.551454 0.079957
vt 0.499750 0.660967
vt 0.502501 0.661522
vt 0.496731 0.696529
vt 0.494127 0.696228
vt 0.505247 0.662027
vt 0.499315 0.696920
vt 0.508009 0.662479
vt 0.501881 0.697402
vt 0.510808 0.662866
vt 0.504431 0.697976
vt 0.513660 0.663183
vt 0.506964 0.698647
vt 0.516566 0.663449
vt 0.509482 0.699416
vt 0.494151 0.659665
vt 0.496972 0.660354
vt 0.491501 0.696017
vt 0.488850 0.695898
vt 0.504383 0.654677
vt 0.502421 0.654259
vt 0.496142 0.703976
vt 0.494200 0.703832
vt 0.506333 0.655119
vt 0.498092 0.704236
vt 0.508293 0.655518
vt 0.500022 0.704601
vt 0.510285 0.655792
vt 0.501901 0.705074
vt 0.512337 0.655867
vt 0.503692 0.705671
vt 0.514541 0.655560
vt 0.505344 0.706422
vt 0.500440 0.653836
vt 0.498454 0.653148
vt 0.492293 0.703829
vt 0.490455 0.704012
vt 0.319994 0.645326
vt 0.321014 0.649501
vt 0.318778 0.649782
vt 0.317919 0.646477
vt 0.320884 0.654570
vt 0.318666 0.654242
vt 0.319645 0.658665
vt 0.317613 0.657502
vt 0.316545 0.661796
vt 0.315380 0.659754
vt 0.312349 0.663114
vt 0.312051 0.660814
vt 0.243730 0.661583
vt 0.244152 0.659290
vt 0.239675 0.660271
vt 0.240921 0.658174
vt 0.236702 0.657025
vt 0.238781 0.655858
vt 0.235649 0.652711
vt 0.237908 0.652459
vt 0.235807 0.647496
vt 0.238033 0.647893
vt 0.237084 0.643298
vt 0.239105 0.644579
vt 0.240215 0.640231
vt 0.241347 0.642369
vt 0.244344 0.639130
vt 0.244645 0.641434
vt 0.312989 0.640851
vt 0.312561 0.643116
vt 0.317074 0.642202
vt 0.315798 0.644230
vt 0.131777 0.784056
vt 0.131562 0.771582
vt 0.135349 0.771517
vt 0.135563 0.783991
vt 0.131159 0.748062
vt 0.134946 0.747997
vt 0.130745 0.723959
vt 0.134532 0.723895
vt 0.130293 0.697508
vt 0.134079 0.697444
vt 0.129773 0.667202
vt 0.133559 0.667137
vt 0.129331 0.641391
vt 0.133117 0.641326
vt 0.128860 0.613908
vt 0.132646 0.613843
vt 0.128645 0.601398
vt 0.132431 0.601333
vt 0.128229 0.577176
vt 0.132016 0.577111
vt 0.127913 0.558662
vt 0.131699 0.558598
vt 0.127597 0.540260
vt 0.131384 0.540195
vt 0.127300 0.522945
vt 0.131087 0.522880
vt 0.127019 0.506559
vt 0.130806 0.506494
vt 0.126767 0.491824
vt 0.130554 0.491760
vt 0.624273 0.028300
vt 0.624273 0.060309
vt 0.617295 0.060309
vt 0.617295 0.028300
vt 0.638083 0.115942
vt 0.556653 0.159416
vt 0.554869 0.156075
vt 0.636299 0.112601
vt 0.605608 0.060711
vt 0.605608 0.027898
vt 0.612586 0.027898
vt 0.612586 0.060711
vt 0.669482 0.106369
vt 0.653254 0.115033
vt 0.651378 0.111518
vt 0.667606 0.102854
vt 0.638961 0.122664
vt 0.637085 0.119149
vt 0.623626 0.130851
vt 0.621750 0.127336
vt 0.608440 0.138959
vt 0.606564 0.135444
vt 0.594541 0.146379
vt 0.592665 0.142864
vt 0.583423 0.152315
vt 0.581546 0.148801
vt 0.574054 0.157317
vt 0.572178 0.153803
vt 0.567980 0.160560
vt 0.566103 0.157045
vt 0.559641 0.165012
vt 0.557764 0.161498
vt 0.110472 0.426132
vt 0.110472 0.429809
vt 0.106549 0.429809
vt 0.106549 0.426132
vt 0.110472 0.437851
vt 0.106549 0.437851
vt 0.110472 0.444400
vt 0.106549 0.444400
vt 0.110472 0.463012
vt 0.106549 0.463012
vt 0.110472 0.475880
vt 0.106549 0.475880
vt 0.110472 0.488747
vt 0.106549 0.488747
vt 0.110472 0.529074
vt 0.106549 0.529074
vt 0.110472 0.569400
vt 0.106549 0.569400
vt 0.110472 0.587783
vt 0.106549 0.587783
vt 0.110472 0.605246
vt 0.106549 0.605246
vt 0.110472 0.629028
vt 0.106549 0.629028
vt 0.110472 0.644998
vt 0.106549 0.644998
vt 0.110472 0.674984
vt 0.106549 0.674984
vt 0.110472 0.701179
vt 0.106549 0.701179
vt 0.110472 0.721745
vt 0.106549 0.721745
vt 0.110472 0.738404
vt 0.106549 0.738404
vt 0.110472 0.756671
vt 0.106549 0.756671
vt 0.110472 0.769079
vt 0.106549 0.769079
vt 0.110472 0.772870
vt 0.106549 0.772870
vt 0.761425 0.036699
vt 0.755317 0.036699
vt 0.755317 0.029252
vt 0.761425 0.029252
vt 0.731755 0.036699
vt 0.731755 0.029252
vt 0.695103 0.036699
vt 0.695103 0.029252
vt 0.666304 0.036699
vt 0.666304 0.029252
vt 0.636197 0.036699
vt 0.636197 0.029252
vt 0.630584 0.041222
vt 0.662067 0.041222
vt 0.662067 0.048387
vt 0.630584 0.048387
vt 0.704551 0.041222
vt 0.704551 0.048387
vt 0.739071 0.041222
vt 0.739071 0.048387
vt 0.767039 0.041222
vt 0.767039 0.048387
vt 0.551454 0.097245
vt 0.551454 0.062669
vt 0.558432 0.062669
vt 0.558432 0.097245
vt 0.551882 0.150480
vt 0.612476 0.118129
vt 0.614259 0.121470
vt 0.553666 0.153821
vt 0.548895 0.144884
vt 0.598775 0.118254
vt 0.600559 0.121594
vt 0.550678 0.148225
vt 0.132124 0.804348
vt 0.131946 0.793968
vt 0.135732 0.793903
vt 0.135911 0.804283
vt 0.321524 0.570827
vt 0.322534 0.574948
vt 0.320340 0.575195
vt 0.319489 0.571931
vt 0.322410 0.579962
vt 0.320237 0.579591
vt 0.321193 0.584023
vt 0.319208 0.582793
vt 0.318164 0.586957
vt 0.317029 0.584926
vt 0.314087 0.588101
vt 0.313785 0.585865
vt 0.246553 0.586377
vt 0.246968 0.584144
vt 0.242549 0.585056
vt 0.243788 0.583035
vt 0.239648 0.581908
vt 0.241690 0.580782
vt 0.238630 0.577745
vt 0.240834 0.577489
vt 0.238749 0.572678
vt 0.240935 0.573052
vt 0.239988 0.568570
vt 0.241973 0.569820
vt 0.243031 0.565626
vt 0.244162 0.567677
vt 0.247109 0.564490
vt 0.247410 0.566740
vt 0.314635 0.566347
vt 0.314220 0.568567
vt 0.318646 0.567700
vt 0.317400 0.569690
vt 0.322327 0.496490
vt 0.324021 0.500442
vt 0.321840 0.501028
vt 0.320430 0.497882
vt 0.324733 0.505481
vt 0.322479 0.505459
vt 0.324201 0.509754
vt 0.321989 0.508846
vt 0.321661 0.513218
vt 0.320162 0.511354
vt 0.317742 0.515038
vt 0.317050 0.512829
vt 0.249428 0.524346
vt 0.249468 0.522029
vt 0.245141 0.523653
vt 0.246067 0.521435
vt 0.241721 0.521015
vt 0.243583 0.519538
vt 0.239994 0.517015
vt 0.242168 0.516381
vt 0.239264 0.511919
vt 0.241522 0.511911
vt 0.239806 0.507596
vt 0.242016 0.508487
vt 0.242349 0.504068
vt 0.243848 0.505934
vt 0.246277 0.502187
vt 0.246963 0.504411
vt 0.314521 0.492953
vt 0.314490 0.495270
vt 0.318834 0.493703
vt 0.317914 0.495918
vt 0.316996 0.650033
vt 0.316352 0.647396
vt 0.316874 0.653967
vt 0.316105 0.656598
vt 0.314458 0.658202
vt 0.311840 0.658971
vt 0.244463 0.657445
vt 0.241884 0.656625
vt 0.240350 0.654926
vt 0.239701 0.652229
vt 0.239828 0.648221
vt 0.240604 0.645559
vt 0.242253 0.643980
vt 0.244859 0.643286
vt 0.312247 0.644940
vt 0.314825 0.645742
vt 0.318591 0.575415
vt 0.317952 0.572816
vt 0.318481 0.579281
vt 0.317734 0.581855
vt 0.316126 0.583383
vt 0.313568 0.584070
vt 0.247272 0.582346
vt 0.244737 0.581536
vt 0.243230 0.579882
vt 0.242588 0.577263
vt 0.242698 0.573365
vt 0.243449 0.570771
vt 0.245062 0.569234
vt 0.247625 0.568546
vt 0.313916 0.570353
vt 0.316449 0.571170
vt 0.320106 0.501518
vt 0.319016 0.498999
vt 0.320655 0.505430
vt 0.320342 0.508142
vt 0.318984 0.509945
vt 0.316522 0.511052
vt 0.249470 0.520169
vt 0.246777 0.519778
vt 0.244981 0.518374
vt 0.243894 0.515852
vt 0.243346 0.511916
vt 0.243663 0.509177
vt 0.245023 0.507344
vt 0.247486 0.506199
vt 0.314496 0.497130
vt 0.317205 0.497563
vt 0.312540 0.670475
vt 0.243694 0.669001
vt 0.237054 0.473200
vt 0.329819 0.476004
vt 0.210984 0.600637
vt 0.203400 0.575651
vt 0.402986 0.590249
vt 0.402853 0.613451
vt 0.434398 0.516829
vt 0.414691 0.555573
vt 0.190892 0.537388
vt 0.187224 0.513261
vt 0.222761 0.656521
vt 0.220084 0.629613
vt 0.414077 0.658466
vt 0.423634 0.684096
vt 0.428692 0.704163
vt 0.428431 0.720266
vt 0.424352 0.737799
vt 0.418779 0.749622
vt 0.413678 0.753133
vt 0.412329 0.749984
vt 0.411136 0.737959
vt 0.405262 0.719137
vt 0.397160 0.704261
vt 0.384194 0.688632
vt 0.367778 0.680688
vt 0.345377 0.678304
vt 0.327023 0.681749
vt 0.311994 0.689030
vt 0.405174 0.629075
vt 0.407631 0.573322
vt 0.330191 0.458239
vt 0.347670 0.458657
vt 0.363070 0.458569
vt 0.379684 0.454182
vt 0.396151 0.449148
vt 0.411304 0.440762
vt 0.423505 0.430508
vt 0.433801 0.421310
vt 0.440423 0.417795
vt 0.449417 0.417551
vt 0.454777 0.421222
vt 0.460267 0.429118
vt 0.460352 0.435451
vt 0.459963 0.453447
vt 0.457695 0.465853
vt 0.452652 0.478208
vt 0.189503 0.494762
vt 0.195312 0.477201
vt 0.207893 0.465209
vt 0.222883 0.458478
vt 0.237376 0.455816
vt 0.194389 0.549487
vt 0.242086 0.725412
vt 0.237079 0.716336
vt 0.229164 0.710369
vt 0.218251 0.704299
vt 0.220272 0.680859
vt 0.316090 0.653852
vt 0.316199 0.650132
vt 0.315408 0.656184
vt 0.314065 0.657499
vt 0.311742 0.658154
vt 0.244605 0.656630
vt 0.242324 0.655911
vt 0.241058 0.654526
vt 0.240502 0.652139
vt 0.240613 0.648358
vt 0.241298 0.646005
vt 0.242640 0.644706
vt 0.244958 0.644105
vt 0.312103 0.645746
vt 0.314381 0.646441
vt 0.315644 0.647791
vt 0.317700 0.579150
vt 0.317796 0.575503
vt 0.317040 0.581420
vt 0.315734 0.582674
vt 0.313466 0.583261
vt 0.247414 0.581538
vt 0.245177 0.580832
vt 0.243936 0.579489
vt 0.243385 0.577173
vt 0.243481 0.573498
vt 0.244144 0.571210
vt 0.245454 0.569948
vt 0.247726 0.569359
vt 0.313775 0.571156
vt 0.316008 0.571865
vt 0.317247 0.573202
vt 0.319862 0.505423
vt 0.319332 0.501726
vt 0.319584 0.507825
vt 0.318477 0.509307
vt 0.316284 0.510268
vt 0.249476 0.519350
vt 0.247097 0.519016
vt 0.245613 0.517871
vt 0.244664 0.515629
vt 0.244140 0.511912
vt 0.244420 0.509489
vt 0.245529 0.507982
vt 0.247720 0.506988
vt 0.314494 0.497948
vt 0.316885 0.498319
vt 0.318378 0.499484
vt 0.634702 0.066857
vt 0.634702 0.057404
vt 0.636615 0.057404
vt 0.636616 0.066857
vt 0.643259 0.057404
vt 0.643259 0.066857
vt 0.641345 0.066857
vt 0.641345 0.057404
vt 0.597539 0.095062
vt 0.606992 0.094996
vt 0.606991 0.107333
vt 0.597539 0.107426
vt 0.544109 0.508168
vt 0.545141 0.508283
vt 0.544401 0.514937
vt 0.543369 0.514823
vt 0.592430 0.115641
vt 0.586510 0.118801
vt 0.586021 0.117885
vt 0.591941 0.114724
vt 0.551832 0.136139
vt 0.552321 0.137055
vt 0.546401 0.140215
vt 0.545913 0.139299
vt 0.618679 0.095089
vt 0.618679 0.107426
vt 0.609226 0.107360
vt 0.609226 0.094996
vt 0.550157 0.463179
vt 0.549417 0.469833
vt 0.548385 0.469719
vt 0.549125 0.463064
vt 0.558407 0.132628
vt 0.558897 0.133544
vt 0.553633 0.136354
vt 0.553144 0.135438
vt 0.574828 0.074441
vt 0.584281 0.074507
vt 0.584281 0.085473
vt 0.574828 0.085433
vt 0.548220 0.471197
vt 0.549253 0.471312
vt 0.548595 0.477228
vt 0.547562 0.477113
vt 0.564983 0.129117
vt 0.565472 0.130034
vt 0.560209 0.132844
vt 0.559720 0.131927
vt 0.598203 0.074454
vt 0.607656 0.074494
vt 0.607656 0.085460
vt 0.598203 0.085447
vt 0.547398 0.478592
vt 0.548430 0.478706
vt 0.547772 0.484622
vt 0.546740 0.484507
vt 0.571558 0.125607
vt 0.572047 0.126523
vt 0.566785 0.129333
vt 0.566295 0.128417
vt 0.609890 0.074461
vt 0.619343 0.074474
vt 0.619342 0.085440
vt 0.609890 0.085453
vt 0.546576 0.485986
vt 0.547608 0.486100
vt 0.546950 0.492016
vt 0.545918 0.491901
vt 0.578134 0.122096
vt 0.578623 0.123013
vt 0.573360 0.125822
vt 0.572871 0.124906
vt 0.586516 0.074467
vt 0.595969 0.074454
vt 0.595968 0.085420
vt 0.586516 0.085460
vt 0.545753 0.493380
vt 0.546786 0.493495
vt 0.546128 0.499410
vt 0.545095 0.499295
vt 0.584709 0.118585
vt 0.585198 0.119502
vt 0.579935 0.122312
vt 0.579447 0.121395
vt 0.563141 0.074480
vt 0.572594 0.074441
vt 0.572594 0.085407
vt 0.563141 0.085473
vt 0.544931 0.500774
vt 0.545963 0.500888
vt 0.545306 0.506804
vt 0.544273 0.506689
vt 0.629658 0.066857
vt 0.629658 0.057404
vt 0.593719 0.118055
vt 0.587800 0.121216
vt 0.586488 0.121916
vt 0.581224 0.124727
vt 0.579912 0.125427
vt 0.574649 0.128237
vt 0.573337 0.128938
vt 0.568074 0.131748
vt 0.566761 0.132448
vt 0.561498 0.135259
vt 0.560186 0.135959
vt 0.554922 0.138769
vt 0.553610 0.139470
vt 0.547691 0.142630
vt 0.648302 0.057404
vt 0.648302 0.066857
vt 0.552877 0.463481
vt 0.552137 0.470136
vt 0.551973 0.471615
vt 0.551315 0.477530
vt 0.551151 0.479009
vt 0.550493 0.484924
vt 0.550328 0.486403
vt 0.549670 0.492319
vt 0.549506 0.493797
vt 0.548848 0.499712
vt 0.548684 0.501191
vt 0.548026 0.507106
vt 0.547862 0.508585
vt 0.547121 0.515240
vt 0.688094 0.057404
vt 0.690008 0.057404
vt 0.690008 0.066857
vt 0.688094 0.066857
vt 0.658876 0.057404
vt 0.661617 0.057404
vt 0.661683 0.066857
vt 0.658942 0.066857
vt 0.693938 0.057404
vt 0.695851 0.057404
vt 0.695851 0.066857
vt 0.693938 0.066857
vt 0.711469 0.057404
vt 0.713382 0.057404
vt 0.713382 0.066857
vt 0.711469 0.066857
vt 0.664720 0.057404
vt 0.667461 0.057404
vt 0.667500 0.066857
vt 0.664759 0.066857
vt 0.717312 0.057404
vt 0.719226 0.057404
vt 0.719225 0.066857
vt 0.717312 0.066857
vt 0.740687 0.057404
vt 0.742600 0.057404
vt 0.742600 0.066857
vt 0.740687 0.066857
vt 0.682251 0.057404
vt 0.684992 0.057404
vt 0.685005 0.066857
vt 0.682263 0.066857
vt 0.746531 0.057404
vt 0.748444 0.057404
vt 0.748443 0.066857
vt 0.746530 0.066857
vt 0.734843 0.057404
vt 0.736757 0.057404
vt 0.736757 0.066857
vt 0.734844 0.066857
vt 0.676420 0.057404
vt 0.679161 0.057404
vt 0.679148 0.066857
vt 0.676407 0.066857
vt 0.752374 0.057404
vt 0.754288 0.057404
vt 0.754287 0.066857
vt 0.752374 0.066857
vt 0.723156 0.057404
vt 0.725069 0.057404
vt 0.725069 0.066857
vt 0.723156 0.066857
vt 0.670603 0.057404
vt 0.673344 0.057404
vt 0.673304 0.066857
vt 0.670563 0.066857
vt 0.728999 0.057404
vt 0.730913 0.057404
vt 0.730913 0.066857
vt 0.728999 0.066857
vt 0.699782 0.057404
vt 0.701695 0.057404
vt 0.701695 0.066857
vt 0.699782 0.066857
vt 0.653098 0.057405
vt 0.655839 0.057405
vt 0.655773 0.066857
vt 0.653032 0.066857
vt 0.705625 0.057404
vt 0.707538 0.057404
vt 0.707538 0.066857
vt 0.705625 0.066857
vt 0.144374 0.586518
vt 0.148688 0.586277
vt 0.159066 0.600794
vt 0.157193 0.615091
vt 0.147798 0.618575
vt 0.146954 0.547890
vt 0.148371 0.546221
vt 0.176823 0.543739
vt 0.175407 0.545523
vt 0.168112 0.640999
vt 0.152828 0.626122
vt 0.181379 0.625424
vt 0.182759 0.626837
vt 0.458715 0.625645
vt 0.482067 0.628414
vt 0.465621 0.744792
vt 0.444876 0.742332
vt 0.501610 0.441312
vt 0.490381 0.558309
vt 0.467028 0.555540
vt 0.480865 0.438852
vt 0.178037 0.542182
vt 0.161906 0.529737
vt 0.153936 0.556698
vt 0.157388 0.570697
vt 0.144212 0.554281
vt 0.627967 0.815282
vt 0.628094 0.817242
vt 0.191015 0.806881
vt 0.191044 0.804919
vt 0.190982 0.809135
vt 0.628270 0.819499
vt 0.179774 0.623809
vt 0.151233 0.624620
vt 0.172177 0.564896
vt 0.174408 0.604915
vt 0.628730 0.832501
vt 0.190843 0.826673
vt 0.190466 0.880771
vt 0.190571 0.863201
vt 0.627685 0.869160
vt 0.626794 0.882078
vt 0.627997 0.850841
vt 0.190688 0.844939
vt 0.072693 0.797761
vt 0.079951 0.362940
vt 0.090788 0.363119
vt 0.086757 0.798050
vt 0.072366 0.817486
vt 0.086577 0.817778
vt 0.465985 0.562207
vt 0.478988 0.563749
vt 0.477730 0.574355
vt 0.464128 0.572742
vt 0.170593 0.585056
vt 0.160182 0.585637
vt 0.018001 0.215119
vt 0.017597 0.212024
vt 0.020073 0.180192
vt 0.026352 0.168472
vt 0.040006 0.162116
vt 0.049765 0.162495
vt 0.058793 0.170067
vt 0.064050 0.180182
vt 0.075861 0.225094
vt 0.089429 0.276690
vt 0.106041 0.339816
vt 0.104953 0.342643
vt 0.102691 0.344796
vt 0.090914 0.355700
vt 0.080105 0.355454
vt 0.051916 0.354865
vt 0.038212 0.354599
vt 0.038175 0.341156
vt 0.018375 0.313142
vt 0.017843 0.309213
vt 0.032086 0.244214
vt 0.032209 0.236867
vt 0.030154 0.229040
vt 0.019619 0.217788
vt 0.829804 0.878230
vt 0.824658 0.892021
vt 0.822134 0.889677
vt 0.826095 0.877793
vt 0.821487 0.858778
vt 0.827974 0.868544
vt 0.824580 0.869771
vt 0.819056 0.861406
vt 0.753353 0.891476
vt 0.745977 0.891381
vt 0.746277 0.887212
vt 0.753968 0.886991
vt 0.813715 0.899548
vt 0.782342 0.902658
vt 0.782851 0.899011
vt 0.812602 0.895975
vt 0.655913 0.811728
vt 0.716596 0.824293
vt 0.715912 0.828279
vt 0.656018 0.815471
vt 0.811724 0.852689
vt 0.810315 0.856279
vt 0.677886 0.899387
vt 0.647095 0.882818
vt 0.648791 0.879196
vt 0.679085 0.896041
vt 0.767685 0.839282
vt 0.766870 0.843253
vt 0.761451 0.893256
vt 0.762645 0.888927
vt 0.776103 0.900638
vt 0.777280 0.897218
vt 0.681683 0.900194
vt 0.682233 0.896449
vt 0.779166 0.901822
vt 0.780035 0.898595
vt 0.709950 0.838693
vt 0.652329 0.828123
vt 0.692410 0.869774
vt 0.648592 0.851713
vt 0.687633 0.878160
vt 0.648867 0.871648
vt 0.650439 0.813770
vt 0.653212 0.812490
vt 0.652651 0.815739
vt 0.650495 0.816464
vt 0.639766 0.851296
vt 0.643097 0.828736
vt 0.639558 0.869904
vt 0.639490 0.879110
vt 0.632637 0.882824
vt 0.643832 0.893643
vt 0.632276 0.888031
vt 0.632984 0.880882
vt 0.632613 0.869277
vt 0.631966 0.851148
vt 0.633605 0.832891
vt 0.634753 0.819800
vt 0.633868 0.816718
vt 0.648919 0.803519
vt 0.652488 0.802144
vt 0.656140 0.801133
vt 0.719721 0.813325
vt 0.771292 0.828598
vt 0.817271 0.843153
vt 0.829241 0.851913
vt 0.837749 0.865305
vt 0.839794 0.878895
vt 0.832950 0.898024
vt 0.818398 0.909167
vt 0.782147 0.913789
vt 0.778311 0.912809
vt 0.774624 0.911688
vt 0.759375 0.905055
vt 0.752327 0.903185
vt 0.746114 0.902714
vt 0.681099 0.911046
vt 0.676177 0.910036
vt 0.633789 0.813242
vt 0.038565 0.816790
vt 0.039135 0.797068
vt 0.051731 0.362355
vt 0.459969 0.607816
vt 0.473571 0.609429
vt 0.472262 0.620461
vt 0.459267 0.618919
vt 0.023403 0.816476
vt 0.024037 0.796757
vt 0.038021 0.362018
vt 0.459040 0.622288
vt 0.471866 0.623809
vt 0.466557 0.558879
vt 0.479384 0.560401
vt 0.035339 0.927844
vt 0.035217 0.932228
vt 0.035083 0.937134
vt 0.035036 0.938665
vt 0.023912 0.938436
vt 0.020824 0.937073
vt 0.019623 0.933921
vt 0.081043 0.939614
vt 0.070348 0.939393
vt 0.070369 0.937861
vt 0.070456 0.932959
vt 0.070531 0.928569
vt 0.085515 0.935279
vt 0.084186 0.938378
vt 0.521243 0.050880
vt 0.521109 0.037184
vt 0.551193 0.036889
vt 0.551327 0.050586
vt 0.560035 0.036803
vt 0.560169 0.050499
vt 0.555267 0.050548
vt 0.555133 0.036851
vt 0.512397 0.050967
vt 0.512263 0.037271
vt 0.517171 0.037222
vt 0.517305 0.050918
vt 0.595326 0.036457
vt 0.595460 0.050154
vt 0.067932 0.930336
vt 0.037852 0.929716
vt 0.553163 0.036870
vt 0.553297 0.050566
vt 0.519140 0.037203
vt 0.519274 0.050899
vt 0.069736 0.931126
vt 0.036016 0.930429
vt 0.626373 0.886283
vt 0.190474 0.884986
vt 0.119290 0.200014
vt 0.140746 0.266901
vt 0.155755 0.264691
vt 0.140066 0.197784
vt 0.172742 0.265554
vt 0.158883 0.200939
vt 0.055322 0.249340
vt 0.090700 0.297470
vt 0.101880 0.285563
vt 0.064876 0.232486
vt 0.114044 0.277328
vt 0.080047 0.217956
vt 0.126931 0.271127
vt 0.098742 0.206936
vt 0.156215 0.270094
vt 0.161107 0.295371
vt 0.173394 0.294587
vt 0.168611 0.270636
vt 0.096339 0.298122
vt 0.107410 0.317153
vt 0.117162 0.311117
vt 0.105533 0.289073
vt 0.117049 0.281844
vt 0.127058 0.304547
vt 0.137891 0.299677
vt 0.129381 0.276025
vt 0.149360 0.296604
vt 0.142509 0.272046
vt 0.149895 0.299975
vt 0.151988 0.308843
vt 0.162830 0.307878
vt 0.161757 0.298929
vt 0.175873 0.309925
vt 0.176503 0.298825
vt 0.107085 0.321877
vt 0.112398 0.331273
vt 0.123251 0.321737
vt 0.118334 0.314509
vt 0.132706 0.315764
vt 0.128302 0.307784
vt 0.142138 0.311576
vt 0.138795 0.303007
vt 0.152476 0.316711
vt 0.161202 0.315468
vt 0.168802 0.317013
vt 0.122706 0.333867
vt 0.128351 0.327933
vt 0.135812 0.323080
vt 0.143950 0.319334
vt -0.352045 0.046683
vt 0.150161 0.279843
vt 0.156338 0.282033
vt 0.154375 0.287366
vt 0.148373 0.285320
vt 0.114015 0.293791
vt 0.119938 0.293532
vt 0.119381 0.299574
vt 0.113690 0.299991
vt 0.112294 0.119131
vt 0.072712 0.087777
vt 0.062939 0.098009
vt 0.102521 0.129362
vt 0.053166 0.108240
vt 0.092748 0.139594
vt 0.043392 0.118472
vt 0.082975 0.149826
vt 0.033619 0.128703
vt 0.073201 0.160057
vt 0.257221 0.283073
vt 0.225038 0.279984
vt 0.222598 0.305403
vt 0.254781 0.308492
vt 0.220159 0.330822
vt 0.252341 0.333910
vt 0.217720 0.356242
vt 0.249901 0.359328
vt 0.215286 0.381666
vt 0.247457 0.384742
vt 0.212869 0.407103
vt 0.245000 0.410143
vt 0.219789 0.469331
vt 0.225151 0.469410
vt 0.230769 0.431732
vt 0.223026 0.431017
vt 0.149006 0.443798
vt 0.159457 0.478402
vt 0.164815 0.477196
vt 0.154791 0.442126
vt 0.170252 0.476065
vt 0.160618 0.440622
vt 0.175728 0.475001
vt 0.166480 0.439305
vt 0.150849 0.344770
vt 0.170950 0.424665
vt 0.176905 0.423295
vt 0.156931 0.343251
vt 0.182909 0.421998
vt 0.163009 0.341742
vt 0.188974 0.420732
vt 0.169080 0.340238
vt 0.181239 0.473988
vt 0.173701 0.437728
vt 0.154186 0.479629
vt 0.138452 0.446981
vt 0.163141 0.426499
vt 0.142846 0.346777
vt 0.191066 0.434739
vt 0.197830 0.471463
vt 0.203330 0.470701
vt 0.201245 0.433557
vt 0.230907 0.235731
vt 0.228723 0.241578
vt 0.260906 0.244666
vt 0.259873 0.238510
vt 0.255902 0.233695
vt 0.250054 0.231511
vt 0.241878 0.230727
vt 0.235722 0.231759
vt 0.124608 0.351470
vt 0.145431 0.431083
vt 0.151325 0.429454
vt 0.130681 0.349894
vt 0.157222 0.427918
vt 0.136761 0.348329
vt 0.185310 0.435517
vt 0.192308 0.472213
vt 0.186771 0.473051
vt 0.179504 0.436517
vt 0.208798 0.469963
vt 0.206600 0.432649
vt 0.213405 0.469212
vt 0.210918 0.429729
vt 0.232015 0.470845
vt 0.242794 0.432587
vt 0.127232 0.448102
vt 0.145664 0.483297
vt 0.148946 0.481008
vt 0.132821 0.448680
vt 0.155239 0.483768
vt 0.160375 0.482702
vt 0.165642 0.481597
vt 0.170997 0.480509
vt 0.176409 0.479463
vt 0.181857 0.478474
vt 0.187328 0.477561
vt 0.192810 0.476735
vt 0.198289 0.475989
vt 0.203747 0.475294
vt 0.209157 0.474676
vt 0.214563 0.474237
vt 0.219785 0.473751
vt 0.224821 0.473235
vt 0.229444 0.472707
vt 0.145802 0.485391
vt 0.150328 0.484746
vt 0.155790 0.486770
vt 0.160940 0.485805
vt 0.166208 0.484751
vt 0.171549 0.483682
vt 0.176938 0.482643
vt 0.182361 0.481662
vt 0.187807 0.480760
vt 0.193268 0.479946
vt 0.198732 0.479218
vt 0.204186 0.478563
vt 0.209607 0.477983
vt 0.214987 0.477469
vt 0.220222 0.476885
vt 0.225171 0.476134
vt 0.229482 0.475010
vt 0.146411 0.487776
vt 0.150856 0.487533
vt 0.155864 0.492580
vt 0.156170 0.498682
vt 0.161946 0.497825
vt 0.161341 0.491704
vt 0.167552 0.496791
vt 0.166767 0.490672
vt 0.173048 0.495710
vt 0.172174 0.489598
vt 0.178479 0.494657
vt 0.177578 0.488550
vt 0.183877 0.493673
vt 0.182989 0.487565
vt 0.189266 0.492781
vt 0.188413 0.486666
vt 0.194670 0.491991
vt 0.193855 0.485866
vt 0.200114 0.491302
vt 0.199319 0.485164
vt 0.205628 0.490699
vt 0.204812 0.484550
vt 0.211249 0.490145
vt 0.210338 0.483999
vt 0.217024 0.489547
vt 0.215914 0.483447
vt 0.222969 0.488714
vt 0.221532 0.482741
vt 0.229034 0.487375
vt 0.227223 0.481646
vt 0.235026 0.485477
vt 0.233083 0.479644
vt 0.144306 0.492839
vt 0.143874 0.499025
vt 0.150153 0.499152
vt 0.150257 0.493085
vt 0.212242 0.413844
vt 0.244338 0.416856
vt 0.211704 0.419712
vt 0.243755 0.422689
vt 0.211132 0.426043
vt 0.243114 0.428993
vt 0.065550 0.375456
vt 0.056538 0.399525
vt 0.063422 0.424285
vt 0.083441 0.440239
vt 0.108690 0.441385
vt 0.115112 0.439588
vt 0.120958 0.440317
vt 0.125887 0.444580
vt 0.087030 0.361365
vt 0.102334 0.072539
vt 0.120424 0.072115
vt 0.120297 0.066100
vt 0.102207 0.066523
vt 0.115654 0.087777
vt 0.113823 0.135360
vt 0.125685 0.147945
vt 0.143726 0.149337
vt 0.156308 0.137472
vt 0.158160 0.091055
vt 0.184044 0.066071
vt 0.137590 0.065997
vt 0.137718 0.072012
vt 0.184171 0.072086
vt 0.037480 0.075286
vt 0.085052 0.073197
vt 0.084925 0.067182
vt 0.037353 0.069271
vt 0.292586 0.430964
vt 0.289378 0.389981
vt 0.274831 0.387861
vt 0.260361 0.426263
vt 0.282047 0.338337
vt 0.296594 0.340457
vt 0.312731 0.292865
vt 0.280506 0.288154
vt 0.317945 0.197688
vt 0.325161 0.148164
vt 0.310614 0.146045
vt 0.303398 0.195569
vt 0.433309 0.168889
vt 0.412189 0.134487
vt 0.361751 0.134487
vt 0.361751 0.168889
vt 0.065105 0.590924
vt 0.115543 0.590924
vt 0.136663 0.556436
vt 0.065105 0.556436
vt 0.287000 0.244890
vt 0.319224 0.249601
vt 0.136663 0.503385
vt 0.065105 0.503385
vt 0.285228 0.483086
vt 0.253002 0.478385
vt 0.433309 0.221940
vt 0.361751 0.221940
vt 0.115543 0.465625
vt 0.065105 0.465625
vt 0.270357 0.524336
vt 0.255811 0.522216
vt 0.361751 0.259786
vt 0.412189 0.259786
vt 0.034754 0.551391
vt 0.331400 0.173960
vt 0.034754 0.507300
vt 0.331400 0.218051
vt 0.115349 0.171715
vt 0.117333 0.184370
vt 0.143427 0.182750
vt 0.145498 0.170236
vt 0.169931 0.191212
vt 0.174767 0.179139
vt 0.028601 0.247389
vt 0.040383 0.251576
vt 0.051269 0.224919
vt 0.040329 0.218995
vt 0.069839 0.205897
vt 0.061204 0.196406
vt 0.092443 0.192445
vt 0.086913 0.180830
vt 0.140983 0.193280
vt 0.141908 0.188961
vt 0.117962 0.190870
vt 0.118606 0.195340
vt 0.161506 0.198322
vt 0.164221 0.195439
vt 0.060839 0.230267
vt 0.056928 0.228204
vt 0.047566 0.249875
vt 0.051561 0.249664
vt 0.076951 0.214384
vt 0.073956 0.210994
vt 0.096783 0.202622
vt 0.094894 0.198502
vt 0.367748 0.580882
vt 0.367839 0.587770
vt 0.288868 0.583705
vt 0.288775 0.576814
vt 0.276154 0.576165
vt 0.276246 0.583053
vt 0.165951 0.577374
vt 0.165859 0.570482
vt 0.563825 0.590983
vt 0.563918 0.597871
vt 0.520005 0.595610
vt 0.519912 0.588719
vt 0.441115 0.584664
vt 0.441208 0.591551
vt 0.380493 0.588423
vt 0.380403 0.581535
vt 0.502664 0.594719
vt 0.502572 0.587828
vt 0.483826 0.593746
vt 0.483734 0.586858
vt 0.463135 0.592679
vt 0.463044 0.585791
vt 0.282558 0.583381
vt 0.282465 0.576490
vt 0.374168 0.588097
vt 0.374074 0.581205
vt 0.159624 0.577049
vt 0.159532 0.570158
vt 0.570245 0.598200
vt 0.570153 0.591308
vt 0.344238 0.275770
vt 0.424957 0.276006
vt 0.455461 0.285254
vt 0.481223 0.308396
vt 0.498648 0.342200
vt 0.505304 0.381951
vt 0.506335 0.493548
vt 0.501997 0.504339
vt 0.491267 0.508827
vt 0.346105 0.508826
vt 0.335376 0.504414
vt 0.330853 0.493732
vt 0.329122 0.291001
vt 0.333496 0.280226
vt 0.369696 0.041550
vt 0.369762 0.039996
vt 0.394917 0.041069
vt 0.395801 0.042663
vt 0.103534 0.032341
vt 0.102618 0.033917
vt 0.077447 0.034476
vt 0.077412 0.032922
vt 0.397390 0.041174
vt 0.397278 0.043807
vt 0.105093 0.033862
vt 0.105034 0.031228
vt 0.763090 0.592886
vt 0.761558 0.591817
vt 0.761449 0.575926
vt 0.762973 0.575916
vt 0.759859 0.344833
vt 0.761376 0.343742
vt 0.761493 0.360713
vt 0.759969 0.360723
vt 0.072719 0.034581
vt 0.072684 0.033027
vt 0.067991 0.034687
vt 0.067956 0.033132
vt 0.360313 0.039593
vt 0.365038 0.039794
vt 0.364971 0.041348
vt 0.360247 0.041147
vt 0.762908 0.566458
vt 0.762941 0.571187
vt 0.761417 0.571197
vt 0.761384 0.566468
vt 0.761525 0.365442
vt 0.760001 0.365452
vt 0.761558 0.370171
vt 0.760034 0.370181
vt 0.546705 0.095725
vt 0.563488 0.089417
vt 0.564316 0.091066
vt 0.548172 0.096442
vt 0.696035 0.472397
vt 0.696221 0.459533
vt 0.698856 0.459571
vt 0.698670 0.472436
vt 0.720924 0.459891
vt 0.720738 0.472755
vt 0.760275 0.405209
vt 0.760186 0.392344
vt 0.761710 0.392333
vt 0.761799 0.405198
vt 0.203095 0.660605
vt 0.215892 0.661930
vt 0.213508 0.684957
vt 0.200711 0.683632
vt 0.690837 0.135768
vt 0.690948 0.122904
vt 0.723254 0.123184
vt 0.723143 0.136049
vt 0.594097 0.083967
vt 0.610120 0.088916
vt 0.610285 0.090640
vt 0.593676 0.085535
vt 0.695532 0.507169
vt 0.695718 0.494305
vt 0.698352 0.494343
vt 0.698166 0.507207
vt 0.720420 0.494662
vt 0.720234 0.507526
vt 0.760514 0.439983
vt 0.760425 0.427118
vt 0.761949 0.427107
vt 0.762038 0.439973
vt 0.168505 0.657024
vt 0.181302 0.658349
vt 0.178918 0.681375
vt 0.166121 0.680051
vt 0.690535 0.170542
vt 0.690647 0.157677
vt 0.722953 0.157957
vt 0.722841 0.170822
vt 0.641361 0.087609
vt 0.653467 0.102770
vt 0.651669 0.103289
vt 0.640411 0.088857
vt 0.695028 0.541940
vt 0.695214 0.529076
vt 0.697849 0.529114
vt 0.697663 0.541978
vt 0.719917 0.529433
vt 0.719731 0.542297
vt 0.760753 0.474758
vt 0.760665 0.461893
vt 0.762188 0.461882
vt 0.762277 0.474747
vt 0.133915 0.653443
vt 0.146712 0.654768
vt 0.144328 0.677794
vt 0.131531 0.676469
vt 0.690234 0.205315
vt 0.690345 0.192451
vt 0.722652 0.192730
vt 0.722540 0.205595
vt 0.651845 0.134706
vt 0.633565 0.140166
vt 0.633627 0.138269
vt 0.650818 0.133539
vt 0.694525 0.576710
vt 0.694711 0.563847
vt 0.697346 0.563885
vt 0.697160 0.576749
vt 0.719413 0.564204
vt 0.719227 0.577068
vt 0.760992 0.509532
vt 0.760904 0.496667
vt 0.762428 0.496656
vt 0.762516 0.509521
vt 0.099326 0.649861
vt 0.112123 0.651186
vt 0.109739 0.674213
vt 0.096942 0.672888
vt 0.689933 0.240089
vt 0.690044 0.227224
vt 0.722350 0.227503
vt 0.722239 0.240368
vt 0.603670 0.128854
vt 0.604141 0.109824
vt 0.605933 0.110412
vt 0.605092 0.128225
vt 0.694021 0.611481
vt 0.694208 0.598618
vt 0.696842 0.598656
vt 0.696656 0.611520
vt 0.718910 0.598975
vt 0.718723 0.611839
vt 0.761232 0.544306
vt 0.761143 0.531440
vt 0.762667 0.531430
vt 0.762756 0.544295
vt 0.064736 0.646280
vt 0.077533 0.647605
vt 0.075149 0.670632
vt 0.062352 0.669307
vt 0.689631 0.274862
vt 0.689743 0.261997
vt 0.722049 0.262277
vt 0.721938 0.275142
vt 0.338104 0.040202
vt 0.338170 0.038649
vt 0.696246 0.639859
vt 0.693611 0.639821
vt 0.696631 0.431194
vt 0.699266 0.431232
vt 0.045833 0.035179
vt 0.045799 0.033624
vt 0.566257 0.091540
vt 0.565911 0.089665
vt 0.591526 0.085136
vt 0.591868 0.087061
vt 0.612013 0.091619
vt 0.611892 0.089702
vt 0.637854 0.087785
vt 0.637927 0.089706
vt 0.651641 0.105309
vt 0.653470 0.105341
vt 0.652458 0.131411
vt 0.650565 0.131218
vt 0.631729 0.137567
vt 0.631141 0.139305
vt 0.606606 0.130435
vt 0.607363 0.128690
vt 0.723446 0.101021
vt 0.691194 0.094563
vt 0.717321 0.094789
vt 0.721674 0.096637
vt 0.689386 0.303203
vt 0.721746 0.297304
vt 0.719898 0.301658
vt 0.715514 0.303429
vt 0.038158 0.645348
vt 0.042691 0.643997
vt 0.034160 0.666388
vt 0.035908 0.649507
vt 0.718403 0.634000
vt 0.716530 0.638343
vt 0.712135 0.640089
vt 0.241699 0.687875
vt 0.237938 0.664212
vt 0.242097 0.666462
vt 0.243447 0.670995
vt 0.721244 0.437730
vt 0.715156 0.431463
vt 0.719498 0.433335
vt 0.561369 0.109206
vt 0.558008 0.104736
vt 0.558596 0.105142
vt 0.561324 0.108407
vt 0.548683 0.098486
vt 0.546826 0.098504
vt 0.598604 0.103422
vt 0.597274 0.097888
vt 0.597696 0.098380
vt 0.598866 0.102706
vt 0.637576 0.105991
vt 0.638489 0.100438
vt 0.638878 0.100814
vt 0.638024 0.105443
vt 0.636268 0.122550
vt 0.640840 0.126042
vt 0.640267 0.126067
vt 0.636540 0.123248
vt 0.605584 0.107942
vt 0.607230 0.108830
vt 0.620127 0.117898
vt 0.615355 0.121096
vt 0.615526 0.120543
vt 0.619375 0.117927
vt 0.543992 0.111624
vt 0.582415 0.098615
vt 0.625133 0.099476
vt 0.650674 0.116000
vt 0.621665 0.133730
vt 0.651960 0.393453
vt 0.725220 0.398355
vt 0.725014 0.401556
vt 0.651618 0.396820
vt 0.652435 0.390110
vt 0.725441 0.395153
vt 0.724824 0.404758
vt 0.651389 0.400197
vt 0.724652 0.407969
vt 0.651322 0.403569
vt 0.724493 0.411197
vt 0.651554 0.406902
vt 0.724334 0.414465
vt 0.652279 0.410085
vt 0.654225 0.383688
vt 0.725915 0.388710
vt 0.725674 0.391940
vt 0.653132 0.386826
vt 0.032953 0.111546
vt 0.043344 0.103300
vt 0.041323 0.102177
vt 0.032318 0.109323
vt 0.044859 0.090122
vt 0.042637 0.090756
vt 0.036614 0.079731
vt 0.023436 0.078214
vt 0.024071 0.080438
vt 0.035491 0.081752
vt 0.013046 0.086462
vt 0.011529 0.099640
vt 0.013752 0.099006
vt 0.015066 0.087584
vt 0.019776 0.110030
vt 0.020898 0.108010
vt 0.647508 0.399638
vt 0.647859 0.395963
vt 0.035875 0.099149
vt 0.030607 0.103330
vt 0.647258 0.403610
vt 0.036644 0.092469
vt 0.650049 0.413519
vt 0.647519 0.408283
vt 0.025782 0.086432
vt 0.032462 0.087200
vt 0.648860 0.388547
vt 0.649963 0.384477
vt 0.019746 0.097293
vt 0.020514 0.090613
vt 0.648274 0.392329
vt 0.023927 0.102561
vt 0.652766 0.380437
vt 0.568865 0.394560
vt 0.642389 0.396569
vt 0.642493 0.393364
vt 0.568947 0.391178
vt 0.568893 0.397944
vt 0.642300 0.399776
vt 0.642615 0.390152
vt 0.569192 0.387814
vt 0.642752 0.386921
vt 0.569728 0.384515
vt 0.642895 0.383653
vt 0.570743 0.381412
vt 0.570262 0.407875
vt 0.642108 0.409443
vt 0.642164 0.406206
vt 0.569459 0.404651
vt 0.642226 0.402987
vt 0.569063 0.401316
vt 0.225579 0.853012
vt 0.231591 0.848240
vt 0.230422 0.847590
vt 0.225212 0.851726
vt 0.232468 0.840615
vt 0.231182 0.840983
vt 0.227696 0.834603
vt 0.220072 0.833726
vt 0.220439 0.835012
vt 0.227047 0.835772
vt 0.214059 0.838497
vt 0.213182 0.846123
vt 0.214468 0.845755
vt 0.215229 0.839147
vt 0.217954 0.852134
vt 0.218603 0.850965
vt 0.565149 0.387393
vt 0.565033 0.391366
vt 0.227269 0.845839
vt 0.224221 0.848258
vt 0.565838 0.382767
vt 0.227714 0.841973
vt 0.566097 0.406709
vt 0.568523 0.410982
vt 0.221429 0.838480
vt 0.225295 0.838925
vt 0.565112 0.398742
vt 0.565366 0.402560
vt 0.217936 0.844765
vt 0.218381 0.840899
vt 0.565038 0.395066
vt 0.220356 0.847813
vt 0.568838 0.377787
vt 0.644375 0.804652
vt 0.646231 0.906816
vt 0.395042 0.911379
vt 0.393186 0.809214
vt 0.386293 0.809340
vt 0.388148 0.911505
vt 0.393365 0.911409
vt 0.391509 0.809245
vt 0.414300 0.808831
vt 0.416155 0.910996
vt 0.667344 0.906433
vt 0.665489 0.804268
vt 0.672382 0.804143
vt 0.674238 0.906307
vt 0.669021 0.906402
vt 0.667165 0.804237
vt 0.659053 0.906583
vt 0.657198 0.804418
vt 0.386875 0.911528
vt 0.385019 0.809363
vt 0.403333 0.911229
vt 0.401477 0.809064
vt 0.675511 0.906285
vt 0.673655 0.804120
vt 0.596052 0.421807
vt 0.605262 0.421807
vt 0.615184 0.425917
vt 0.619294 0.435840
vt 0.619295 0.673326
vt 0.615185 0.683249
vt 0.605262 0.687359
vt 0.596052 0.687359
vt 0.586130 0.683249
vt 0.582020 0.673326
vt 0.582020 0.435840
vt 0.586130 0.425917
vt 0.861911 0.433343
vt 0.861782 0.433345
vt 0.861574 0.433347
vt 0.861365 0.433349
vt 0.861237 0.433350
vt 0.861366 0.433349
vt 0.861574 0.433347
vt 0.861782 0.433345
vt 0.861911 0.433343
vt 0.862679 0.440265
vt 0.862284 0.440269
vt 0.862182 0.435727
vt 0.862543 0.435723
vt 0.862680 0.440265
vt 0.862284 0.440269
vt 0.862182 0.435727
vt 0.860609 0.440286
vt 0.861004 0.440282
vt 0.861014 0.435739
vt 0.860653 0.435743
vt 0.860609 0.440286
vt 0.861005 0.440282
vt 0.861014 0.435739
vt 0.861644 0.440276
vt 0.861598 0.435733
vt 0.866329 0.799290
vt 0.865934 0.799294
vt 0.866329 0.799290
vt 0.865933 0.799294
vt 0.859893 0.737123
vt 0.858421 0.806799
vt 0.857368 0.806946
vt 0.858826 0.737100
vt 0.860962 0.737146
vt 0.859483 0.806765
vt 0.862029 0.737170
vt 0.860543 0.806852
vt 0.863094 0.737193
vt 0.861592 0.807032
vt 0.865294 0.799301
vt 0.859685 0.809450
vt 0.859307 0.809524
vt 0.858956 0.809380
vt 0.858788 0.809076
vt 0.858844 0.808751
vt 0.859098 0.808549
vt 0.859438 0.808473
vt 0.859771 0.808572
vt 0.859987 0.808821
vt 0.859955 0.809191
vt 0.866285 0.803833
vt 0.865924 0.803837
vt 0.865924 0.803837
vt 0.858600 0.807623
vt 0.857829 0.808053
vt 0.859450 0.807502
vt 0.860314 0.807641
vt 0.861143 0.808082
vt 0.865340 0.803843
vt 0.865701 0.806226
vt 0.865701 0.806226
vt 0.865572 0.806227
vt 0.858069 0.810048
vt 0.857669 0.809127
vt 0.865572 0.806227
vt 0.865364 0.806229
vt 0.863316 0.445852
vt 0.863188 0.445853
vt 0.862979 0.445855
vt 0.862772 0.445857
vt 0.862643 0.445858
vt 0.862643 0.445858
vt 0.862772 0.445857
vt 0.863187 0.445853
vt 0.864081 0.452584
vt 0.863686 0.452588
vt 0.863586 0.448170
vt 0.863946 0.448167
vt 0.864081 0.452584
vt 0.863946 0.448167
vt 0.863686 0.452588
vt 0.863586 0.448170
vt 0.862015 0.452605
vt 0.862410 0.452601
vt 0.862420 0.448182
vt 0.862060 0.448186
vt 0.862015 0.452605
vt 0.862060 0.448186
vt 0.862410 0.452601
vt 0.862420 0.448182
vt 0.863048 0.452594
vt 0.863003 0.448176
vt 0.863003 0.448176
vt 0.867630 0.801788
vt 0.867236 0.801792
vt 0.867630 0.801788
vt 0.867236 0.801792
vt 0.865564 0.801809
vt 0.865959 0.801805
vt 0.865565 0.801809
vt 0.865959 0.801805
vt 0.866598 0.801798
vt 0.867002 0.808534
vt 0.866874 0.808535
vt 0.866666 0.808537
vt 0.866458 0.808540
vt 0.866330 0.808541
vt 0.866330 0.808541
vt 0.866458 0.808540
vt 0.866874 0.808535
vt 0.867586 0.806207
vt 0.867225 0.806210
vt 0.867585 0.806207
vt 0.867225 0.806210
vt 0.865699 0.806226
vt 0.866059 0.806222
vt 0.865699 0.806226
vt 0.866059 0.806222
vt 0.866642 0.806216
vt 0.866642 0.806216
vt 0.864691 0.455468
vt 0.864562 0.455469
vt 0.864355 0.455471
vt 0.864146 0.455473
vt 0.864018 0.455475
vt 0.864018 0.455475
vt 0.864147 0.455473
vt 0.864563 0.455469
vt 0.865454 0.462020
vt 0.865060 0.462024
vt 0.864961 0.457724
vt 0.865321 0.457721
vt 0.865454 0.462020
vt 0.865321 0.457721
vt 0.865060 0.462024
vt 0.863388 0.462041
vt 0.863783 0.462037
vt 0.863795 0.457736
vt 0.863434 0.457740
vt 0.863388 0.462041
vt 0.863783 0.462037
vt 0.863794 0.457736
vt 0.864421 0.462031
vt 0.864378 0.457730
vt 0.864377 0.457730
vt 0.868909 0.801893
vt 0.868514 0.801897
vt 0.868909 0.801893
vt 0.868514 0.801897
vt 0.866842 0.801914
vt 0.867237 0.801910
vt 0.866843 0.801914
vt 0.867237 0.801910
vt 0.867876 0.801903
vt 0.868279 0.808459
vt 0.868150 0.808461
vt 0.867943 0.808463
vt 0.867735 0.808465
vt 0.867606 0.808466
vt 0.867734 0.808465
vt 0.868863 0.806194
vt 0.868503 0.806197
vt 0.868863 0.806194
vt 0.866976 0.806213
vt 0.867337 0.806209
vt 0.867336 0.806209
vt 0.867920 0.806203
vt 0.867919 0.806203
vt 0.869878 0.462965
vt 0.869749 0.462966
vt 0.869541 0.462968
vt 0.869333 0.462970
vt 0.869205 0.462972
vt 0.869333 0.462970
vt 0.869541 0.462968
vt 0.869878 0.462965
vt 0.870640 0.469376
vt 0.870245 0.469380
vt 0.870147 0.465173
vt 0.870507 0.465169
vt 0.870640 0.469376
vt 0.870245 0.469380
vt 0.870147 0.465173
vt 0.868573 0.469397
vt 0.868968 0.469393
vt 0.868980 0.465185
vt 0.868620 0.465189
vt 0.868573 0.469397
vt 0.868620 0.465189
vt 0.868968 0.469393
vt 0.868980 0.465185
vt 0.869606 0.469386
vt 0.869563 0.465179
vt 0.869564 0.465179
vt 0.874020 0.801933
vt 0.873625 0.801937
vt 0.874020 0.801933
vt 0.873625 0.801937
vt 0.871953 0.801954
vt 0.872348 0.801950
vt 0.871953 0.801954
vt 0.872348 0.801950
vt 0.872987 0.801944
vt 0.873389 0.808359
vt 0.873388 0.808359
vt 0.873260 0.808360
vt 0.873052 0.808362
vt 0.872844 0.808364
vt 0.872715 0.808365
vt 0.872844 0.808364
vt 0.873052 0.808362
vt 0.873973 0.806142
vt 0.873612 0.806146
vt 0.873612 0.806146
vt 0.872086 0.806161
vt 0.872446 0.806157
vt 0.872086 0.806161
vt 0.872446 0.806157
vt 0.873029 0.806151
vt 0.866045 0.462985
vt 0.865917 0.462986
vt 0.865708 0.462988
vt 0.865500 0.462991
vt 0.865372 0.462992
vt 0.865372 0.462992
vt 0.865501 0.462991
vt 0.865708 0.462988
vt 0.865916 0.462986
vt 0.866807 0.469396
vt 0.866412 0.469400
vt 0.866314 0.465193
vt 0.866675 0.465189
vt 0.866674 0.465189
vt 0.866314 0.465193
vt 0.864740 0.469417
vt 0.865135 0.469413
vt 0.865148 0.465205
vt 0.864787 0.465209
vt 0.865148 0.465205
vt 0.865774 0.469407
vt 0.865731 0.465199
vt 0.865731 0.465199
vt 0.870188 0.801972
vt 0.869793 0.801976
vt 0.869793 0.801976
vt 0.868121 0.801993
vt 0.868515 0.801989
vt 0.869154 0.801983
vt 0.869556 0.808398
vt 0.869427 0.808399
vt 0.869219 0.808401
vt 0.869011 0.808403
vt 0.868883 0.808404
vt 0.868883 0.808404
vt 0.869011 0.808403
vt 0.869219 0.808401
vt 0.869427 0.808399
vt 0.870141 0.806181
vt 0.869780 0.806184
vt 0.870140 0.806181
vt 0.869780 0.806185
vt 0.868253 0.806200
vt 0.868614 0.806196
vt 0.868614 0.806196
vt 0.869197 0.806190
vt 0.869197 0.806190
vt 0.867322 0.462973
vt 0.867194 0.462974
vt 0.866986 0.462976
vt 0.866778 0.462978
vt 0.866649 0.462979
vt 0.866649 0.462979
vt 0.866778 0.462978
vt 0.866986 0.462976
vt 0.867194 0.462974
vt 0.867323 0.462973
vt 0.868084 0.469384
vt 0.867690 0.469388
vt 0.867592 0.465180
vt 0.867952 0.465177
vt 0.868085 0.469384
vt 0.867952 0.465177
vt 0.867592 0.465180
vt 0.866018 0.469405
vt 0.866412 0.469401
vt 0.866425 0.465192
vt 0.866065 0.465196
vt 0.866018 0.469405
vt 0.866065 0.465196
vt 0.866412 0.469401
vt 0.866425 0.465192
vt 0.867051 0.469394
vt 0.867008 0.465186
vt 0.867008 0.465186
vt 0.871465 0.801959
vt 0.871070 0.801963
vt 0.871465 0.801959
vt 0.869398 0.801980
vt 0.869398 0.801980
vt 0.869793 0.801976
vt 0.870431 0.801970
vt 0.870833 0.808385
vt 0.870834 0.808385
vt 0.870705 0.808386
vt 0.870497 0.808388
vt 0.870289 0.808390
vt 0.870160 0.808391
vt 0.870160 0.808391
vt 0.870289 0.808390
vt 0.870497 0.808388
vt 0.870705 0.808386
vt 0.871418 0.806168
vt 0.871058 0.806171
vt 0.871418 0.806168
vt 0.871058 0.806171
vt 0.869531 0.806187
vt 0.869891 0.806183
vt 0.869531 0.806187
vt 0.869891 0.806183
vt 0.870474 0.806177
vt 0.870474 0.806177
vt 0.868600 0.462996
vt 0.868472 0.462997
vt 0.868264 0.462999
vt 0.868056 0.463001
vt 0.867927 0.463003
vt 0.867927 0.463003
vt 0.868056 0.463001
vt 0.868264 0.462999
vt 0.868472 0.462997
vt 0.869362 0.469407
vt 0.868968 0.469411
vt 0.868869 0.465204
vt 0.869230 0.465200
vt 0.869363 0.469407
vt 0.869230 0.465200
vt 0.868968 0.469411
vt 0.868869 0.465204
vt 0.867295 0.469428
vt 0.867690 0.469424
vt 0.867703 0.465216
vt 0.867343 0.465219
vt 0.867296 0.469428
vt 0.867343 0.465219
vt 0.867690 0.469424
vt 0.867703 0.465216
vt 0.868329 0.469417
vt 0.868286 0.465210
vt 0.868286 0.465210
vt 0.872743 0.801947
vt 0.872348 0.801951
vt 0.872743 0.801947
vt 0.870676 0.801968
vt 0.871070 0.801964
vt 0.870676 0.801968
vt 0.871070 0.801964
vt 0.871709 0.801957
vt 0.872111 0.808371
vt 0.871982 0.808373
vt 0.871774 0.808375
vt 0.871566 0.808377
vt 0.871438 0.808378
vt 0.871438 0.808378
vt 0.871566 0.808377
vt 0.871774 0.808375
vt 0.871983 0.808373
vt 0.872696 0.806155
vt 0.872335 0.806159
vt 0.872696 0.806155
vt 0.872335 0.806159
vt 0.870808 0.806174
vt 0.871169 0.806170
vt 0.870808 0.806174
vt 0.871169 0.806170
vt 0.871752 0.806164
vt 0.871752 0.806164
vt 0.871155 0.462949
vt 0.871026 0.462950
vt 0.870818 0.462952
vt 0.870610 0.462954
vt 0.870482 0.462955
vt 0.870818 0.462952
vt 0.871026 0.462950
vt 0.871155 0.462949
vt 0.871917 0.469360
vt 0.871522 0.469364
vt 0.871424 0.465156
vt 0.871784 0.465153
vt 0.871917 0.469360
vt 0.871785 0.465153
vt 0.871424 0.465156
vt 0.869850 0.469381
vt 0.870245 0.469377
vt 0.870258 0.465168
vt 0.869897 0.465172
vt 0.869850 0.469381
vt 0.870245 0.469377
vt 0.870257 0.465168
vt 0.870884 0.469370
vt 0.870841 0.465162
vt 0.870841 0.465162
vt 0.875297 0.801920
vt 0.874902 0.801924
vt 0.875297 0.801920
vt 0.873230 0.801941
vt 0.873230 0.801941
vt 0.874264 0.801931
vt 0.874666 0.808346
vt 0.874537 0.808347
vt 0.874329 0.808349
vt 0.874121 0.808351
vt 0.873993 0.808352
vt 0.874329 0.808349
vt 0.874537 0.808347
vt 0.875250 0.806129
vt 0.874890 0.806133
vt 0.875250 0.806129
vt 0.874890 0.806133
vt 0.873363 0.806148
vt 0.873723 0.806144
vt 0.873723 0.806144
vt 0.874307 0.806138
vt 0.874307 0.806139
vt 0.872432 0.462936
vt 0.872303 0.462937
vt 0.872096 0.462940
vt 0.871888 0.462942
vt 0.871759 0.462943
vt 0.871759 0.462943
vt 0.871887 0.462942
vt 0.872095 0.462940
vt 0.872432 0.462936
vt 0.873194 0.469347
vt 0.872799 0.469351
vt 0.872701 0.465144
vt 0.873062 0.465140
vt 0.873194 0.469347
vt 0.873062 0.465140
vt 0.872799 0.469351
vt 0.871127 0.469368
vt 0.871522 0.469364
vt 0.871535 0.465156
vt 0.871174 0.465160
vt 0.871535 0.465156
vt 0.872161 0.469358
vt 0.872118 0.465150
vt 0.876575 0.801907
vt 0.876180 0.801911
vt 0.876574 0.801907
vt 0.876180 0.801911
vt 0.874508 0.801928
vt 0.875541 0.801918
vt 0.875943 0.808333
vt 0.875943 0.808333
vt 0.875814 0.808334
vt 0.875606 0.808336
vt 0.875398 0.808338
vt 0.875270 0.808339
vt 0.875270 0.808339
vt 0.875398 0.808338
vt 0.875606 0.808336
vt 0.876528 0.806116
vt 0.876167 0.806120
vt 0.876527 0.806116
vt 0.874640 0.806135
vt 0.875001 0.806131
vt 0.875001 0.806131
vt 0.875584 0.806126
vt 0.875062 0.470271
vt 0.874934 0.470272
vt 0.874726 0.470274
vt 0.874518 0.470276
vt 0.874389 0.470277
vt 0.874389 0.470277
vt 0.874518 0.470276
vt 0.874726 0.470274
vt 0.874934 0.470272
vt 0.875062 0.470271
vt 0.875823 0.476544
vt 0.875428 0.476548
vt 0.875331 0.472431
vt 0.875692 0.472427
vt 0.875823 0.476544
vt 0.875692 0.472427
vt 0.875429 0.476548
vt 0.875331 0.472431
vt 0.873756 0.476565
vt 0.874151 0.476561
vt 0.874164 0.472443
vt 0.873804 0.472446
vt 0.873804 0.472446
vt 0.874151 0.476561
vt 0.874164 0.472443
vt 0.874790 0.476554
vt 0.874748 0.472437
vt 0.874748 0.472437
vt 0.879131 0.801972
vt 0.878736 0.801976
vt 0.879131 0.801972
vt 0.878736 0.801976
vt 0.877064 0.801993
vt 0.877459 0.801989
vt 0.877458 0.801989
vt 0.878097 0.801982
vt 0.878498 0.808259
vt 0.878498 0.808259
vt 0.878369 0.808261
vt 0.878161 0.808263
vt 0.877953 0.808265
vt 0.877824 0.808266
vt 0.877825 0.808266
vt 0.877953 0.808265
vt 0.878161 0.808263
vt 0.878369 0.808261
vt 0.879083 0.806090
vt 0.878722 0.806094
vt 0.879083 0.806090
vt 0.878723 0.806094
vt 0.877195 0.806109
vt 0.877556 0.806105
vt 0.877195 0.806109
vt 0.877556 0.806105
vt 0.878139 0.806099
vt 0.878139 0.806099
vt 0.877618 0.470269
vt 0.877490 0.470270
vt 0.877282 0.470272
vt 0.877074 0.470274
vt 0.876945 0.470275
vt 0.876945 0.470275
vt 0.877073 0.470274
vt 0.877281 0.470272
vt 0.878379 0.476542
vt 0.877984 0.476546
vt 0.877887 0.472429
vt 0.878247 0.472426
vt 0.878247 0.472426
vt 0.877887 0.472429
vt 0.876312 0.476563
vt 0.876707 0.476559
vt 0.876720 0.472441
vt 0.876360 0.472445
vt 0.876312 0.476563
vt 0.876360 0.472445
vt 0.877345 0.476552
vt 0.877304 0.472435
vt 0.877303 0.472435
vt 0.881687 0.801946
vt 0.881292 0.801950
vt 0.881687 0.801946
vt 0.879619 0.801967
vt 0.880014 0.801963
vt 0.879619 0.801967
vt 0.880653 0.801956
vt 0.881053 0.808233
vt 0.880925 0.808234
vt 0.880717 0.808236
vt 0.880509 0.808239
vt 0.880380 0.808240
vt 0.880380 0.808240
vt 0.880509 0.808239
vt 0.880717 0.808236
vt 0.881639 0.806064
vt 0.881278 0.806067
vt 0.881639 0.806064
vt 0.881278 0.806067
vt 0.879751 0.806083
vt 0.880111 0.806079
vt 0.879751 0.806083
vt 0.880695 0.806073
vt 0.880695 0.806073
vt 0.876340 0.470264
vt 0.876212 0.470265
vt 0.876004 0.470267
vt 0.875796 0.470269
vt 0.875667 0.470271
vt 0.875796 0.470269
vt 0.876212 0.470265
vt 0.876340 0.470264
vt 0.877101 0.476537
vt 0.876706 0.476541
vt 0.876609 0.472424
vt 0.876970 0.472421
vt 0.877101 0.476537
vt 0.876609 0.472424
vt 0.875034 0.476558
vt 0.875429 0.476554
vt 0.875442 0.472436
vt 0.875082 0.472440
vt 0.875082 0.472440
vt 0.875428 0.476554
vt 0.876067 0.476547
vt 0.876026 0.472430
vt 0.880409 0.801959
vt 0.880014 0.801963
vt 0.880409 0.801959
vt 0.878341 0.801980
vt 0.878736 0.801976
vt 0.878736 0.801976
vt 0.879375 0.801969
vt 0.879776 0.808246
vt 0.879776 0.808246
vt 0.879647 0.808247
vt 0.879439 0.808250
vt 0.879231 0.808252
vt 0.879102 0.808253
vt 0.879231 0.808252
vt 0.879647 0.808247
vt 0.880361 0.806077
vt 0.880000 0.806080
vt 0.880000 0.806080
vt 0.878473 0.806096
vt 0.878834 0.806092
vt 0.878473 0.806096
vt 0.879417 0.806086
vt 0.873784 0.470255
vt 0.873656 0.470256
vt 0.873448 0.470258
vt 0.873240 0.470260
vt 0.873111 0.470261
vt 0.873447 0.470258
vt 0.874545 0.476528
vt 0.874150 0.476532
vt 0.874053 0.472415
vt 0.874414 0.472412
vt 0.872478 0.476549
vt 0.872872 0.476545
vt 0.872886 0.472427
vt 0.872526 0.472431
vt 0.872872 0.476545
vt 0.873511 0.476539
vt 0.873470 0.472421
vt 0.877853 0.801984
vt 0.877459 0.801988
vt 0.875786 0.802005
vt 0.876181 0.802001
vt 0.876180 0.802001
vt 0.876819 0.801995
vt 0.877220 0.808272
vt 0.877091 0.808274
vt 0.876883 0.808276
vt 0.876675 0.808278
vt 0.876547 0.808279
vt 0.876883 0.808276
vt 0.877805 0.806103
vt 0.877445 0.806106
vt 0.875917 0.806122
vt 0.876278 0.806118
vt 0.876861 0.806112
vt 0.878914 0.472027
vt 0.878786 0.472028
vt 0.878577 0.472030
vt 0.878369 0.472032
vt 0.878241 0.472034
vt 0.879675 0.478267
vt 0.879280 0.478271
vt 0.879183 0.474176
vt 0.879543 0.474172
vt 0.879280 0.478271
vt 0.877607 0.478288
vt 0.878002 0.478284
vt 0.878016 0.474188
vt 0.877655 0.474191
vt 0.878641 0.478277
vt 0.878599 0.474182
vt 0.882965 0.801955
vt 0.882570 0.801959
vt 0.882570 0.801959
vt 0.880897 0.801975
vt 0.881292 0.801972
vt 0.881292 0.801972
vt 0.881931 0.801965
vt 0.882331 0.808209
vt 0.882203 0.808210
vt 0.881994 0.808212
vt 0.881787 0.808214
vt 0.881658 0.808215
vt 0.882917 0.806051
vt 0.882556 0.806055
vt 0.881028 0.806070
vt 0.881389 0.806066
vt 0.881973 0.806060
vt 0.881562 0.480940
vt 0.881433 0.480942
vt 0.881225 0.480944
vt 0.881017 0.480946
vt 0.880888 0.480947
vt 0.882321 0.487013
vt 0.881926 0.487017
vt 0.881830 0.483032
vt 0.882190 0.483028
vt 0.880252 0.487034
vt 0.880647 0.487030
vt 0.880662 0.483044
vt 0.880302 0.483047
vt 0.881287 0.487023
vt 0.881246 0.483038
vt 0.885523 0.802038
vt 0.885128 0.802042
vt 0.883454 0.802059
vt 0.883849 0.802055
vt 0.884489 0.802049
vt 0.884887 0.808125
vt 0.884758 0.808126
vt 0.884550 0.808128
vt 0.884342 0.808131
vt 0.884213 0.808132
vt 0.885474 0.806025
vt 0.885113 0.806029
vt 0.883585 0.806044
vt 0.883946 0.806040
vt 0.884529 0.806034
vt 0.880265 0.479192
vt 0.880137 0.479193
vt 0.879929 0.479196
vt 0.879720 0.479198
vt 0.879592 0.479199
vt 0.881025 0.485298
vt 0.880630 0.485302
vt 0.880533 0.481295
vt 0.880894 0.481291
vt 0.878957 0.485319
vt 0.879352 0.485315
vt 0.879366 0.481307
vt 0.879006 0.481310
vt 0.878956 0.485319
vt 0.879991 0.485308
vt 0.879950 0.481301
vt 0.884244 0.802030
vt 0.883849 0.802034
vt 0.882176 0.802051
vt 0.882571 0.802047
vt 0.882176 0.802051
vt 0.883210 0.802040
vt 0.883609 0.808149
vt 0.883480 0.808151
vt 0.883272 0.808153
vt 0.883064 0.808155
vt 0.882935 0.808156
vt 0.884195 0.806038
vt 0.883834 0.806042
vt 0.882307 0.806057
vt 0.882667 0.806053
vt 0.883251 0.806047
vt 0.882856 0.482499
vt 0.882727 0.482500
vt 0.882519 0.482502
vt 0.882311 0.482504
vt 0.882182 0.482506
vt 0.882727 0.482500
vt 0.882856 0.482499
vt 0.883615 0.488542
vt 0.883220 0.488546
vt 0.883124 0.484580
vt 0.883485 0.484576
vt 0.883615 0.488542
vt 0.881546 0.488563
vt 0.881941 0.488559
vt 0.881957 0.484592
vt 0.881596 0.484595
vt 0.881956 0.484592
vt 0.882581 0.488553
vt 0.882540 0.484586
vt 0.886801 0.802045
vt 0.886406 0.802049
vt 0.886801 0.802045
vt 0.886406 0.802049
vt 0.884733 0.802066
vt 0.885128 0.802062
vt 0.885767 0.802055
vt 0.886166 0.808102
vt 0.886165 0.808102
vt 0.886037 0.808103
vt 0.885829 0.808105
vt 0.885620 0.808107
vt 0.885492 0.808109
vt 0.886037 0.808103
vt 0.886752 0.806012
vt 0.886391 0.806016
vt 0.884863 0.806031
vt 0.885224 0.806028
vt 0.885224 0.806028
vt 0.885808 0.806022
vt 0.884151 0.484138
vt 0.884023 0.484139
vt 0.883815 0.484141
vt 0.883606 0.484143
vt 0.883478 0.484145
vt 0.883478 0.484145
vt 0.884910 0.490150
vt 0.884515 0.490154
vt 0.884419 0.486208
vt 0.884780 0.486205
vt 0.882841 0.490171
vt 0.883236 0.490167
vt 0.883252 0.486220
vt 0.882891 0.486224
vt 0.883237 0.490167
vt 0.883252 0.486220
vt 0.883876 0.490161
vt 0.883836 0.486214
vt 0.888080 0.802052
vt 0.887685 0.802056
vt 0.886012 0.802073
vt 0.886407 0.802069
vt 0.886407 0.802069
vt 0.887046 0.802062
vt 0.887444 0.808078
vt 0.887315 0.808080
vt 0.887107 0.808082
vt 0.886899 0.808084
vt 0.886770 0.808085
vt 0.886770 0.808085
vt 0.888031 0.805999
vt 0.887670 0.806003
vt 0.886142 0.806018
vt 0.886502 0.806015
vt 0.886502 0.806015
vt 0.887086 0.806009
vt 0.885567 0.497522
vt 0.885438 0.497523
vt 0.885230 0.497525
vt 0.885021 0.497527
vt 0.884892 0.497529
vt 0.884893 0.497529
vt 0.885438 0.497523
vt 0.885567 0.497522
vt 0.886323 0.503283
vt 0.885928 0.503287
vt 0.885834 0.499506
vt 0.886195 0.499502
vt 0.886195 0.499502
vt 0.884253 0.503304
vt 0.884649 0.503300
vt 0.884666 0.499518
vt 0.884305 0.499522
vt 0.884253 0.503304
vt 0.884666 0.499518
vt 0.885288 0.503294
vt 0.885250 0.499512
vt 0.885250 0.499512
vt 0.889362 0.802203
vt 0.888966 0.802207
vt 0.887292 0.802224
vt 0.887687 0.802220
vt 0.887292 0.802224
vt 0.888327 0.802214
vt 0.888722 0.807979
vt 0.888722 0.807979
vt 0.888593 0.807980
vt 0.888385 0.807983
vt 0.888177 0.807985
vt 0.888048 0.807986
vt 0.888048 0.807986
vt 0.888594 0.807980
vt 0.889310 0.805986
vt 0.888949 0.805990
vt 0.889310 0.805986
vt 0.887420 0.806005
vt 0.887781 0.806001
vt 0.887781 0.806001
vt 0.888365 0.805996
vt 0.888365 0.805996
vt 0.889439 0.500820
vt 0.889310 0.500821
vt 0.889102 0.500823
vt 0.888893 0.500826
vt 0.888765 0.500827
vt 0.889439 0.500820
vt 0.890195 0.506519
vt 0.889800 0.506523
vt 0.889706 0.502783
vt 0.890067 0.502779
vt 0.889799 0.506523
vt 0.889706 0.502783
vt 0.888125 0.506541
vt 0.888520 0.506536
vt 0.888538 0.502795
vt 0.888177 0.502799
vt 0.888520 0.506536
vt 0.888537 0.502795
vt 0.889160 0.506530
vt 0.889122 0.502789
vt 0.893200 0.802205
vt 0.892805 0.802209
vt 0.892805 0.802209
vt 0.891130 0.802226
vt 0.891526 0.802222
vt 0.891526 0.802222
vt 0.892165 0.802216
vt 0.892560 0.807919
vt 0.892560 0.807919
vt 0.892432 0.807920
vt 0.892223 0.807922
vt 0.892015 0.807924
vt 0.891886 0.807925
vt 0.893148 0.805947
vt 0.892787 0.805951
vt 0.892788 0.805951
vt 0.891258 0.805966
vt 0.891619 0.805962
vt 0.892203 0.805957
vt 0.886880 0.500853
vt 0.886751 0.500855
vt 0.886543 0.500857
vt 0.886335 0.500859
vt 0.886206 0.500860
vt 0.886751 0.500855
vt 0.886880 0.500853
vt 0.887636 0.506553
vt 0.887241 0.506557
vt 0.887147 0.502817
vt 0.887508 0.502813
vt 0.887241 0.506557
vt 0.887147 0.502817
vt 0.885566 0.506574
vt 0.885961 0.506570
vt 0.885979 0.502828
vt 0.885618 0.502832
vt 0.885566 0.506574
vt 0.885618 0.502832
vt 0.886601 0.506563
vt 0.886563 0.502823
vt 0.886563 0.502823
vt 0.890641 0.802231
vt 0.890246 0.802235
vt 0.890246 0.802235
vt 0.888571 0.802252
vt 0.888967 0.802248
vt 0.888571 0.802252
vt 0.889606 0.802242
vt 0.890001 0.807945
vt 0.890001 0.807945
vt 0.889872 0.807946
vt 0.889664 0.807948
vt 0.889456 0.807950
vt 0.889327 0.807951
vt 0.889873 0.807946
vt 0.890589 0.805973
vt 0.890229 0.805977
vt 0.890228 0.805977
vt 0.888699 0.805992
vt 0.889060 0.805988
vt 0.888699 0.805992
vt 0.889644 0.805983
vt 0.889644 0.805983
vt 0.888160 0.500848
vt 0.888031 0.500849
vt 0.887822 0.500851
vt 0.887614 0.500853
vt 0.887485 0.500855
vt 0.887614 0.500853
vt 0.888915 0.506547
vt 0.888520 0.506551
vt 0.888426 0.502811
vt 0.888788 0.502807
vt 0.888915 0.506547
vt 0.888787 0.502807
vt 0.888520 0.506551
vt 0.886845 0.506568
vt 0.887241 0.506564
vt 0.887258 0.502822
vt 0.886897 0.502826
vt 0.886845 0.506568
vt 0.887241 0.506564
vt 0.887880 0.506557
vt 0.887842 0.502816
vt 0.891921 0.802218
vt 0.891525 0.802222
vt 0.891921 0.802218
vt 0.891526 0.802222
vt 0.889851 0.802239
vt 0.890246 0.802235
vt 0.889851 0.802239
vt 0.890246 0.802235
vt 0.890886 0.802229
vt 0.891281 0.807931
vt 0.891152 0.807933
vt 0.890944 0.807935
vt 0.890735 0.807937
vt 0.890607 0.807938
vt 0.890736 0.807937
vt 0.891869 0.805960
vt 0.891508 0.805964
vt 0.891869 0.805960
vt 0.889979 0.805979
vt 0.890340 0.805975
vt 0.890924 0.805969
vt 0.518309 0.181461
vt 0.527709 0.175857
vt 0.533363 0.186452
vt 0.523117 0.193020
vt 0.536823 0.169813
vt 0.543493 0.179674
vt 0.545696 0.163385
vt 0.553519 0.172720
vt 0.554306 0.156532
vt 0.563437 0.165620
vt 0.562525 0.149148
vt 0.573179 0.158429
vt 0.570179 0.141208
vt 0.582561 0.151245
vt 0.577543 0.133698
vt 0.591133 0.143997
vt 0.488290 0.193498
vt 0.498426 0.190303
vt 0.502430 0.204940
vt 0.492530 0.208837
vt 0.508544 0.186346
vt 0.512768 0.199279
vt 0.549105 0.215461
vt 0.537896 0.223227
vt 0.526018 0.231635
vt 0.560047 0.208022
vt 0.571079 0.200772
vt 0.582628 0.193700
vt 0.595307 0.186881
vt 0.610126 0.180399
vt 0.628916 0.174063
vt 0.512836 0.241254
vt 0.496762 0.253433
vt 0.552241 0.220212
vt 0.541139 0.227899
vt 0.529380 0.236265
vt 0.563048 0.212875
vt 0.573918 0.205742
vt 0.585284 0.198796
vt 0.597739 0.192139
vt 0.612125 0.186088
vt 0.629616 0.182372
vt 0.516656 0.245962
vt 0.503519 0.258708
vt 0.567636 0.242557
vt 0.558756 0.249060
vt 0.550371 0.255739
vt 0.576701 0.236206
vt 0.585814 0.230078
vt 0.594930 0.224368
vt 0.604030 0.219474
vt 0.612995 0.216167
vt 0.621304 0.215919
vt 0.543128 0.262742
vt 0.538336 0.270390
vt 0.404914 0.521796
vt 0.404914 0.529148
vt 0.400418 0.535096
vt 0.393145 0.537367
vt 0.385870 0.535096
vt 0.381374 0.529148
vt 0.381374 0.521796
vt 0.385870 0.515848
vt 0.393145 0.513577
vt 0.400418 0.515848
vt 0.519632 0.159560
vt 0.512462 0.163828
vt 0.510155 0.151955
vt 0.515219 0.148694
vt 0.526586 0.154864
vt 0.520262 0.145093
vt 0.533352 0.149819
vt 0.525130 0.141246
vt 0.539890 0.144379
vt 0.529660 0.137250
vt 0.546117 0.138316
vt 0.533648 0.133242
vt 0.551844 0.131105
vt 0.536816 0.129455
vt 0.556053 0.121889
vt 0.538657 0.126206
vt 0.496605 0.170059
vt 0.487271 0.170225
vt 0.496938 0.157832
vt 0.500719 0.156890
vt 0.504904 0.167462
vt 0.505245 0.154755
vt 0.492950 0.111431
vt 0.489453 0.113786
vt 0.485476 0.105975
vt 0.488406 0.104106
vt 0.496382 0.108900
vt 0.491272 0.102037
vt 0.499712 0.106216
vt 0.494030 0.099812
vt 0.502894 0.103403
vt 0.496633 0.097466
vt 0.505841 0.100494
vt 0.499032 0.095034
vt 0.508391 0.097530
vt 0.501188 0.092549
vt 0.510189 0.094548
vt 0.503113 0.090052
vt 0.482421 0.117617
vt 0.479118 0.118317
vt 0.476542 0.109940
vt 0.479561 0.108904
vt 0.485928 0.115909
vt 0.482521 0.107592
vt 0.504360 0.152188
vt 0.508980 0.149518
vt 0.500163 0.154415
vt 0.496942 0.156356
vt 0.534204 0.128278
vt 0.537024 0.125667
vt 0.530961 0.131907
vt 0.527185 0.135732
vt 0.522967 0.139499
vt 0.518442 0.143100
vt 0.513734 0.146464
vt 0.499240 0.133992
vt 0.492962 0.137297
vt 0.490805 0.134489
vt 0.496846 0.131241
vt 0.484540 0.141033
vt 0.482824 0.137984
vt 0.472773 0.145986
vt 0.471211 0.141361
vt 0.538411 0.101567
vt 0.529154 0.109670
vt 0.526970 0.106914
vt 0.535388 0.097896
vt 0.522810 0.115749
vt 0.520557 0.113000
vt 0.517759 0.120359
vt 0.515367 0.117599
vt 0.513282 0.124153
vt 0.510775 0.121440
vt 0.508930 0.127618
vt 0.506411 0.124887
vt 0.504362 0.130837
vt 0.501876 0.128097
vt 0.521979 0.164524
vt 0.529659 0.159376
vt 0.533192 0.164165
vt 0.524822 0.169763
vt 0.537130 0.153849
vt 0.541325 0.158169
vt 0.544370 0.147860
vt 0.549206 0.151693
vt 0.551289 0.141136
vt 0.556720 0.144508
vt 0.557829 0.133126
vt 0.563811 0.136224
vt 0.564360 0.122599
vt 0.571494 0.126653
vt 0.484290 0.177148
vt 0.496073 0.176151
vt 0.496779 0.182589
vt 0.484451 0.184969
vt 0.505559 0.173227
vt 0.506941 0.179294
vt 0.514024 0.169220
vt 0.516145 0.174897
vt 0.517596 0.182097
vt 0.526935 0.176391
vt 0.532704 0.186925
vt 0.522530 0.193604
vt 0.535982 0.170248
vt 0.542759 0.180037
vt 0.544785 0.163724
vt 0.552708 0.172974
vt 0.553319 0.156778
vt 0.562549 0.165766
vt 0.561457 0.149305
vt 0.572213 0.158470
vt 0.569025 0.141282
vt 0.581515 0.151184
vt 0.576308 0.133693
vt 0.590008 0.143843
vt 0.487711 0.194461
vt 0.497812 0.191155
vt 0.501974 0.205748
vt 0.492117 0.209753
vt 0.507885 0.187088
vt 0.512250 0.199975
vt 0.548760 0.215760
vt 0.537637 0.223648
vt 0.525851 0.232185
vt 0.559620 0.208203
vt 0.570573 0.200834
vt 0.582044 0.193636
vt 0.594648 0.186679
vt 0.609396 0.180037
vt 0.628116 0.173496
vt 0.512774 0.241946
vt 0.496834 0.254299
vt 0.551948 0.220477
vt 0.540929 0.228284
vt 0.529264 0.236777
vt 0.562675 0.213023
vt 0.573465 0.205772
vt 0.584756 0.198703
vt 0.597138 0.191911
vt 0.611457 0.185703
vt 0.628906 0.181797
vt 0.516645 0.246612
vt 0.503648 0.259500
vt 0.567585 0.242653
vt 0.558775 0.249252
vt 0.550464 0.256023
vt 0.576580 0.236203
vt 0.585626 0.229977
vt 0.594679 0.224168
vt 0.603726 0.219175
vt 0.612654 0.215771
vt 0.620960 0.215432
vt 0.543297 0.263103
vt 0.538589 0.270803
vt 0.251638 0.856791
vt 0.251638 0.849293
vt 0.256046 0.843226
vt 0.263176 0.840909
vt 0.270308 0.843226
vt 0.274715 0.849293
vt 0.274715 0.856791
vt 0.270308 0.862857
vt 0.263176 0.865175
vt 0.256046 0.862857
vt 0.518681 0.160183
vt 0.511559 0.164529
vt 0.509123 0.152682
vt 0.514150 0.149366
vt 0.525583 0.155412
vt 0.519154 0.145710
vt 0.532294 0.150294
vt 0.523980 0.141810
vt 0.538772 0.144783
vt 0.528467 0.137765
vt 0.544933 0.138652
vt 0.532410 0.133714
vt 0.550581 0.131379
vt 0.535536 0.129894
vt 0.554689 0.122119
vt 0.537342 0.126624
vt 0.495770 0.170932
vt 0.486439 0.171200
vt 0.495970 0.158702
vt 0.499741 0.157719
vt 0.504040 0.168245
vt 0.504243 0.155535
vt 0.491477 0.112347
vt 0.488005 0.114741
vt 0.483944 0.106973
vt 0.486855 0.105072
vt 0.494882 0.109779
vt 0.489698 0.102972
vt 0.498182 0.107059
vt 0.492431 0.100717
vt 0.501334 0.104211
vt 0.495008 0.098343
vt 0.504249 0.101271
vt 0.497381 0.095885
vt 0.506765 0.098279
vt 0.499510 0.093377
vt 0.508531 0.095278
vt 0.501406 0.090859
vt 0.481016 0.118647
vt 0.477721 0.119383
vt 0.475054 0.111034
vt 0.478062 0.109966
vt 0.484505 0.116902
vt 0.481007 0.108622
vt 0.503330 0.152977
vt 0.507921 0.150258
vt 0.499158 0.155250
vt 0.495957 0.157226
vt 0.532911 0.128744
vt 0.535703 0.126102
vt 0.529708 0.132409
vt 0.525974 0.136274
vt 0.521798 0.140087
vt 0.517312 0.143737
vt 0.512641 0.147152
vt 0.498012 0.134838
vt 0.491771 0.138212
vt 0.489583 0.135428
vt 0.495588 0.132114
vt 0.483390 0.142039
vt 0.481641 0.139009
vt 0.471678 0.147120
vt 0.470066 0.142513
vt 0.536828 0.101989
vt 0.527660 0.110193
vt 0.525446 0.107460
vt 0.533766 0.098351
vt 0.521383 0.116340
vt 0.519100 0.113616
vt 0.516382 0.121005
vt 0.513960 0.118271
vt 0.511947 0.124848
vt 0.509410 0.122162
vt 0.507633 0.128359
vt 0.505084 0.125656
vt 0.503100 0.131628
vt 0.500585 0.128915
vt 0.521082 0.165121
vt 0.528706 0.159890
vt 0.532290 0.164640
vt 0.523982 0.170329
vt 0.536116 0.154282
vt 0.540357 0.158556
vt 0.543290 0.148215
vt 0.548167 0.151995
vt 0.550135 0.141416
vt 0.555603 0.144728
vt 0.556588 0.133335
vt 0.562603 0.136369
vt 0.563003 0.122738
vt 0.570181 0.126714
vt 0.483533 0.178154
vt 0.495305 0.177030
vt 0.496079 0.183460
vt 0.483779 0.185973
vt 0.504757 0.174002
vt 0.506206 0.180053
vt 0.513179 0.169904
vt 0.515362 0.175557
vt 0.481366 0.608669
vt 0.503363 0.610109
vt 0.499810 0.664388
vt 0.477811 0.662948
vt 0.283379 0.595706
vt 0.305377 0.597146
vt 0.301823 0.651426
vt 0.279824 0.649985
vt 0.327375 0.598586
vt 0.323822 0.652866
vt 0.349374 0.600027
vt 0.345820 0.654306
vt 0.371372 0.601467
vt 0.367819 0.655747
vt 0.393371 0.602907
vt 0.389818 0.657187
vt 0.415370 0.604348
vt 0.411815 0.658627
vt 0.437368 0.605788
vt 0.433815 0.660067
vt 0.459367 0.607228
vt 0.455813 0.661508
vt 0.062012 0.320889
vt 0.063156 0.327878
vt 0.059974 0.334205
vt 0.053681 0.337453
vt 0.046680 0.336381
vt 0.041646 0.331400
vt 0.040503 0.324411
vt 0.043684 0.318084
vt 0.049978 0.314835
vt 0.056979 0.315907
vt 0.067491 0.294635
vt 0.083021 0.309858
vt 0.074754 0.314242
vt 0.063380 0.303041
vt 0.069439 0.290810
vt 0.086845 0.307908
vt 0.086637 0.331302
vt 0.077373 0.329990
vt 0.090876 0.331972
vt 0.076957 0.350776
vt 0.070233 0.344269
vt 0.079993 0.353811
vt 0.057680 0.360841
vt 0.056065 0.351625
vt 0.058352 0.365081
vt 0.036168 0.357653
vt 0.040280 0.349248
vt 0.034221 0.361478
vt 0.020638 0.342430
vt 0.028906 0.338046
vt 0.016815 0.344380
vt 0.017023 0.320986
vt 0.026288 0.322298
vt 0.012784 0.320316
vt 0.026702 0.301512
vt 0.033427 0.308019
vt 0.023666 0.298478
vt 0.045980 0.291447
vt 0.047594 0.300664
vt 0.045307 0.287207
vt 0.481363 0.608669
vt 0.503362 0.610109
vt 0.499808 0.664388
vt 0.477810 0.662948
vt 0.283377 0.595706
vt 0.305376 0.597146
vt 0.301822 0.651425
vt 0.279823 0.649985
vt 0.327374 0.598586
vt 0.323821 0.652866
vt 0.349373 0.600027
vt 0.345819 0.654306
vt 0.371372 0.601467
vt 0.367817 0.655747
vt 0.393370 0.602908
vt 0.389816 0.657187
vt 0.415368 0.604348
vt 0.411814 0.658627
vt 0.437367 0.605788
vt 0.433812 0.660068
vt 0.459365 0.607229
vt 0.455811 0.661508
vt 0.043360 0.318568
vt 0.049580 0.315179
vt 0.056603 0.316093
vt 0.061747 0.320961
vt 0.063048 0.327923
vt 0.060008 0.334320
vt 0.053789 0.337708
vt 0.046766 0.336793
vt 0.041622 0.331926
vt 0.040322 0.324964
vt 0.016771 0.322066
vt 0.026013 0.302380
vt 0.032880 0.308735
vt 0.026063 0.323170
vt 0.012517 0.321490
vt 0.022909 0.299415
vt 0.045060 0.291886
vt 0.046880 0.301064
vt 0.044292 0.287663
vt 0.066637 0.294592
vt 0.062716 0.303087
vt 0.068498 0.290724
vt 0.082502 0.309464
vt 0.074337 0.314032
vt 0.086283 0.307429
vt 0.086598 0.330822
vt 0.077306 0.329717
vt 0.090852 0.331397
vt 0.077357 0.350507
vt 0.070489 0.344152
vt 0.080460 0.353473
vt 0.058309 0.361001
vt 0.056489 0.351823
vt 0.059077 0.365224
vt 0.036732 0.358296
vt 0.040653 0.349800
vt 0.034870 0.362163
vt 0.020866 0.343423
vt 0.029032 0.338855
vt 0.017087 0.345458
vt 0.301820 0.651451
vt 0.279824 0.649985
vt 0.283440 0.595711
vt 0.305436 0.597175
vt 0.499792 0.664639
vt 0.477796 0.663173
vt 0.481411 0.608899
vt 0.503408 0.610363
vt 0.455799 0.661708
vt 0.459415 0.607432
vt 0.433802 0.660243
vt 0.437418 0.605967
vt 0.411806 0.658777
vt 0.415421 0.604502
vt 0.389808 0.657313
vt 0.393423 0.603037
vt 0.367811 0.655847
vt 0.371426 0.601571
vt 0.345814 0.654381
vt 0.349430 0.600106
vt 0.323817 0.652915
vt 0.327433 0.598640
vt 0.056391 0.315659
vt 0.061494 0.320570
vt 0.062736 0.327542
vt 0.059642 0.333913
vt 0.053394 0.337248
vt 0.046379 0.336275
vt 0.041276 0.331364
vt 0.040035 0.324391
vt 0.043129 0.318021
vt 0.049376 0.314685
vt 0.045052 0.291355
vt 0.066606 0.294242
vt 0.062613 0.302705
vt 0.046796 0.300548
vt 0.044320 0.287125
vt 0.068500 0.290391
vt 0.082347 0.309248
vt 0.074142 0.313747
vt 0.086143 0.307245
vt 0.086260 0.330640
vt 0.076978 0.329457
vt 0.090509 0.331251
vt 0.076853 0.350247
vt 0.070039 0.343834
vt 0.079931 0.353238
vt 0.057718 0.360579
vt 0.055975 0.351386
vt 0.058450 0.364809
vt 0.036164 0.357691
vt 0.040157 0.349229
vt 0.034270 0.361543
vt 0.020424 0.342686
vt 0.028628 0.338187
vt 0.016627 0.344689
vt 0.016510 0.321294
vt 0.025792 0.322477
vt 0.012261 0.320683
vt 0.025917 0.301687
vt 0.032731 0.308100
vt 0.022839 0.298696
vt 0.608559 0.233564
vt 0.621677 0.228521
vt 0.632404 0.261957
vt 0.622585 0.265755
vt 0.635211 0.224972
vt 0.642581 0.259405
vt 0.648919 0.222921
vt 0.652905 0.258083
vt 0.662581 0.222303
vt 0.663141 0.257849
vt 0.676031 0.223027
vt 0.673051 0.258344
vt 0.555349 0.276506
vt 0.564031 0.266176
vt 0.589887 0.291223
vt 0.583568 0.299097
vt 0.573726 0.256531
vt 0.596905 0.283680
vt 0.584428 0.247743
vt 0.604718 0.276770
vt 0.596081 0.240022
vt 0.613308 0.270735
vt 0.026268 0.244760
vt 0.021149 0.249484
vt 0.014231 0.250297
vt 0.008156 0.246888
vt 0.005245 0.240559
vt 0.006610 0.233728
vt 0.011729 0.229004
vt 0.018648 0.228192
vt 0.024722 0.231600
vt 0.027633 0.237929
vt 0.635011 0.292828
vt 0.641759 0.290099
vt 0.643575 0.295997
vt 0.637827 0.298356
vt 0.648992 0.288483
vt 0.649695 0.294569
vt 0.656678 0.288106
vt 0.656105 0.294227
vt 0.664821 0.289133
vt 0.662617 0.295264
vt 0.673550 0.291714
vt 0.668619 0.298301
vt 0.610453 0.321838
vt 0.614119 0.314019
vt 0.620406 0.316239
vt 0.618837 0.322979
vt 0.618287 0.307179
vt 0.623606 0.310481
vt 0.623196 0.301376
vt 0.627732 0.305608
vt 0.628800 0.296596
vt 0.632517 0.301570
vt 0.649983 0.301848
vt 0.645460 0.303067
vt 0.654443 0.301411
vt 0.658484 0.301927
vt 0.661416 0.303642
vt 0.628526 0.317344
vt 0.628087 0.320824
vt 0.630486 0.313768
vt 0.633420 0.310407
vt 0.637020 0.307432
vt 0.641085 0.304957
vt 0.273374 0.894479
vt 0.275954 0.907488
vt 0.270394 0.919529
vt 0.258819 0.926002
vt 0.245650 0.924435
vt 0.235917 0.915427
vt 0.233337 0.902418
vt 0.238897 0.890377
vt 0.250472 0.883904
vt 0.263641 0.885471
vt 0.733627 0.260132
vt 0.747694 0.259981
vt 0.748267 0.313176
vt 0.734200 0.313328
vt 0.764785 0.312998
vt 0.750718 0.313150
vt 0.750145 0.259954
vt 0.764212 0.259802
vt 0.731175 0.260158
vt 0.731749 0.313354
vt 0.048210 0.403294
vt 0.041980 0.403296
vt 0.041972 0.383380
vt 0.048202 0.383378
vt 0.151566 0.695468
vt 0.075420 0.684479
vt 0.076279 0.678307
vt 0.152429 0.689299
vt 0.194279 0.288704
vt 0.200501 0.289045
vt 0.196665 0.365889
vt 0.190443 0.365546
vt 0.041986 0.423210
vt 0.048216 0.423207
vt 0.431821 0.050587
vt 0.451737 0.050628
vt 0.439213 0.062820
vt 0.436161 0.063815
vt 0.431794 0.063806
vt 0.451580 0.127566
vt 0.438097 0.107199
vt 0.438182 0.065845
vt 0.411745 0.127482
vt 0.411910 0.050544
vt 0.424380 0.062790
vt 0.425398 0.065819
vt 0.425310 0.107172
vt 0.427428 0.063797
vt 0.156405 0.048315
vt 0.156242 0.043954
vt 0.161342 0.043765
vt 0.161503 0.048128
vt 0.675559 0.157562
vt 0.680658 0.157672
vt 0.680145 0.199022
vt 0.675046 0.198912
vt 0.307412 0.383111
vt 0.309821 0.341829
vt 0.314916 0.342079
vt 0.312507 0.383362
vt 0.161662 0.052490
vt 0.156565 0.052678
vt 0.680721 0.154808
vt 0.675620 0.154698
vt 0.309960 0.338968
vt 0.315055 0.339217
vt 0.360593 0.529672
vt 0.368110 0.535988
vt 0.367817 0.537179
vt 0.329570 0.533712
vt 0.330272 0.531401
vt 0.316853 0.530373
vt 0.317427 0.525969
vt 0.326868 0.528549
vt 0.324754 0.529680
vt 0.319728 0.524180
vt 0.329154 0.529262
vt 0.358777 0.542391
vt 0.318148 0.537044
vt 0.325178 0.534134
vt 0.327451 0.534844
vt 0.316337 0.534768
vt 0.324055 0.531992
vt 0.546156 0.779974
vt 0.547748 0.781759
vt 0.538435 0.790069
vt 0.536841 0.788284
vt 0.541380 0.774622
vt 0.542972 0.776405
vt 0.533660 0.784717
vt 0.532069 0.782933
vt 0.544563 0.778192
vt 0.535250 0.786501
vt 0.549340 0.783544
vt 0.540023 0.791853
vt 0.550931 0.785326
vt 0.541614 0.793636
vt 0.552523 0.787110
vt 0.543208 0.795421
vt 0.554111 0.788893
vt 0.544799 0.797203
vt 0.367650 0.538280
vt 0.414874 0.536264
vt 0.433575 0.536198
vt 0.433597 0.542428
vt 0.414896 0.542493
vt 0.436026 0.542420
vt 0.436003 0.536191
vt 0.454703 0.536124
vt 0.454726 0.542354
vt 0.432878 0.127527
vt 0.432905 0.115547
vt 0.430446 0.127522
vt 0.430470 0.115541
vt 0.679935 0.208853
vt 0.674835 0.208743
vt 0.306928 0.392933
vt 0.312023 0.393184
vt 0.414820 0.521058
vt 0.433521 0.520991
vt 0.435950 0.520983
vt 0.454648 0.520915
vt 0.215686 0.289879
vt 0.211848 0.366724
vt 0.026777 0.423217
vt 0.026771 0.403302
vt 0.026762 0.383385
vt 0.073320 0.699542
vt 0.149471 0.710532
vt 0.312564 0.405204
vt 0.306341 0.404898
vt 0.679675 0.220831
vt 0.673448 0.220697
vt 0.380059 0.538457
vt 0.379536 0.540857
vt 0.591336 0.779335
vt 0.589384 0.780717
vt 0.587028 0.780310
vt 0.585649 0.778358
vt 0.586055 0.776002
vt 0.588004 0.774623
vt 0.590360 0.775028
vt 0.591742 0.776980
vt 0.339865 0.944968
vt 0.299135 0.940531
vt 0.302081 0.917254
vt 0.343816 0.908702
vt 0.029906 0.920602
vt 0.030705 0.913267
vt 0.035901 0.909728
vt 0.274077 0.935675
vt 0.278158 0.942351
vt 0.277587 0.947585
vt 0.014571 0.872835
vt 0.034869 0.875046
vt 0.031665 0.904458
vt 0.027089 0.908768
vt 0.010621 0.909101
vt 0.282886 0.936635
vt 0.298123 0.949821
vt 0.023761 0.788461
vt 0.040003 0.790231
vt 0.043544 0.795426
vt 0.282550 0.902028
vt 0.291225 0.822407
vt 0.292691 0.820934
vt 0.305391 0.853874
vt 0.306804 0.870132
vt 0.682073 0.699361
vt 0.725039 0.699366
vt 0.727327 0.700780
vt 0.707799 0.716039
vt 0.697671 0.713274
vt 0.068951 0.764177
vt 0.071578 0.764463
vt 0.068431 0.793328
vt 0.065806 0.793042
vt 0.784317 0.421165
vt 0.784276 0.418522
vt 0.800627 0.418281
vt 0.800664 0.420921
vt 0.109309 0.768573
vt 0.112178 0.768886
vt 0.109035 0.797751
vt 0.106163 0.797439
vt 0.784922 0.462002
vt 0.784879 0.459114
vt 0.801228 0.458873
vt 0.801271 0.461760
vt 0.149808 0.772986
vt 0.153062 0.773340
vt 0.149918 0.802206
vt 0.146662 0.801850
vt 0.785531 0.503123
vt 0.785481 0.499848
vt 0.801831 0.499606
vt 0.801881 0.502881
vt 0.190986 0.777472
vt 0.194169 0.777818
vt 0.191025 0.806683
vt 0.187842 0.806336
vt 0.786145 0.544468
vt 0.786097 0.541267
vt 0.802447 0.541025
vt 0.802493 0.544225
vt 0.231140 0.781846
vt 0.233815 0.782137
vt 0.230671 0.811002
vt 0.227996 0.810711
vt 0.786734 0.584345
vt 0.786695 0.581653
vt 0.803045 0.581412
vt 0.803085 0.584103
vt 0.271026 0.786191
vt 0.273957 0.786510
vt 0.270812 0.815375
vt 0.267881 0.815056
vt 0.787334 0.624718
vt 0.787290 0.621771
vt 0.803640 0.621530
vt 0.803682 0.624474
vt 0.294887 0.788790
vt 0.292112 0.814262
vt 0.286991 0.817138
vt 0.048813 0.791191
vt 0.044502 0.786617
vt 0.047206 0.761808
vt 0.523497 0.074528
vt 0.474552 0.074528
vt 0.474552 0.071033
vt 0.523497 0.071034
vt 0.523497 0.036939
vt 0.523497 0.063946
vt 0.474555 0.063946
vt 0.474553 0.036939
vt 0.576033 0.074528
vt 0.527222 0.074529
vt 0.527222 0.071034
vt 0.576033 0.071034
vt 0.576033 0.036940
vt 0.576033 0.063946
vt 0.527222 0.063946
vt 0.527220 0.036939
vt 0.629451 0.074529
vt 0.580255 0.074529
vt 0.580255 0.071034
vt 0.629451 0.071035
vt 0.629450 0.036940
vt 0.629450 0.063946
vt 0.580255 0.063946
vt 0.580255 0.036939
vt 0.681538 0.074529
vt 0.633579 0.074529
vt 0.633579 0.071034
vt 0.681538 0.071035
vt 0.681538 0.036940
vt 0.681538 0.063947
vt 0.633579 0.063946
vt 0.633579 0.036940
vt 0.733278 0.074530
vt 0.685009 0.074529
vt 0.685009 0.071035
vt 0.733278 0.071035
vt 0.733279 0.036940
vt 0.733279 0.063947
vt 0.685009 0.063947
vt 0.685009 0.036940
vt 0.778390 0.621903
vt 0.777836 0.584476
vt 0.777795 0.581784
vt 0.777245 0.544599
vt 0.777197 0.541397
vt 0.776633 0.503254
vt 0.776583 0.499980
vt 0.776023 0.462134
vt 0.775980 0.459246
vt 0.775418 0.421297
vt 0.397999 0.789381
vt 0.398003 0.789381
vt 0.397999 0.789381
vt 0.398004 0.789381
vt 0.398000 0.789385
vt 0.398000 0.789381
vt 0.398001 0.789381
vt 0.469418 0.789382
vt 0.397999 0.789382
vt 0.397999 0.789382
vt 0.397999 0.789453
vt 0.397999 0.789381
vt 0.397999 0.789453
vt 0.088695 0.042469
vt 0.095821 0.042502
vt 0.095817 0.055303
vt 0.088690 0.055269
vt 0.102578 0.079131
vt 0.109419 0.079230
vt 0.109231 0.092561
vt 0.102389 0.092462
vt 0.062080 0.042469
vt 0.069204 0.042569
vt 0.069025 0.055368
vt 0.061898 0.055269
vt 0.079766 0.055801
vt 0.079761 0.042469
vt 0.086603 0.042517
vt 0.086607 0.055849
vt 0.093647 0.092561
vt 0.093459 0.079230
vt 0.100299 0.079131
vt 0.100490 0.092463
vt 0.097626 0.055303
vt 0.097620 0.042503
vt 0.104747 0.042469
vt 0.104754 0.055269
vt 0.053149 0.055368
vt 0.052968 0.042569
vt 0.060094 0.042469
vt 0.060276 0.055269
vt 0.077678 0.042469
vt 0.077673 0.055801
vt 0.070831 0.055849
vt 0.070837 0.042517
vt 0.830126 0.693981
vt 0.821103 0.444961
vt 0.837445 0.444332
vt 0.846469 0.693402
vt 0.830846 0.714588
vt 0.847178 0.714129
vt 0.827577 0.797942
vt 0.831077 0.761875
vt 0.847364 0.762893
vt 0.843886 0.799655
vt 0.486324 0.768452
vt 0.486726 0.752089
vt 0.507701 0.752671
vt 0.507502 0.769060
vt 0.483369 0.768370
vt 0.483787 0.752014
vt 0.445933 0.767371
vt 0.446367 0.751019
vt 0.443241 0.767299
vt 0.443676 0.750949
vt 0.406053 0.766308
vt 0.406487 0.749958
vt 0.402852 0.766223
vt 0.403286 0.749873
vt 0.364705 0.765206
vt 0.365141 0.748857
vt 0.361430 0.765119
vt 0.361866 0.748770
vt 0.323581 0.764112
vt 0.324018 0.747760
vt 0.320693 0.764035
vt 0.321131 0.747684
vt 0.282735 0.763032
vt 0.283186 0.746665
vt 0.280087 0.762968
vt 0.280550 0.746587
vt 0.258072 0.762356
vt 0.258757 0.746013
vt 0.128777 0.728788
vt 0.212654 0.741550
vt 0.210318 0.757735
vt 0.126288 0.744960
vt 0.092753 0.723199
vt 0.090155 0.739351
vt 0.471147 0.043246
vt 0.474555 0.043246
vt 0.471146 0.074528
vt 0.523497 0.043246
vt 0.527222 0.043246
vt 0.576033 0.043246
vt 0.580255 0.043247
vt 0.629451 0.043246
vt 0.633579 0.043247
vt 0.681538 0.043247
vt 0.685009 0.043247
vt 0.737078 0.074530
vt 0.733279 0.043248
vt 0.737079 0.043247
vt 0.743039 0.371911
vt 0.747139 0.371909
vt 0.746958 0.699369
vt 0.742859 0.699369
vt 0.813135 0.445235
vt 0.816172 0.445133
vt 0.825197 0.694155
vt 0.822160 0.694263
vt 0.258865 0.741051
vt 0.258907 0.738011
vt 0.280744 0.738600
vt 0.280674 0.741641
vt 0.518543 0.371886
vt 0.522593 0.371884
vt 0.522578 0.400633
vt 0.518526 0.400635
vt 0.735010 0.775148
vt 0.735032 0.778836
vt 0.682028 0.778829
vt 0.681944 0.775143
vt 0.823126 0.760939
vt 0.826142 0.761336
vt 0.822640 0.797442
vt 0.819610 0.797153
vt 0.474555 0.067792
vt 0.523497 0.067793
vt 0.527222 0.067793
vt 0.576033 0.067793
vt 0.580255 0.067793
vt 0.629451 0.067794
vt 0.633579 0.067794
vt 0.681538 0.067794
vt 0.685009 0.067794
vt 0.733279 0.067794
vt 0.129524 0.723910
vt 0.093512 0.718324
vt 0.825894 0.714765
vt 0.682263 0.350283
vt 0.682252 0.371902
vt 0.565940 0.371888
vt 0.559000 0.366527
vt 0.559009 0.350269
vt 0.213414 0.736663
vt 0.742846 0.726516
vt 0.735036 0.726516
vt 0.731978 0.703807
vt 0.736891 0.699366
vt 0.735242 0.350288
vt 0.732165 0.366543
vt 0.725218 0.371907
vt 0.731985 0.693085
vt 0.732157 0.378194
vt 0.738088 0.371908
vt 0.709742 0.733642
vt 0.712799 0.724476
vt 0.700418 0.738168
vt 0.633660 0.775138
vt 0.629789 0.771631
vt 0.690290 0.735406
vt 0.522414 0.699342
vt 0.522429 0.671670
vt 0.558833 0.671675
vt 0.558821 0.693066
vt 0.553908 0.699347
vt 0.486878 0.747141
vt 0.507886 0.747704
vt 0.558981 0.400637
vt 0.553071 0.371889
vt 0.558993 0.378173
vt 0.513950 0.792980
vt 0.513179 0.795892
vt 0.510093 0.799710
vt 0.487417 0.781545
vt 0.493124 0.774623
vt 0.512562 0.790319
vt 0.397998 0.789382
vt 0.093945 0.715314
vt 0.129984 0.720905
vt 0.735269 0.346598
vt 0.682290 0.346595
vt 0.822855 0.714879
vt 0.746944 0.726514
vt 0.518363 0.699341
vt 0.518378 0.671673
vt 0.508014 0.744667
vt 0.486975 0.744100
vt 0.213888 0.733660
vt 0.559035 0.346580
vt 0.625857 0.768071
vt 0.625874 0.736597
vt 0.638281 0.723015
vt 0.685289 0.726970
vt 0.086220 0.738699
vt 0.082149 0.738021
vt 0.084772 0.721839
vt 0.088832 0.722557
vt 0.836641 0.425126
vt 0.836842 0.429242
vt 0.820522 0.429940
vt 0.820271 0.425832
vt 0.848055 0.750177
vt 0.847886 0.754484
vt 0.831673 0.753964
vt 0.831738 0.749939
vt 0.847653 0.758782
vt 0.831415 0.757996
vt 0.839661 0.837227
vt 0.838914 0.841509
vt 0.822878 0.838691
vt 0.823496 0.834726
vt 0.838113 0.845783
vt 0.822069 0.842637
vt 0.531750 0.769103
vt 0.527426 0.769266
vt 0.526843 0.753058
vt 0.530860 0.752852
vt 0.523107 0.769369
vt 0.522803 0.753081
vt 0.242744 0.761830
vt 0.238462 0.761528
vt 0.239861 0.745348
vt 0.243891 0.745590
vt 0.234165 0.761165
vt 0.235843 0.744916
vt 0.739345 0.346601
vt 0.744863 0.348670
vt 0.740764 0.352358
vt 0.747148 0.353669
vt 0.743047 0.357354
vt 0.518552 0.353641
vt 0.520842 0.348643
vt 0.524890 0.352338
vt 0.522602 0.357330
vt 0.526364 0.346577
vt 0.530413 0.350267
vt 0.522138 0.745107
vt 0.526576 0.745143
vt 0.526651 0.748343
vt 0.522885 0.748185
vt 0.531044 0.744877
vt 0.530420 0.747976
vt 0.629607 0.778825
vt 0.624088 0.776754
vt 0.628141 0.773067
vt 0.621803 0.771757
vt 0.823442 0.758031
vt 0.823763 0.753648
vt 0.826962 0.753815
vt 0.826575 0.757594
vt 0.823776 0.749167
vt 0.826843 0.750007
vt 0.236511 0.740055
vt 0.089660 0.717776
vt 0.244054 0.740712
vt 0.815647 0.430210
vt 0.818631 0.834122
vt 0.812644 0.431349
vt 0.236089 0.736913
vt 0.244980 0.737679
vt 0.091120 0.714910
vt 0.522406 0.714211
vt 0.518353 0.717898
vt 0.746919 0.771771
vt 0.742821 0.768084
vt 0.739108 0.778836
vt 0.815707 0.832871
vt 0.010190 0.913047
vt 0.014953 0.918973
vt 0.011344 0.916996
vt 0.339435 0.948914
vt 0.337459 0.952523
vt 0.333508 0.953676
vt 0.346699 0.867696
vt 0.347854 0.871645
vt 0.319286 0.863125
vt 0.343091 0.865718
vt 0.313685 0.792422
vt 0.314839 0.796372
vt 0.308966 0.850282
vt 0.310078 0.790445
vt 0.028301 0.761332
vt 0.032249 0.760178
vt 0.026323 0.764941
vt 0.563508 0.700657
vt 0.612470 0.717545
vt 0.608964 0.721285
vt 0.530210 0.721277
vt 0.524690 0.719206
vt 0.740532 0.773078
vt 0.812124 0.427167
vt 0.815281 0.426149
vt 0.087063 0.713904
vt 0.085695 0.716919
vt 0.240522 0.737449
vt 0.240233 0.740643
vt 0.526156 0.724965
vt 0.520637 0.722893
vt 0.818220 0.837880
vt 0.817289 0.841503
vt 0.815071 0.837279
vt 0.814121 0.841612
vt 0.744629 0.776767
vt 0.563676 0.699990
vt 0.688347 0.717801
vt 0.602034 0.763925
vt 0.585784 0.764337
vt 0.584733 0.747930
vt 0.601276 0.747709
vt 0.584426 0.742952
vt 0.601224 0.742862
vt 0.584974 0.739796
vt 0.601266 0.739664
vt 0.621821 0.740284
vt 0.604911 0.724974
vt 0.832364 0.869380
vt 0.816370 0.865723
vt 0.811529 0.864438
vt 0.808308 0.864766
vt 0.565761 0.699348
vt 0.279347 0.931441
vt 0.787684 0.648308
vt 0.787630 0.644649
vt 0.803978 0.644406
vt 0.804034 0.648065
vt 0.787576 0.640991
vt 0.803924 0.640747
vt 0.775124 0.401563
vt 0.775071 0.397904
vt 0.783969 0.397772
vt 0.784023 0.401430
vt 0.775017 0.394246
vt 0.783915 0.394113
vt 0.773392 0.284580
vt 0.773336 0.280922
vt 0.782235 0.280790
vt 0.782288 0.284448
vt 0.773283 0.277264
vt 0.782181 0.277132
vt 0.780519 0.765422
vt 0.780465 0.761763
vt 0.789363 0.761631
vt 0.789418 0.765290
vt 0.780411 0.758105
vt 0.789309 0.757973
vt 0.782728 0.314031
vt 0.799077 0.313789
vt 0.800265 0.393871
vt 0.798639 0.284206
vt 0.778629 0.037573
vt 0.794978 0.037329
vt 0.798530 0.276888
vt 0.788870 0.728390
vt 0.805221 0.728148
vt 0.805658 0.757729
vt 0.800374 0.401189
vt 0.778677 0.641122
vt 0.778435 0.624850
vt 0.775379 0.418654
vt 0.773830 0.314163
vt 0.769732 0.037704
vt 0.779971 0.728521
vt 0.778785 0.648440
vt 0.778730 0.644780
vt 0.800319 0.397531
vt 0.798585 0.280548
vt 0.805712 0.761389
vt 0.805765 0.765047
vt 0.560853 0.697505
vt 0.558818 0.699347
vt 0.561029 0.373732
vt 0.558997 0.371888
vt 0.730126 0.373751
vt 0.732161 0.371908
vt 0.729948 0.697526
vt 0.731981 0.699368
vt 0.290199 0.818896
vt 0.291743 0.817656
vt 0.045300 0.792217
vt 0.044061 0.790673
vt 0.032691 0.907970
vt 0.031148 0.909211
vt 0.277587 0.934649
vt 0.278828 0.936193
vt 0.273576 0.203190
vt 0.280786 0.202141
vt 0.286624 0.206498
vt 0.287671 0.213707
vt 0.283314 0.219547
vt 0.276105 0.220595
vt 0.270267 0.216238
vt 0.269218 0.209028
vt 0.172669 0.541046
vt 0.173076 0.547262
vt 0.153204 0.548563
vt 0.152796 0.542348
vt 0.184239 0.044082
vt 0.260431 0.054777
vt 0.259596 0.060950
vt 0.183405 0.050255
vt 0.261242 0.033512
vt 0.261333 0.039739
vt 0.184409 0.041246
vt 0.184319 0.035019
vt 0.192950 0.545957
vt 0.192541 0.539740
vt 0.335514 0.057446
vt 0.355430 0.057489
vt 0.342902 0.069680
vt 0.339849 0.070675
vt 0.335485 0.070665
vt 0.355261 0.134426
vt 0.341782 0.114059
vt 0.341872 0.072705
vt 0.315426 0.134339
vt 0.315600 0.057401
vt 0.328070 0.069648
vt 0.329087 0.072676
vt 0.328995 0.114031
vt 0.331119 0.070656
vt 0.137551 0.049859
vt 0.137392 0.045496
vt 0.142487 0.045306
vt 0.142645 0.049670
vt 0.677068 0.088836
vt 0.682170 0.088902
vt 0.682031 0.130254
vt 0.676932 0.130190
vt 0.157218 0.877123
vt 0.159983 0.835862
vt 0.165076 0.836157
vt 0.162311 0.877419
vt 0.142807 0.054033
vt 0.137711 0.054219
vt 0.682208 0.086036
vt 0.677104 0.085973
vt 0.160149 0.833003
vt 0.165241 0.833297
vt 0.638935 0.157071
vt 0.642654 0.166156
vt 0.641838 0.167076
vt 0.609594 0.146221
vt 0.611289 0.144503
vt 0.599886 0.137348
vt 0.602442 0.133717
vt 0.609601 0.140393
vt 0.607203 0.140409
vt 0.605312 0.133204
vt 0.611290 0.142090
vt 0.631412 0.167485
vt 0.597929 0.143856
vt 0.605509 0.144552
vt 0.607190 0.146235
vt 0.597386 0.140999
vt 0.605507 0.142131
vt 0.041266 0.065304
vt 0.039939 0.063318
vt 0.050317 0.056384
vt 0.051646 0.058372
vt 0.034625 0.055365
vt 0.033298 0.053379
vt 0.043677 0.046444
vt 0.045006 0.048432
vt 0.031970 0.051390
vt 0.042349 0.044456
vt 0.030642 0.049402
vt 0.041022 0.042469
vt 0.038610 0.061330
vt 0.048991 0.054396
vt 0.037282 0.059343
vt 0.047663 0.052408
vt 0.035954 0.057354
vt 0.046333 0.050419
vt 0.641179 0.167972
vt 0.467744 0.234188
vt 0.467734 0.252889
vt 0.461502 0.252886
vt 0.461514 0.234183
vt 0.461502 0.255314
vt 0.467732 0.255318
vt 0.467721 0.274018
vt 0.461492 0.274014
vt 0.336561 0.134386
vt 0.336586 0.122406
vt 0.334125 0.134381
vt 0.334151 0.122401
vt 0.681909 0.140089
vt 0.676808 0.140022
vt 0.156650 0.886941
vt 0.161745 0.887237
vt 0.482953 0.234196
vt 0.482943 0.252899
vt 0.482940 0.255326
vt 0.482930 0.274025
vt 0.261557 0.054946
vt 0.184633 0.056453
vt 0.193945 0.561133
vt 0.174074 0.562437
vt 0.154200 0.563739
vt 0.262470 0.039708
vt 0.186279 0.029012
vt 0.162179 0.899261
vt 0.155959 0.898901
vt 0.681759 0.152066
vt 0.675529 0.151989
vt 0.652081 0.173901
vt 0.650500 0.175787
vt 0.555617 0.779339
vt 0.553662 0.780717
vt 0.551307 0.780310
vt 0.549929 0.778358
vt 0.550332 0.776002
vt 0.552287 0.774623
vt 0.554640 0.775028
vt 0.556022 0.776982
vt 0.523788 0.278875
vt 0.544621 0.290906
vt 0.502953 0.314959
vt 0.502953 0.290900
vt 0.523784 0.326986
vt 0.544621 0.314959
vt 0.046888 0.729863
vt 0.051652 0.679177
vt 0.058437 0.679815
vt 0.053674 0.730501
vt 0.012956 0.726674
vt 0.017721 0.675987
vt 0.024508 0.676625
vt 0.019743 0.727311
vt 0.040102 0.729225
vt 0.044866 0.678539
vt 0.026528 0.727949
vt 0.031294 0.677263
vt 0.038079 0.677900
vt 0.033316 0.728587
vt 0.523788 0.270289
vt 0.552056 0.286610
vt 0.552055 0.286610
vt 0.495520 0.319251
vt 0.495520 0.286607
vt 0.523784 0.335573
vt 0.523784 0.335573
vt 0.552056 0.319253
vt 0.552056 0.319253
vt 0.523972 0.286208
vt 0.538363 0.294731
vt 0.509210 0.311130
vt 0.509397 0.294409
vt 0.523597 0.319653
vt 0.538176 0.311459
vt 0.214931 0.888479
vt 0.208712 0.888124
vt 0.209846 0.868241
vt 0.216065 0.868598
vt 0.184241 0.044086
vt 0.260432 0.054778
vt 0.259597 0.060950
vt 0.183405 0.050259
vt 0.261242 0.033509
vt 0.184411 0.041246
vt 0.184319 0.035017
vt 0.207576 0.908007
vt 0.213796 0.908362
vt 0.241504 0.082685
vt 0.261422 0.082730
vt 0.248896 0.094922
vt 0.245841 0.095915
vt 0.241475 0.095906
vt 0.261254 0.159668
vt 0.247775 0.139298
vt 0.247864 0.097946
vt 0.221417 0.159580
vt 0.221592 0.082643
vt 0.234062 0.094888
vt 0.235081 0.097918
vt 0.234988 0.139270
vt 0.237110 0.095896
vt 0.146475 0.049523
vt 0.146316 0.045160
vt 0.151408 0.044973
vt 0.151569 0.049336
vt 0.664688 0.142073
vt 0.669786 0.142186
vt 0.669275 0.183536
vt 0.664175 0.183424
vt 0.175078 0.892174
vt 0.177843 0.850912
vt 0.182934 0.851208
vt 0.180171 0.892468
vt 0.151734 0.053699
vt 0.146638 0.053885
vt 0.669847 0.139320
vt 0.664749 0.139210
vt 0.178007 0.848052
vt 0.183099 0.848347
vt 0.028774 0.545947
vt 0.023383 0.554152
vt 0.022165 0.554000
vt 0.021130 0.515610
vt 0.023505 0.516034
vt 0.022955 0.502588
vt 0.027396 0.502643
vt 0.025941 0.512322
vt 0.024570 0.510353
vt 0.029441 0.504717
vt 0.025498 0.514675
vt 0.015930 0.545632
vt 0.016481 0.504655
vt 0.020194 0.511297
vt 0.019753 0.513636
vt 0.018531 0.502590
vt 0.022189 0.509930
vt 0.523800 0.779927
vt 0.525408 0.781696
vt 0.516177 0.790097
vt 0.514568 0.788328
vt 0.518972 0.774623
vt 0.520581 0.776392
vt 0.511350 0.784794
vt 0.509742 0.783025
vt 0.522191 0.778160
vt 0.512960 0.786560
vt 0.527019 0.783464
vt 0.517788 0.791863
vt 0.528628 0.785232
vt 0.519394 0.793632
vt 0.530236 0.786999
vt 0.521005 0.795400
vt 0.531846 0.788768
vt 0.522615 0.797169
vt 0.021052 0.553964
vt 0.442549 0.136878
vt 0.442539 0.155578
vt 0.436309 0.155575
vt 0.436319 0.136873
vt 0.436306 0.158003
vt 0.442536 0.158007
vt 0.442527 0.176707
vt 0.436297 0.176703
vt 0.242553 0.159627
vt 0.242579 0.147648
vt 0.240117 0.159622
vt 0.240145 0.147642
vt 0.669062 0.193365
vt 0.663961 0.193257
vt 0.174512 0.901990
vt 0.179604 0.902283
vt 0.457754 0.136886
vt 0.457745 0.155586
vt 0.457745 0.158015
vt 0.457735 0.176715
vt 0.261556 0.054948
vt 0.192389 0.907138
vt 0.193527 0.887257
vt 0.194664 0.867373
vt 0.186279 0.029013
vt 0.180038 0.914308
vt 0.173821 0.913949
vt 0.668804 0.205343
vt 0.662576 0.205208
vt 0.022326 0.566308
vt 0.019881 0.566071
vt 0.403684 0.794097
vt 0.401733 0.795476
vt 0.399377 0.795069
vt 0.397997 0.793117
vt 0.398405 0.790761
vt 0.400358 0.789382
vt 0.402714 0.789789
vt 0.404092 0.791741
vt 0.523793 0.278874
vt 0.502956 0.314959
vt 0.502956 0.290900
vt 0.523784 0.326985
vt 0.544621 0.314959
vt 0.555504 0.473842
vt 0.555196 0.422934
vt 0.562012 0.422893
vt 0.562320 0.473801
vt 0.568828 0.422852
vt 0.569136 0.473760
vt 0.548689 0.473884
vt 0.548379 0.422976
vt 0.535056 0.473967
vt 0.534748 0.423059
vt 0.541564 0.423017
vt 0.541873 0.473925
vt 0.528243 0.474008
vt 0.527932 0.423101
vt 0.523793 0.270289
vt 0.552060 0.286610
vt 0.495522 0.319250
vt 0.495522 0.286607
vt 0.495522 0.319251
vt 0.523972 0.286207
vt 0.509210 0.311130
vt 0.509404 0.294409
vt 0.523597 0.319653
vt 0.538176 0.311458
vt 0.523799 0.278875
vt 0.544630 0.290905
vt 0.502956 0.314953
vt 0.502956 0.290900
vt 0.523793 0.326985
vt 0.550169 0.661573
vt 0.554242 0.610826
vt 0.561033 0.611372
vt 0.556963 0.662118
vt 0.516201 0.658848
vt 0.520270 0.608102
vt 0.527066 0.608646
vt 0.522993 0.659393
vt 0.543377 0.661028
vt 0.547447 0.610282
vt 0.529788 0.659938
vt 0.533858 0.609192
vt 0.540652 0.609737
vt 0.536583 0.660483
vt 0.523799 0.270289
vt 0.552063 0.286609
vt 0.523799 0.270288
vt 0.495522 0.286607
vt 0.495528 0.286607
vt 0.495520 0.319250
vt 0.523793 0.335573
vt 0.523788 0.335573
vt 0.552063 0.319253
vt 0.552060 0.319253
vt 0.523983 0.286208
vt 0.538373 0.294731
vt 0.509220 0.311130
vt 0.523604 0.319653
vt 0.538179 0.311451
vt 0.047366 0.450148
vt 0.041136 0.450151
vt 0.041128 0.430235
vt 0.047358 0.430232
vt 0.101509 0.817409
vt 0.100443 0.894341
vt 0.094213 0.894283
vt 0.095282 0.817351
vt 0.240247 0.698161
vt 0.239461 0.704339
vt 0.163092 0.695005
vt 0.163879 0.688825
vt 0.041145 0.470065
vt 0.047376 0.470063
vt 0.194812 0.083278
vt 0.214725 0.083315
vt 0.202202 0.095510
vt 0.199152 0.096506
vt 0.194788 0.096497
vt 0.214584 0.160253
vt 0.201097 0.139890
vt 0.201173 0.098536
vt 0.174752 0.160178
vt 0.174897 0.083240
vt 0.187373 0.095482
vt 0.188391 0.098512
vt 0.188311 0.139865
vt 0.190421 0.096489
vt 0.017154 0.137664
vt 0.017156 0.133299
vt 0.022258 0.133301
vt 0.022255 0.137667
vt 0.756520 0.691532
vt 0.761616 0.691315
vt 0.763759 0.732614
vt 0.758662 0.732833
vt 0.166147 0.884649
vt 0.168911 0.843388
vt 0.174004 0.843682
vt 0.171239 0.884943
vt 0.022252 0.142032
vt 0.017150 0.142030
vt 0.761494 0.688454
vt 0.756398 0.688670
vt 0.169076 0.840527
vt 0.174169 0.840823
vt 0.705016 0.322783
vt 0.713047 0.328434
vt 0.712856 0.329644
vt 0.674453 0.329464
vt 0.674952 0.327103
vt 0.661495 0.327227
vt 0.661690 0.322788
vt 0.671318 0.324551
vt 0.669306 0.325859
vt 0.663829 0.320809
vt 0.673654 0.325068
vt 0.704295 0.335608
vt 0.663355 0.333761
vt 0.670113 0.330261
vt 0.672436 0.330775
vt 0.661355 0.331648
vt 0.668808 0.328222
vt 0.135468 0.054425
vt 0.133075 0.054491
vt 0.132728 0.042015
vt 0.135120 0.041945
vt 0.123517 0.054757
vt 0.121129 0.054822
vt 0.120782 0.042345
vt 0.123169 0.042280
vt 0.118738 0.054889
vt 0.118390 0.042412
vt 0.116352 0.054955
vt 0.116002 0.042478
vt 0.130688 0.054558
vt 0.130342 0.042079
vt 0.128299 0.054623
vt 0.127950 0.042147
vt 0.125908 0.054690
vt 0.125559 0.042211
vt 0.712783 0.330753
vt 0.441072 0.233397
vt 0.441056 0.252100
vt 0.434825 0.252092
vt 0.434843 0.233391
vt 0.434823 0.254520
vt 0.441052 0.254527
vt 0.441034 0.273227
vt 0.434805 0.273221
vt 0.195885 0.160219
vt 0.195908 0.148240
vt 0.193449 0.160213
vt 0.193473 0.148234
vt 0.764176 0.742439
vt 0.759081 0.742657
vt 0.165580 0.894465
vt 0.170674 0.894761
vt 0.456282 0.233411
vt 0.456263 0.252113
vt 0.456263 0.254542
vt 0.456244 0.273241
vt 0.237540 0.719427
vt 0.161172 0.710091
vt 0.025935 0.470070
vt 0.025929 0.450157
vt 0.025921 0.430241
vt 0.115651 0.894474
vt 0.116718 0.817544
vt 0.171108 0.906783
vt 0.164890 0.906427
vt 0.764689 0.754407
vt 0.758464 0.754671
vt 0.725163 0.329872
vt 0.724846 0.332309
vt 0.582407 0.779335
vt 0.580454 0.780717
vt 0.578098 0.780310
vt 0.576719 0.778358
vt 0.577122 0.776002
vt 0.579074 0.774623
vt 0.581431 0.775028
vt 0.582811 0.776980
vt 0.523788 0.278874
vt 0.544624 0.290906
vt 0.502953 0.290900
vt 0.523788 0.326985
vt 0.204634 0.283949
vt 0.208989 0.233227
vt 0.215777 0.233810
vt 0.211424 0.284532
vt 0.222570 0.234393
vt 0.218214 0.285115
vt 0.197841 0.283366
vt 0.202197 0.232643
vt 0.184262 0.282199
vt 0.188616 0.231477
vt 0.195404 0.232060
vt 0.191051 0.282783
vt 0.177468 0.281616
vt 0.181824 0.230894
vt 0.523788 0.270288
vt 0.552060 0.319253
vt 0.523983 0.286207
vt 0.538367 0.294730
vt 0.538179 0.311451
vt 0.157938 0.582500
vt 0.157420 0.588709
vt 0.137574 0.587052
vt 0.138091 0.580845
vt 0.021629 0.222312
vt 0.046494 0.149502
vt 0.052400 0.151488
vt 0.027535 0.224298
vt 0.261244 0.033511
vt 0.261334 0.039740
vt 0.184320 0.035017
vt 0.177266 0.590364
vt 0.177783 0.584156
vt 0.384614 0.049560
vt 0.404531 0.049598
vt 0.392007 0.061793
vt 0.388957 0.062789
vt 0.384591 0.062780
vt 0.404392 0.126535
vt 0.390903 0.106172
vt 0.390978 0.064819
vt 0.364553 0.126462
vt 0.364702 0.049523
vt 0.377178 0.061765
vt 0.378197 0.064795
vt 0.378117 0.106148
vt 0.380224 0.062773
vt 0.106555 0.046834
vt 0.106555 0.042468
vt 0.111658 0.042471
vt 0.111655 0.046836
vt 0.758316 0.775170
vt 0.763414 0.774965
vt 0.765470 0.816268
vt 0.760372 0.816473
vt 0.148300 0.869599
vt 0.151091 0.828338
vt 0.156183 0.828635
vt 0.153392 0.869895
vt 0.111652 0.051202
vt 0.106552 0.051199
vt 0.763299 0.772102
vt 0.758203 0.772309
vt 0.151259 0.825477
vt 0.156352 0.825775
vt 0.479638 0.207497
vt 0.474495 0.215860
vt 0.473274 0.215746
vt 0.471082 0.177406
vt 0.473469 0.177759
vt 0.472515 0.164333
vt 0.476957 0.164255
vt 0.475792 0.173974
vt 0.474361 0.172047
vt 0.479062 0.166266
vt 0.475419 0.176340
vt 0.466791 0.207572
vt 0.466106 0.166595
vt 0.470019 0.173123
vt 0.469649 0.175473
vt 0.468091 0.164469
vt 0.471970 0.171695
vt 0.030996 0.039345
vt 0.028607 0.039332
vt 0.028666 0.026850
vt 0.031056 0.026863
vt 0.055777 0.449473
vt 0.056046 0.447098
vt 0.068448 0.448498
vt 0.068180 0.450874
vt 0.056314 0.444722
vt 0.068716 0.446123
vt 0.056581 0.442346
vt 0.068985 0.443748
vt 0.054702 0.458975
vt 0.054972 0.456599
vt 0.067375 0.458001
vt 0.067107 0.460376
vt 0.055240 0.454225
vt 0.067642 0.455625
vt 0.055509 0.451849
vt 0.067910 0.453249
vt 0.472162 0.215744
vt 0.296083 0.492675
vt 0.296066 0.511378
vt 0.289837 0.511373
vt 0.289854 0.492670
vt 0.289835 0.513800
vt 0.296064 0.513806
vt 0.296045 0.532505
vt 0.289814 0.532499
vt 0.385690 0.126502
vt 0.385712 0.114522
vt 0.383254 0.126497
vt 0.383277 0.114518
vt 0.765866 0.826093
vt 0.760771 0.826299
vt 0.147728 0.879413
vt 0.152820 0.879711
vt 0.311292 0.492691
vt 0.311273 0.511392
vt 0.311273 0.513820
vt 0.311256 0.532521
vt 0.184635 0.056453
vt 0.176001 0.605519
vt 0.156155 0.603865
vt 0.136308 0.602209
vt 0.032081 0.144660
vt 0.007213 0.217467
vt 0.153247 0.891737
vt 0.147030 0.891375
vt 0.766351 0.838061
vt 0.760127 0.838312
vt 0.473808 0.228045
vt 0.471354 0.227880
vt 0.573476 0.779335
vt 0.571524 0.780717
vt 0.569167 0.780310
vt 0.567788 0.778358
vt 0.568193 0.776002
vt 0.570144 0.774623
vt 0.572500 0.775028
vt 0.573882 0.776980
vt 0.523791 0.278874
vt 0.544624 0.290906
vt 0.502955 0.314959
vt 0.502958 0.290900
vt 0.523789 0.326985
vt 0.544622 0.314959
vt 0.554216 0.543998
vt 0.555258 0.493101
vt 0.562073 0.493240
vt 0.561031 0.544139
vt 0.568887 0.493380
vt 0.567845 0.544279
vt 0.547401 0.543860
vt 0.548444 0.492961
vt 0.533773 0.543580
vt 0.534816 0.492682
vt 0.541630 0.492822
vt 0.540587 0.543720
vt 0.526959 0.543441
vt 0.528000 0.492543
vt 0.523792 0.270288
vt 0.552058 0.286610
vt 0.523791 0.270289
vt 0.495521 0.319251
vt 0.495523 0.286610
vt 0.523789 0.335573
vt 0.552059 0.319253
vt 0.552056 0.319253
vt 0.523979 0.286207
vt 0.538366 0.294730
vt 0.509214 0.311130
vt 0.509402 0.294409
vt 0.523603 0.319653
vt 0.538177 0.311458
vt 0.218010 0.538664
vt 0.218473 0.544880
vt 0.198614 0.546362
vt 0.198150 0.540145
vt 0.232728 0.502611
vt 0.157389 0.518216
vt 0.156096 0.512120
vt 0.231434 0.496516
vt 0.794211 0.861210
vt 0.788002 0.860718
vt 0.793734 0.783995
vt 0.799946 0.784489
vt 0.238333 0.543400
vt 0.237869 0.537183
vt 0.286159 0.053484
vt 0.306073 0.053522
vt 0.293552 0.065717
vt 0.290500 0.066713
vt 0.286134 0.066704
vt 0.305935 0.130459
vt 0.292449 0.110096
vt 0.292521 0.068741
vt 0.266098 0.130386
vt 0.266244 0.053446
vt 0.278719 0.065689
vt 0.279738 0.068718
vt 0.279661 0.110073
vt 0.281767 0.066696
vt 0.072567 0.446712
vt 0.072568 0.442346
vt 0.077669 0.442349
vt 0.077668 0.446715
vt 0.133839 0.813931
vt 0.138927 0.813564
vt 0.142286 0.854780
vt 0.137198 0.855148
vt 0.289100 0.034051
vt 0.330390 0.036342
vt 0.330154 0.041436
vt 0.288865 0.039146
vt 0.077665 0.451080
vt 0.072565 0.451077
vt 0.138722 0.810703
vt 0.133635 0.811071
vt 0.333252 0.036475
vt 0.333015 0.041570
vt 0.316058 0.460043
vt 0.310570 0.468184
vt 0.309356 0.468018
vt 0.308765 0.429621
vt 0.311136 0.430073
vt 0.310740 0.416618
vt 0.315182 0.416727
vt 0.313614 0.426388
vt 0.312263 0.424402
vt 0.317204 0.418825
vt 0.313142 0.428733
vt 0.303218 0.459579
vt 0.304245 0.418614
vt 0.307880 0.425295
vt 0.307415 0.427632
vt 0.306316 0.416570
vt 0.309892 0.423953
vt 0.109381 0.026512
vt 0.111771 0.026428
vt 0.112209 0.038902
vt 0.109821 0.038986
vt 0.121328 0.026092
vt 0.123716 0.026009
vt 0.124156 0.038484
vt 0.121765 0.038566
vt 0.126106 0.025925
vt 0.126546 0.038398
vt 0.128493 0.025838
vt 0.128935 0.038313
vt 0.114158 0.026343
vt 0.114598 0.038819
vt 0.116549 0.026261
vt 0.116989 0.038735
vt 0.118938 0.026177
vt 0.119379 0.038652
vt 0.308245 0.467972
vt 0.443568 0.185452
vt 0.443555 0.204154
vt 0.437324 0.204150
vt 0.437337 0.185449
vt 0.437324 0.206578
vt 0.443553 0.206583
vt 0.443540 0.225283
vt 0.437311 0.225279
vt 0.287231 0.130426
vt 0.287254 0.118447
vt 0.284800 0.130422
vt 0.284820 0.118441
vt 0.142994 0.864586
vt 0.137907 0.864954
vt 0.279279 0.033595
vt 0.279042 0.038690
vt 0.458776 0.185462
vt 0.458764 0.204164
vt 0.458764 0.206592
vt 0.458749 0.225291
vt 0.772842 0.859509
vt 0.778574 0.782784
vt 0.239464 0.558565
vt 0.219604 0.560047
vt 0.199741 0.561529
vt 0.160548 0.533093
vt 0.235887 0.517488
vt 0.267023 0.039265
vt 0.267312 0.033042
vt 0.143858 0.876536
vt 0.137645 0.876984
vt 0.309373 0.480328
vt 0.306929 0.480063
vt 0.564545 0.779335
vt 0.562593 0.780717
vt 0.560237 0.780310
vt 0.558857 0.778358
vt 0.559262 0.776002
vt 0.561214 0.774623
vt 0.563570 0.775028
vt 0.564950 0.776980
vt 0.523791 0.278875
vt 0.544624 0.290900
vt 0.502956 0.314953
vt 0.502957 0.290900
vt 0.523788 0.326986
vt 0.544622 0.314959
vt 0.342448 0.795661
vt 0.333404 0.845761
vt 0.326697 0.844551
vt 0.335739 0.794450
vt 0.319989 0.843340
vt 0.329032 0.793241
vt 0.349154 0.796871
vt 0.340112 0.846972
vt 0.362569 0.799294
vt 0.353527 0.849392
vt 0.346820 0.848182
vt 0.355862 0.798082
vt 0.369277 0.800504
vt 0.360234 0.850604
vt 0.523792 0.270289
vt 0.552059 0.286609
vt 0.523791 0.270288
vt 0.495521 0.319250
vt 0.495523 0.286607
vt 0.495523 0.286607
vt 0.495521 0.319251
vt 0.523789 0.335573
vt 0.523788 0.335573
vt 0.552059 0.319253
vt 0.523979 0.286207
vt 0.538365 0.294730
vt 0.509215 0.311130
vt 0.509403 0.294409
vt 0.523603 0.319653
vt 0.538177 0.311451
vt 0.549894 0.559741
vt 0.550236 0.571975
vt 0.423931 0.571672
vt 0.423590 0.559438
vt 0.289563 0.562227
vt 0.290137 0.550001
vt 0.416062 0.559873
vt 0.415489 0.572098
vt 0.467156 0.520287
vt 0.472874 0.520338
vt 0.472767 0.532579
vt 0.467057 0.532528
vt 0.478592 0.520387
vt 0.478478 0.532627
vt 0.274409 0.157864
vt 0.274026 0.152158
vt 0.286239 0.151336
vt 0.286622 0.157033
vt 0.273641 0.146453
vt 0.285855 0.145639
vt 0.275847 0.179351
vt 0.275467 0.173638
vt 0.287681 0.172823
vt 0.288060 0.178521
vt 0.275085 0.167924
vt 0.287300 0.167125
vt 0.488675 0.520472
vt 0.494401 0.520520
vt 0.494302 0.532761
vt 0.488591 0.532713
vt 0.500127 0.520565
vt 0.500013 0.532805
vt 0.459597 0.532462
vt 0.459706 0.520221
vt 0.285352 0.138195
vt 0.273139 0.139020
vt 0.288529 0.185600
vt 0.276315 0.186410
vt 0.483317 0.532669
vt 0.483421 0.520427
vt 0.274732 0.162682
vt 0.286947 0.161862
vt 0.507106 0.532860
vt 0.507200 0.520619
vt 0.020246 0.633605
vt 0.263158 0.653829
vt 0.257123 0.658194
vt 0.025498 0.638890
vt 0.265338 0.625138
vt 0.022728 0.604939
vt 0.028580 0.600966
vt 0.260205 0.620271
vt 0.264803 0.643397
vt 0.266149 0.648954
vt 0.018082 0.628313
vt 0.020308 0.623046
vt 0.020774 0.615332
vt 0.019590 0.609729
vt 0.267662 0.630371
vt 0.265588 0.635709
vt 0.649841 0.429163
vt 0.661298 0.429163
vt 0.668546 0.431105
vt 0.672652 0.435211
vt 0.674595 0.442459
vt 0.674595 0.665471
vt 0.672652 0.672720
vt 0.668546 0.676825
vt 0.661299 0.678767
vt 0.649842 0.678767
vt 0.642593 0.676826
vt 0.638488 0.672720
vt 0.636545 0.665471
vt 0.636545 0.442459
vt 0.638487 0.435211
vt 0.642593 0.431105
vt 0.814708 0.261412
vt 0.856425 0.261412
vt 0.856425 0.300322
vt 0.814708 0.300322
vt 0.856425 0.325491
vt 0.814708 0.325491
vt 0.856425 0.340605
vt 0.814708 0.340605
vt 0.856425 0.349267
vt 0.814708 0.349267
vt 0.856425 0.412868
vt 0.814708 0.412868
vt 0.856425 0.408340
vt 0.814708 0.408340
vt 0.856425 0.395568
vt 0.814708 0.395568
vt 0.856425 0.371507
vt 0.814708 0.371507
vt 0.856425 0.332597
vt 0.814708 0.332597
vt 0.856425 0.307428
vt 0.814708 0.307428
vt 0.856425 0.292314
vt 0.814708 0.292314
vt 0.856425 0.283652
vt 0.814708 0.283652
vt 0.856425 0.220050
vt 0.814708 0.220050
vt 0.856425 0.224578
vt 0.814708 0.224578
vt 0.856425 0.237351
vt 0.814708 0.237351
vt 0.248880 0.695804
vt 0.249744 0.684379
vt 0.252228 0.677298
vt 0.256631 0.673514
vt 0.264005 0.672124
vt 0.486383 0.688947
vt 0.493463 0.691432
vt 0.497247 0.695835
vt 0.498638 0.703209
vt 0.497774 0.714633
vt 0.495289 0.721715
vt 0.490886 0.725499
vt 0.483512 0.726888
vt 0.261134 0.710065
vt 0.254054 0.707581
vt 0.250270 0.703177
vt 0.816212 0.054572
vt 0.857929 0.054572
vt 0.857929 0.093482
vt 0.816212 0.093482
vt 0.857929 0.118651
vt 0.816212 0.118651
vt 0.857929 0.133764
vt 0.816212 0.133764
vt 0.857929 0.142428
vt 0.816212 0.142428
vt 0.857929 0.206028
vt 0.816212 0.206028
vt 0.857929 0.201500
vt 0.816212 0.201500
vt 0.857929 0.188728
vt 0.816212 0.188728
vt 0.857929 0.164667
vt 0.816212 0.164667
vt 0.857929 0.125757
vt 0.816212 0.125757
vt 0.857929 0.100588
vt 0.816212 0.100588
vt 0.857929 0.085474
vt 0.816212 0.085474
vt 0.857929 0.076812
vt 0.816212 0.076812
vt 0.857929 0.013210
vt 0.816212 0.013210
vt 0.857929 0.017739
vt 0.816212 0.017739
vt 0.857929 0.030511
vt 0.816212 0.030511
vt 0.683866 0.908177
vt 0.706799 0.905676
vt 0.708887 0.924833
vt 0.685954 0.927333
vt 0.729732 0.903177
vt 0.731821 0.922333
vt 0.752666 0.900677
vt 0.754754 0.919832
vt 0.775599 0.898176
vt 0.777688 0.917333
vt 0.798533 0.895676
vt 0.800621 0.914833
vt 0.821466 0.893176
vt 0.823555 0.912332
vt 0.844400 0.890676
vt 0.846488 0.909832
vt 0.261950 0.639500
vt 0.023752 0.619661
vt 0.271634 0.190637
vt 0.261069 0.211145
vt 0.241665 0.223623
vt 0.218622 0.224726
vt 0.198114 0.214161
vt 0.185637 0.194757
vt 0.184533 0.171714
vt 0.270530 0.167595
vt 0.711540 0.891686
vt 0.688488 0.892573
vt 0.685178 0.806540
vt 0.708231 0.805653
vt 0.728637 0.816412
vt 0.740932 0.835932
vt 0.741818 0.858985
vt 0.731061 0.879392
vt 0.960827 0.843237
vt 0.961448 0.843237
vt 0.961634 0.895403
vt 0.961013 0.895376
vt 0.957724 0.843250
vt 0.958344 0.843263
vt 0.958536 0.895477
vt 0.957918 0.895417
vt 0.958965 0.843274
vt 0.959156 0.895507
vt 0.959586 0.843269
vt 0.959776 0.895476
vt 0.960207 0.843252
vt 0.960393 0.895412
vt 0.958777 0.082485
vt 0.958156 0.082518
vt 0.957971 0.080844
vt 0.958597 0.080825
vt 0.955674 0.082525
vt 0.955054 0.082498
vt 0.955321 0.080806
vt 0.955865 0.080790
vt 0.956294 0.082557
vt 0.956373 0.080772
vt 0.956915 0.082563
vt 0.956924 0.080798
vt 0.957536 0.082544
vt 0.957428 0.080818
vt 0.958130 0.077778
vt 0.958743 0.077816
vt 0.955075 0.077800
vt 0.955663 0.077996
vt 0.956275 0.078186
vt 0.956953 0.078173
vt 0.957555 0.077983
vt 0.977996 0.848516
vt 0.978617 0.848513
vt 0.979188 0.925259
vt 0.978567 0.925245
vt 0.979238 0.848511
vt 0.979809 0.925266
vt 0.979858 0.848506
vt 0.980430 0.925255
vt 0.980479 0.848500
vt 0.981050 0.925231
vt 0.981100 0.848493
vt 0.981671 0.925215
vt 0.981721 0.848488
vt 0.982292 0.925217
vt 0.972875 0.087885
vt 0.972254 0.087869
vt 0.972420 0.086204
vt 0.973044 0.086201
vt 0.973495 0.087899
vt 0.973588 0.086164
vt 0.974116 0.087918
vt 0.974092 0.086132
vt 0.974737 0.087911
vt 0.974645 0.086146
vt 0.975357 0.087878
vt 0.975153 0.086153
vt 0.975977 0.087840
vt 0.975697 0.086163
vt 0.972236 0.083198
vt 0.972856 0.083156
vt 0.973435 0.083356
vt 0.974042 0.083543
vt 0.974721 0.083523
vt 0.975332 0.083331
vt 0.975918 0.083130
vt 0.944456 0.817058
vt 0.945077 0.817060
vt 0.945544 0.918285
vt 0.944923 0.918270
vt 0.941352 0.817077
vt 0.941973 0.817071
vt 0.942441 0.918289
vt 0.941821 0.918302
vt 0.942594 0.817061
vt 0.943061 0.918259
vt 0.943215 0.817054
vt 0.943682 0.918239
vt 0.943836 0.817054
vt 0.944303 0.918246
vt 0.941637 0.056418
vt 0.941017 0.056447
vt 0.940830 0.054775
vt 0.941456 0.054755
vt 0.938534 0.056464
vt 0.937914 0.056435
vt 0.938180 0.054742
vt 0.938724 0.054725
vt 0.939155 0.056493
vt 0.939232 0.054706
vt 0.939776 0.056493
vt 0.939783 0.054731
vt 0.940396 0.056470
vt 0.940287 0.054750
vt 0.940985 0.051709
vt 0.941597 0.051746
vt 0.937930 0.051736
vt 0.938518 0.051931
vt 0.939130 0.052120
vt 0.939808 0.052106
vt 0.940410 0.051915
vt 0.907429 0.807519
vt 0.907810 0.807026
vt 0.910561 0.932228
vt 0.910049 0.932232
vt 0.908108 0.807440
vt 0.911090 0.932190
vt 0.906113 0.807491
vt 0.906442 0.808327
vt 0.908449 0.932228
vt 0.907891 0.932273
vt 0.906835 0.808801
vt 0.908959 0.932205
vt 0.907121 0.808372
vt 0.909491 0.932214
vt 0.898499 0.045268
vt 0.898177 0.045732
vt 0.898343 0.043579
vt 0.898839 0.043575
vt 0.898707 0.045132
vt 0.899504 0.043077
vt 0.897435 0.045484
vt 0.897210 0.045117
vt 0.896701 0.043050
vt 0.897109 0.043487
vt 0.897747 0.045961
vt 0.897531 0.043469
vt 0.897961 0.046047
vt 0.897844 0.043014
vt 0.898333 0.039761
vt 0.898895 0.039751
vt 0.899276 0.040054
vt 0.896501 0.040006
vt 0.896925 0.040655
vt 0.897538 0.040673
vt 0.897950 0.040061
vt 0.918807 0.812850
vt 0.919196 0.812363
vt 0.920741 0.961441
vt 0.920229 0.961440
vt 0.919489 0.812780
vt 0.921270 0.961403
vt 0.917479 0.812809
vt 0.917805 0.813647
vt 0.918630 0.961405
vt 0.918072 0.961449
vt 0.918195 0.814123
vt 0.919140 0.961389
vt 0.918485 0.813698
vt 0.919672 0.961410
vt 0.918244 0.049936
vt 0.917913 0.050395
vt 0.918103 0.048244
vt 0.918599 0.048246
vt 0.918453 0.049802
vt 0.919269 0.047755
vt 0.917169 0.050141
vt 0.916946 0.049770
vt 0.916464 0.047696
vt 0.916867 0.048137
vt 0.917479 0.050620
vt 0.917290 0.048124
vt 0.917692 0.050708
vt 0.917609 0.047672
vt 0.918136 0.044425
vt 0.918697 0.044422
vt 0.919075 0.044728
vt 0.916301 0.044649
vt 0.916718 0.045304
vt 0.917330 0.045328
vt 0.917749 0.044721
vt 0.928048 0.808935
vt 0.928439 0.808449
vt 0.930234 0.980383
vt 0.929722 0.980385
vt 0.928731 0.808867
vt 0.930763 0.980339
vt 0.926709 0.808896
vt 0.927040 0.809733
vt 0.928123 0.980337
vt 0.927566 0.980385
vt 0.927432 0.810208
vt 0.928633 0.980324
vt 0.927722 0.809782
vt 0.929165 0.980352
vt 0.927088 0.045505
vt 0.926755 0.045964
vt 0.926944 0.043812
vt 0.927440 0.043814
vt 0.927299 0.045372
vt 0.928110 0.043324
vt 0.926007 0.045711
vt 0.925781 0.045340
vt 0.925303 0.043265
vt 0.925706 0.043706
vt 0.926320 0.046189
vt 0.926129 0.043693
vt 0.926533 0.046277
vt 0.926449 0.043240
vt 0.926975 0.039993
vt 0.927537 0.039989
vt 0.927915 0.040296
vt 0.925140 0.040217
vt 0.925557 0.040872
vt 0.926169 0.040896
vt 0.926589 0.040289
vt 0.647510 0.939036
vt 0.647145 0.930062
vt 0.645665 0.929485
vt 0.646013 0.938751
vt 0.647695 0.950340
vt 0.646105 0.950424
vt 0.647544 0.960946
vt 0.645886 0.961374
vt 0.647182 0.968012
vt 0.645453 0.968670
vt 0.646860 0.969644
vt 0.645096 0.970356
vt 0.646702 0.965406
vt 0.644959 0.965979
vt 0.646704 0.956432
vt 0.645028 0.956714
vt 0.646724 0.945128
vt 0.645120 0.945042
vt 0.646677 0.934522
vt 0.646706 0.937167
vt 0.645139 0.937062
vt 0.645151 0.934090
vt 0.646675 0.927455
vt 0.645183 0.926794
vt 0.646809 0.925822
vt 0.645335 0.925109
vt 0.645084 0.928097
vt 0.645439 0.938066
vt 0.645532 0.950628
vt 0.645244 0.962411
vt 0.644744 0.970263
vt 0.644325 0.972076
vt 0.644215 0.967367
vt 0.644323 0.957395
vt 0.644469 0.944836
vt 0.644510 0.936812
vt 0.644521 0.933051
vt 0.644557 0.925200
vt 0.644728 0.923387
vt 0.387034 0.937793
vt 0.386679 0.927823
vt 0.387297 0.926435
vt 0.387726 0.937111
vt 0.387128 0.950354
vt 0.387872 0.950559
vt 0.386839 0.962138
vt 0.387580 0.963177
vt 0.386340 0.969989
vt 0.387054 0.971583
vt 0.385920 0.971802
vt 0.386507 0.973524
vt 0.385811 0.967093
vt 0.386487 0.968483
vt 0.385918 0.957122
vt 0.386600 0.957807
vt 0.386064 0.944562
vt 0.386716 0.944358
vt 0.386116 0.932778
vt 0.386105 0.936538
vt 0.386734 0.936290
vt 0.386748 0.931740
vt 0.386153 0.924927
vt 0.386731 0.923335
vt 0.386323 0.923113
vt 0.386903 0.921392
vt 0.646131 0.937385
vt 0.645702 0.926708
vt 0.647162 0.926135
vt 0.647672 0.937102
vt 0.646277 0.950833
vt 0.647904 0.950920
vt 0.645985 0.963451
vt 0.647688 0.963883
vt 0.645459 0.971857
vt 0.647175 0.972518
vt 0.644911 0.973798
vt 0.646621 0.974513
vt 0.644892 0.968756
vt 0.646629 0.969333
vt 0.645005 0.958080
vt 0.646682 0.958364
vt 0.645121 0.944632
vt 0.646724 0.944549
vt 0.645152 0.932014
vt 0.645139 0.936564
vt 0.646705 0.936462
vt 0.646658 0.931586
vt 0.645136 0.923608
vt 0.646579 0.922950
vt 0.645308 0.921666
vt 0.646723 0.920954
vt 0.648624 0.926712
vt 0.649170 0.937388
vt 0.649485 0.950836
vt 0.649375 0.963454
vt 0.648954 0.971860
vt 0.648449 0.973802
vt 0.648401 0.968760
vt 0.648390 0.958084
vt 0.648340 0.944636
vt 0.648263 0.936567
vt 0.648185 0.932018
vt 0.648050 0.923611
vt 0.648194 0.921669
vt 0.649248 0.928101
vt 0.649769 0.938071
vt 0.650080 0.950633
vt 0.650013 0.962416
vt 0.649661 0.970268
vt 0.649305 0.972081
vt 0.649134 0.967372
vt 0.649083 0.957401
vt 0.648999 0.944841
vt 0.648904 0.936816
vt 0.648840 0.933056
vt 0.648720 0.925205
vt 0.648833 0.923391
vt 0.648628 0.929489
vt 0.649070 0.938754
vt 0.649328 0.950427
vt 0.649243 0.961378
vt 0.648918 0.968674
vt 0.648606 0.970359
vt 0.648435 0.965983
vt 0.648389 0.956717
vt 0.648340 0.945045
vt 0.648264 0.937065
vt 0.648218 0.934093
vt 0.648138 0.926797
vt 0.648256 0.925112
vt 0.670419 0.945949
vt 0.670302 0.943899
vt 0.671027 0.943791
vt 0.671687 0.945874
vt 0.670462 0.946554
vt 0.673013 0.946558
vt 0.670410 0.945360
vt 0.674216 0.945442
vt 0.670288 0.943067
vt 0.674571 0.943181
vt 0.670162 0.941018
vt 0.673882 0.941098
vt 0.670112 0.940413
vt 0.672572 0.940415
vt 0.670172 0.941606
vt 0.671398 0.941530
vt 0.671025 0.945897
vt 0.671685 0.947979
vt 0.673011 0.948663
vt 0.674214 0.947547
vt 0.674569 0.945286
vt 0.673879 0.943204
vt 0.672570 0.942520
vt 0.671396 0.943635
vt 0.646740 0.941691
vt 0.645397 0.942376
vt 0.644837 0.942577
vt 0.386432 0.942304
vt 0.386965 0.941541
vt 0.645370 0.941814
vt 0.646705 0.940981
vt 0.648072 0.939609
vt 0.648678 0.939363
vt 0.648097 0.940042
vt 0.647997 0.945925
vt 0.649712 0.943877
vt 0.647460 0.946529
vt 0.647966 0.945337
vt 0.649667 0.943045
vt 0.650550 0.940997
vt 0.651146 0.940393
vt 0.650568 0.941586
vt 0.647610 0.943192
vt 0.646203 0.944099
vt 0.645651 0.944304
vt 0.387246 0.944030
vt 0.387766 0.943308
vt 0.389055 0.946256
vt 0.389561 0.945063
vt 0.646171 0.943582
vt 0.647566 0.942483
vt 0.648753 0.941372
vt 0.649334 0.941150
vt 0.648779 0.941851
vt 0.647510 0.939036
vt 0.647145 0.930062
vt 0.645665 0.929485
vt 0.646013 0.938751
vt 0.647695 0.950340
vt 0.646105 0.950424
vt 0.647544 0.960946
vt 0.645886 0.961375
vt 0.647182 0.968012
vt 0.645453 0.968670
vt 0.646842 0.969644
vt 0.645059 0.970356
vt 0.646702 0.965405
vt 0.644959 0.965979
vt 0.646704 0.956432
vt 0.645028 0.956713
vt 0.646724 0.945128
vt 0.645120 0.945041
vt 0.646677 0.934522
vt 0.646706 0.937168
vt 0.645139 0.937061
vt 0.645151 0.934090
vt 0.646675 0.927456
vt 0.645183 0.926795
vt 0.646809 0.925823
vt 0.645335 0.925109
vt 0.645084 0.928097
vt 0.645439 0.938068
vt 0.645532 0.950627
vt 0.645244 0.962412
vt 0.644706 0.970262
vt 0.644204 0.972075
vt 0.644216 0.967367
vt 0.644323 0.957396
vt 0.644469 0.944836
vt 0.644510 0.936813
vt 0.644521 0.933052
vt 0.644557 0.925201
vt 0.644728 0.923387
vt 0.387034 0.937794
vt 0.386679 0.927823
vt 0.387297 0.926435
vt 0.387726 0.937110
vt 0.387128 0.950354
vt 0.387872 0.950560
vt 0.386839 0.962139
vt 0.387580 0.963176
vt 0.386301 0.969989
vt 0.386932 0.971583
vt 0.385799 0.971802
vt 0.386404 0.973525
vt 0.385811 0.967093
vt 0.386487 0.968482
vt 0.385918 0.957123
vt 0.386600 0.957806
vt 0.386064 0.944562
vt 0.386716 0.944358
vt 0.386116 0.932778
vt 0.386105 0.936539
vt 0.386734 0.936291
vt 0.386153 0.924927
vt 0.386731 0.923334
vt 0.386323 0.923113
vt 0.386903 0.921392
vt 0.646131 0.937384
vt 0.645702 0.926709
vt 0.647162 0.926135
vt 0.647672 0.937103
vt 0.646277 0.950834
vt 0.647904 0.950920
vt 0.645985 0.963450
vt 0.647688 0.963883
vt 0.645337 0.971857
vt 0.647045 0.972518
vt 0.644808 0.973798
vt 0.646518 0.974513
vt 0.644892 0.968756
vt 0.646629 0.969333
vt 0.645005 0.958080
vt 0.646682 0.958365
vt 0.645121 0.944631
vt 0.646724 0.944548
vt 0.645152 0.932014
vt 0.645139 0.936564
vt 0.646705 0.936462
vt 0.646658 0.931586
vt 0.645136 0.923608
vt 0.646579 0.922950
vt 0.645308 0.921666
vt 0.646723 0.920955
vt 0.648624 0.926712
vt 0.649170 0.937387
vt 0.649485 0.950837
vt 0.649375 0.963454
vt 0.648827 0.971861
vt 0.648346 0.973802
vt 0.648401 0.968760
vt 0.648390 0.958083
vt 0.648340 0.944635
vt 0.648262 0.936568
vt 0.648050 0.923611
vt 0.648194 0.921669
vt 0.649248 0.928101
vt 0.649769 0.938073
vt 0.650080 0.950632
vt 0.650013 0.962417
vt 0.649620 0.970268
vt 0.649191 0.972080
vt 0.649134 0.967372
vt 0.649083 0.957401
vt 0.648904 0.936817
vt 0.648840 0.933056
vt 0.648720 0.925205
vt 0.648833 0.923391
vt 0.648627 0.929488
vt 0.649070 0.938754
vt 0.649328 0.950427
vt 0.649243 0.961379
vt 0.648918 0.968674
vt 0.648554 0.970359
vt 0.648435 0.965982
vt 0.648389 0.956717
vt 0.648340 0.945045
vt 0.648264 0.937065
vt 0.648218 0.934094
vt 0.648138 0.926798
vt 0.648256 0.925112
vt 0.670419 0.945949
vt 0.670302 0.943900
vt 0.671027 0.943791
vt 0.671687 0.945873
vt 0.670462 0.946553
vt 0.673013 0.946558
vt 0.670410 0.945361
vt 0.674216 0.945441
vt 0.670287 0.943067
vt 0.674571 0.943180
vt 0.670162 0.941018
vt 0.673882 0.941098
vt 0.670112 0.940413
vt 0.672572 0.940415
vt 0.670172 0.941606
vt 0.671398 0.941530
vt 0.671025 0.945896
vt 0.671685 0.947978
vt 0.673011 0.948662
vt 0.674214 0.947548
vt 0.674569 0.945286
vt 0.673879 0.943203
vt 0.672570 0.942520
vt 0.671396 0.943636
vt 0.646740 0.941691
vt 0.645397 0.942375
vt 0.644837 0.942577
vt 0.386432 0.942303
vt 0.386965 0.941541
vt 0.645370 0.941814
vt 0.646705 0.940982
vt 0.648072 0.939609
vt 0.648678 0.939365
vt 0.648097 0.940042
vt 0.647997 0.945925
vt 0.649712 0.943878
vt 0.647460 0.946529
vt 0.647966 0.945337
vt 0.649667 0.943045
vt 0.650550 0.940997
vt 0.651146 0.940393
vt 0.650568 0.941585
vt 0.647610 0.943191
vt 0.646203 0.944099
vt 0.645651 0.944305
vt 0.387246 0.944031
vt 0.387766 0.943308
vt 0.389561 0.945063
vt 0.646171 0.943581
vt 0.647566 0.942484
vt 0.648753 0.941371
vt 0.649334 0.941150
vt 0.648779 0.941851
vt 0.647510 0.939037
vt 0.647145 0.930063
vt 0.645665 0.929487
vt 0.646013 0.938752
vt 0.647694 0.950342
vt 0.646105 0.950425
vt 0.647544 0.960948
vt 0.645886 0.961376
vt 0.647182 0.968013
vt 0.645453 0.968671
vt 0.646860 0.969645
vt 0.645096 0.970356
vt 0.646702 0.965407
vt 0.644959 0.965980
vt 0.646704 0.956433
vt 0.645028 0.956715
vt 0.646724 0.945128
vt 0.645120 0.945043
vt 0.646677 0.934523
vt 0.646706 0.937168
vt 0.645139 0.937063
vt 0.645151 0.934091
vt 0.646675 0.927457
vt 0.645183 0.926794
vt 0.646809 0.925824
vt 0.645335 0.925110
vt 0.645084 0.928097
vt 0.645439 0.938068
vt 0.645532 0.950629
vt 0.645244 0.962413
vt 0.644744 0.970264
vt 0.644290 0.972077
vt 0.644215 0.967368
vt 0.644323 0.957397
vt 0.644469 0.944838
vt 0.644510 0.936814
vt 0.644521 0.933052
vt 0.644557 0.925201
vt 0.644728 0.923388
vt 0.387034 0.937795
vt 0.386679 0.927824
vt 0.387297 0.926436
vt 0.387726 0.937111
vt 0.387128 0.950355
vt 0.387872 0.950561
vt 0.386839 0.962139
vt 0.387580 0.963178
vt 0.386339 0.969990
vt 0.387022 0.971584
vt 0.385885 0.971803
vt 0.386487 0.973525
vt 0.385811 0.967094
vt 0.386487 0.968483
vt 0.385918 0.957123
vt 0.386600 0.957807
vt 0.386064 0.944564
vt 0.386716 0.944359
vt 0.386116 0.932779
vt 0.386105 0.936540
vt 0.386734 0.936291
vt 0.386747 0.931741
vt 0.386153 0.924928
vt 0.386731 0.923335
vt 0.386323 0.923114
vt 0.386903 0.921392
vt 0.646131 0.937385
vt 0.645702 0.926709
vt 0.647162 0.926135
vt 0.647672 0.937104
vt 0.646277 0.950834
vt 0.647904 0.950921
vt 0.645985 0.963452
vt 0.647688 0.963884
vt 0.645427 0.971857
vt 0.647149 0.972519
vt 0.644892 0.973799
vt 0.646589 0.974514
vt 0.644892 0.968757
vt 0.646629 0.969333
vt 0.645005 0.958081
vt 0.646682 0.958366
vt 0.645121 0.944633
vt 0.646724 0.944549
vt 0.645152 0.932014
vt 0.645139 0.936565
vt 0.646705 0.936463
vt 0.646658 0.931587
vt 0.645136 0.923609
vt 0.646579 0.922951
vt 0.645308 0.921666
vt 0.646723 0.920954
vt 0.648624 0.926712
vt 0.649170 0.937388
vt 0.649485 0.950838
vt 0.649374 0.963455
vt 0.648929 0.971861
vt 0.648417 0.973803
vt 0.648401 0.968760
vt 0.648390 0.958085
vt 0.648340 0.944636
vt 0.648263 0.936568
vt 0.648185 0.932018
vt 0.648050 0.923612
vt 0.648194 0.921669
vt 0.649248 0.928102
vt 0.649769 0.938073
vt 0.650080 0.950634
vt 0.650013 0.962418
vt 0.649661 0.970269
vt 0.649268 0.972082
vt 0.649134 0.967373
vt 0.649083 0.957402
vt 0.648999 0.944842
vt 0.648904 0.936818
vt 0.648840 0.933057
vt 0.648720 0.925206
vt 0.648833 0.923392
vt 0.648628 0.929490
vt 0.649070 0.938756
vt 0.649328 0.950428
vt 0.649243 0.961379
vt 0.648917 0.968675
vt 0.648606 0.970360
vt 0.648435 0.965984
vt 0.648389 0.956718
vt 0.648340 0.945046
vt 0.648264 0.937066
vt 0.648218 0.934095
vt 0.648138 0.926797
vt 0.648256 0.925113
vt 0.670419 0.945950
vt 0.670302 0.943901
vt 0.671027 0.943792
vt 0.671687 0.945875
vt 0.670462 0.946554
vt 0.673013 0.946558
vt 0.670410 0.945361
vt 0.674216 0.945444
vt 0.670288 0.943068
vt 0.674571 0.943182
vt 0.670162 0.941019
vt 0.673882 0.941100
vt 0.670112 0.940414
vt 0.672572 0.940416
vt 0.670172 0.941607
vt 0.671398 0.941531
vt 0.671024 0.945898
vt 0.671685 0.947980
vt 0.673011 0.948663
vt 0.674214 0.947548
vt 0.674569 0.945287
vt 0.673880 0.943205
vt 0.672570 0.942520
vt 0.671396 0.943636
vt 0.646740 0.941693
vt 0.645397 0.942376
vt 0.644837 0.942578
vt 0.386432 0.942305
vt 0.386965 0.941542
vt 0.645370 0.941815
vt 0.646705 0.940982
vt 0.648072 0.939610
vt 0.648678 0.939365
vt 0.648097 0.940043
vt 0.647997 0.945926
vt 0.649712 0.943879
vt 0.647460 0.946530
vt 0.647966 0.945338
vt 0.649667 0.943047
vt 0.650550 0.940998
vt 0.651146 0.940394
vt 0.650568 0.941586
vt 0.647610 0.943192
vt 0.646203 0.944100
vt 0.645651 0.944306
vt 0.387246 0.944032
vt 0.387766 0.943309
vt 0.389055 0.946256
vt 0.389561 0.945064
vt 0.646171 0.943583
vt 0.647566 0.942485
vt 0.648753 0.941372
vt 0.649334 0.941151
vt 0.648779 0.941852
vt 0.647510 0.939036
vt 0.647145 0.930062
vt 0.646014 0.938751
vt 0.647695 0.950341
vt 0.646105 0.950424
vt 0.647545 0.960946
vt 0.645886 0.961375
vt 0.647182 0.968012
vt 0.645454 0.968670
vt 0.646860 0.969644
vt 0.645096 0.970355
vt 0.646702 0.965405
vt 0.644960 0.965979
vt 0.646696 0.956432
vt 0.645016 0.956713
vt 0.646724 0.945128
vt 0.645113 0.945041
vt 0.646677 0.934522
vt 0.645139 0.937062
vt 0.645151 0.934090
vt 0.646675 0.927456
vt 0.645183 0.926794
vt 0.646809 0.925823
vt 0.645084 0.928096
vt 0.645439 0.938067
vt 0.645533 0.950627
vt 0.645244 0.962412
vt 0.644744 0.970262
vt 0.644290 0.972075
vt 0.644206 0.967367
vt 0.644298 0.957396
vt 0.644446 0.944836
vt 0.644510 0.936813
vt 0.644521 0.933051
vt 0.644558 0.925201
vt 0.644728 0.923387
vt 0.387035 0.937794
vt 0.386680 0.927823
vt 0.387298 0.926435
vt 0.387727 0.937111
vt 0.387129 0.950354
vt 0.387874 0.950559
vt 0.386840 0.962138
vt 0.387581 0.963177
vt 0.386341 0.969988
vt 0.387023 0.971583
vt 0.385887 0.971802
vt 0.386470 0.973524
vt 0.385802 0.967093
vt 0.386476 0.968482
vt 0.385894 0.957122
vt 0.386563 0.957806
vt 0.386043 0.944563
vt 0.386709 0.944358
vt 0.386117 0.932778
vt 0.386106 0.936539
vt 0.386735 0.936290
vt 0.386749 0.931740
vt 0.386154 0.924927
vt 0.386732 0.923334
vt 0.386324 0.923113
vt 0.386904 0.921392
vt 0.646131 0.937384
vt 0.645702 0.926709
vt 0.647162 0.926135
vt 0.647672 0.937103
vt 0.646277 0.950833
vt 0.647904 0.950919
vt 0.647688 0.963882
vt 0.645427 0.971856
vt 0.647132 0.972518
vt 0.644874 0.973798
vt 0.646577 0.974512
vt 0.644880 0.968755
vt 0.646619 0.969333
vt 0.644967 0.958080
vt 0.646650 0.958365
vt 0.645113 0.944632
vt 0.646713 0.944549
vt 0.645152 0.932014
vt 0.645139 0.936564
vt 0.646705 0.936462
vt 0.646659 0.931586
vt 0.645136 0.923608
vt 0.646579 0.922950
vt 0.645308 0.921666
vt 0.646724 0.920955
vt 0.648625 0.926712
vt 0.649170 0.937388
vt 0.649485 0.950836
vt 0.649375 0.963454
vt 0.648916 0.971860
vt 0.648405 0.973802
vt 0.648377 0.968759
vt 0.648362 0.958083
vt 0.648325 0.944635
vt 0.648263 0.936567
vt 0.648185 0.932017
vt 0.648050 0.923611
vt 0.648194 0.921669
vt 0.649248 0.928101
vt 0.649769 0.938072
vt 0.650079 0.950632
vt 0.650013 0.962417
vt 0.649661 0.970267
vt 0.649268 0.972081
vt 0.649134 0.967372
vt 0.649067 0.957401
vt 0.648904 0.936817
vt 0.648840 0.933056
vt 0.648833 0.923391
vt 0.649070 0.938754
vt 0.649328 0.950427
vt 0.649243 0.961378
vt 0.648606 0.970359
vt 0.648435 0.965983
vt 0.648373 0.956717
vt 0.648325 0.945045
vt 0.648264 0.937065
vt 0.648218 0.934094
vt 0.648138 0.926798
vt 0.648256 0.925112
vt 0.670419 0.945948
vt 0.670302 0.943900
vt 0.671027 0.943791
vt 0.671687 0.945873
vt 0.673013 0.946557
vt 0.674216 0.945442
vt 0.670288 0.943067
vt 0.674571 0.943180
vt 0.670162 0.941018
vt 0.673882 0.941098
vt 0.670112 0.940413
vt 0.672572 0.940414
vt 0.670172 0.941606
vt 0.671398 0.941530
vt 0.671025 0.945896
vt 0.674214 0.947547
vt 0.674569 0.945286
vt 0.673880 0.943203
vt 0.672570 0.942520
vt 0.671396 0.943635
vt 0.646741 0.941691
vt 0.645397 0.942376
vt 0.644829 0.942577
vt 0.386426 0.942304
vt 0.386950 0.941540
vt 0.645354 0.941814
vt 0.646694 0.940981
vt 0.648073 0.939609
vt 0.648678 0.939365
vt 0.648097 0.940042
vt 0.647997 0.945925
vt 0.649712 0.943878
vt 0.647449 0.946530
vt 0.647951 0.945337
vt 0.650550 0.940997
vt 0.651147 0.940393
vt 0.650568 0.941585
vt 0.647610 0.943191
vt 0.646187 0.944099
vt 0.645635 0.944304
vt 0.387231 0.944031
vt 0.387751 0.943308
vt 0.389045 0.946256
vt 0.389547 0.945063
vt 0.646155 0.943582
vt 0.647551 0.942484
vt 0.648753 0.941371
vt 0.649334 0.941150
vt 0.648779 0.941851
vt 0.647510 0.939037
vt 0.647145 0.930063
vt 0.646014 0.938751
vt 0.647695 0.950341
vt 0.647545 0.960947
vt 0.645886 0.961375
vt 0.646860 0.969644
vt 0.645096 0.970356
vt 0.646702 0.965406
vt 0.644960 0.965979
vt 0.646696 0.956432
vt 0.645016 0.956714
vt 0.646724 0.945128
vt 0.645113 0.945042
vt 0.646677 0.934522
vt 0.645139 0.937062
vt 0.645151 0.934090
vt 0.646675 0.927457
vt 0.645183 0.926795
vt 0.646809 0.925823
vt 0.645335 0.925109
vt 0.645084 0.928097
vt 0.645439 0.938067
vt 0.645533 0.950628
vt 0.645244 0.962412
vt 0.644744 0.970263
vt 0.644339 0.972076
vt 0.644206 0.967367
vt 0.644298 0.957396
vt 0.644447 0.944837
vt 0.644510 0.936813
vt 0.644521 0.933052
vt 0.644558 0.925201
vt 0.644728 0.923388
vt 0.387035 0.937794
vt 0.386680 0.927823
vt 0.387298 0.926436
vt 0.387727 0.937112
vt 0.387129 0.950355
vt 0.387874 0.950560
vt 0.386840 0.962139
vt 0.387581 0.963177
vt 0.386341 0.969989
vt 0.387055 0.971583
vt 0.385935 0.971802
vt 0.386613 0.973524
vt 0.386476 0.968482
vt 0.385895 0.957123
vt 0.386563 0.957807
vt 0.386043 0.944563
vt 0.386709 0.944360
vt 0.386117 0.932779
vt 0.386106 0.936540
vt 0.386735 0.936291
vt 0.386749 0.931741
vt 0.386154 0.924928
vt 0.386732 0.923335
vt 0.386324 0.923114
vt 0.386904 0.921392
vt 0.646131 0.937385
vt 0.645702 0.926710
vt 0.647672 0.937104
vt 0.646277 0.950834
vt 0.647904 0.950920
vt 0.647688 0.963883
vt 0.645459 0.971856
vt 0.647208 0.972518
vt 0.645017 0.973798
vt 0.646774 0.974513
vt 0.644880 0.968755
vt 0.646619 0.969333
vt 0.644967 0.958081
vt 0.645113 0.944633
vt 0.646713 0.944550
vt 0.645153 0.932014
vt 0.645139 0.936565
vt 0.646705 0.936462
vt 0.646659 0.931586
vt 0.645136 0.923609
vt 0.646579 0.922949
vt 0.645308 0.921666
vt 0.646723 0.920955
vt 0.648625 0.926713
vt 0.649170 0.937388
vt 0.649485 0.950837
vt 0.648955 0.971860
vt 0.648561 0.973802
vt 0.648377 0.968759
vt 0.648362 0.958084
vt 0.648325 0.944637
vt 0.648263 0.936568
vt 0.648185 0.932018
vt 0.648050 0.923612
vt 0.648194 0.921669
vt 0.649248 0.928101
vt 0.649769 0.938072
vt 0.650080 0.950633
vt 0.650013 0.962417
vt 0.649661 0.970268
vt 0.649323 0.972081
vt 0.649134 0.967372
vt 0.649067 0.957401
vt 0.648999 0.944842
vt 0.648904 0.936818
vt 0.648840 0.933057
vt 0.648721 0.925205
vt 0.648833 0.923392
vt 0.648628 0.929489
vt 0.649070 0.938755
vt 0.649329 0.950427
vt 0.649243 0.961378
vt 0.648918 0.968674
vt 0.648606 0.970360
vt 0.648435 0.965983
vt 0.648374 0.956717
vt 0.648325 0.945046
vt 0.648264 0.937066
vt 0.648218 0.934094
vt 0.648138 0.926798
vt 0.648256 0.925113
vt 0.670420 0.945949
vt 0.671027 0.943792
vt 0.671687 0.945874
vt 0.670463 0.946554
vt 0.674216 0.945442
vt 0.670288 0.943068
vt 0.674571 0.943181
vt 0.670162 0.941018
vt 0.673882 0.941099
vt 0.670112 0.940414
vt 0.672572 0.940416
vt 0.671398 0.941531
vt 0.671025 0.945897
vt 0.671685 0.947979
vt 0.674214 0.947548
vt 0.674569 0.945287
vt 0.673880 0.943204
vt 0.672570 0.942520
vt 0.671396 0.943635
vt 0.646741 0.941693
vt 0.645398 0.942376
vt 0.386426 0.942304
vt 0.386950 0.941541
vt 0.645354 0.941815
vt 0.646694 0.940982
vt 0.648073 0.939610
vt 0.648678 0.939365
vt 0.648097 0.940043
vt 0.647998 0.945925
vt 0.649712 0.943878
vt 0.647449 0.946530
vt 0.647951 0.945337
vt 0.649667 0.943046
vt 0.650550 0.940997
vt 0.651147 0.940394
vt 0.650568 0.941586
vt 0.647610 0.943192
vt 0.646187 0.944100
vt 0.645635 0.944304
vt 0.387231 0.944031
vt 0.387751 0.943309
vt 0.389045 0.946257
vt 0.389547 0.945063
vt 0.646155 0.943583
vt 0.647551 0.942485
vt 0.648753 0.941372
vt 0.649334 0.941151
vt 0.648779 0.941852
vt 0.376674 0.151507
vt 0.379871 0.150574
vt 0.379323 0.150187
vt 0.374801 0.151507
vt 0.381196 0.147001
vt 0.352918 0.151507
vt 0.351045 0.151507
vt 0.600393 0.713292
vt 0.603522 0.713312
vt 0.604445 0.738103
vt 0.602381 0.739272
vt 0.606677 0.713365
vt 0.606441 0.736911
vt 0.635297 0.637867
vt 0.636585 0.640806
vt 0.613300 0.644336
vt 0.612257 0.641748
vt 0.637666 0.643836
vt 0.614060 0.646950
vt 0.633986 0.740691
vt 0.632378 0.739201
vt 0.635807 0.720624
vt 0.638792 0.722378
vt 0.630972 0.737714
vt 0.632561 0.719033
vt 0.645690 0.716087
vt 0.644216 0.713297
vt 0.753617 0.689685
vt 0.755051 0.692118
vt 0.642814 0.710442
vt 0.752283 0.687197
vt 0.626549 0.739671
vt 0.626638 0.742385
vt 0.610098 0.741462
vt 0.609944 0.738697
vt 0.626872 0.745143
vt 0.609897 0.744211
vt 0.743882 0.630462
vt 0.746465 0.629172
vt 0.757008 0.684952
vt 0.754191 0.684614
vt 0.749034 0.627855
vt 0.759784 0.685316
vt 0.741150 0.628708
vt 0.742874 0.628995
vt 0.753816 0.686315
vt 0.608366 0.647346
vt 0.610906 0.648420
vt 0.605838 0.646342
vt 0.741415 0.625788
vt 0.741810 0.622910
vt 0.629931 0.741470
vt 0.629098 0.739157
vt 0.630923 0.743534
vt 0.638743 0.715843
vt 0.635736 0.712795
vt 0.641503 0.718641
vt 0.606770 0.740528
vt 0.607984 0.738223
vt 0.605580 0.742479
vt 0.744433 0.626697
vt 0.745876 0.624714
vt 0.756042 0.687869
vt 0.758085 0.689182
vt 0.610334 0.645179
vt 0.612101 0.647160
vt 0.608564 0.643481
vt 0.296704 0.968203
vt 0.285883 0.968344
vt 0.285773 0.959937
vt 0.296594 0.959795
vt 0.275183 0.960075
vt 0.275293 0.968482
vt 0.259615 0.960279
vt 0.259725 0.968687
vt 0.240192 0.960534
vt 0.240301 0.968940
vt 0.220372 0.960793
vt 0.220483 0.969200
vt 0.202490 0.961026
vt 0.202601 0.969434
vt 0.181135 0.969716
vt 0.181025 0.961308
vt 0.163506 0.969946
vt 0.163396 0.961539
vt 0.147677 0.970153
vt 0.147567 0.961746
vt 0.121535 0.970495
vt 0.121425 0.962089
vt 0.093456 0.970862
vt 0.093346 0.962455
vt 0.297337 0.162223
vt 0.294421 0.228881
vt 0.286021 0.228513
vt 0.288937 0.161856
vt 0.954244 0.882647
vt 0.953758 0.852896
vt 0.962165 0.852757
vt 0.962650 0.882510
vt 0.953179 0.817376
vt 0.952872 0.798568
vt 0.961279 0.798431
vt 0.961586 0.817239
vt 0.952709 0.788574
vt 0.961116 0.788437
vt 0.952449 0.772601
vt 0.960856 0.772464
vt 0.960641 0.759292
vt 0.952234 0.759429
vt 0.960393 0.744107
vt 0.951986 0.744244
vt 0.960140 0.728577
vt 0.951733 0.728714
vt 0.959925 0.715410
vt 0.951519 0.715547
vt 0.959660 0.699141
vt 0.951254 0.699278
vt 0.959381 0.682009
vt 0.950974 0.682146
vt 0.959130 0.666663
vt 0.950724 0.666800
vt 0.959008 0.659167
vt 0.950602 0.659303
vt 0.958855 0.649798
vt 0.950448 0.649935
vt 0.958695 0.639961
vt 0.950288 0.640098
vt 0.958391 0.621290
vt 0.949984 0.621427
vt 0.958039 0.599782
vt 0.949633 0.599919
vt 0.957712 0.579707
vt 0.949306 0.579844
vt 0.957443 0.563192
vt 0.949036 0.563330
vt 0.956970 0.534204
vt 0.948564 0.534341
vt 0.956461 0.502981
vt 0.948055 0.503118
vt 0.955947 0.471469
vt 0.947541 0.471606
vt 0.955562 0.447824
vt 0.947155 0.447961
vt 0.955151 0.422599
vt 0.946744 0.422736
vt 0.954634 0.390950
vt 0.946228 0.391087
vt 0.954140 0.360617
vt 0.945733 0.360754
vt 0.953578 0.326149
vt 0.945171 0.326286
vt 0.953059 0.294377
vt 0.944653 0.294514
vt 0.952554 0.263372
vt 0.944147 0.263509
vt 0.952006 0.229765
vt 0.943599 0.229902
vt 0.951572 0.203133
vt 0.943165 0.203270
vt 0.951054 0.171386
vt 0.942647 0.171523
vt 0.950543 0.140028
vt 0.942136 0.140165
vt 0.949990 0.106136
vt 0.941583 0.106273
vt 0.949488 0.075320
vt 0.941081 0.075457
vt 0.948665 0.024930
vt 0.940259 0.025067
vt 0.951287 0.961451
vt 0.992365 0.961916
vt 0.992270 0.970323
vt 0.951192 0.969859
vt 0.919376 0.961090
vt 0.919281 0.969497
vt 0.885606 0.960709
vt 0.885512 0.969115
vt 0.859944 0.960418
vt 0.859850 0.968825
vt 0.833027 0.960113
vt 0.832933 0.968521
vt 0.807344 0.959824
vt 0.807248 0.968231
vt 0.785981 0.959581
vt 0.785886 0.967989
vt 0.760996 0.959300
vt 0.760901 0.967706
vt 0.739984 0.959061
vt 0.739890 0.967469
vt 0.713650 0.958764
vt 0.713555 0.967171
vt 0.686187 0.958453
vt 0.686092 0.966860
vt 0.658212 0.958136
vt 0.658116 0.966543
vt 0.396970 0.958480
vt 0.435880 0.957962
vt 0.435964 0.966371
vt 0.397080 0.966883
vt 0.370529 0.958827
vt 0.370640 0.967233
vt 0.336224 0.959276
vt 0.336335 0.967683
vt 0.314228 0.959565
vt 0.314338 0.967972
vt 0.759596 0.528929
vt 0.760057 0.530003
vt 0.745899 0.538854
vt 0.745140 0.537961
vt 0.760513 0.531060
vt 0.746643 0.539737
vt 0.760965 0.532089
vt 0.747366 0.540605
vt 0.761421 0.533095
vt 0.748067 0.541466
vt 0.842343 0.416380
vt 0.579933 0.426524
vt 0.570022 0.399322
vt 0.553459 0.364306
vt 0.539456 0.331877
vt 0.530500 0.305906
vt 0.525854 0.279463
vt 0.526238 0.253898
vt 0.531859 0.234357
vt 0.541173 0.211697
vt 0.552516 0.194317
vt 0.569635 0.176196
vt 0.591830 0.162625
vt 0.614686 0.152177
vt 0.646759 0.143977
vt 0.677862 0.139572
vt 0.718309 0.140389
vt 0.768327 0.144701
vt 0.798554 0.149529
vt 0.831428 0.156598
vt 0.858634 0.170134
vt 0.879554 0.192877
vt 0.894892 0.213532
vt 0.900638 0.245466
vt 0.899341 0.276085
vt 0.894969 0.306977
vt 0.881649 0.338492
vt 0.867860 0.365158
vt 0.852113 0.392580
vt 0.296821 0.977093
vt 0.285999 0.977236
vt 0.275409 0.977368
vt 0.259840 0.977578
vt 0.240418 0.977833
vt 0.220599 0.978091
vt 0.202718 0.978328
vt 0.181251 0.978612
vt 0.163623 0.978844
vt 0.147794 0.979047
vt 0.121757 0.979386
vt 0.943978 0.798713
vt 0.944287 0.817521
vt 0.943817 0.788718
vt 0.943558 0.772747
vt 0.943342 0.759574
vt 0.943090 0.744389
vt 0.942839 0.728860
vt 0.942625 0.715692
vt 0.942359 0.699424
vt 0.942083 0.682291
vt 0.941832 0.666945
vt 0.941710 0.659448
vt 0.941557 0.650080
vt 0.941397 0.640244
vt 0.941093 0.621572
vt 0.940742 0.600064
vt 0.940414 0.579989
vt 0.940147 0.563474
vt 0.939673 0.534487
vt 0.939163 0.503263
vt 0.938650 0.471751
vt 0.938263 0.448106
vt 0.937853 0.422881
vt 0.937337 0.391232
vt 0.936842 0.360899
vt 0.936283 0.326431
vt 0.935761 0.294659
vt 0.935258 0.263654
vt 0.934715 0.230047
vt 0.934273 0.203415
vt 0.933761 0.171668
vt 0.933249 0.140310
vt 0.932692 0.106418
vt 0.932189 0.075602
vt 0.931368 0.025212
vt 0.992170 0.979215
vt 0.951092 0.978747
vt 0.919180 0.978388
vt 0.885411 0.978005
vt 0.859749 0.977717
vt 0.832831 0.977407
vt 0.807148 0.977119
vt 0.785786 0.976877
vt 0.760801 0.976598
vt 0.739789 0.976356
vt 0.713454 0.976061
vt 0.685991 0.975750
vt 0.658019 0.975436
vt 0.473964 0.966023
vt 0.476710 0.975091
vt 0.436044 0.975269
vt 0.397193 0.975770
vt 0.370756 0.976124
vt 0.336451 0.976573
vt 0.314455 0.976861
vt 0.575459 0.501954
vt 0.574418 0.501585
vt 0.582421 0.472346
vt 0.583516 0.472512
vt 0.576519 0.502329
vt 0.584633 0.472670
vt 0.578704 0.503102
vt 0.577603 0.502712
vt 0.585779 0.472825
vt 0.586943 0.472981
vt 0.537392 0.662656
vt 0.536578 0.663399
vt 0.530164 0.646931
vt 0.531239 0.646657
vt 0.538250 0.661862
vt 0.532334 0.646369
vt 0.540080 0.660166
vt 0.539151 0.661027
vt 0.533452 0.646071
vt 0.534587 0.645766
vt 0.546995 0.666973
vt 0.546904 0.668097
vt 0.547055 0.665795
vt 0.547087 0.664564
vt 0.547099 0.663299
vt 0.558193 0.536584
vt 0.557186 0.536127
vt 0.559217 0.537044
vt 0.560263 0.537510
vt 0.561324 0.537981
vt 0.542257 0.569563
vt 0.541225 0.569166
vt 0.543309 0.569961
vt 0.544385 0.570362
vt 0.545478 0.570767
vt 0.662960 0.600107
vt 0.662375 0.601034
vt 0.643877 0.584970
vt 0.642733 0.582865
vt 0.663345 0.599208
vt 0.643287 0.581777
vt 0.663552 0.597574
vt 0.663522 0.598357
vt 0.643860 0.580646
vt 0.644451 0.579490
vt 0.534579 0.593243
vt 0.533497 0.593005
vt 0.535678 0.593487
vt 0.536800 0.593738
vt 0.537940 0.593993
vt 0.628131 0.580263
vt 0.628175 0.579192
vt 0.628210 0.578073
vt 0.628235 0.576910
vt 0.628248 0.575717
vt 0.529698 0.625512
vt 0.528590 0.625488
vt 0.530830 0.625513
vt 0.531990 0.625496
vt 0.533170 0.625470
vt 0.610760 0.585351
vt 0.610344 0.584327
vt 0.609918 0.583281
vt 0.609481 0.582207
vt 0.609033 0.581117
vt 0.592546 0.598207
vt 0.591843 0.597355
vt 0.591120 0.596489
vt 0.590375 0.595608
vt 0.589616 0.594717
vt 0.580462 0.612362
vt 0.579565 0.611714
vt 0.578646 0.611063
vt 0.577699 0.610405
vt 0.576735 0.609740
vt 0.557144 0.664360
vt 0.557862 0.665194
vt 0.556374 0.663498
vt 0.555559 0.662625
vt 0.554711 0.661753
vt 0.773438 0.524484
vt 0.773481 0.525692
vt 0.773525 0.526875
vt 0.773570 0.528018
vt 0.773616 0.529121
vt 0.741530 0.548639
vt 0.740579 0.548076
vt 0.739603 0.547488
vt 0.738597 0.546877
vt 0.737572 0.546253
vt 0.563551 0.649523
vt 0.564561 0.649987
vt 0.562532 0.649029
vt 0.561497 0.648511
vt 0.560448 0.647982
vt 0.735312 0.566274
vt 0.734242 0.565991
vt 0.733154 0.565695
vt 0.732044 0.565387
vt 0.730919 0.565071
vt 0.569809 0.630133
vt 0.570806 0.630617
vt 0.568801 0.629622
vt 0.567777 0.629088
vt 0.566741 0.628542
vt 0.789639 0.527735
vt 0.789253 0.528864
vt 0.788872 0.529971
vt 0.788493 0.531042
vt 0.788114 0.532082
vt 0.803983 0.536482
vt 0.803309 0.537443
vt 0.802644 0.538388
vt 0.801992 0.539307
vt 0.801349 0.540206
vt 0.814124 0.546368
vt 0.813270 0.547170
vt 0.812427 0.547956
vt 0.811597 0.548720
vt 0.810775 0.549462
vt 0.824215 0.560810
vt 0.823209 0.561426
vt 0.822219 0.562032
vt 0.821253 0.562620
vt 0.820307 0.563189
vt 0.831403 0.577785
vt 0.830323 0.578237
vt 0.829261 0.578688
vt 0.828223 0.579134
vt 0.827205 0.579575
vt 0.836094 0.592555
vt 0.835080 0.593143
vt 0.834082 0.593726
vt 0.833107 0.594295
vt 0.832146 0.594848
vt 0.839690 0.597624
vt 0.839006 0.598608
vt 0.838347 0.599583
vt 0.837721 0.600538
vt 0.837124 0.601472
vt 0.846326 0.600108
vt 0.846394 0.601326
vt 0.846464 0.602521
vt 0.846538 0.603675
vt 0.846611 0.604781
vt 0.852887 0.597369
vt 0.853741 0.598260
vt 0.854579 0.599128
vt 0.855390 0.599953
vt 0.856177 0.600725
vt 0.859663 0.582294
vt 0.860782 0.582655
vt 0.861883 0.583015
vt 0.862957 0.583375
vt 0.864005 0.583736
vt 0.863499 0.562675
vt 0.864665 0.562782
vt 0.865812 0.562891
vt 0.866932 0.563002
vt 0.868033 0.563115
vt 0.863140 0.544063
vt 0.864299 0.543946
vt 0.865442 0.543835
vt 0.866562 0.543733
vt 0.867664 0.543640
vt 0.860345 0.528943
vt 0.861473 0.528662
vt 0.862586 0.528387
vt 0.863676 0.528115
vt 0.864749 0.527844
vt 0.850763 0.502736
vt 0.851874 0.502385
vt 0.852970 0.502042
vt 0.854044 0.501710
vt 0.855103 0.501388
vt 0.841867 0.472650
vt 0.843009 0.472408
vt 0.844133 0.472173
vt 0.845235 0.471947
vt 0.846320 0.471729
vt 0.837858 0.440515
vt 0.839040 0.440543
vt 0.840202 0.440568
vt 0.841335 0.440591
vt 0.842441 0.440611
vt 0.843474 0.416684
vt 0.844588 0.416984
vt 0.845675 0.417279
vt 0.846743 0.417571
vt 0.853179 0.393056
vt 0.854228 0.393526
vt 0.855254 0.393988
vt 0.856259 0.394448
vt 0.868893 0.365687
vt 0.869911 0.366208
vt 0.870910 0.366719
vt 0.871893 0.367223
vt 0.882713 0.338959
vt 0.883763 0.339420
vt 0.884791 0.339874
vt 0.885803 0.340321
vt 0.896100 0.307261
vt 0.897214 0.307544
vt 0.898304 0.307826
vt 0.899372 0.308110
vt 0.900502 0.276171
vt 0.901647 0.276258
vt 0.902769 0.276347
vt 0.903872 0.276441
vt 0.901802 0.245364
vt 0.902949 0.245264
vt 0.904072 0.245168
vt 0.905175 0.245076
vt 0.895966 0.213038
vt 0.897025 0.212557
vt 0.898061 0.212097
vt 0.899078 0.211660
vt 0.880441 0.192119
vt 0.881318 0.191373
vt 0.882179 0.190645
vt 0.883029 0.189933
vt 0.859323 0.169184
vt 0.860004 0.168249
vt 0.860674 0.167340
vt 0.861335 0.166453
vt 0.831806 0.155494
vt 0.832180 0.154406
vt 0.832553 0.153342
vt 0.832925 0.152300
vt 0.798754 0.148382
vt 0.798954 0.147252
vt 0.799156 0.146146
vt 0.799365 0.145059
vt 0.768425 0.143543
vt 0.768527 0.142402
vt 0.768637 0.141285
vt 0.768758 0.140187
vt 0.718349 0.139227
vt 0.718391 0.138081
vt 0.718436 0.136959
vt 0.718487 0.135854
vt 0.677743 0.138415
vt 0.677632 0.137274
vt 0.677537 0.136154
vt 0.677460 0.135052
vt 0.646497 0.142844
vt 0.646243 0.141725
vt 0.646003 0.140627
vt 0.645776 0.139544
vt 0.614260 0.151095
vt 0.613846 0.150025
vt 0.613450 0.148973
vt 0.613076 0.147934
vt 0.591261 0.161608
vt 0.590703 0.160605
vt 0.590159 0.159620
vt 0.589630 0.158648
vt 0.568862 0.175324
vt 0.568105 0.174460
vt 0.567373 0.173604
vt 0.566667 0.172752
vt 0.551580 0.193624
vt 0.550662 0.192935
vt 0.549768 0.192252
vt 0.548898 0.191565
vt 0.540130 0.211179
vt 0.539104 0.210666
vt 0.538104 0.210156
vt 0.537124 0.209645
vt 0.530751 0.233996
vt 0.529660 0.233637
vt 0.528593 0.233279
vt 0.527546 0.232918
vt 0.525080 0.253763
vt 0.523938 0.253625
vt 0.522823 0.253483
vt 0.521729 0.253332
vt 0.524695 0.279569
vt 0.523551 0.279670
vt 0.522430 0.279762
vt 0.521326 0.279844
vt 0.529373 0.306194
vt 0.528261 0.306475
vt 0.527172 0.306747
vt 0.526097 0.307009
vt 0.538371 0.332292
vt 0.537300 0.332699
vt 0.536250 0.333095
vt 0.535213 0.333480
vt 0.552399 0.364779
vt 0.551353 0.365243
vt 0.550326 0.365694
vt 0.549311 0.366131
vt 0.568944 0.399763
vt 0.567881 0.400196
vt 0.566839 0.400617
vt 0.565812 0.401027
vt 0.578829 0.426885
vt 0.577739 0.427238
vt 0.576670 0.427580
vt 0.575615 0.427911
vt 0.584641 0.443014
vt 0.583500 0.443257
vt 0.582376 0.443494
vt 0.581276 0.443721
vt 0.580192 0.443938
vt 0.587236 0.461078
vt 0.586069 0.461159
vt 0.584921 0.461237
vt 0.583797 0.461311
vt 0.582692 0.461380
vt 0.471024 0.957684
vt 0.144815 0.375134
vt 0.143250 0.374622
vt 0.128859 0.405693
vt 0.130537 0.405967
vt 0.142105 0.374247
vt 0.127631 0.405493
vt 0.141686 0.374110
vt 0.127181 0.405419
vt 0.171905 0.334525
vt 0.170410 0.334972
vt 0.159038 0.327135
vt 0.160200 0.326408
vt 0.169321 0.335692
vt 0.157822 0.327848
vt 0.168656 0.336544
vt 0.156481 0.328493
vt 0.117186 0.213373
vt 0.118020 0.214407
vt 0.128666 0.206688
vt 0.127601 0.205666
vt 0.118741 0.215379
vt 0.129865 0.207565
vt 0.119283 0.216195
vt 0.131156 0.208261
vt 0.161506 0.356031
vt 0.159740 0.355778
vt 0.158685 0.356592
vt 0.159949 0.357501
vt 0.158496 0.354949
vt 0.157834 0.355664
vt 0.158206 0.353831
vt 0.157534 0.354867
vt 0.180029 0.351400
vt 0.180765 0.352375
vt 0.204733 0.341858
vt 0.203681 0.341033
vt 0.181441 0.353442
vt 0.205815 0.342708
vt 0.182040 0.354572
vt 0.206913 0.343573
vt 0.220194 0.947173
vt 0.202312 0.947409
vt 0.975782 0.852535
vt 0.976012 0.866683
vt 0.965130 0.882470
vt 0.180847 0.947686
vt 0.314049 0.945950
vt 0.296416 0.946178
vt 0.283544 0.228405
vt 0.273118 0.211897
vt 0.275333 0.161260
vt 0.093168 0.948840
vt 0.121247 0.948471
vt 0.435623 0.944333
vt 0.396786 0.944873
vt 0.147388 0.948129
vt 0.370350 0.945212
vt 0.163217 0.947915
vt 0.336047 0.945664
vt 0.285595 0.946320
vt 0.275005 0.946465
vt 0.974473 0.772242
vt 0.974733 0.788215
vt 0.259436 0.946662
vt 0.974899 0.798209
vt 0.240013 0.946916
vt 0.975204 0.817017
vt 0.974259 0.759070
vt 0.974015 0.743885
vt 0.973759 0.728355
vt 0.973544 0.715188
vt 0.973278 0.698919
vt 0.972998 0.681787
vt 0.972746 0.666441
vt 0.972622 0.658944
vt 0.972469 0.649576
vt 0.972310 0.639739
vt 0.972006 0.621068
vt 0.971655 0.599560
vt 0.971327 0.579485
vt 0.971055 0.562971
vt 0.970587 0.533982
vt 0.970079 0.502759
vt 0.969565 0.471246
vt 0.969179 0.447602
vt 0.968767 0.422377
vt 0.968250 0.390728
vt 0.967755 0.360395
vt 0.967190 0.325927
vt 0.966673 0.294155
vt 0.966168 0.263150
vt 0.965615 0.229543
vt 0.965186 0.202911
vt 0.964664 0.171164
vt 0.964152 0.139806
vt 0.963600 0.105914
vt 0.963096 0.075098
vt 0.962277 0.024708
vt 0.992519 0.948303
vt 0.951440 0.947839
vt 0.919530 0.947475
vt 0.885760 0.947094
vt 0.860098 0.946802
vt 0.833181 0.946502
vt 0.807497 0.946209
vt 0.786135 0.945967
vt 0.761150 0.945685
vt 0.740138 0.945446
vt 0.713804 0.945148
vt 0.686342 0.944838
vt 0.658369 0.944520
vt 0.189507 0.309264
vt 0.185913 0.331978
vt 0.214131 0.312482
vt 0.203570 0.325797
vt 0.152906 0.315640
vt 0.181203 0.301569
vt 0.218272 0.296251
vt 0.150346 0.302946
vt 0.171446 0.292865
vt 0.217083 0.282901
vt 0.144745 0.291334
vt 0.161176 0.284020
vt 0.207435 0.266621
vt 0.139860 0.280756
vt 0.150617 0.275074
vt 0.198430 0.257630
vt 0.134435 0.269584
vt 0.140099 0.266049
vt 0.187622 0.249281
vt 0.127054 0.257929
vt 0.131527 0.256433
vt 0.175562 0.241695
vt 0.118459 0.248189
vt 0.126410 0.246219
vt 0.162662 0.234885
vt 0.111759 0.242319
vt 0.123868 0.239873
vt 0.155215 0.230574
vt 0.104237 0.227079
vt 0.119584 0.225247
vt 0.143950 0.227531
vt 0.627053 0.958480
vt 0.636481 0.944061
vt 0.609042 0.966268
vt 0.622327 0.975063
vt 0.583408 0.974895
vt 0.587209 0.968119
vt 0.508403 0.975030
vt 0.486559 0.958178
vt 0.499463 0.962379
vt 0.519719 0.974987
vt 0.515506 0.966967
vt 0.537626 0.974930
vt 0.535583 0.970063
vt 0.554542 0.974897
vt 0.553344 0.971045
vt 0.573726 0.969810
vt 0.461803 0.943037
vt 0.463136 0.942373
vt 0.162226 0.483722
vt 0.170678 0.480041
vt 0.171171 0.467739
vt 0.171074 0.451069
vt 0.176761 0.434254
vt 0.187975 0.420515
vt 0.207674 0.407487
vt 0.228727 0.401528
vt 0.126900 0.427731
vt 0.130978 0.455970
vt 0.140251 0.472731
vt 0.152399 0.483236
vt 0.150787 0.485253
vt 0.150537 0.485565
vt 0.163517 0.486207
vt 0.163344 0.485874
vt 0.151469 0.484400
vt 0.162871 0.484965
vt 0.174020 0.481137
vt 0.173572 0.480990
vt 0.172349 0.480589
vt 0.137655 0.473764
vt 0.137253 0.473923
vt 0.138752 0.473327
vt 0.174589 0.467954
vt 0.174131 0.467925
vt 0.172880 0.467846
vt 0.128061 0.456491
vt 0.127610 0.456572
vt 0.129294 0.456271
vt 0.190324 0.421832
vt 0.190688 0.422036
vt 0.209496 0.409583
vt 0.209252 0.409303
vt 0.189331 0.421275
vt 0.208586 0.408535
vt 0.229154 0.404000
vt 0.229097 0.403668
vt 0.228941 0.402764
vt 0.179543 0.435046
vt 0.179973 0.435169
vt 0.178367 0.434711
vt 0.248086 0.405376
vt 0.245888 0.405065
vt 0.246402 0.404218
vt 0.247105 0.403061
vt 0.351525 0.418455
vt 0.351983 0.418470
vt 0.353317 0.388395
vt 0.352861 0.388341
vt 0.348557 0.418356
vt 0.350270 0.418413
vt 0.351617 0.388194
vt 0.349917 0.387993
vt 0.271785 0.443675
vt 0.272025 0.443502
vt 0.272170 0.419671
vt 0.271826 0.419890
vt 0.272678 0.442618
vt 0.273108 0.419073
vt 0.273571 0.441410
vt 0.274391 0.418255
vt 0.123449 0.427661
vt 0.123911 0.427670
vt 0.125175 0.427696
vt 0.174454 0.451501
vt 0.174001 0.451443
vt 0.172764 0.451285
vt 0.382568 0.358589
vt 0.382771 0.358883
vt 0.397577 0.354921
vt 0.397546 0.354589
vt 0.381255 0.356687
vt 0.382013 0.357785
vt 0.397460 0.353683
vt 0.397342 0.352445
vt 0.415618 0.356902
vt 0.415782 0.356594
vt 0.416227 0.355752
vt 0.416836 0.354602
vt 0.366606 0.366279
vt 0.366918 0.366521
vt 0.365755 0.365617
vt 0.364592 0.364714
vt 0.358784 0.372858
vt 0.359202 0.373011
vt 0.357643 0.372439
vt 0.356084 0.371867
vt 0.431903 0.363340
vt 0.432180 0.363079
vt 0.432937 0.362365
vt 0.433972 0.361391
vt 0.443501 0.370933
vt 0.443855 0.370724
vt 0.444823 0.370152
vt 0.446144 0.369370
vt 0.454513 0.382324
vt 0.454929 0.382180
vt 0.456065 0.381786
vt 0.457617 0.381249
vt 0.461308 0.396025
vt 0.461754 0.395946
vt 0.462974 0.395728
vt 0.464641 0.395432
vt 0.464588 0.408819
vt 0.465028 0.408714
vt 0.466231 0.408427
vt 0.467875 0.408035
vt 0.468806 0.414431
vt 0.469151 0.414193
vt 0.470095 0.413541
vt 0.471385 0.412652
vt 0.478880 0.417981
vt 0.478934 0.417634
vt 0.479081 0.416688
vt 0.479281 0.415396
vt 0.490244 0.415669
vt 0.489940 0.415392
vt 0.489110 0.414634
vt 0.487976 0.413598
vt 0.501256 0.401885
vt 0.500831 0.401756
vt 0.499668 0.401404
vt 0.498080 0.400922
vt 0.508052 0.384305
vt 0.507594 0.384255
vt 0.506343 0.384121
vt 0.504634 0.383937
vt 0.508520 0.367302
vt 0.508060 0.367326
vt 0.506803 0.367394
vt 0.505087 0.367486
vt 0.505122 0.353518
vt 0.504677 0.353602
vt 0.503460 0.353831
vt 0.501797 0.354143
vt 0.492705 0.330572
vt 0.492272 0.330681
vt 0.491090 0.330978
vt 0.489475 0.331384
vt 0.479818 0.305728
vt 0.479370 0.305805
vt 0.478147 0.306017
vt 0.476477 0.306307
vt 0.472905 0.279481
vt 0.472440 0.279485
vt 0.471168 0.279496
vt 0.469430 0.279512
vt 0.477123 0.259671
vt 0.476679 0.259584
vt 0.475463 0.259344
vt 0.473803 0.259017
vt 0.487901 0.239697
vt 0.487486 0.239556
vt 0.486352 0.239173
vt 0.484804 0.238649
vt 0.506185 0.216183
vt 0.505780 0.216030
vt 0.504672 0.215614
vt 0.503158 0.215045
vt 0.522147 0.193077
vt 0.521727 0.192945
vt 0.520582 0.192582
vt 0.519017 0.192087
vt 0.537239 0.165882
vt 0.536789 0.165802
vt 0.535563 0.165583
vt 0.533886 0.165284
vt 0.541111 0.139105
vt 0.540653 0.139081
vt 0.539400 0.139013
vt 0.537689 0.138921
vt 0.541354 0.112840
vt 0.540893 0.112867
vt 0.539634 0.112942
vt 0.537913 0.113044
vt 0.532639 0.085039
vt 0.532208 0.085175
vt 0.531030 0.085547
vt 0.529422 0.086054
vt 0.512546 0.067472
vt 0.512193 0.067680
vt 0.511228 0.068248
vt 0.509910 0.069025
vt 0.485676 0.048370
vt 0.485394 0.048634
vt 0.484626 0.049354
vt 0.483577 0.050338
vt 0.451300 0.037455
vt 0.451145 0.037763
vt 0.450721 0.038604
vt 0.450141 0.039753
vt 0.411115 0.032679
vt 0.411019 0.032996
vt 0.410755 0.033863
vt 0.410395 0.035046
vt 0.374319 0.029609
vt 0.374252 0.029930
vt 0.374066 0.030807
vt 0.373813 0.032004
vt 0.313800 0.027562
vt 0.313768 0.027886
vt 0.313682 0.028769
vt 0.313563 0.029976
vt 0.264416 0.028074
vt 0.264435 0.028399
vt 0.264488 0.029287
vt 0.264560 0.030500
vt 0.226652 0.032850
vt 0.226745 0.033167
vt 0.227000 0.034034
vt 0.227347 0.035219
vt 0.187677 0.040866
vt 0.187835 0.041171
vt 0.188268 0.042005
vt 0.188859 0.043144
vt 0.160080 0.050587
vt 0.160298 0.050873
vt 0.160891 0.051654
vt 0.161702 0.052722
vt 0.132967 0.063038
vt 0.133260 0.063291
vt 0.134060 0.063984
vt 0.135152 0.064931
vt 0.112633 0.079411
vt 0.112999 0.079609
vt 0.114000 0.080148
vt 0.115368 0.080885
vt 0.099397 0.094919
vt 0.099810 0.095064
vt 0.100938 0.095461
vt 0.102479 0.096003
vt 0.089039 0.114786
vt 0.089474 0.114890
vt 0.090664 0.115176
vt 0.092288 0.115567
vt 0.082709 0.132017
vt 0.083169 0.132058
vt 0.084427 0.132170
vt 0.086144 0.132323
vt 0.083572 0.154316
vt 0.084030 0.154278
vt 0.085283 0.154175
vt 0.086993 0.154034
vt 0.090765 0.177021
vt 0.091207 0.176928
vt 0.092413 0.176673
vt 0.094060 0.176325
vt 0.103281 0.199016
vt 0.103704 0.198888
vt 0.104858 0.198538
vt 0.106434 0.198060
vt 0.114678 0.215734
vt 0.114877 0.215112
vt 0.115777 0.214267
vt 0.152330 0.203326
vt 0.152360 0.202200
vt 0.152407 0.201009
vt 0.152471 0.199781
vt 0.178708 0.210855
vt 0.179440 0.209997
vt 0.180271 0.209051
vt 0.181162 0.208061
vt 0.163173 0.352565
vt 0.162956 0.353772
vt 0.162391 0.354953
vt 0.148664 0.317162
vt 0.150173 0.316786
vt 0.151575 0.316259
vt 0.202957 0.226305
vt 0.204287 0.225803
vt 0.205617 0.225191
vt 0.206908 0.224490
vt 0.145745 0.303410
vt 0.147286 0.303601
vt 0.148891 0.303443
vt 0.218026 0.242182
vt 0.219459 0.241860
vt 0.220950 0.241473
vt 0.222458 0.241032
vt 0.141572 0.295219
vt 0.142482 0.293589
vt 0.143464 0.292243
vt 0.227880 0.266055
vt 0.229377 0.266029
vt 0.230957 0.265951
vt 0.232576 0.265824
vt 0.135942 0.282790
vt 0.137306 0.282172
vt 0.138584 0.281475
vt 0.229261 0.281098
vt 0.230758 0.281099
vt 0.232342 0.281104
vt 0.233971 0.281111
vt 0.130955 0.272065
vt 0.132118 0.271261
vt 0.133241 0.270418
vt 0.227866 0.296140
vt 0.229372 0.296169
vt 0.230959 0.296254
vt 0.232584 0.296393
vt 0.123769 0.260109
vt 0.124637 0.259289
vt 0.125728 0.258549
vt 0.223710 0.310812
vt 0.225244 0.310866
vt 0.226840 0.311024
vt 0.228453 0.311283
vt 0.115742 0.250762
vt 0.116236 0.249790
vt 0.117145 0.248909
vt 0.216924 0.324753
vt 0.218488 0.324818
vt 0.220082 0.325012
vt 0.221664 0.325328
vt 0.107907 0.243631
vt 0.109286 0.243279
vt 0.110579 0.242844
vt 0.212884 0.333161
vt 0.214546 0.333266
vt 0.216213 0.333582
vt 0.217827 0.334093
vt 0.099073 0.227146
vt 0.100591 0.227293
vt 0.102204 0.227271
vt 0.116693 0.215066
vt 0.115802 0.215929
vt 0.115887 0.216599
vt 0.117644 0.216779
vt 0.117455 0.216049
vt 0.159295 0.353013
vt 0.159390 0.354077
vt 0.160657 0.354974
vt 0.161110 0.353806
vt 0.160981 0.352715
vt 0.329628 0.441410
vt 0.348563 0.428066
vt 0.325390 0.163484
vt 0.324150 0.230166
vt 0.727209 0.601485
vt 0.726094 0.601164
vt 0.728313 0.601785
vt 0.729403 0.602046
vt 0.730488 0.602257
vt 0.944867 0.853040
vt 0.338110 0.163618
vt 0.336019 0.227434
vt 0.335713 0.228559
vt 0.335062 0.229505
vt 0.334127 0.230127
vt 0.333041 0.230332
vt 0.334284 0.163510
vt 0.335376 0.163533
vt 0.336394 0.163561
vt 0.337297 0.163590
vt 0.351532 0.430310
vt 0.332302 0.443502
vt 0.332721 0.443675
vt 0.351992 0.430455
vt 0.350277 0.429273
vt 0.331344 0.442618
vt 0.264854 0.232687
vt 0.256435 0.240760
vt 0.256435 0.148675
vt 0.340128 0.245266
vt 0.262830 0.245266
vt 0.346523 0.156013
vt 0.346523 0.240760
vt 0.256435 0.129867
vt 0.258308 0.126681
vt 0.262830 0.125361
vt 0.344650 0.243946
vt 0.258308 0.243946
vt 0.342504 0.125361
vt 0.374801 0.125360
vt 0.379323 0.126680
vt 0.381196 0.129866
vt 0.348396 0.152827
vt 0.651835 0.725851
vt 0.651059 0.724331
vt 0.760951 0.699209
vt 0.761865 0.700663
vt 0.649631 0.726857
vt 0.648428 0.725717
vt 0.648171 0.728810
vt 0.646655 0.728146
vt 0.641329 0.747023
vt 0.639834 0.746343
vt 0.636611 0.751541
vt 0.635372 0.750321
vt 0.629893 0.754479
vt 0.629380 0.752844
vt 0.606885 0.754111
vt 0.607253 0.752483
vt 0.599547 0.750280
vt 0.600737 0.749017
vt 0.594279 0.744250
vt 0.595853 0.743748
vt 0.589048 0.713238
vt 0.590711 0.713282
vt 0.596010 0.641998
vt 0.597627 0.642422
vt 0.600222 0.636852
vt 0.601670 0.637823
vt 0.606108 0.632909
vt 0.606955 0.634386
vt 0.632187 0.626841
vt 0.632503 0.628481
vt 0.770534 0.687761
vt 0.768847 0.687644
vt 0.756255 0.622769
vt 0.757810 0.622111
vt 0.767206 0.694661
vt 0.765669 0.693842
vt 0.744911 0.612177
vt 0.744642 0.613860
vt 0.752192 0.616306
vt 0.751069 0.617637
vt 0.371041 0.149595
vt 0.349158 0.149595
vt 0.378482 0.132515
vt 0.378483 0.144352
vt 0.342504 0.127272
vt 0.371041 0.127272
vt 0.266589 0.127272
vt 0.259148 0.148675
vt 0.259148 0.132516
vt 0.343810 0.153364
vt 0.343810 0.238111
vt 0.259149 0.238112
vt 0.336368 0.243354
vt 0.266590 0.243354
vt 0.345376 0.150699
vt 0.376303 0.148060
vt 0.376303 0.128808
vt 0.261327 0.128808
vt 0.341630 0.241819
vt 0.261328 0.241819
vt 0.630545 0.735823
vt 0.607599 0.734685
vt 0.612803 0.647727
vt 0.633332 0.646720
vt 0.618823 0.655979
vt 0.612522 0.724965
vt 0.629746 0.658608
vt 0.624218 0.726191
s 1
usemtl blinn1
f 1/1/1 2/2/1 10/3/1 9/4/1
f 2/2/2 3/5/2 11/6/2 10/3/2
f 3/5/3 4/7/3 12/8/3 11/6/3
f 4/7/4 5/9/4 13/10/4 12/8/4
f 5/9/5 6/11/5 14/12/5 13/10/5
f 6/11/6 7/13/6 15/14/6 14/12/6
f 7/13/7 8/15/7 16/16/7 15/14/7
f 8/17/8 1/1/8 9/4/8 16/18/8
f 40/19/9 33/20/10 17/21/11 18/22/11
f 39/23/12 40/19/13 18/22/14 19/24/14
f 38/25/15 39/23/16 19/24/17 20/26/17
f 37/27/18 38/25/19 20/26/20 21/28/20
f 36/29/21 37/27/22 21/28/23 22/30/23
f 35/31/24 36/29/25 22/30/26 23/32/26
f 34/33/27 35/31/28 23/32/29 24/34/29
f 33/20/30 34/35/31 24/36/32 17/21/32
f 18/22/33 17/21/33 25/37/33 26/38/33
f 19/24/34 18/22/34 26/38/34 27/39/34
f 20/26/35 19/24/35 27/39/35 28/40/35
f 21/28/36 20/26/36 28/40/36 29/41/36
f 22/30/37 21/28/37 29/41/37 30/42/37
f 23/32/38 22/30/38 30/42/38 31/43/38
f 24/34/39 23/32/39 31/43/39 32/44/39
f 17/21/40 24/36/40 32/45/40 25/37/40
f 1/1/41 8/17/41 34/35/31 33/20/30
f 8/15/42 7/13/42 35/31/28 34/33/27
f 7/13/43 6/11/43 36/29/25 35/31/24
f 6/11/44 5/9/44 37/27/22 36/29/21
f 5/9/45 4/7/45 38/25/19 37/27/18
f 4/7/46 3/5/46 39/23/16 38/25/15
f 3/5/47 2/2/47 40/19/13 39/23/12
f 2/2/48 1/1/48 33/20/10 40/19/9
f 9/4/49 10/3/49 42/46/49 41/47/49
f 10/3/50 11/6/50 43/48/50 42/46/50
f 11/6/51 12/8/51 44/49/51 43/48/51
f 12/8/52 13/10/52 45/50/52 44/49/52
f 13/10/53 14/12/53 46/51/53 45/50/53
f 14/12/54 15/14/54 47/52/54 46/51/54
f 15/14/55 16/16/55 48/53/55 47/52/55
f 16/18/56 9/4/56 41/47/56 48/54/56
f 49/55/57 50/55/58 51/55/59 52/55/60 53/55/61 54/55/62 55/55/63 56/55/64
f 80/56/65 73/57/66 59/58/67 60/59/67
f 73/57/68 74/60/69 62/61/70 59/58/70
f 74/60/71 75/62/72 64/63/73 62/61/73
f 75/62/74 76/64/75 66/65/76 64/63/76
f 76/64/77 77/66/78 68/67/79 66/65/79
f 77/66/80 78/68/81 70/69/82 68/67/82
f 78/70/83 79/71/84 72/72/85 70/73/85
f 79/71/86 80/56/87 60/59/88 72/72/88
f 42/46/89 43/48/90 58/74/90 57/75/89
f 50/76/58 49/77/57 60/59/91 59/58/92
f 43/48/90 44/49/93 61/78/93 58/74/90
f 51/79/59 50/76/58 59/58/92 62/61/94
f 44/49/93 45/50/95 63/80/95 61/78/93
f 52/81/60 51/79/59 62/61/94 64/63/96
f 45/50/95 46/51/89 65/82/89 63/80/95
f 53/83/61 52/81/60 64/63/96 66/65/97
f 46/51/89 47/52/98 67/84/98 65/82/89
f 54/85/62 53/83/61 66/65/97 68/67/99
f 47/52/98 48/53/100 69/86/100 67/84/98
f 55/87/63 54/85/62 68/67/99 70/69/101
f 48/54/100 41/47/102 71/88/102 69/89/100
f 56/90/64 55/91/63 70/73/101 72/72/103
f 41/47/102 42/46/89 57/75/89 71/88/102
f 49/77/57 56/90/64 72/72/103 60/59/91
f 58/74/104 61/78/104 74/60/69 73/57/68
f 61/78/105 63/80/105 75/62/72 74/60/71
f 63/80/106 65/82/106 76/64/75 75/62/74
f 65/82/107 67/84/107 77/66/78 76/64/77
f 67/84/108 69/86/108 78/68/81 77/66/80
f 69/89/109 71/88/109 79/71/84 78/70/83
f 71/88/110 57/75/110 80/56/87 79/71/86
f 57/75/111 58/74/111 73/57/66 80/56/65
f 93/92/112 96/93/113 98/94/114 97/95/115
f 96/93/113 85/96/113 99/97/116 98/94/114
f 85/96/113 88/98/113 100/99/117 99/97/116
f 88/98/113 87/100/113 101/101/118 100/99/117
f 87/100/113 86/102/119 102/103/120 101/101/118
f 86/102/119 84/104/119 103/105/121 102/103/120
f 84/104/119 83/106/113 104/107/122 103/105/121
f 83/106/113 82/108/113 105/109/123 104/107/122
f 82/108/113 81/110/124 106/111/125 105/109/123
f 81/110/124 91/112/124 107/113/126 106/111/125
f 91/112/124 90/114/127 108/115/128 107/113/126
f 90/114/127 89/116/127 109/117/129 108/115/128
f 89/116/127 92/118/112 110/119/130 109/117/129
f 92/118/112 95/120/112 111/121/131 110/119/130
f 95/120/112 94/122/112 112/123/132 111/121/131
f 94/122/112 93/92/112 97/95/115 112/123/132
f 114/124/133 116/125/134 173/126/134 172/127/133
f 116/125/135 117/128/136 174/129/136 173/126/135
f 117/128/136 118/130/137 175/131/137 174/129/136
f 118/130/137 119/132/138 176/133/138 175/131/137
f 119/132/138 120/134/139 177/135/139 176/133/138
f 120/134/139 121/136/140 178/137/140 177/135/139
f 121/136/140 122/138/141 179/139/141 178/137/140
f 122/138/141 123/140/142 180/141/142 179/139/141
f 123/140/142 124/142/143 181/143/143 180/141/142
f 124/142/143 125/144/144 182/145/144 181/143/143
f 125/144/144 126/146/145 183/147/145 182/145/144
f 126/146/145 127/148/146 184/149/146 183/147/145
f 127/148/146 128/150/147 185/151/147 184/149/146
f 128/150/147 129/152/148 186/153/148 185/151/147
f 129/154/149 130/155/149 187/156/149 186/157/149
f 130/158/150 131/159/150 188/160/150 187/161/150
f 131/162/151 132/163/151 189/164/151 188/165/151
f 132/166/150 133/167/152 190/168/152 189/169/150
f 133/167/152 134/170/153 191/171/153 190/168/152
f 134/170/153 135/172/154 192/173/154 191/171/153
f 135/172/154 136/174/155 193/175/155 192/173/154
f 136/174/155 137/176/156 194/177/156 193/175/155
f 137/176/156 138/178/157 195/179/157 194/177/156
f 138/178/157 139/180/158 196/181/158 195/179/157
f 139/180/158 140/182/159 197/183/159 196/181/158
f 140/182/159 141/184/160 198/185/160 197/183/159
f 141/186/160 142/187/161 199/188/161 198/189/160
f 142/187/161 143/190/162 200/191/162 199/188/161
f 143/190/162 144/192/163 201/193/163 200/191/162
f 144/192/163 145/194/164 202/195/164 201/193/163
f 145/194/164 146/196/165 203/197/165 202/195/164
f 146/196/165 147/198/166 204/199/166 203/197/165
f 147/198/166 148/200/167 205/201/167 204/199/166
f 148/200/167 149/202/168 206/203/168 205/201/167
f 149/202/168 150/204/169 207/205/169 206/203/168
f 150/204/169 151/206/170 208/207/170 207/205/169
f 151/206/170 152/208/171 209/209/171 208/207/170
f 152/208/171 153/210/172 210/211/172 209/209/171
f 153/210/172 154/212/173 211/213/173 210/211/172
f 154/212/173 155/214/174 212/215/174 211/213/173
f 155/214/174 156/216/175 213/217/175 212/215/174
f 156/216/175 157/218/176 214/219/176 213/217/175
f 157/218/176 158/220/177 215/221/177 214/219/176
f 158/220/177 159/222/178 216/223/178 215/221/177
f 159/222/178 160/224/179 217/225/179 216/223/178
f 160/226/180 161/227/181 218/228/181 217/229/180
f 161/227/181 162/230/182 219/231/182 218/228/181
f 162/230/182 163/232/183 220/233/183 219/231/182
f 163/232/183 164/234/184 221/235/184 220/233/183
f 164/234/184 165/236/185 222/237/185 221/235/184
f 165/238/185 166/239/186 223/240/186 222/241/185
f 166/239/186 167/242/187 224/243/187 223/240/186
f 167/242/187 169/244/188 225/245/188 224/243/187
f 169/244/188 168/246/189 226/247/189 225/245/188
f 168/248/151 170/249/151 227/250/151 226/251/151
f 170/252/190 171/253/190 228/254/190 227/255/190
f 171/256/149 115/257/149 229/258/149 228/259/149
f 115/260/191 113/261/192 230/262/192 229/263/191
f 113/261/192 114/124/133 172/127/133 230/262/192
f 247/264/119 248/265/119 232/266/193 231/267/194
f 248/265/119 249/268/113 233/269/195 232/266/193
f 249/268/113 250/270/112 234/271/196 233/269/195
f 250/270/112 251/272/112 235/273/197 234/271/196
f 251/272/112 252/274/112 236/275/120 235/273/197
f 252/274/112 253/276/112 237/277/121 236/275/120
f 253/276/112 254/278/127 238/279/198 237/277/121
f 254/278/127 255/280/127 239/281/199 238/279/198
f 255/280/127 256/282/127 240/283/200 239/281/199
f 256/282/127 257/284/201 241/285/202 240/283/200
f 257/284/201 258/286/203 242/287/204 241/285/202
f 258/286/203 259/288/119 243/289/205 242/287/204
f 259/288/119 260/290/119 244/291/130 243/289/205
f 260/290/119 261/292/119 245/293/131 244/291/130
f 261/292/119 262/294/119 246/295/206 245/293/131
f 262/294/119 247/264/119 231/267/194 246/295/206
f 279/296/113 280/297/113 264/298/207 263/299/208
f 280/297/113 281/300/113 265/301/209 264/298/207
f 281/300/113 282/302/119 266/303/210 265/301/209
f 282/302/119 283/304/119 267/305/211 266/303/210
f 283/304/119 284/306/119 268/307/212 267/305/211
f 284/306/119 285/308/213 269/309/214 268/307/212
f 285/308/213 286/310/119 270/311/215 269/309/214
f 286/310/119 287/312/119 271/313/216 270/311/215
f 287/312/119 288/314/119 272/315/217 271/313/216
f 288/314/119 289/316/124 273/317/218 272/315/217
f 289/316/124 290/318/113 274/319/219 273/317/218
f 290/318/113 291/320/113 275/321/220 274/319/219
f 291/320/113 292/322/112 276/323/221 275/321/220
f 292/322/112 293/324/112 277/325/222 276/323/221
f 293/324/112 294/326/113 278/327/223 277/325/222
f 294/326/113 279/296/113 263/299/208 278/327/223
f 97/95/115 98/94/114 296/328/224 295/329/225
f 98/94/114 99/97/116 297/330/226 296/328/224
f 99/97/116 100/99/117 298/331/227 297/330/226
f 100/99/117 101/101/118 299/332/228 298/331/227
f 101/101/118 102/103/120 300/333/229 299/332/228
f 102/103/120 103/105/121 301/334/230 300/333/229
f 103/105/121 104/107/122 302/335/231 301/334/230
f 104/107/122 105/109/123 303/336/232 302/335/231
f 105/109/123 106/111/125 304/337/233 303/336/232
f 106/111/125 107/113/126 305/338/234 304/337/233
f 107/113/126 108/115/128 306/339/235 305/338/234
f 108/115/128 109/117/129 307/340/236 306/339/235
f 109/117/129 110/119/130 308/341/237 307/340/236
f 110/119/130 111/121/131 309/342/238 308/341/237
f 111/121/131 112/123/132 310/343/239 309/342/238
f 112/123/132 97/95/115 295/329/225 310/343/239
f 231/267/194 232/266/193 312/344/240 311/345/241
f 232/266/193 233/269/195 313/346/242 312/344/240
f 233/269/195 234/271/196 314/347/243 313/346/242
f 234/271/196 235/273/197 315/348/244 314/347/243
f 235/273/197 236/275/120 316/349/245 315/348/244
f 236/275/120 237/277/121 317/350/246 316/349/245
f 237/277/121 238/279/198 318/351/247 317/350/246
f 238/279/198 239/281/199 319/352/248 318/351/247
f 239/281/199 240/283/200 320/353/249 319/352/248
f 240/283/200 241/285/202 321/354/250 320/353/249
f 241/285/202 242/287/204 322/355/251 321/354/250
f 242/287/204 243/289/205 323/356/252 322/355/251
f 243/289/205 244/291/130 324/357/253 323/356/252
f 244/291/130 245/293/131 325/358/254 324/357/253
f 245/293/131 246/295/206 326/359/255 325/358/254
f 246/295/206 231/267/194 311/345/241 326/359/255
f 263/299/208 264/298/207 328/360/256 327/361/257
f 264/298/207 265/301/209 329/362/258 328/360/256
f 265/301/209 266/303/210 330/363/259 329/362/258
f 266/303/210 267/305/211 331/364/260 330/363/259
f 267/305/211 268/307/212 332/365/261 331/364/260
f 268/307/212 269/309/214 333/366/262 332/365/261
f 269/309/214 270/311/215 334/367/263 333/366/262
f 270/311/215 271/313/216 335/368/264 334/367/263
f 271/313/216 272/315/217 336/369/265 335/368/264
f 272/315/217 273/317/218 337/370/266 336/369/265
f 273/317/218 274/319/219 338/371/267 337/370/266
f 274/319/219 275/321/220 339/372/268 338/371/267
f 275/321/220 276/323/221 340/373/269 339/372/268
f 276/323/221 277/325/222 341/374/270 340/373/269
f 277/325/222 278/327/223 342/375/271 341/374/270
f 278/327/223 263/299/208 327/361/257 342/375/271
f 84/104/119 86/102/119 227/376/213 228/377/119
f 95/120/112 92/118/112 253/276/112 252/274/112
f 261/292/119 260/290/119 285/308/213 284/306/119
f 187/378/272 188/379/112 293/324/112 292/322/112
f 177/380/273 178/381/274 257/284/201 256/282/127
f 208/382/275 209/383/272 249/268/113 248/265/119
f 205/384/113 206/385/119 281/300/113 280/297/113
f 180/386/119 181/387/124 289/316/124 288/314/119
f 91/112/124 81/110/124 175/388/124 176/389/112
f 85/96/113 96/93/113 211/390/112 212/391/113
f 86/102/119 87/100/113 88/98/113 85/96/113 212/391/113 213/392/119 214/393/119 215/394/119 216/395/119 217/396/119 218/397/119 219/398/119 220/399/119 221/400/119 222/401/119 223/402/119 224/403/119 225/404/119 226/405/119 227/376/213
f 96/93/113 93/92/112 94/122/112 95/120/112 252/274/112 251/272/112 250/270/112 249/268/113 209/383/272 210/406/112 211/390/112
f 207/407/276 208/382/275 248/265/119 247/264/119 262/294/119 261/292/119 284/306/119 283/304/119 282/302/119 281/300/113 206/385/119
f 189/408/113 190/409/113 191/410/113 192/411/113 193/412/113 194/413/113 195/414/113 196/415/113 197/416/113 198/417/113 199/418/113 200/419/113 201/420/113 202/421/113 203/422/113 204/423/113 205/384/113 280/297/113 279/296/113 294/326/113 293/324/112 188/379/112
f 182/424/272 183/425/272 184/426/272 185/427/272 186/428/272 187/378/272 292/322/112 291/320/113 290/318/113 289/316/124 181/387/124
f 179/429/277 180/386/119 288/314/119 287/312/119 286/310/119 285/308/213 260/290/119 259/288/119 258/286/203 257/284/201 178/381/274
f 92/118/112 89/116/127 90/114/127 91/112/124 176/389/112 177/380/273 256/282/127 255/280/127 254/278/127 253/276/112
f 81/110/124 82/108/113 83/106/113 84/104/119 228/377/119 229/430/113 230/431/113 172/432/113 173/433/113 174/434/113 175/388/124
f 296/328/224 297/330/226 343/435/113 344/436/113
f 297/330/226 298/331/227 345/437/113 343/435/113
f 298/331/227 299/332/228 346/438/113 345/437/113
f 299/332/228 300/333/229 347/439/113 346/438/113
f 300/333/229 301/334/230 348/440/113 347/439/113
f 301/334/230 302/335/231 349/441/113 348/440/113
f 302/335/231 303/336/232 350/442/113 349/441/113
f 303/336/232 304/337/233 351/443/113 350/442/113
f 304/337/233 305/338/234 352/444/113 351/443/113
f 305/338/234 306/339/235 353/445/113 352/444/113
f 306/339/235 307/340/236 354/446/113 353/445/113
f 307/340/236 308/341/237 355/447/113 354/446/113
f 308/341/237 309/342/238 356/448/113 355/447/113
f 309/342/238 310/343/239 357/449/113 356/448/113
f 310/343/239 295/329/225 358/450/113 357/449/113
f 295/329/225 296/328/224 344/436/113 358/450/113
f 312/344/240 313/346/242 359/451/113 360/452/113
f 313/346/242 314/347/243 361/453/113 359/451/113
f 314/347/243 315/348/244 362/454/113 361/453/113
f 315/348/244 316/349/245 363/455/113 362/454/113
f 316/349/245 317/350/246 364/456/113 363/455/113
f 317/350/246 318/351/247 365/457/113 364/456/113
f 318/351/247 319/352/248 366/458/113 365/457/113
f 319/352/248 320/353/249 367/459/113 366/458/113
f 320/353/249 321/354/250 368/460/113 367/459/113
f 321/354/250 322/355/251 369/461/113 368/460/113
f 322/355/251 323/356/252 370/462/113 369/461/113
f 323/356/252 324/357/253 371/463/113 370/462/113
f 324/357/253 325/358/254 372/464/113 371/463/113
f 325/358/254 326/359/255 373/465/113 372/464/113
f 326/359/255 311/345/241 374/466/113 373/465/113
f 311/345/241 312/344/240 360/452/113 374/466/113
f 328/360/256 329/362/258 375/467/113 376/468/113
f 329/362/258 330/363/259 377/469/113 375/467/113
f 330/363/259 331/364/260 378/470/113 377/469/113
f 331/364/260 332/365/261 379/471/113 378/470/113
f 332/365/261 333/366/262 380/472/113 379/471/113
f 333/366/262 334/367/263 381/473/113 380/472/113
f 334/367/263 335/368/264 382/474/113 381/473/113
f 335/368/264 336/369/265 383/475/113 382/474/113
f 336/369/265 337/370/266 384/476/113 383/475/113
f 337/370/266 338/371/267 385/477/113 384/476/113
f 338/371/267 339/372/268 386/478/113 385/477/113
f 339/372/268 340/373/269 387/479/113 386/478/113
f 340/373/269 341/374/270 388/480/113 387/479/113
f 341/374/270 342/375/271 389/481/113 388/480/113
f 342/375/271 327/361/257 390/482/113 389/481/113
f 327/361/257 328/360/256 376/468/113 390/482/113
f 447/483/278 448/484/278 397/485/278 395/486/278
f 461/487/279 462/488/279 396/489/279 398/490/279
f 441/491/113 443/492/113 395/493/113 397/494/113
f 443/495/190 474/496/190 447/497/190 395/498/190
f 448/499/150 449/500/150 441/501/150 397/502/150
f 402/503/150 460/504/150 461/505/150 398/506/150
f 396/507/113 403/508/113 402/509/113 398/510/113
f 462/511/190 463/512/190 403/513/190 396/514/190
f 410/515/150 458/516/150 459/517/150 401/518/150
f 401/519/113 404/520/113 411/521/113 410/522/113
f 404/523/190 464/524/190 465/525/190 411/526/190
f 418/527/150 456/528/150 457/529/150 409/530/150
f 409/531/113 412/532/113 419/533/113 418/534/113
f 412/535/190 466/536/190 467/537/190 419/538/190
f 426/539/150 454/540/150 455/541/150 417/542/150
f 417/543/113 420/544/113 427/545/113 426/546/113
f 420/547/190 468/548/190 469/549/190 427/550/190
f 434/551/150 452/552/150 453/553/150 425/554/150
f 425/555/113 428/556/113 435/557/113 434/558/113
f 428/559/190 470/560/190 471/561/190 435/562/190
f 442/563/150 450/564/150 451/565/150 433/566/150
f 433/567/113 436/568/113 444/569/113 442/570/113
f 436/571/190 472/572/190 473/573/190 444/574/190
f 394/575/278 393/576/278 448/484/278 447/483/278
f 393/577/150 440/578/150 449/500/150 448/499/150
f 440/578/150 439/579/150 450/564/150 449/500/150
f 451/565/150 450/564/150 439/579/150 432/580/150
f 432/580/150 431/581/150 452/552/150 451/565/150
f 453/553/150 452/552/150 431/581/150 424/582/150
f 424/582/150 423/583/150 454/540/150 453/553/150
f 455/541/150 454/540/150 423/583/150 416/584/150
f 416/584/150 415/585/150 456/528/150 455/541/150
f 457/529/150 456/528/150 415/585/150 408/586/150
f 408/586/150 407/587/150 458/516/150 457/529/150
f 459/517/150 458/516/150 407/587/150 400/588/150
f 400/588/150 399/589/150 460/504/150 459/517/150
f 461/505/150 460/504/150 399/589/150 391/590/150
f 391/591/279 392/592/279 462/488/279 461/487/279
f 392/593/190 406/594/190 463/512/190 462/511/190
f 464/524/190 463/512/190 406/594/190 405/595/190
f 465/525/190 464/524/190 405/595/190 414/596/190
f 466/536/190 465/525/190 414/596/190 413/597/190
f 467/537/190 466/536/190 413/597/190 422/598/190
f 468/548/190 467/537/190 422/598/190 421/599/190
f 469/549/190 468/548/190 421/599/190 430/600/190
f 470/560/190 469/549/190 430/600/190 429/601/190
f 471/561/190 470/560/190 429/601/190 438/602/190
f 472/572/190 471/561/190 438/602/190 437/603/190
f 473/573/190 472/572/190 437/603/190 446/604/190
f 474/496/190 473/573/190 446/604/190 445/605/190
f 447/497/190 474/496/190 445/605/190 394/606/190
f 441/607/280 449/608/280 474/609/280 443/610/280
f 449/611/113 450/612/113 473/613/113 474/614/113
f 450/615/281 442/616/281 444/617/281 473/618/281
f 433/619/282 451/620/282 472/621/282 436/622/282
f 451/623/113 452/624/113 471/625/113 472/626/113
f 452/627/283 434/628/283 435/629/283 471/630/283
f 425/631/284 453/632/284 470/633/284 428/634/284
f 453/635/113 454/636/113 469/637/113 470/638/113
f 454/639/285 426/640/285 427/641/285 469/642/285
f 417/643/286 455/644/286 468/645/286 420/646/286
f 455/647/113 456/648/113 467/649/113 468/650/113
f 456/651/287 418/652/287 419/653/287 467/654/287
f 409/655/288 457/656/288 466/657/288 412/658/288
f 457/659/113 458/660/113 465/661/113 466/662/113
f 458/663/289 410/664/289 411/665/289 465/666/289
f 401/667/290 459/668/290 464/669/290 404/670/290
f 459/671/113 460/672/113 463/673/113 464/674/113
f 460/675/291 402/676/291 403/677/291 463/678/291
f 493/679/292 506/680/292 505/681/292 494/682/292 495/683/292
f 482/684/293 486/685/294 492/686/294 487/687/295
f 480/688/296 485/689/296 489/690/297 490/691/297
f 600/692/298 601/693/299 485/694/296 480/695/296
f 486/696/294 609/697/300 605/698/301 479/699/302
f 491/700/294 492/686/294 486/685/294 479/701/302
f 496/702/292 501/703/292 506/680/292 493/679/292 497/704/292
f 596/705/303 597/706/303 492/707/294 491/708/294
f 487/709/295 492/707/294 597/706/303 588/710/304
f 488/711/305 481/712/306 495/683/307 494/682/307
f 487/687/308 502/713/309 501/703/310 496/702/308
f 482/684/293 487/687/295 496/702/311 497/704/311
f 505/681/312 504/714/313 488/711/314 494/682/314
f 588/710/304 589/715/315 502/716/316 487/709/295
f 488/717/317 504/718/318 591/719/319 592/720/320
f 589/715/315 590/721/321 503/722/322 502/716/316
f 590/721/321 591/719/319 504/718/318 503/722/322
f 581/723/323 595/724/324 596/725/325 491/726/326
f 580/727/327 581/723/323 491/726/326 479/728/328
f 604/729/329 607/730/330 578/731/150 579/732/150
f 502/713/309 503/733/331 507/734/331 501/703/310
f 501/703/292 507/734/292 506/680/292
f 506/680/292 507/734/292 505/681/292
f 505/681/312 507/734/331 503/733/331 504/714/313
f 525/735/332 526/736/332 511/737/332 523/738/332 510/739/332 524/740/332 512/741/332 513/742/332 518/743/332 516/744/332 509/745/332 521/746/332 514/747/332 475/748/333 582/749/334 587/750/335 476/751/336 515/752/332 520/753/332 522/754/332 508/755/332 517/756/332 519/757/332 527/758/332
f 566/759/337 567/760/338 529/761/339 528/762/340
f 564/763/341 565/764/342 531/765/343 530/766/344
f 573/767/345 574/768/346 532/769/347 533/770/348
f 568/771/349 569/772/350 535/773/351 534/774/352
f 560/775/353 561/776/354 537/777/355 536/778/356
f 563/779/357 564/763/341 530/766/344 538/780/358
f 576/781/359 577/782/360 539/783/361 540/784/362
f 561/776/354 562/785/363 541/786/364 537/777/355
f 572/787/365 573/767/345 533/770/348 542/788/366
f 562/785/363 563/779/357 538/780/358 541/786/364
f 571/789/367 572/787/365 542/788/366 543/790/368
f 575/791/369 576/781/359 540/784/362 544/792/370
f 574/768/346 575/791/369 544/792/370 532/769/347
f 567/760/338 568/771/349 534/774/352 529/761/339
f 565/764/342 566/759/337 528/762/340 531/765/343
f 569/772/350 570/793/371 545/794/372 535/773/351
f 570/793/371 571/789/367 543/790/368 545/794/372
f 536/778/373 537/777/374 546/795/374 547/796/375
f 530/766/374 546/795/374 537/777/374 541/786/374 538/780/374
f 547/796/375 546/795/374 548/797/374 549/798/376
f 549/798/376 548/797/374 550/799/374 551/800/377
f 551/800/377 550/799/374 540/784/374 539/783/378
f 531/765/374 548/797/374 546/795/374 530/766/374
f 529/761/374 534/774/374 535/773/374 545/794/374 543/790/374 542/788/374 533/770/374 532/769/374 550/799/374 548/797/374 531/765/374 528/762/374
f 550/799/374 532/769/374 544/792/374 540/784/374
f 558/801/379 559/802/380 553/803/381 552/804/382
f 559/802/380 560/775/353 536/778/356 553/803/381
f 556/805/383 557/806/384 547/796/375 549/798/376
f 555/807/385 556/805/383 549/798/376 551/800/377
f 554/808/386 555/807/385 551/800/377 539/783/378
f 557/806/384 552/804/382 553/803/387 536/778/373 547/796/375
f 484/809/388 577/782/360 515/810/389 476/811/390
f 478/812/391 500/813/392 555/807/385 554/808/386
f 500/813/392 499/814/393 556/805/383 555/807/385
f 499/814/393 498/815/394 557/806/384 556/805/383
f 477/816/395 552/804/382 557/806/384 498/815/394
f 552/804/382 477/816/395 483/817/396 558/801/379
f 514/818/397 521/819/398 559/802/380 558/801/379
f 509/820/399 560/775/353 559/802/380 521/819/398
f 509/820/399 516/821/400 561/776/354 560/775/353
f 516/821/400 518/822/400 562/785/363 561/776/354
f 518/822/400 513/823/401 563/779/357 562/785/363
f 513/823/401 512/824/402 564/763/341 563/779/357
f 512/824/402 524/825/403 565/764/342 564/763/341
f 524/825/403 510/826/404 566/759/337 565/764/342
f 510/826/404 523/827/405 567/760/338 566/759/337
f 523/827/405 511/828/406 568/771/349 567/760/338
f 511/828/406 526/829/407 569/772/350 568/771/349
f 526/829/407 525/830/408 570/793/371 569/772/350
f 525/830/408 527/831/409 571/789/367 570/793/371
f 527/831/409 519/832/410 572/787/365 571/789/367
f 519/832/410 517/833/411 573/767/345 572/787/365
f 517/833/411 508/834/412 574/768/346 573/767/345
f 508/834/412 522/835/413 575/791/369 574/768/346
f 522/835/413 520/836/414 576/781/359 575/791/369
f 520/836/414 515/810/389 577/782/360 576/781/359
f 558/801/379 483/817/396 475/837/415 514/818/397
f 554/808/416 539/783/361 577/782/360 484/809/388 478/812/391
f 585/838/417 586/839/418 581/723/323 580/727/327
f 586/839/418 594/840/419 595/724/324 581/723/323
f 584/841/150 583/842/150 603/843/420 598/844/421
f 480/845/422 490/846/423 586/839/418 585/838/417
f 490/846/423 593/847/424 594/840/419 586/839/418
f 477/816/395 498/815/394 589/715/315 588/710/304
f 498/815/394 499/814/393 590/721/321 589/715/315
f 499/814/393 500/813/392 591/719/319 590/721/321
f 592/720/320 591/719/319 500/813/392 478/812/391
f 594/840/419 593/847/424 476/751/336 587/750/335
f 595/724/324 594/840/419 587/750/335 582/749/334
f 596/725/325 595/724/324 582/749/334 475/748/333
f 483/817/396 597/706/303 596/705/303 475/837/415
f 588/710/304 597/706/303 483/817/396 477/816/395
f 600/692/298 599/848/425 602/849/426 601/693/299
f 599/848/425 598/844/421 603/843/420 602/849/426
f 604/729/329 606/850/427 608/851/428 607/730/330
f 606/850/427 605/698/301 609/697/300 608/851/428
f 480/845/422 585/838/417 622/852/429 621/853/430 610/854/431 584/855/432 598/856/430 599/857/430 600/858/430
f 604/859/433 579/860/434 612/861/435 614/862/433 617/863/436 580/727/327 479/728/328 605/864/433 606/865/433
f 627/866/437 623/867/437 616/868/438 618/869/438
f 612/870/439 613/871/439 620/872/440 614/873/440
f 611/874/441 610/875/441 621/876/442 625/877/443
f 613/871/190 612/870/190 610/878/190 611/879/190
f 612/861/435 579/860/434 584/855/432 610/854/431
f 579/732/150 578/731/150 583/842/150 584/841/150
f 617/863/436 616/880/113 623/881/113 622/852/429 585/838/417 580/727/327
f 616/868/438 615/882/444 619/883/444 618/869/438
f 615/882/444 614/873/440 620/872/440 619/883/444
f 621/876/442 624/884/445 626/885/445 625/877/443
f 624/884/445 623/867/437 627/866/437 626/885/445
f 617/863/436 614/862/433 615/886/113
f 617/863/436 615/886/113 616/880/113
f 622/852/429 623/881/113 624/887/113
f 622/852/429 624/887/113 621/853/430
f 481/712/306 488/711/305 489/690/297 485/689/296
f 593/888/446 490/889/446 488/717/447 592/720/320
f 484/809/388 476/811/390 593/888/446 592/720/320 478/812/391
f 6210/5926/292 6209/5927/292 6212/5928/292 6211/5929/292
f 6209/5927/292 6213/5930/292 6212/5928/292
f 6208/5931/113 6205/5932/4535 6210/5926/292 6211/5929/113
f 6228/5933/4536 6227/5934/4537 6230/5935/4538 6229/5936/4539
f 6227/5934/4537 6226/5937/4540 6231/5938/4541 6230/5935/4538
f 6234/5939/4542 6233/5940/4543 6236/5941/4544 6235/5942/4545
f 6233/5940/4543 6232/5943/4546 6237/5944/4547 6236/5941/4544
f 6240/5945/4548 6239/5946/4549 6242/5947/4550 6241/5948/4551
f 6239/5946/4549 6238/5949/4552 6243/5950/4553 6242/5947/4550
f 6246/5951/4554 6245/5952/4555 6248/5953/4556 6247/5954/4557
f 6245/5952/4555 6244/5955/4558 6249/5956/4559 6248/5953/4556
f 6252/5957/4560 6251/5958/4561 6254/5959/4562 6253/5960/4563
f 6251/5958/4561 6250/5961/4564 6255/5962/4565 6254/5959/4562
f 6261/5963/4566 6260/5964/4567 6263/5965/4568 6262/5966/4569
f 6260/5964/4567 6259/5967/4570 6264/5968/4571 6263/5965/4568
f 6244/5955/4558 6232/5943/4546 6256/5969/4572 6283/5970/4573 6261/5963/4566 6262/5966/4569 6280/5971/4574 6249/5956/4559
f 6226/5937/4540 6227/5934/4537 6266/5972/4575 6265/5973/4576
f 6227/5934/4537 6228/5933/4536 6267/5974/4577 6266/5972/4575
f 6232/5943/4546 6233/5940/4543 6257/5975/4578 6256/5969/4572
f 6233/5940/4543 6234/5939/4542 6258/5976/4579 6257/5975/4578
f 6238/5949/4552 6239/5946/4549 6272/5977/4580 6271/5978/4581
f 6239/5946/4549 6240/5945/4548 6273/5979/4582 6272/5977/4580
f 6244/5955/4558 6245/5952/4555 6269/5980/4583 6268/5981/4584
f 6245/5952/4555 6246/5951/4554 6270/5982/4585 6269/5980/4583
f 6253/5960/4563 6254/5959/4562 6275/5983/4586 6274/5984/4587
f 6254/5959/4562 6255/5962/4565 6276/5985/4588 6275/5983/4586
f 6256/5969/4572 6257/5975/4578 6284/5986/4589 6283/5970/4573
f 6257/5975/4578 6258/5976/4579 6285/5987/4590 6284/5986/4589
f 6262/5966/4569 6263/5965/4568 6281/5988/4591 6280/5971/4574
f 6263/5965/4568 6264/5968/4571 6282/5989/4592 6281/5988/4591
f 6265/5973/4576 6266/5972/4575 6278/5990/4593 6277/5991/4594
f 6266/5972/4575 6267/5974/4577 6279/5992/4595 6278/5990/4593
f 6241/5948/4551 6242/5947/4550 6269/5980/4583 6270/5982/4585
f 6242/5947/4550 6243/5950/4553 6268/5981/4584 6269/5980/4583
f 6250/5961/4564 6251/5958/4561 6272/5977/4580 6273/5979/4582
f 6251/5958/4561 6252/5957/4560 6271/5978/4581 6272/5977/4580
f 6229/5936/4539 6230/5935/4538 6275/5983/4586 6276/5985/4588
f 6230/5935/4538 6231/5938/4541 6274/5984/4587 6275/5983/4586
f 6235/5942/4545 6236/5941/4544 6278/5990/4593 6279/5992/4595
f 6236/5941/4544 6237/5944/4547 6277/5991/4594 6278/5990/4593
f 6247/5954/4557 6248/5953/4556 6281/5988/4591 6282/5989/4592
f 6248/5953/4556 6249/5956/4559 6280/5971/4574 6281/5988/4591
f 6259/5967/4570 6260/5964/4567 6284/5986/4589 6285/5987/4590
f 6260/5964/4567 6261/5963/4566 6283/5970/4573 6284/5986/4589
f 6353/5993/4596 6354/5994/4597 6287/5995/4598 6286/5996/4596
f 6288/5997/4599 6287/5995/4598 6354/5994/4597 6355/5998/4599
f 6289/5999/4600 6288/5997/4599 6355/5998/4599 6356/6000/4600
f 6290/6001/4601 6289/5999/4600 6356/6000/4600 6357/6002/4602
f 6291/6003/4603 6290/6001/4601 6357/6002/4602 6358/6004/4603
f 6292/6005/4604 6291/6003/4603 6358/6004/4603 6359/6006/4604
f 6359/6006/4604 6360/6007/4605 6293/6008/4605 6292/6005/4604
f 6360/6007/4605 6361/6009/4606 6294/6010/4606 6293/6008/4605
f 6361/6009/4606 6362/6011/4607 6295/6012/4608 6294/6010/4606
f 6362/6011/4607 6363/6013/4609 6296/6014/4610 6295/6012/4608
f 6363/6013/4609 6364/6015/4611 6297/6016/4611 6296/6014/4610
f 6364/6017/190 6365/6018/190 6298/6019/190 6297/6020/190
f 6365/6021/4612 6366/6022/4613 6352/6023/4614 6298/6024/4615
f 6367/6025/4616 6368/6026/4617 6300/6027/4617 6299/6028/4616
f 6368/6026/4617 6369/6029/4618 6301/6030/4618 6300/6027/4617
f 6369/6029/4618 6370/6031/4619 6302/6032/4619 6301/6030/4618
f 6303/6033/4620 6302/6032/4619 6370/6031/4619 6371/6034/4621
f 6304/6035/4622 6303/6033/4620 6371/6034/4621 6372/6036/4622
f 6305/6037/4623 6304/6035/4622 6372/6036/4622 6373/6038/4623
f 6306/6039/4624 6305/6037/4623 6373/6038/4623 6374/6040/4624
f 6307/6041/4625 6306/6039/4624 6374/6040/4624 6375/6042/4626
f 6308/6043/4627 6307/6041/4625 6375/6042/4626 6376/6044/4627
f 6309/6045/4628 6308/6043/4627 6376/6044/4627 6377/6046/4628
f 6310/6047/4629 6309/6045/4628 6377/6046/4628 6378/6048/4629
f 6311/6049/4630 6310/6047/4629 6378/6048/4629 6379/6050/4630
f 6312/6051/4631 6311/6049/4630 6379/6050/4630 6380/6052/4631
f 6313/6053/4632 6312/6051/4631 6380/6052/4631 6381/6054/4632
f 6314/6055/4633 6313/6053/4632 6381/6054/4632 6382/6056/4633
f 6315/6057/4634 6314/6055/4633 6382/6056/4633 6383/6058/4634
f 6316/6059/4635 6315/6057/4634 6383/6058/4634 6384/6060/4635
f 6317/6061/4636 6316/6059/4635 6384/6060/4635 6385/6062/4636
f 6318/6063/4637 6317/6061/4636 6385/6062/4636 6386/6064/4638
f 6319/6065/4639 6318/6063/4637 6386/6064/4638 6387/6066/4639
f 6320/6067/4640 6319/6065/4639 6387/6066/4639 6388/6068/4640
f 6321/6069/4641 6320/6067/4640 6388/6068/4640 6389/6070/4641
f 6322/6071/4642 6321/6069/4641 6389/6070/4641 6390/6072/4643
f 6323/6073/4644 6322/6071/4642 6390/6072/4643 6391/6074/4644
f 6324/6075/4645 6323/6073/4644 6391/6074/4644 6392/6076/4645
f 6325/6077/4646 6324/6075/4645 6392/6076/4645 6393/6078/4646
f 6326/6079/4647 6325/6077/4646 6393/6078/4646 6394/6080/4647
f 6327/6081/4648 6326/6079/4647 6394/6080/4647 6395/6082/4648
f 6328/6083/4649 6327/6081/4648 6395/6082/4648 6396/6084/4649
f 6329/6085/4650 6328/6083/4649 6396/6084/4649 6397/6086/4651
f 6330/6087/4652 6329/6085/4650 6397/6086/4651 6398/6088/4652
f 6331/6089/4653 6330/6087/4652 6398/6088/4652 6399/6090/4653
f 6332/6091/4654 6331/6089/4653 6399/6090/4653 6400/6092/4654
f 6333/6093/4655 6332/6091/4654 6400/6092/4654 6401/6094/4655
f 6334/6095/4656 6333/6096/4655 6401/6097/4655 6402/6098/4656
f 6335/6099/4657 6334/6095/4656 6402/6098/4656 6403/6100/4657
f 6336/6101/4658 6335/6099/4657 6403/6100/4657 6404/6102/4658
f 6337/6103/4659 6336/6101/4658 6404/6102/4658 6405/6104/4660
f 6338/6105/4661 6337/6103/4659 6405/6104/4660 6406/6106/4661
f 6339/6107/4662 6338/6105/4661 6406/6106/4661 6407/6108/4663
f 6340/6109/4664 6339/6107/4662 6407/6108/4663 6408/6110/4664
f 6341/6111/4665 6340/6109/4664 6408/6110/4664 6409/6112/4666
f 6342/6113/4667 6341/6111/4665 6409/6112/4666 6410/6114/4667
f 6343/6115/4668 6342/6113/4667 6410/6114/4667 6411/6116/4668
f 6344/6117/4669 6343/6115/4668 6411/6116/4668 6412/6118/4670
f 6345/6119/4671 6344/6117/4669 6412/6118/4670 6413/6120/4672
f 6348/6121/4673 6347/6122/4674 6415/6123/4675 6416/6124/4673
f 6349/6125/4676 6348/6121/4673 6416/6124/4673 6417/6126/4676
f 6350/6127/583 6349/6125/4676 6417/6126/4676 6418/6128/583
f 6351/6129/4677 6350/6127/583 6418/6128/583 6419/6130/4677
f 6286/5996/4596 6351/6129/4677 6419/6130/4677 6353/5993/4596
f 6366/6022/4613 6367/6025/4616 6299/6028/4616 6352/6023/4614
f 6499/6131/4678 6498/6132/4679 6501/6133/4680 6500/6134/272
f 6498/6132/4679 6497/6135/4681 6502/6136/4682 6501/6133/4680
f 6497/6135/4681 6496/6137/4683 6503/6138/4684 6502/6136/4682
f 6496/6137/4683 6495/6139/4685 6504/6140/4686 6503/6138/4684
f 6619/6141/4687 6759/6142/127 6754/6143/273 6749/6144/113 6744/6145/113 6739/6146/113 6734/6147/113 6729/6148/201 6724/6149/201 6719/6150/124 6714/6151/124 6709/6152/4688 6704/6153/4688 6699/6154/119 6694/6155/119 6689/6156/119 6684/6157/119 6679/6158/119 6674/6159/119 6669/6160/119 6664/6161/275 6659/6162/275 6654/6163/4689 6649/6164/4690 6644/6165/124 6639/6166/124 6634/6167/272 6629/6168/272 6624/6169/4687
f 6434/6170/4691 6439/6171/4692 6354/5994/4597 6353/5993/4596
f 6355/5998/4599 6354/5994/4597 6439/6171/4692 6494/6172/4693
f 6356/6000/4600 6355/5998/4599 6494/6172/4693 6509/6173/4694
f 6357/6002/4602 6356/6000/4600 6509/6173/4694 6519/6174/4695
f 6358/6004/4603 6357/6002/4602 6519/6174/4695 6529/6175/4696
f 6359/6006/4604 6358/6004/4603 6529/6175/4696 6489/6176/4697
f 6484/6177/4698 6360/6007/4605 6359/6006/4604 6489/6176/4697
f 6474/6178/4699 6361/6009/4606 6360/6007/4605 6484/6177/4698
f 6464/6179/4700 6362/6011/4607 6361/6009/4606 6474/6178/4699
f 6454/6180/4701 6363/6013/4609 6362/6011/4607 6464/6179/4700
f 6514/6181/4702 6368/6026/4617 6367/6025/4616 6524/6182/4703
f 6504/6183/4686 6369/6029/4618 6368/6026/4617 6514/6181/4702
f 6495/6184/4685 6370/6031/4619 6369/6029/4618 6504/6183/4686
f 6371/6034/4621 6370/6031/4619 6495/6184/4685 6530/6185/4704
f 6372/6036/4622 6371/6034/4621 6530/6185/4704 6535/6186/4705
f 6373/6038/4623 6372/6036/4622 6535/6186/4705 6540/6187/4706
f 6374/6040/4624 6373/6038/4623 6540/6187/4706 6545/6188/4707
f 6375/6042/4626 6374/6040/4624 6545/6188/4707 6550/6189/4708
f 6376/6044/4627 6375/6042/4626 6550/6189/4708 6555/6190/4709
f 6377/6046/4628 6376/6044/4627 6555/6190/4709 6560/6191/4710
f 6378/6048/4629 6377/6046/4628 6560/6191/4710 6565/6192/4711
f 6379/6050/4630 6378/6048/4629 6565/6192/4711 6570/6193/4712
f 6380/6052/4631 6379/6050/4630 6570/6193/4712 6575/6194/4713
f 6381/6054/4632 6380/6052/4631 6575/6194/4713 6580/6195/4714
f 6382/6056/4633 6381/6054/4632 6580/6195/4714 6585/6196/4715
f 6383/6058/4634 6382/6056/4633 6585/6196/4715 6590/6197/4716
f 6384/6060/4635 6383/6058/4634 6590/6197/4716 6595/6198/4717
f 6385/6062/4636 6384/6060/4635 6595/6198/4717 6600/6199/4718
f 6386/6064/4638 6385/6062/4636 6600/6199/4718 6605/6200/4719
f 6387/6066/4639 6386/6064/4638 6605/6200/4719 6610/6201/4720
f 6388/6068/4640 6387/6066/4639 6610/6201/4720 6615/6202/4721
f 6389/6070/4641 6388/6068/4640 6615/6202/4721 6620/6203/4722
f 6390/6072/4643 6389/6070/4641 6620/6203/4722 6625/6204/4723
f 6391/6074/4644 6390/6072/4643 6625/6204/4723 6630/6205/4724
f 6392/6076/4645 6391/6074/4644 6630/6205/4724 6635/6206/4725
f 6393/6078/4646 6392/6076/4645 6635/6206/4725 6640/6207/4726
f 6394/6080/4647 6393/6078/4646 6640/6207/4726 6645/6208/4727
f 6395/6082/4648 6394/6080/4647 6645/6208/4727 6650/6209/4728
f 6396/6084/4649 6395/6082/4648 6650/6209/4728 6655/6210/4729
f 6397/6086/4651 6396/6084/4649 6655/6210/4729 6660/6211/4730
f 6398/6088/4652 6397/6086/4651 6660/6211/4730 6665/6212/4731
f 6399/6090/4653 6398/6088/4652 6665/6212/4731 6670/6213/4732
f 6400/6092/4654 6399/6090/4653 6670/6213/4732 6675/6214/4733
f 6401/6094/4655 6400/6092/4654 6675/6214/4733 6680/6215/4734
f 6402/6098/4656 6401/6097/4655 6680/6216/4734 6685/6217/4735
f 6403/6100/4657 6402/6098/4656 6685/6217/4735 6690/6218/4736
f 6404/6102/4658 6403/6100/4657 6690/6218/4736 6695/6219/4737
f 6405/6104/4660 6404/6102/4658 6695/6219/4737 6700/6220/4738
f 6406/6106/4661 6405/6104/4660 6700/6220/4738 6705/6221/4739
f 6407/6108/4663 6406/6106/4661 6705/6221/4739 6710/6222/4740
f 6408/6110/4664 6407/6108/4663 6710/6222/4740 6715/6223/4741
f 6409/6112/4666 6408/6110/4664 6715/6223/4741 6720/6224/4742
f 6410/6114/4667 6409/6112/4666 6720/6224/4742 6725/6225/4743
f 6411/6116/4668 6410/6114/4667 6725/6225/4743 6730/6226/4744
f 6412/6118/4670 6411/6116/4668 6730/6226/4744 6735/6227/4745
f 6413/6120/4672 6412/6118/4670 6735/6227/4745 6740/6228/4746
f 6415/6123/4675 6414/6229/4747 6424/6230/4748 6444/6231/4749
f 6416/6124/4673 6415/6123/4675 6444/6231/4749 6449/6232/4750
f 6417/6126/4676 6416/6124/4673 6449/6232/4750 6459/6233/4751
f 6418/6128/583 6417/6126/4676 6459/6233/4751 6469/6234/4752
f 6419/6130/4677 6418/6128/583 6469/6234/4752 6479/6235/4753
f 6353/5993/4596 6419/6130/4677 6479/6235/4753 6434/6170/4691
f 6423/6236/4754 6424/6237/4748 6429/6238/4755 6428/6239/4756
f 6422/6240/4757 6423/6236/4754 6428/6239/4756 6427/6241/4758
f 6420/6242/4759 6421/6243/4760 6426/6244/4761 6425/6245/201
f 6421/6243/4760 6422/6240/4757 6427/6241/4758 6426/6244/4761
f 6433/6246/4762 6434/6247/4691 6479/6248/4753 6478/6249/4763
f 6432/6250/4764 6433/6246/4762 6478/6249/4763 6477/6251/4765
f 6430/6252/4766 6431/6253/4767 6476/6254/4768 6475/6255/4769
f 6431/6253/4767 6432/6250/4764 6477/6251/4765 6476/6254/4768
f 6434/6247/4691 6433/6246/4762 6438/6256/4770 6439/6257/4692
f 6433/6246/4762 6432/6250/4764 6437/6258/4771 6438/6256/4770
f 6432/6250/4764 6431/6253/4767 6436/6259/4772 6437/6258/4771
f 6431/6253/4767 6430/6252/4766 6435/6260/4773 6436/6259/4772
f 6424/6237/4748 6423/6236/4754 6443/6261/4774 6444/6262/4749
f 6423/6236/4754 6422/6240/4757 6442/6263/4775 6443/6261/4774
f 6422/6240/4757 6421/6243/4760 6441/6264/4776 6442/6263/4775
f 6421/6243/4760 6420/6242/4759 6440/6265/4777 6441/6264/4776
f 6444/6262/4749 6443/6261/4774 6448/6266/4778 6449/6267/4750
f 6443/6261/4774 6442/6263/4775 6447/6268/4779 6448/6266/4778
f 6442/6263/4775 6441/6264/4776 6446/6269/4780 6447/6268/4779
f 6441/6264/4776 6440/6265/4777 6445/6270/4781 6446/6269/4780
f 6453/6271/4782 6454/6272/4701 6464/6273/4700 6463/6274/4783
f 6452/6275/4784 6453/6271/4782 6463/6274/4783 6462/6276/4785
f 6450/6277/4786 6451/6278/4787 6461/6279/4788 6460/6280/4789
f 6451/6278/4787 6452/6275/4784 6462/6276/4785 6461/6279/4788
f 6449/6267/4750 6448/6266/4778 6458/6281/4790 6459/6282/4751
f 6448/6266/4778 6447/6268/4779 6457/6283/4791 6458/6281/4790
f 6447/6268/4779 6446/6269/4780 6456/6284/4792 6457/6283/4791
f 6446/6269/4780 6445/6270/4781 6455/6285/4793 6456/6284/4792
f 6463/6274/4783 6464/6273/4700 6474/6286/4699 6473/6287/4794
f 6462/6276/4785 6463/6274/4783 6473/6287/4794 6472/6288/4795
f 6460/6280/4789 6461/6279/4788 6471/6289/4796 6470/6290/4797
f 6461/6279/4788 6462/6276/4785 6472/6288/4795 6471/6289/4796
f 6459/6282/4751 6458/6281/4790 6468/6291/4798 6469/6292/4752
f 6458/6281/4790 6457/6283/4791 6467/6293/4799 6468/6291/4798
f 6457/6283/4791 6456/6284/4792 6466/6294/4800 6467/6293/4799
f 6456/6284/4792 6455/6285/4793 6465/6295/4801 6466/6294/4800
f 6473/6287/4794 6474/6286/4699 6484/6296/4698 6483/6297/4802
f 6472/6288/4795 6473/6287/4794 6483/6297/4802 6482/6298/4803
f 6470/6290/4797 6471/6289/4796 6481/6299/4804 6480/6300/4805
f 6471/6289/4796 6472/6288/4795 6482/6298/4803 6481/6299/4804
f 6469/6292/4752 6468/6291/4798 6478/6249/4763 6479/6248/4753
f 6468/6291/4798 6467/6293/4799 6477/6251/4765 6478/6249/4763
f 6467/6293/4799 6466/6294/4800 6476/6254/4768 6477/6251/4765
f 6466/6294/4800 6465/6295/4801 6475/6255/4769 6476/6254/4768
f 6483/6297/4802 6484/6296/4698 6489/6301/4697 6488/6302/4806
f 6482/6298/4803 6483/6297/4802 6488/6302/4806 6487/6303/4807
f 6480/6300/4805 6481/6299/4804 6486/6304/4808 6485/6305/4809
f 6481/6299/4804 6482/6298/4803 6487/6303/4807 6486/6304/4808
f 6488/6302/4806 6489/6301/4697 6529/6306/4696 6528/6307/4810
f 6487/6303/4807 6488/6302/4806 6528/6307/4810 6527/6308/4811
f 6485/6305/4809 6486/6304/4808 6526/6309/4812 6525/6310/4813
f 6486/6304/4808 6487/6303/4807 6527/6308/4811 6526/6309/4812
f 6439/6257/4692 6438/6256/4770 6493/6311/4814 6494/6312/4693
f 6438/6256/4770 6437/6258/4771 6492/6313/4815 6493/6311/4814
f 6437/6258/4771 6436/6259/4772 6491/6314/4816 6492/6313/4815
f 6436/6259/4772 6435/6260/4773 6490/6315/4817 6491/6314/4816
f 6498/6132/4679 6499/6131/4678 6534/6316/272 6533/6317/4818
f 6497/6135/4681 6498/6132/4679 6533/6317/4818 6532/6318/4819
f 6495/6139/4685 6496/6137/4683 6531/6319/4820 6530/6320/4704
f 6496/6137/4683 6497/6135/4681 6532/6318/4819 6531/6319/4820
f 6503/6138/4684 6504/6140/4686 6514/6321/4702 6513/6322/4821
f 6502/6136/4682 6503/6138/4684 6513/6322/4821 6512/6323/4822
f 6500/6134/272 6501/6133/4680 6511/6324/4823 6510/6325/4687
f 6501/6133/4680 6502/6136/4682 6512/6323/4822 6511/6324/4823
f 6494/6312/4693 6493/6311/4814 6508/6326/4824 6509/6327/4694
f 6493/6311/4814 6492/6313/4815 6507/6328/4825 6508/6326/4824
f 6492/6313/4815 6491/6314/4816 6506/6329/4826 6507/6328/4825
f 6491/6314/4816 6490/6315/4817 6505/6330/4827 6506/6329/4826
f 6513/6322/4821 6514/6321/4702 6524/6331/4703 6523/6332/4828
f 6512/6323/4822 6513/6322/4821 6523/6332/4828 6522/6333/4829
f 6510/6325/4687 6511/6324/4823 6521/6334/4830 6520/6335/4831
f 6511/6324/4823 6512/6323/4822 6522/6333/4829 6521/6334/4830
f 6509/6327/4694 6508/6326/4824 6518/6336/4832 6519/6337/4695
f 6508/6326/4824 6507/6328/4825 6517/6338/4833 6518/6336/4832
f 6507/6328/4825 6506/6329/4826 6516/6339/4834 6517/6338/4833
f 6506/6329/4826 6505/6330/4827 6515/6340/4835 6516/6339/4834
f 6519/6337/4695 6518/6336/4832 6528/6307/4810 6529/6306/4696
f 6518/6336/4832 6517/6338/4833 6527/6308/4811 6528/6307/4810
f 6517/6338/4833 6516/6339/4834 6526/6309/4812 6527/6308/4811
f 6516/6339/4834 6515/6340/4835 6525/6310/4813 6526/6309/4812
f 6533/6317/4818 6534/6316/272 6539/6341/4836 6538/6342/4837
f 6532/6318/4819 6533/6317/4818 6538/6342/4837 6537/6343/4838
f 6530/6320/4704 6531/6319/4820 6536/6344/4839 6535/6345/4705
f 6531/6319/4820 6532/6318/4819 6537/6343/4838 6536/6344/4839
f 6538/6342/4837 6539/6341/4836 6544/6346/4840 6543/6347/4841
f 6537/6343/4838 6538/6342/4837 6543/6347/4841 6542/6348/4842
f 6535/6345/4705 6536/6344/4839 6541/6349/4843 6540/6350/4706
f 6536/6344/4839 6537/6343/4838 6542/6348/4842 6541/6349/4843
f 6543/6347/4841 6544/6346/4840 6549/6351/4678 6548/6352/4844
f 6542/6348/4842 6543/6347/4841 6548/6352/4844 6547/6353/4845
f 6540/6350/4706 6541/6349/4843 6546/6354/4846 6545/6355/4707
f 6541/6349/4843 6542/6348/4842 6547/6353/4845 6546/6354/4846
f 6548/6352/4844 6549/6351/4678 6554/6356/4847 6553/6357/4848
f 6547/6353/4845 6548/6352/4844 6553/6357/4848 6552/6358/4849
f 6545/6355/4707 6546/6354/4846 6551/6359/4850 6550/6360/4708
f 6546/6354/4846 6547/6353/4845 6552/6358/4849 6551/6359/4850
f 6553/6357/4848 6554/6356/4847 6559/6361/4851 6558/6362/4852
f 6552/6358/4849 6553/6357/4848 6558/6362/4852 6557/6363/4853
f 6550/6360/4708 6551/6359/4850 6556/6364/4854 6555/6365/4709
f 6551/6359/4850 6552/6358/4849 6557/6363/4853 6556/6364/4854
f 6558/6362/4852 6559/6361/4851 6564/6366/4855 6563/6367/4856
f 6557/6363/4853 6558/6362/4852 6563/6367/4856 6562/6368/4857
f 6555/6365/4709 6556/6364/4854 6561/6369/4858 6560/6370/4710
f 6556/6364/4854 6557/6363/4853 6562/6368/4857 6561/6369/4858
f 6563/6367/4856 6564/6366/4855 6569/6371/4859 6568/6372/4860
f 6562/6368/4857 6563/6367/4856 6568/6372/4860 6567/6373/4861
f 6560/6370/4710 6561/6369/4858 6566/6374/4862 6565/6375/4711
f 6561/6369/4858 6562/6368/4857 6567/6373/4861 6566/6374/4862
f 6568/6372/4860 6569/6371/4859 6574/6376/4863 6573/6377/4864
f 6567/6373/4861 6568/6372/4860 6573/6377/4864 6572/6378/4865
f 6565/6375/4711 6566/6374/4862 6571/6379/4866 6570/6380/4712
f 6566/6374/4862 6567/6373/4861 6572/6378/4865 6571/6379/4866
f 6573/6377/4864 6574/6376/4863 6579/6381/4867 6578/6382/4868
f 6572/6378/4865 6573/6377/4864 6578/6382/4868 6577/6383/4869
f 6570/6380/4712 6571/6379/4866 6576/6384/4870 6575/6385/4713
f 6571/6379/4866 6572/6378/4865 6577/6383/4869 6576/6384/4870
f 6578/6382/4868 6579/6381/4867 6584/6386/4871 6583/6387/4872
f 6577/6383/4869 6578/6382/4868 6583/6387/4872 6582/6388/4873
f 6575/6385/4713 6576/6384/4870 6581/6389/4874 6580/6390/4714
f 6576/6384/4870 6577/6383/4869 6582/6388/4873 6581/6389/4874
f 6583/6387/4872 6584/6386/4871 6589/6391/4875 6588/6392/4876
f 6582/6388/4873 6583/6387/4872 6588/6392/4876 6587/6393/4877
f 6580/6390/4714 6581/6389/4874 6586/6394/4878 6585/6395/4715
f 6581/6389/4874 6582/6388/4873 6587/6393/4877 6586/6394/4878
f 6588/6392/4876 6589/6391/4875 6594/6396/4879 6593/6397/4880
f 6587/6393/4877 6588/6392/4876 6593/6397/4880 6592/6398/4881
f 6585/6395/4715 6586/6394/4878 6591/6399/4882 6590/6400/4716
f 6586/6394/4878 6587/6393/4877 6592/6398/4881 6591/6399/4882
f 6593/6397/4880 6594/6396/4879 6599/6401/4879 6598/6402/4883
f 6592/6398/4881 6593/6397/4880 6598/6402/4883 6597/6403/4884
f 6590/6400/4716 6591/6399/4882 6596/6404/4885 6595/6405/4717
f 6591/6399/4882 6592/6398/4881 6597/6403/4884 6596/6404/4885
f 6598/6402/4883 6599/6401/4879 6604/6406/4886 6603/6407/4887
f 6597/6403/4884 6598/6402/4883 6603/6407/4887 6602/6408/4888
f 6595/6405/4717 6596/6404/4885 6601/6409/4889 6600/6410/4718
f 6596/6404/4885 6597/6403/4884 6602/6408/4888 6601/6409/4889
f 6603/6407/4887 6604/6406/4886 6609/6411/4890 6608/6412/4891
f 6602/6408/4888 6603/6407/4887 6608/6412/4891 6607/6413/4892
f 6600/6410/4718 6601/6409/4889 6606/6414/4893 6605/6415/4719
f 6601/6409/4889 6602/6408/4888 6607/6413/4892 6606/6414/4893
f 6608/6412/4891 6609/6411/4890 6614/6416/4879 6613/6417/4894
f 6607/6413/4892 6608/6412/4891 6613/6417/4894 6612/6418/4895
f 6605/6415/4719 6606/6414/4893 6611/6419/4896 6610/6420/4720
f 6606/6414/4893 6607/6413/4892 6612/6418/4895 6611/6419/4896
f 6613/6417/4894 6614/6416/4879 6619/6141/4687 6618/6421/4897
f 6612/6418/4895 6613/6417/4894 6618/6421/4897 6617/6422/4898
f 6610/6420/4720 6611/6419/4896 6616/6423/4899 6615/6424/4721
f 6611/6419/4896 6612/6418/4895 6617/6422/4898 6616/6423/4899
f 6618/6421/4897 6619/6141/4687 6624/6169/4687 6623/6425/4900
f 6617/6422/4898 6618/6421/4897 6623/6425/4900 6622/6426/4901
f 6615/6424/4721 6616/6423/4899 6621/6427/4902 6620/6428/4722
f 6616/6423/4899 6617/6422/4898 6622/6426/4901 6621/6427/4902
f 6623/6425/4900 6624/6169/4687 6629/6168/272 6628/6429/4903
f 6622/6426/4901 6623/6425/4900 6628/6429/4903 6627/6430/4904
f 6620/6428/4722 6621/6427/4902 6626/6431/4905 6625/6432/4723
f 6621/6427/4902 6622/6426/4901 6627/6430/4904 6626/6431/4905
f 6628/6429/4903 6629/6168/272 6634/6167/272 6633/6433/4906
f 6627/6430/4904 6628/6429/4903 6633/6433/4906 6632/6434/4907
f 6625/6432/4723 6626/6431/4905 6631/6435/4908 6630/6436/4724
f 6626/6431/4905 6627/6430/4904 6632/6434/4907 6631/6435/4908
f 6633/6433/4906 6634/6167/272 6639/6166/124 6638/6437/4909
f 6632/6434/4907 6633/6433/4906 6638/6437/4909 6637/6438/4910
f 6630/6436/4724 6631/6435/4908 6636/6439/4911 6635/6440/4725
f 6631/6435/4908 6632/6434/4907 6637/6438/4910 6636/6439/4911
f 6638/6437/4909 6639/6166/124 6644/6165/124 6643/6441/4912
f 6637/6438/4910 6638/6437/4909 6643/6441/4912 6642/6442/4913
f 6635/6440/4725 6636/6439/4911 6641/6443/4914 6640/6444/4726
f 6636/6439/4911 6637/6438/4910 6642/6442/4913 6641/6443/4914
f 6643/6441/4912 6644/6165/124 6649/6164/4690 6648/6445/4915
f 6642/6442/4913 6643/6441/4912 6648/6445/4915 6647/6446/4916
f 6640/6444/4726 6641/6443/4914 6646/6447/4917 6645/6448/4727
f 6641/6443/4914 6642/6442/4913 6647/6446/4916 6646/6447/4917
f 6648/6445/4915 6649/6164/4690 6654/6163/4689 6653/6449/4918
f 6647/6446/4916 6648/6445/4915 6653/6449/4918 6652/6450/4919
f 6645/6448/4727 6646/6447/4917 6651/6451/4920 6650/6452/4728
f 6646/6447/4917 6647/6446/4916 6652/6450/4919 6651/6451/4920
f 6653/6449/4918 6654/6163/4689 6659/6162/275 6658/6453/4921
f 6652/6450/4919 6653/6449/4918 6658/6453/4921 6657/6454/4922
f 6650/6452/4728 6651/6451/4920 6656/6455/4923 6655/6456/4729
f 6651/6451/4920 6652/6450/4919 6657/6454/4922 6656/6455/4923
f 6658/6453/4921 6659/6162/275 6664/6161/275 6663/6457/4924
f 6657/6454/4922 6658/6453/4921 6663/6457/4924 6662/6458/4925
f 6655/6456/4729 6656/6455/4923 6661/6459/4926 6660/6460/4730
f 6656/6455/4923 6657/6454/4922 6662/6458/4925 6661/6459/4926
f 6663/6457/4924 6664/6161/275 6669/6160/119 6668/6461/4927
f 6662/6458/4925 6663/6457/4924 6668/6461/4927 6667/6462/4928
f 6660/6460/4730 6661/6459/4926 6666/6463/4929 6665/6464/4731
f 6661/6459/4926 6662/6458/4925 6667/6462/4928 6666/6463/4929
f 6668/6461/4927 6669/6160/119 6674/6159/119 6673/6465/4930
f 6667/6462/4928 6668/6461/4927 6673/6465/4930 6672/6466/4931
f 6665/6464/4731 6666/6463/4929 6671/6467/4932 6670/6468/4732
f 6666/6463/4929 6667/6462/4928 6672/6466/4931 6671/6467/4932
f 6673/6465/4930 6674/6159/119 6679/6158/119 6678/6469/4933
f 6672/6466/4931 6673/6465/4930 6678/6469/4933 6677/6470/4934
f 6670/6468/4732 6671/6467/4932 6676/6471/4935 6675/6472/4733
f 6671/6467/4932 6672/6466/4931 6677/6470/4934 6676/6471/4935
f 6678/6469/4933 6679/6158/119 6684/6157/119 6683/6473/4936
f 6677/6470/4934 6678/6469/4933 6683/6473/4936 6682/6474/4937
f 6675/6472/4733 6676/6471/4935 6681/6475/4938 6680/6476/4734
f 6676/6471/4935 6677/6470/4934 6682/6474/4937 6681/6475/4938
f 6683/6473/4936 6684/6157/119 6689/6156/119 6688/6477/4939
f 6682/6474/4937 6683/6473/4936 6688/6477/4939 6687/6478/4940
f 6680/6476/4734 6681/6475/4938 6686/6479/4941 6685/6480/4735
f 6681/6475/4938 6682/6474/4937 6687/6478/4940 6686/6479/4941
f 6688/6477/4939 6689/6156/119 6694/6155/119 6693/6481/4942
f 6687/6478/4940 6688/6477/4939 6693/6481/4942 6692/6482/4943
f 6685/6480/4735 6686/6479/4941 6691/6483/4944 6690/6484/4736
f 6686/6479/4941 6687/6478/4940 6692/6482/4943 6691/6483/4944
f 6693/6481/4942 6694/6155/119 6699/6154/119 6698/6485/4945
f 6692/6482/4943 6693/6481/4942 6698/6485/4945 6697/6486/4946
f 6690/6484/4736 6691/6483/4944 6696/6487/4947 6695/6488/4737
f 6691/6483/4944 6692/6482/4943 6697/6486/4946 6696/6487/4947
f 6698/6485/4945 6699/6154/119 6704/6153/4688 6703/6489/4948
f 6697/6486/4946 6698/6485/4945 6703/6489/4948 6702/6490/4949
f 6695/6488/4737 6696/6487/4947 6701/6491/4950 6700/6492/4738
f 6696/6487/4947 6697/6486/4946 6702/6490/4949 6701/6491/4950
f 6703/6489/4948 6704/6153/4688 6709/6152/4688 6708/6493/4951
f 6702/6490/4949 6703/6489/4948 6708/6493/4951 6707/6494/4952
f 6700/6492/4738 6701/6491/4950 6706/6495/4953 6705/6496/4739
f 6701/6491/4950 6702/6490/4949 6707/6494/4952 6706/6495/4953
f 6708/6493/4951 6709/6152/4688 6714/6151/124 6713/6497/4954
f 6707/6494/4952 6708/6493/4951 6713/6497/4954 6712/6498/4955
f 6705/6496/4739 6706/6495/4953 6711/6499/4956 6710/6500/4740
f 6706/6495/4953 6707/6494/4952 6712/6498/4955 6711/6499/4956
f 6713/6497/4954 6714/6151/124 6719/6150/124 6718/6501/4957
f 6712/6498/4955 6713/6497/4954 6718/6501/4957 6717/6502/4958
f 6710/6500/4740 6711/6499/4956 6716/6503/4959 6715/6504/4741
f 6711/6499/4956 6712/6498/4955 6717/6502/4958 6716/6503/4959
f 6718/6501/4957 6719/6150/124 6724/6149/201 6723/6505/4960
f 6717/6502/4958 6718/6501/4957 6723/6505/4960 6722/6506/4961
f 6715/6504/4741 6716/6503/4959 6721/6507/4962 6720/6508/4742
f 6716/6503/4959 6717/6502/4958 6722/6506/4961 6721/6507/4962
f 6723/6505/4960 6724/6149/201 6729/6148/201 6728/6509/4963
f 6722/6506/4961 6723/6505/4960 6728/6509/4963 6727/6510/4964
f 6720/6508/4742 6721/6507/4962 6726/6511/4965 6725/6512/4743
f 6721/6507/4962 6722/6506/4961 6727/6510/4964 6726/6511/4965
f 6728/6509/4963 6729/6148/201 6734/6147/113 6733/6513/4966
f 6727/6510/4964 6728/6509/4963 6733/6513/4966 6732/6514/4967
f 6725/6512/4743 6726/6511/4965 6731/6515/4968 6730/6516/4744
f 6726/6511/4965 6727/6510/4964 6732/6514/4967 6731/6515/4968
f 6733/6513/4966 6734/6147/113 6739/6146/113 6738/6517/4969
f 6732/6514/4967 6733/6513/4966 6738/6517/4969 6737/6518/4970
f 6730/6516/4744 6731/6515/4968 6736/6519/4971 6735/6520/4745
f 6731/6515/4968 6732/6514/4967 6737/6518/4970 6736/6519/4971
f 6738/6517/4969 6739/6146/113 6744/6145/113 6743/6521/4972
f 6737/6518/4970 6738/6517/4969 6743/6521/4972 6742/6522/4973
f 6735/6520/4745 6736/6519/4971 6741/6523/4974 6740/6524/4746
f 6736/6519/4971 6737/6518/4970 6742/6522/4973 6741/6523/4974
f 6743/6521/4972 6744/6145/113 6749/6144/113 6748/6525/4975
f 6742/6522/4973 6743/6521/4972 6748/6525/4975 6747/6526/4976
f 6740/6524/4746 6741/6523/4974 6746/6527/4977 6745/6528/4978
f 6741/6523/4974 6742/6522/4973 6747/6526/4976 6746/6527/4977
f 6748/6525/4975 6749/6144/113 6754/6143/273 6753/6529/4979
f 6747/6526/4976 6748/6525/4975 6753/6529/4979 6752/6530/4980
f 6745/6528/4978 6746/6527/4977 6751/6531/4981 6750/6532/4982
f 6746/6527/4977 6747/6526/4976 6752/6530/4980 6751/6531/4981
f 6753/6529/4979 6754/6143/273 6759/6142/127 6758/6533/4983
f 6752/6530/4980 6753/6529/4979 6758/6533/4983 6757/6534/4984
f 6750/6532/4982 6751/6531/4981 6756/6535/4985 6755/6536/4986
f 6751/6531/4981 6752/6530/4980 6757/6534/4984 6756/6535/4985
f 6758/6533/4983 6759/6142/127 6764/6537/127 6763/6538/4987
f 6757/6534/4984 6758/6533/4983 6763/6538/4987 6762/6539/4988
f 6755/6536/4986 6756/6535/4985 6761/6540/4989 6760/6541/4990
f 6756/6535/4985 6757/6534/4984 6762/6539/4988 6761/6540/4989
f 6763/6538/4987 6764/6537/127 6769/6542/113 6768/6543/4991
f 6762/6539/4988 6763/6538/4987 6768/6543/4991 6767/6544/4992
f 6760/6541/4990 6761/6540/4989 6766/6545/4993 6765/6546/4994
f 6761/6540/4989 6762/6539/4988 6767/6544/4992 6766/6545/4993
f 6425/6245/201 6426/6244/4761 6768/6543/4991 6769/6542/113
f 6426/6244/4761 6427/6241/4758 6767/6544/4992 6768/6543/4991
f 6427/6241/4758 6428/6239/4756 6766/6545/4993 6767/6544/4992
f 6428/6239/4756 6429/6238/4755 6765/6546/4994 6766/6545/4993
f 6347/6122/4674 6346/6547/4995 6414/6229/4747 6415/6123/4675
f 6830/6548/4996 6829/6549/4997 6832/6550/4998 6831/6551/4999
f 6829/6549/4997 6828/6552/5000 6833/6553/5001 6832/6550/4998
f 6828/6552/5000 6827/6554/5002 6834/6555/5003 6833/6553/5001
f 7044/6556/5004 7043/6557/5005 7074/6558/5006 7073/6559/5007
f 7043/6557/5005 7042/6560/5008 7075/6561/5009 7074/6558/5006
f 7042/6560/5008 7041/6562/5010 7076/6563/5011 7075/6561/5009
f 7047/6564/5012 7046/6565/5013 7049/6566/5014 7048/6567/5015
f 7046/6565/5013 7045/6568/5016 7050/6569/5017 7049/6566/5014
f 7045/6568/5016 7044/6570/5004 7051/6571/5018 7050/6569/5017
f 7058/6572/5019 7057/6573/5020 7146/6574/5021 7145/6575/5022
f 7057/6573/5020 7056/6576/5023 7147/6577/5024 7146/6574/5021
f 7056/6576/5023 7064/6578/5025 7148/6579/5026 7147/6577/5024
f 7068/6580/5027 7067/6581/5028 7070/6582/5029 7069/6583/5030
f 7067/6581/5028 7066/6584/5031 7071/6585/5032 7070/6582/5029
f 7066/6584/5031 7065/6586/5033 7072/6587/5034 7071/6585/5032
f 6810/6588/5035 6291/6003/4603 6292/6005/4604 6802/6589/5036
f 6298/6024/4615 6352/6023/4614 6818/6590/5037 7163/6591/5038 7162/6592/4615
f 6292/6005/4604 6293/6008/4605 6806/6593/5039 6802/6589/5036
f 6790/6594/5040 6351/6129/4677 6286/5996/4596 6782/6595/5041
f 6297/6020/190 6298/6019/190 7162/6596/5042 7164/6597/5043 6822/6598/5044
f 6296/6014/4610 6297/6016/4611 6822/6599/5045 6826/6600/5046
f 6827/6601/5002 6347/6122/4674 6348/6121/4673 6834/6602/5003
f 6295/6012/4608 6296/6014/4610 6826/6600/5046 6838/6603/5047
f 6834/6602/5003 6348/6121/4673 6349/6125/4676 6842/6604/5048
f 6294/6010/4606 6295/6012/4608 6838/6603/5047 6814/6605/5049
f 6842/6604/5048 6349/6125/4676 6350/6127/583 6798/6606/5050
f 6293/6008/4605 6294/6010/4606 6814/6605/5049 6806/6593/5039
f 6798/6606/5050 6350/6127/583 6351/6129/4677 6790/6594/5040
f 6286/5996/4596 6287/5995/4598 6786/6607/5051 6782/6595/5041
f 6786/6607/5051 6287/5995/4598 6288/5997/4599 6794/6608/5052
f 6301/6030/4618 6302/6032/4619 6850/6609/5053 6858/6610/5054
f 6794/6608/5052 6288/5997/4599 6289/5999/4600 6846/6611/5055
f 6300/6027/4617 6301/6030/4618 6858/6610/5054 6862/6612/5056
f 6846/6611/5055 6289/5999/4600 6290/6001/4601 6866/6613/5057
f 6299/6028/4616 6300/6027/4617 6862/6612/5056 6870/6614/5058
f 6866/6613/5057 6290/6001/4601 6291/6003/4603 6810/6588/5035
f 6850/6609/5053 6302/6032/4619 6303/6033/4620 6854/6615/5059
f 6854/6615/5059 6303/6033/4620 6304/6035/4622 6874/6616/5060
f 6874/6616/5060 6304/6035/4622 6305/6037/4623 6878/6617/5061
f 6878/6617/5061 6305/6037/4623 6306/6039/4624 6882/6618/5062
f 6882/6618/5062 6306/6039/4624 6307/6041/4625 6886/6619/5063
f 6886/6619/5063 6307/6041/4625 6308/6043/4627 6890/6620/5064
f 6890/6620/5064 6308/6043/4627 6309/6045/4628 6894/6621/5065
f 6894/6621/5065 6309/6045/4628 6310/6047/4629 6898/6622/5066
f 6898/6622/5066 6310/6047/4629 6311/6049/4630 6902/6623/5067
f 6902/6623/5067 6311/6049/4630 6312/6051/4631 6906/6624/5068
f 6906/6624/5068 6312/6051/4631 6313/6053/4632 6910/6625/5069
f 6910/6625/5069 6313/6053/4632 6314/6055/4633 6914/6626/5070
f 6914/6626/5070 6314/6055/4633 6315/6057/4634 6918/6627/5071
f 6918/6627/5071 6315/6057/4634 6316/6059/4635 6922/6628/5072
f 6922/6628/5072 6316/6059/4635 6317/6061/4636 6926/6629/5073
f 6926/6629/5073 6317/6061/4636 6318/6063/4637 6930/6630/5074
f 6930/6630/5074 6318/6063/4637 6319/6065/4639 6934/6631/5075
f 6934/6631/5075 6319/6065/4639 6320/6067/4640 6938/6632/5076
f 6938/6632/5076 6320/6067/4640 6321/6069/4641 6942/6633/5077
f 6942/6633/5077 6321/6069/4641 6322/6071/4642 6946/6634/5078
f 6946/6634/5078 6322/6071/4642 6323/6073/4644 6950/6635/5079
f 6950/6635/5079 6323/6073/4644 6324/6075/4645 6954/6636/5080
f 6954/6636/5080 6324/6075/4645 6325/6077/4646 6958/6637/5081
f 6958/6637/5081 6325/6077/4646 6326/6079/4647 6962/6638/5082
f 6962/6638/5082 6326/6079/4647 6327/6081/4648 6966/6639/5083
f 6966/6639/5083 6327/6081/4648 6328/6083/4649 6970/6640/5084
f 6970/6640/5084 6328/6083/4649 6329/6085/4650 6974/6641/5085
f 6974/6641/5085 6329/6085/4650 6330/6087/4652 6978/6642/5086
f 6978/6642/5086 6330/6087/4652 6331/6089/4653 6982/6643/5087
f 6982/6643/5087 6331/6089/4653 6332/6091/4654 6986/6644/5088
f 6986/6644/5088 6332/6091/4654 6333/6093/4655 6990/6645/5089
f 6990/6646/5089 6333/6096/4655 6334/6095/4656 6994/6647/5090
f 6994/6647/5090 6334/6095/4656 6335/6099/4657 6998/6648/5091
f 6998/6648/5091 6335/6099/4657 6336/6101/4658 7002/6649/5092
f 7002/6649/5092 6336/6101/4658 6337/6103/4659 7006/6650/5093
f 7006/6650/5093 6337/6103/4659 6338/6105/4661 7010/6651/5094
f 7010/6651/5094 6338/6105/4661 6339/6107/4662 7014/6652/5095
f 7014/6652/5095 6339/6107/4662 6340/6109/4664 7018/6653/5096
f 7018/6653/5096 6340/6109/4664 6341/6111/4665 7022/6654/5097
f 7022/6654/5097 6341/6111/4665 6342/6113/4667 7026/6655/5098
f 7026/6655/5098 6342/6113/4667 6343/6115/4668 7030/6656/5099
f 7030/6656/5099 6343/6115/4668 6344/6117/4669 7034/6657/5100
f 7034/6657/5100 6344/6117/4669 6345/6119/4671 7038/6658/5101
f 6818/6590/5037 6352/6023/4614 6299/6028/4616 6870/6614/5058
f 7044/6556/5004 7073/6559/5007 6770/6659/5102 7051/6660/5018
f 7051/6660/5018 6770/6659/5102 7080/6661/5103 7055/6662/5104
f 7073/6559/5007 7081/6663/5105 6771/6664/5106 6770/6659/5102
f 6770/6659/5102 6771/6664/5106 7088/6665/5107 7080/6661/5103
f 7081/6663/5105 7089/6666/5108 6772/6667/5109 6771/6664/5106
f 6771/6664/5106 6772/6667/5109 7096/6668/5110 7088/6665/5107
f 7089/6666/5108 7097/6669/5111 6773/6670/5112 6772/6667/5109
f 6772/6667/5109 6773/6670/5112 7104/6671/5113 7096/6668/5110
f 7097/6669/5111 7105/6672/5114 6774/6673/5115 6773/6670/5112
f 6773/6670/5112 6774/6673/5115 7112/6674/5116 7104/6671/5113
f 7105/6672/5114 7113/6675/5117 6775/6676/5118 6774/6673/5115
f 6774/6673/5115 6775/6676/5118 7120/6677/5119 7112/6674/5116
f 7113/6675/5117 7121/6678/5120 6776/6679/5121 6775/6676/5118
f 6775/6676/5118 6776/6679/5121 7128/6680/5122 7120/6677/5119
f 7121/6678/5120 7129/6681/5123 6777/6682/5124 6776/6679/5121
f 6776/6679/5121 6777/6682/5124 7136/6683/5125 7128/6680/5122
f 7129/6681/5123 7137/6684/5126 6778/6685/5127 6777/6682/5124
f 6777/6682/5124 6778/6685/5127 7144/6686/5128 7136/6683/5125
f 7137/6684/5126 7061/6687/5129 7068/6688/5027 6778/6685/5127
f 6778/6685/5127 7068/6688/5027 7069/6689/5030 7144/6686/5128
f 7038/6658/5101 6345/6119/4671 7076/6690/5011 7041/6691/5010
f 6345/6119/4671 6413/6120/4672 7084/6692/5130 7076/6690/5011
f 6740/6228/4746 6745/6693/4978 7084/6692/5130 6413/6120/4672
f 6745/6693/4978 6750/6694/4982 7092/6695/5131 7084/6692/5130
f 6429/6696/4755 6424/6230/4748 7140/6697/5132 7132/6698/5133
f 6765/6699/4994 6429/6696/4755 7132/6698/5133 7124/6700/5134
f 6760/6701/4990 6765/6699/4994 7124/6700/5134 7116/6702/5135
f 6755/6703/4986 6760/6701/4990 7116/6702/5135 7108/6704/5136
f 6750/6694/4982 6755/6703/4986 7108/6704/5136 7100/6705/5137
f 7100/6705/5137 7092/6695/5131 6750/6694/4982
f 7140/6697/5132 6424/6230/4748 6414/6229/4747 6346/6547/4995
f 7140/6697/5132 6346/6547/4995 7148/6706/5026 7064/6707/5025
f 6347/6122/4674 6827/6601/5002 7148/6706/5026 6346/6547/4995
f 6783/6708/5138 6791/6709/5139 6843/6710/5140 6863/6711/5141 6807/6712/5139 6799/6713/5142 6803/6714/5143 6811/6715/5144 7145/6575/5022 6830/6548/4996 6831/6551/4999 6839/6716/5145 6795/6717/5146 6787/6718/5147 6779/6719/5148
f 6781/6720/5149 6782/6721/5041 6786/6722/5051 6785/6723/5150
f 6779/6719/5148 6780/6724/5151 6784/6725/5152 6783/6708/5138
f 6780/6724/5151 6781/6720/5149 6785/6723/5150 6784/6725/5152
f 6785/6723/5150 6786/6722/5051 6794/6726/5052 6793/6727/5153
f 6783/6708/5138 6784/6725/5152 6792/6728/5154 6791/6709/5139
f 6784/6725/5152 6785/6723/5150 6793/6727/5153 6792/6728/5154
f 6782/6721/5041 6781/6720/5149 6789/6729/5155 6790/6730/5040
f 6781/6720/5149 6780/6724/5151 6788/6731/5156 6789/6729/5155
f 6780/6724/5151 6779/6719/5148 6787/6718/5147 6788/6731/5156
f 6793/6727/5153 6794/6726/5052 6846/6732/5055 6845/6733/5157
f 6791/6709/5139 6792/6728/5154 6844/6734/5158 6843/6710/5140
f 6792/6728/5154 6793/6727/5153 6845/6733/5157 6844/6734/5158
f 6790/6730/5040 6789/6729/5155 6797/6735/5159 6798/6736/5050
f 6789/6729/5155 6788/6731/5156 6796/6737/5160 6797/6735/5159
f 6788/6731/5156 6787/6718/5147 6795/6717/5146 6796/6737/5160
f 6801/6738/5161 6802/6739/5036 6806/6740/5039 6805/6741/5162
f 6799/6713/5142 6800/6742/5163 6804/6743/5164 6803/6714/5143
f 6800/6742/5163 6801/6738/5161 6805/6741/5162 6804/6743/5164
f 6805/6741/5162 6806/6740/5039 6814/6744/5049 6813/6745/5165
f 6803/6714/5143 6804/6743/5164 6812/6746/5166 6811/6715/5144
f 6804/6743/5164 6805/6741/5162 6813/6745/5165 6812/6746/5166
f 6802/6739/5036 6801/6738/5161 6809/6747/5167 6810/6748/5035
f 6801/6738/5161 6800/6742/5163 6808/6749/5168 6809/6747/5167
f 6800/6742/5163 6799/6713/5142 6807/6712/5139 6808/6749/5168
f 6813/6745/5165 6814/6744/5049 6838/6750/5047 6837/6751/5169
f 6811/6715/5144 6812/6746/5166 6836/6752/5170 6835/6753/5171
f 6812/6746/5166 6813/6745/5165 6837/6751/5169 6836/6752/5170
f 6817/6754/5172 6818/6755/5037 6870/6756/5058 6869/6757/5173
f 6815/6758/5174 6816/6759/5175 6868/6760/5176 6867/6761/5177
f 6816/6759/5175 6817/6754/5172 6869/6757/5173 6868/6760/5176
f 6822/6762/5045 6821/6763/5178 6825/6764/5179 6826/6765/5046
f 6821/6763/5178 6820/6766/5180 6824/6767/5181 6825/6764/5179
f 6820/6766/5180 6819/6768/5182 6823/6769/5183 6824/6767/5181
f 6833/6553/5001 6834/6555/5003 6842/6770/5048 6841/6771/5184
f 6831/6551/4999 6832/6550/4998 6840/6772/5185 6839/6716/5145
f 6832/6550/4998 6833/6553/5001 6841/6771/5184 6840/6772/5185
f 6826/6765/5046 6825/6764/5179 6837/6751/5169 6838/6750/5047
f 6825/6764/5179 6824/6767/5181 6836/6752/5170 6837/6751/5169
f 6824/6767/5181 6823/6769/5183 6835/6753/5171 6836/6752/5170
f 6798/6736/5050 6797/6735/5159 6841/6771/5184 6842/6770/5048
f 6797/6735/5159 6796/6737/5160 6840/6772/5185 6841/6771/5184
f 6796/6737/5160 6795/6717/5146 6839/6716/5145 6840/6772/5185
f 6845/6733/5157 6846/6732/5055 6866/6773/5057 6865/6774/5186
f 6843/6710/5140 6844/6734/5158 6864/6775/5187 6863/6711/5141
f 6844/6734/5158 6845/6733/5157 6865/6774/5186 6864/6775/5187
f 6849/6776/5188 6850/6777/5053 6854/6778/5059 6853/6779/5189
f 6847/6780/5190 6848/6781/5191 6852/6782/5192 6851/6783/5193
f 6848/6781/5191 6849/6776/5188 6853/6779/5189 6852/6782/5192
f 6853/6779/5189 6854/6778/5059 6874/6784/5060 6873/6785/5194
f 6851/6783/5193 6852/6782/5192 6872/6786/5195 6871/6787/5196
f 6852/6782/5192 6853/6779/5189 6873/6785/5194 6872/6786/5195
f 6850/6777/5053 6849/6776/5188 6857/6788/5197 6858/6789/5054
f 6849/6776/5188 6848/6781/5191 6856/6790/5198 6857/6788/5197
f 6848/6781/5191 6847/6780/5190 6855/6791/5199 6856/6790/5198
f 6858/6789/5054 6857/6788/5197 6861/6792/5200 6862/6793/5056
f 6857/6788/5197 6856/6790/5198 6860/6794/5201 6861/6792/5200
f 6856/6790/5198 6855/6791/5199 6859/6795/5202 6860/6794/5201
f 6810/6748/5035 6809/6747/5167 6865/6774/5186 6866/6773/5057
f 6809/6747/5167 6808/6749/5168 6864/6775/5187 6865/6774/5186
f 6808/6749/5168 6807/6712/5139 6863/6711/5141 6864/6775/5187
f 6862/6793/5056 6861/6792/5200 6869/6757/5173 6870/6756/5058
f 6861/6792/5200 6860/6794/5201 6868/6760/5176 6869/6757/5173
f 6860/6794/5201 6859/6795/5202 6867/6761/5177 6868/6760/5176
f 6873/6785/5194 6874/6784/5060 6878/6796/5061 6877/6797/5203
f 6871/6787/5196 6872/6786/5195 6876/6798/5204 6875/6799/5205
f 6872/6786/5195 6873/6785/5194 6877/6797/5203 6876/6798/5204
f 6877/6797/5203 6878/6796/5061 6882/6800/5062 6881/6801/5206
f 6875/6799/5205 6876/6798/5204 6880/6802/5207 6879/6803/5208
f 6876/6798/5204 6877/6797/5203 6881/6801/5206 6880/6802/5207
f 6881/6801/5206 6882/6800/5062 6886/6804/5063 6885/6805/5209
f 6879/6803/5208 6880/6802/5207 6884/6806/5210 6883/6807/5211
f 6880/6802/5207 6881/6801/5206 6885/6805/5209 6884/6806/5210
f 6885/6805/5209 6886/6804/5063 6890/6808/5064 6889/6809/5212
f 6883/6807/5211 6884/6806/5210 6888/6810/5213 6887/6811/5214
f 6884/6806/5210 6885/6805/5209 6889/6809/5212 6888/6810/5213
f 6889/6809/5212 6890/6808/5064 6894/6812/5065 6893/6813/5215
f 6887/6811/5214 6888/6810/5213 6892/6814/5216 6891/6815/5217
f 6888/6810/5213 6889/6809/5212 6893/6813/5215 6892/6814/5216
f 6893/6813/5215 6894/6812/5065 6898/6816/5066 6897/6817/5218
f 6891/6815/5217 6892/6814/5216 6896/6818/5219 6895/6819/5220
f 6892/6814/5216 6893/6813/5215 6897/6817/5218 6896/6818/5219
f 6897/6817/5218 6898/6816/5066 6902/6820/5067 6901/6821/5221
f 6895/6819/5220 6896/6818/5219 6900/6822/5222 6899/6823/5223
f 6896/6818/5219 6897/6817/5218 6901/6821/5221 6900/6822/5222
f 6901/6821/5221 6902/6820/5067 6906/6824/5068 6905/6825/5224
f 6899/6823/5223 6900/6822/5222 6904/6826/5225 6903/6827/5226
f 6900/6822/5222 6901/6821/5221 6905/6825/5224 6904/6826/5225
f 6905/6825/5224 6906/6824/5068 6910/6828/5069 6909/6829/5227
f 6903/6827/5226 6904/6826/5225 6908/6830/5228 6907/6831/5229
f 6904/6826/5225 6905/6825/5224 6909/6829/5227 6908/6830/5228
f 6909/6829/5227 6910/6828/5069 6914/6832/5070 6913/6833/5230
f 6907/6831/5229 6908/6830/5228 6912/6834/5231 6911/6835/5232
f 6908/6830/5228 6909/6829/5227 6913/6833/5230 6912/6834/5231
f 6913/6833/5230 6914/6832/5070 6918/6836/5071 6917/6837/5233
f 6911/6835/5232 6912/6834/5231 6916/6838/5234 6915/6839/5235
f 6912/6834/5231 6913/6833/5230 6917/6837/5233 6916/6838/5234
f 6917/6837/5233 6918/6836/5071 6922/6840/5072 6921/6841/5236
f 6915/6839/5235 6916/6838/5234 6920/6842/5237 6919/6843/5238
f 6916/6838/5234 6917/6837/5233 6921/6841/5236 6920/6842/5237
f 6921/6841/5236 6922/6840/5072 6926/6844/5073 6925/6845/5239
f 6919/6843/5238 6920/6842/5237 6924/6846/5240 6923/6847/5241
f 6920/6842/5237 6921/6841/5236 6925/6845/5239 6924/6846/5240
f 6925/6845/5239 6926/6844/5073 6930/6848/5074 6929/6849/5242
f 6923/6847/5241 6924/6846/5240 6928/6850/5243 6927/6851/5244
f 6924/6846/5240 6925/6845/5239 6929/6849/5242 6928/6850/5243
f 6929/6849/5242 6930/6848/5074 6934/6852/5075 6933/6853/5245
f 6927/6851/5244 6928/6850/5243 6932/6854/5246 6931/6855/5247
f 6928/6850/5243 6929/6849/5242 6933/6853/5245 6932/6854/5246
f 6933/6853/5245 6934/6852/5075 6938/6856/5076 6937/6857/5248
f 6931/6855/5247 6932/6854/5246 6936/6858/5249 6935/6859/5250
f 6932/6854/5246 6933/6853/5245 6937/6857/5248 6936/6858/5249
f 6937/6857/5248 6938/6856/5076 6942/6860/5077 6941/6861/5251
f 6935/6859/5250 6936/6858/5249 6940/6862/5252 6939/6863/5253
f 6936/6858/5249 6937/6857/5248 6941/6861/5251 6940/6862/5252
f 6941/6861/5251 6942/6860/5077 6946/6864/5078 6945/6865/5254
f 6939/6863/5253 6940/6862/5252 6944/6866/5255 6943/6867/5256
f 6940/6862/5252 6941/6861/5251 6945/6865/5254 6944/6866/5255
f 6945/6865/5254 6946/6864/5078 6950/6868/5079 6949/6869/5257
f 6943/6867/5256 6944/6866/5255 6948/6870/5258 6947/6871/5259
f 6944/6866/5255 6945/6865/5254 6949/6869/5257 6948/6870/5258
f 6949/6869/5257 6950/6868/5079 6954/6872/5080 6953/6873/5260
f 6947/6871/5259 6948/6870/5258 6952/6874/5261 6951/6875/5262
f 6948/6870/5258 6949/6869/5257 6953/6873/5260 6952/6874/5261
f 6953/6873/5260 6954/6872/5080 6958/6876/5081 6957/6877/5263
f 6951/6875/5262 6952/6874/5261 6956/6878/5264 6955/6879/5265
f 6952/6874/5261 6953/6873/5260 6957/6877/5263 6956/6878/5264
f 6957/6877/5263 6958/6876/5081 6962/6880/5082 6961/6881/5266
f 6955/6879/5265 6956/6878/5264 6960/6882/5267 6959/6883/5268
f 6956/6878/5264 6957/6877/5263 6961/6881/5266 6960/6882/5267
f 6961/6881/5266 6962/6880/5082 6966/6884/5083 6965/6885/5269
f 6959/6883/5268 6960/6882/5267 6964/6886/5270 6963/6887/5271
f 6960/6882/5267 6961/6881/5266 6965/6885/5269 6964/6886/5270
f 6965/6885/5269 6966/6884/5083 6970/6888/5084 6969/6889/5272
f 6963/6887/5271 6964/6886/5270 6968/6890/5273 6967/6891/5274
f 6964/6886/5270 6965/6885/5269 6969/6889/5272 6968/6890/5273
f 6969/6889/5272 6970/6888/5084 6974/6892/5085 6973/6893/5275
f 6967/6891/5274 6968/6890/5273 6972/6894/5276 6971/6895/5277
f 6968/6890/5273 6969/6889/5272 6973/6893/5275 6972/6894/5276
f 6973/6893/5275 6974/6892/5085 6978/6896/5086 6977/6897/5278
f 6971/6895/5277 6972/6894/5276 6976/6898/5279 6975/6899/5280
f 6972/6894/5276 6973/6893/5275 6977/6897/5278 6976/6898/5279
f 6977/6897/5278 6978/6896/5086 6982/6900/5087 6981/6901/5281
f 6975/6899/5280 6976/6898/5279 6980/6902/5282 6979/6903/5283
f 6976/6898/5279 6977/6897/5278 6981/6901/5281 6980/6902/5282
f 6981/6901/5281 6982/6900/5087 6986/6904/5088 6985/6905/5284
f 6979/6903/5283 6980/6902/5282 6984/6906/5285 6983/6907/5286
f 6980/6902/5282 6981/6901/5281 6985/6905/5284 6984/6906/5285
f 6985/6905/5284 6986/6904/5088 6990/6908/5089 6989/6909/5287
f 6983/6907/5286 6984/6906/5285 6988/6910/5288 6987/6911/5289
f 6984/6906/5285 6985/6905/5284 6989/6909/5287 6988/6910/5288
f 6989/6909/5287 6990/6908/5089 6994/6912/5090 6993/6913/5290
f 6987/6911/5289 6988/6910/5288 6992/6914/5291 6991/6915/5292
f 6988/6910/5288 6989/6909/5287 6993/6913/5290 6992/6914/5291
f 6993/6913/5290 6994/6912/5090 6998/6916/5091 6997/6917/5293
f 6991/6915/5292 6992/6914/5291 6996/6918/5294 6995/6919/5295
f 6992/6914/5291 6993/6913/5290 6997/6917/5293 6996/6918/5294
f 6997/6917/5293 6998/6916/5091 7002/6920/5092 7001/6921/5296
f 6995/6919/5295 6996/6918/5294 7000/6922/5297 6999/6923/5298
f 6996/6918/5294 6997/6917/5293 7001/6921/5296 7000/6922/5297
f 7001/6921/5296 7002/6920/5092 7006/6924/5093 7005/6925/5299
f 6999/6923/5298 7000/6922/5297 7004/6926/5300 7003/6927/5301
f 7000/6922/5297 7001/6921/5296 7005/6925/5299 7004/6926/5300
f 7005/6925/5299 7006/6924/5093 7010/6928/5094 7009/6929/5302
f 7003/6927/5301 7004/6926/5300 7008/6930/5303 7007/6931/5304
f 7004/6926/5300 7005/6925/5299 7009/6929/5302 7008/6930/5303
f 7009/6929/5302 7010/6928/5094 7014/6932/5095 7013/6933/5305
f 7007/6931/5304 7008/6930/5303 7012/6934/5306 7011/6935/5307
f 7008/6930/5303 7009/6929/5302 7013/6933/5305 7012/6934/5306
f 7013/6933/5305 7014/6932/5095 7018/6936/5096 7017/6937/5308
f 7011/6935/5307 7012/6934/5306 7016/6938/5309 7015/6939/5310
f 7012/6934/5306 7013/6933/5305 7017/6937/5308 7016/6938/5309
f 7017/6937/5308 7018/6936/5096 7022/6940/5097 7021/6941/5311
f 7015/6939/5310 7016/6938/5309 7020/6942/5312 7019/6943/5313
f 7016/6938/5309 7017/6937/5308 7021/6941/5311 7020/6942/5312
f 7021/6941/5311 7022/6940/5097 7026/6944/5098 7025/6945/5314
f 7019/6943/5313 7020/6942/5312 7024/6946/5315 7023/6947/5316
f 7020/6942/5312 7021/6941/5311 7025/6945/5314 7024/6946/5315
f 7025/6945/5314 7026/6944/5098 7030/6948/5099 7029/6949/5317
f 7023/6947/5316 7024/6946/5315 7028/6950/5318 7027/6951/5319
f 7024/6946/5315 7025/6945/5314 7029/6949/5317 7028/6950/5318
f 7029/6949/5317 7030/6948/5099 7034/6952/5100 7033/6953/5320
f 7027/6951/5319 7028/6950/5318 7032/6954/5321 7031/6955/5322
f 7028/6950/5318 7029/6949/5317 7033/6953/5320 7032/6954/5321
f 7033/6953/5320 7034/6952/5100 7038/6956/5101 7037/6957/5323
f 7031/6955/5322 7032/6954/5321 7036/6958/5324 7035/6959/5325
f 7032/6954/5321 7033/6953/5320 7037/6957/5323 7036/6958/5324
f 7037/6957/5323 7038/6956/5101 7041/6960/5010 7040/6961/5326
f 7035/6959/5325 7036/6958/5324 7039/6962/5327 7047/6564/5012
f 7036/6958/5324 7037/6957/5323 7040/6961/5326 7039/6962/5327
f 7050/6569/5017 7051/6571/5018 7055/6963/5104 7054/6964/5328
f 7048/6567/5015 7049/6566/5014 7053/6965/5329 7052/6966/5330
f 7049/6566/5014 7050/6569/5017 7054/6964/5328 7053/6965/5329
f 7054/6964/5328 7055/6963/5104 7080/6967/5103 7079/6968/5331
f 7052/6966/5330 7053/6965/5329 7078/6969/5332 7077/6970/5196
f 7053/6965/5329 7054/6964/5328 7079/6968/5331 7078/6969/5332
f 7061/6971/5129 7060/6972/5333 7067/6581/5028 7068/6580/5027
f 7060/6972/5333 7059/6973/5334 7066/6584/5031 7067/6581/5028
f 7059/6973/5334 7058/6572/5019 7065/6586/5033 7066/6584/5031
f 7075/6561/5009 7076/6563/5011 7084/6974/5130 7083/6975/5335
f 7073/6559/5007 7074/6558/5006 7082/6976/5336 7081/6663/5105
f 7074/6558/5006 7075/6561/5009 7083/6975/5335 7082/6976/5336
f 7079/6968/5331 7080/6967/5103 7088/6977/5107 7087/6978/5337
f 7077/6970/5196 7078/6969/5332 7086/6979/5338 7085/6980/5339
f 7078/6969/5332 7079/6968/5331 7087/6978/5337 7086/6979/5338
f 7083/6975/5335 7084/6974/5130 7092/6981/5131 7091/6982/5340
f 7081/6663/5105 7082/6976/5336 7090/6983/5341 7089/6666/5108
f 7082/6976/5336 7083/6975/5335 7091/6982/5340 7090/6983/5341
f 7087/6978/5337 7088/6977/5107 7096/6984/5110 7095/6985/5342
f 7085/6980/5339 7086/6979/5338 7094/6986/5343 7093/6987/5344
f 7086/6979/5338 7087/6978/5337 7095/6985/5342 7094/6986/5343
f 7091/6982/5340 7092/6981/5131 7100/6988/5137 7099/6989/5345
f 7089/6666/5108 7090/6983/5341 7098/6990/5346 7097/6669/5111
f 7090/6983/5341 7091/6982/5340 7099/6989/5345 7098/6990/5346
f 7095/6985/5342 7096/6984/5110 7104/6991/5113 7103/6992/5347
f 7093/6987/5344 7094/6986/5343 7102/6993/5348 7101/6994/5349
f 7094/6986/5343 7095/6985/5342 7103/6992/5347 7102/6993/5348
f 7099/6989/5345 7100/6988/5137 7108/6995/5136 7107/6996/5350
f 7097/6669/5111 7098/6990/5346 7106/6997/5351 7105/6672/5114
f 7098/6990/5346 7099/6989/5345 7107/6996/5350 7106/6997/5351
f 7103/6992/5347 7104/6991/5113 7112/6998/5116 7111/6999/5352
f 7101/6994/5349 7102/6993/5348 7110/7000/5353 7109/7001/5354
f 7102/6993/5348 7103/6992/5347 7111/6999/5352 7110/7000/5353
f 7107/6996/5350 7108/6995/5136 7116/7002/5135 7115/7003/5355
f 7105/6672/5114 7106/6997/5351 7114/7004/5356 7113/6675/5117
f 7106/6997/5351 7107/6996/5350 7115/7003/5355 7114/7004/5356
f 7111/6999/5352 7112/6998/5116 7120/7005/5119 7119/7006/5357
f 7109/7001/5354 7110/7000/5353 7118/7007/5358 7117/7008/5359
f 7110/7000/5353 7111/6999/5352 7119/7006/5357 7118/7007/5358
f 7115/7003/5355 7116/7002/5135 7124/7009/5134 7123/7010/5360
f 7113/6675/5117 7114/7004/5356 7122/7011/5361 7121/6678/5120
f 7114/7004/5356 7115/7003/5355 7123/7010/5360 7122/7011/5361
f 7119/7006/5357 7120/7005/5119 7128/7012/5122 7127/7013/5362
f 7117/7008/5359 7118/7007/5358 7126/7014/5363 7125/7015/5364
f 7118/7007/5358 7119/7006/5357 7127/7013/5362 7126/7014/5363
f 7123/7010/5360 7124/7009/5134 7132/7016/5133 7131/7017/5365
f 7121/6678/5120 7122/7011/5361 7130/7018/5366 7129/6681/5123
f 7122/7011/5361 7123/7010/5360 7131/7017/5365 7130/7018/5366
f 7127/7013/5362 7128/7012/5122 7136/7019/5125 7135/7020/5367
f 7125/7015/5364 7126/7014/5363 7134/7021/5368 7133/7022/5369
f 7126/7014/5363 7127/7013/5362 7135/7020/5367 7134/7021/5368
f 7131/7017/5365 7132/7016/5133 7140/7023/5132 7139/7024/5370
f 7129/6681/5123 7130/7018/5366 7138/7025/5371 7137/6684/5126
f 7130/7018/5366 7131/7017/5365 7139/7024/5370 7138/7025/5371
f 7135/7020/5367 7136/7019/5125 7144/7026/5128 7143/7027/5372
f 7133/7022/5369 7134/7021/5368 7142/7028/5373 7141/7029/5369
f 7134/7021/5368 7135/7020/5367 7143/7027/5372 7142/7028/5373
f 7064/7030/5025 7063/7031/5374 7139/7024/5370 7140/7023/5132
f 7063/7031/5374 7062/7032/5375 7138/7025/5371 7139/7024/5370
f 7062/7032/5375 7061/6687/5129 7137/6684/5126 7138/7025/5371
f 7069/6583/5030 7070/6582/5029 7143/7027/5372 7144/7026/5128
f 7070/6582/5029 7071/6585/5032 7142/7028/5373 7143/7027/5372
f 7071/6585/5032 7072/6587/5034 7141/7029/5369 7142/7028/5373
f 6827/6554/5002 6828/6552/5000 7147/6577/5024 7148/6579/5026
f 6828/6552/5000 6829/6549/4997 7146/6574/5021 7147/6577/5024
f 6829/6549/4997 6830/6548/4996 7145/6575/5022 7146/6574/5021
f 7046/6565/5013 7047/6564/5012 7039/6962/5327 7149/7033/5376
f 7149/7033/5376 7039/6962/5327 7040/6961/5326 7150/7034/5377
f 7040/6961/5326 7041/6960/5010 7042/7035/5008 7150/7034/5377
f 7150/7034/5377 7042/7035/5008 7043/7036/5005 7151/7037/5378
f 7043/7036/5005 7044/6570/5004 7045/6568/5016 7151/7037/5378
f 7151/7037/5378 7045/6568/5016 7046/6565/5013 7149/7033/5376
f 7149/7033/5376 7150/7034/5377 7151/7037/5378
f 7063/7038/5374 7064/6578/5025 7056/6576/5023 7152/7039/5379
f 7152/7039/5379 7056/6576/5023 7057/6573/5020 7153/7040/5380
f 7057/6573/5020 7058/6572/5019 7059/6973/5334 7153/7040/5380
f 7153/7040/5380 7059/6973/5334 7060/6972/5333 7154/7041/5381
f 7060/6972/5333 7061/6971/5129 7062/7042/5375 7154/7041/5381
f 7154/7041/5381 7062/7042/5375 7063/7038/5374 7152/7039/5379
f 7152/7039/5379 7153/7040/5380 7154/7041/5381
f 6549/6351/4678 6594/6396/4879 6589/6391/4875 6584/6386/4871 6579/6381/4867 6574/6376/4863 6569/6371/4859 6564/6366/4855 6559/6361/4851 6554/6356/4847
f 6440/6265/4777 6480/6300/4805 6485/6305/4809 6525/6310/4813 6515/6340/4835 6505/6330/4827 6490/6315/4817 6435/6260/4773 6430/6252/4766 6475/6255/4769 6465/6295/4801 6455/6285/4793 6445/6270/4781
f 6425/6245/201 6769/6542/113 6764/6537/127 6759/6142/127 6619/6141/4687 6614/6416/4879 6609/6411/4890 6604/6406/4886 6599/6401/4879 6594/6396/4879 6549/6351/4678 6544/6346/4840 6539/6341/4836 6534/6316/272 6499/6131/4678 6500/6134/272 6510/6325/4687 6520/6335/4831 6450/6277/4786
f 6867/6761/5177 6835/6753/5171 6823/6769/5183 6819/6768/5182 7167/7043/5382 7168/7044/5383 6815/6758/5174
f 6927/6851/5244 6871/6787/5196 6875/6799/5205 6879/6803/5208 6883/6807/5211 6887/6811/5214 6891/6815/5217 6895/6819/5220 6899/6823/5223 6903/6827/5226 6907/6831/5229 6911/6835/5232 6915/6839/5235 6919/6843/5238 6923/6847/5241
f 7052/6966/5330 7007/6931/5304 7011/6935/5307 7015/6939/5310 7019/6943/5313 7023/6947/5316 7027/6951/5319 7031/6955/5322 7035/6959/5325 7047/6564/5012 7048/6567/5015
f 6425/6245/201 6450/6277/4786 6460/6280/4789 6470/6290/4797 6480/6300/4805 6440/6265/4777 6420/6242/4759
f 6365/6018/113 6364/6017/113 6363/7045/113 6366/7046/113
f 6520/6335/4831 6521/6334/4830 7155/7047/5384 7156/7048/5385
f 6521/6334/4830 6522/6333/4829 7157/7049/5386 7155/7047/5384
f 6522/6333/4829 6523/6332/4828 7158/7050/5387 7157/7049/5386
f 6523/6332/4828 6524/6331/4703 7159/7051/5388 7158/7050/5387
f 6524/6182/4703 6367/6025/4616 6366/6022/4613 7159/7052/5388
f 6520/6335/4831 7156/7048/5385 6450/6277/4786
f 6450/7053/5389 7156/7054/5389 7155/7055/5389 7157/7056/5389 7158/7057/5389 7159/7058/5389 6366/7046/5389 6363/7045/4609 6454/7059/4701 6453/7060/4782 6452/7061/4784 6451/7062/4787
f 7160/7063/5390 7161/7064/5391 7164/7065/5043 7163/7066/5038
f 7161/7064/5391 7160/7063/5390 7165/7067/5392 7166/7068/5393
f 7166/7068/5393 7165/7067/5392 7168/7044/5383 7167/7043/5382
f 7160/7063/5390 7163/7066/5038 6818/6755/5037 6817/6754/5172
f 7168/7044/5383 7165/7067/5392 6816/6759/5175 6815/6758/5174
f 7165/7067/5392 7160/7063/5390 6817/6754/5172 6816/6759/5175
f 7164/7065/5043 7161/7064/5391 6821/6763/5394 6822/6762/5044
f 7161/7064/5391 7166/7068/5393 6820/6766/5180 6821/6763/5394
f 7166/7068/5393 7167/7043/5382 6819/6768/5182 6820/6766/5180
f 7162/6596/5042 7163/7069/5038 7164/6597/5043
f 6223/7070/292 6203/7071/292 7077/6970/5196 7085/6980/5339
f 6220/7072/292 6225/7073/292 6835/6753/5171 6867/6761/5177
f 7117/7008/5359 7125/7015/5364 6835/6753/5171 6225/7073/292
f 6206/7074/292 6222/7075/292 6939/6863/5253 6943/6867/5256
f 6219/7076/292 6218/7077/292 6217/7078/292 6999/6923/5298 7003/6927/5301 7007/6931/5304 7052/6966/5330 7077/6970/5196 6203/7071/292
f 6220/7072/292 6867/6761/5177 6859/6795/5202 6855/6791/5199 6847/6780/5190 6851/6783/5193 6871/6787/5196 6927/6851/5244 6931/6855/5247 6935/6859/5250 6939/6863/5253 6222/7075/292 6221/7079/292
f 6811/6715/5144 6835/6753/5171 7125/7015/5364 7133/7022/5369 7141/7029/5369 7072/6587/5034 7065/6586/5033 7058/6572/5019 7145/6575/5022
f 6223/7070/292 7085/6980/5339 7093/6987/5344 7101/6994/5349 7109/7001/5354 7117/7008/5359 6225/7073/292 6224/7080/292
f 6999/6923/5298 6217/7078/292 6204/7081/292 6216/7082/292 6979/6903/5283 6983/6907/5286 6987/6911/5289 6991/6915/5292 6995/6919/5295
f 6979/6903/5283 6216/7082/292 6215/7083/292 6214/7084/292 6213/5930/292 6951/6875/5262 6955/6879/5265 6959/6883/5268 6963/6887/5271 6967/6891/5274 6971/6895/5277 6975/6899/5280
f 6951/6875/5262 6213/5930/292 6209/5927/292 6210/5926/292 6205/5932/4535 6208/5931/292 6207/7085/292 6206/7074/292 6943/6867/5256 6947/6871/5259
f 7169/7086/5395 7170/7087/5396 7198/7088/5397 7197/7089/5398
f 7170/7087/5396 7169/7086/5395 7171/7090/5399 7172/7091/5400
f 7172/7091/5400 7171/7090/5399 7173/7092/5401 7174/7093/5402
f 7174/7093/5402 7173/7092/5401 7175/7094/5403 7176/7095/5404
f 7176/7095/5404 7175/7094/5403 7177/7096/5405 7178/7097/5406
f 7178/7097/5406 7177/7096/5405 7179/7098/5407 7180/7099/5408
f 7180/7099/5408 7179/7098/5407 7181/7100/5409 7182/7101/5410
f 7182/7101/5410 7181/7100/5409 7183/7102/5411 7184/7103/5412
f 7184/7103/5412 7183/7102/5411 7185/7104/5413 7186/7105/5414
f 7186/7105/5414 7185/7104/5413 7205/7106/5415 7206/7107/5416
f 7187/7108/5417 7188/7109/5418 7206/7107/5416 7205/7106/5415
f 7188/7109/5418 7187/7108/5417 7189/7110/5419 7190/7111/5420
f 7190/7111/5420 7189/7110/5419 7191/7112/5421 7192/7113/5422
f 7192/7113/5422 7191/7112/5421 7207/7114/5423 7208/7115/5424
f 7193/7116/5425 7194/7117/5426 7204/7118/5427 7203/7119/5428
f 7194/7117/5426 7193/7116/5425 7195/7120/5405 7196/7121/5406
f 7196/7121/5406 7195/7120/5405 7197/7089/5398 7198/7088/5397
f 7199/7122/5429 7200/7123/5430 7208/7115/5424 7207/7114/5423
f 7200/7123/5430 7199/7122/5429 7201/7124/5431 7202/7125/5432
f 7202/7125/5432 7201/7124/5431 7203/7119/5428 7204/7118/5427
f 6208/5931/292 6211/5929/292 7175/7126/5403 7173/7127/5401
f 6213/5930/292 6214/7084/292 7181/7128/5409 7179/7129/5407
f 6216/7082/292 6204/7081/292 7205/7130/5415 7185/7131/5413
f 6204/7081/292 6217/7078/292 7187/7132/5417 7205/7130/5415
f 6219/7076/292 6203/7071/292 7207/7133/5423 7191/7134/5421
f 6222/7075/292 6206/7074/292 7169/7135/5395 7197/7136/5398
f 6203/7071/292 6223/7070/292 7199/7137/5429 7207/7133/5423
f 6225/7073/292 6220/7072/292 7193/7138/5425 7203/7139/5428
f 6206/7074/292 6207/7085/292 7171/7140/5399 7169/7135/5395
f 6207/7085/292 6208/5931/292 7173/7127/5401 7171/7140/5399
f 6211/5929/292 6212/5928/292 7177/7141/5405 7175/7126/5403
f 6212/5928/292 6213/5930/292 7179/7129/5407 7177/7141/5405
f 6214/7084/292 6215/7083/292 7183/7142/5411 7181/7128/5409
f 6215/7083/292 6216/7082/292 7185/7131/5413 7183/7142/5411
f 6217/7078/292 6218/7077/292 7189/7143/5419 7187/7132/5417
f 6218/7077/292 6219/7076/292 7191/7134/5421 7189/7143/5419
f 6220/7072/292 6221/7079/292 7195/7144/5405 7193/7138/5425
f 6221/7079/292 6222/7075/292 7197/7136/5398 7195/7144/5405
f 6223/7070/292 6224/7080/292 7201/7145/5431 7199/7137/5429
f 6224/7080/292 6225/7073/292 7203/7139/5428 7201/7145/5431
f 7174/7093/5402 7176/7095/5404 6240/5945/4548 6241/5948/4551
f 7180/7099/5408 7182/7101/5410 6255/5962/4565 6250/5961/4564
f 7186/7105/5414 7206/7107/5416 6228/5933/4536 6229/5936/4539
f 7208/7115/5424 7200/7123/5430 6258/5976/4579 6234/5939/4542
f 7204/7118/5427 7194/7117/5426 6264/5968/4571 6259/5967/4570
f 7198/7088/5397 7170/7087/5396 6246/5951/4554 6247/5954/4557
f 7206/7107/5416 7188/7109/5418 6267/5974/4577 6228/5933/4536
f 7192/7113/5422 7208/7115/5424 6234/5939/4542 6235/5942/4545
f 7170/7087/5396 7172/7091/5400 6270/5982/4585 6246/5951/4554
f 7172/7091/5400 7174/7093/5402 6241/5948/4551 6270/5982/4585
f 7176/7095/5404 7178/7097/5406 6273/5979/4582 6240/5945/4548
f 7178/7097/5406 7180/7099/5408 6250/5961/4564 6273/5979/4582
f 7182/7101/5410 7184/7103/5412 6276/5985/4588 6255/5962/4565
f 7184/7103/5412 7186/7105/5414 6229/5936/4539 6276/5985/4588
f 7188/7109/5418 7190/7111/5420 6279/5992/4595 6267/5974/4577
f 7190/7111/5420 7192/7113/5422 6235/5942/4545 6279/5992/4595
f 7194/7117/5426 7196/7121/5406 6282/5989/4592 6264/5968/4571
f 7196/7121/5406 7198/7088/5397 6247/5954/4557 6282/5989/4592
f 7200/7123/5430 7202/7125/5432 6285/5987/4590 6258/5976/4579
f 7202/7125/5432 7204/7118/5427 6259/5967/4570 6285/5987/4590
f 7211/7146/292 6238/5949/4552 6271/5978/4581 6252/5957/4560 6253/5960/4563 6274/5984/4587 7210/7147/292
f 6277/5991/4594 7212/7148/292 7210/7147/292 6274/5984/4587 6231/5938/4541 6226/5937/4540 6265/5973/4576
f 7209/7149/292 6232/5943/4546 6244/5955/4558 6268/5981/4584 6243/5950/4553 6238/5949/4552 7211/7146/292
f 6277/5991/4594 6237/5944/4547 6232/5943/4546 7209/7149/292 7212/7148/292
f 7210/7147/190 7212/7148/190 7214/7150/190 7213/7151/190
f 7212/7148/149 7209/7149/149 7215/7152/149 7214/7150/149
f 7209/7149/150 7211/7146/150 7216/7153/150 7215/7152/150
f 7211/7146/151 7210/7147/151 7213/7151/151 7216/7153/151
usemtl lambert2
f 834/890/448 628/891/449 629/892/450 835/893/451
f 835/893/451 629/892/450 630/894/452 836/895/453
f 836/896/453 630/897/452 631/898/454 837/899/455
f 837/899/455 631/898/454 632/900/456 838/901/457
f 838/901/457 632/900/456 633/902/458 839/903/459
f 839/903/459 633/902/458 628/891/449 834/890/448
f 653/904/460 654/905/461 657/906/462 656/907/462
f 656/908/462 657/909/462 659/910/463 658/911/464
f 660/912/465 661/913/466 663/914/467 662/915/467
f 662/915/467 663/914/467 655/916/468 652/917/469
f 634/918/470 640/919/471 641/920/472 635/921/473
f 635/921/473 641/920/472 642/922/474 636/923/475
f 636/924/475 642/925/474 643/926/476 637/927/477
f 637/927/477 643/926/476 644/928/478 638/929/479
f 638/929/479 644/928/478 645/930/480 639/931/481
f 639/931/481 645/930/480 640/919/471 634/918/470
f 640/919/471 646/932/482 647/933/483 641/920/472
f 641/920/472 647/933/483 648/934/484 642/922/474
f 642/925/474 648/935/484 649/936/485 643/926/476
f 643/926/476 649/936/485 650/937/486 644/928/478
f 644/928/478 650/937/486 651/938/487 645/930/480
f 645/930/480 651/938/487 646/932/482 640/919/471
f 647/939/483 646/939/482 651/939/487 650/939/486 649/939/485 648/939/484
f 629/892/488 628/891/488 652/917/488 653/904/488
f 635/921/489 654/905/490 655/916/491 634/918/492
f 630/894/493 629/892/488 653/904/488 656/907/493
f 636/923/494 657/906/495 654/905/490 635/921/489
f 631/898/488 630/897/493 656/908/493 658/911/488
f 637/927/496 659/910/497 657/909/495 636/924/494
f 632/900/488 631/898/488 658/911/488 660/912/488
f 638/929/498 661/913/499 659/910/497 637/927/496
f 633/902/488 632/900/488 660/912/488 662/915/488
f 639/931/500 663/914/501 661/913/499 638/929/498
f 628/891/488 633/902/488 662/915/488 652/917/488
f 634/918/492 655/916/491 663/914/501 639/931/500
f 652/917/469 664/940/502 665/941/503 653/904/460
f 653/904/460 665/941/503 666/942/504 654/905/461
f 654/905/461 666/942/504 667/943/505 655/916/468
f 655/916/468 667/943/505 664/940/502 652/917/469
f 658/911/464 668/944/506 669/945/507 660/912/465
f 660/912/465 669/945/507 670/946/506 661/913/466
f 661/913/466 670/946/506 671/947/508 659/910/463
f 659/910/463 671/947/508 668/944/506 658/911/464
f 665/948/509 671/949/509 670/950/509 666/951/509
f 666/951/510 670/950/510 669/952/510 667/953/510
f 667/953/511 669/952/511 668/954/511 664/955/511
f 664/955/512 668/954/512 671/956/512 665/957/512
f 672/958/513 678/959/513 679/960/514 673/961/515
f 673/961/515 679/960/514 680/962/516 674/963/517
f 674/963/517 680/962/516 681/964/518 675/965/519
f 675/965/519 681/964/518 682/966/520 676/967/521
f 676/967/521 682/966/520 683/968/522 677/969/523
f 711/970/524 713/971/525 798/972/526 797/973/527
f 801/974/528 703/975/529 700/976/530 788/977/531
f 788/977/531 700/976/530 701/978/532 789/979/533
f 789/979/533 701/978/532 702/980/534 790/981/535
f 694/982/536 696/983/537 697/984/538 693/985/539
f 693/985/539 697/984/538 698/986/540 692/987/541
f 692/987/541 698/986/540 699/988/542 695/989/543
f 790/981/535 702/980/534 707/990/544 791/991/545
f 712/992/546 703/975/529 801/974/528 800/993/547
f 688/994/548 696/983/537 694/982/536 687/995/549
f 794/996/550 706/997/551 708/998/552 795/999/553
f 692/1000/462 695/1001/462 678/959/513 672/958/513 686/1002/462 685/1003/462 684/1004/462 687/1005/462 694/1006/462 693/1007/462
f 686/1008/554 691/1009/555 690/1010/556 685/1011/557
f 685/1011/557 690/1010/556 689/1012/558 684/1013/559
f 684/1013/559 689/1012/558 688/994/548 687/995/549
f 793/1014/560 705/1015/561 706/997/551 794/996/550
f 791/991/545 707/990/544 704/1016/562 792/1017/563
f 792/1017/563 704/1016/562 705/1015/561 793/1014/560
f 795/999/553 708/998/552 709/1018/564 796/1019/565
f 796/1019/565 709/1018/564 710/1020/566 781/1021/566
f 781/1021/567 710/1020/568 711/970/524 797/973/527
f 798/972/526 713/971/525 714/1022/569 780/1023/570
f 780/1024/570 714/1025/569 715/1026/571 799/1027/572
f 799/1027/572 715/1026/571 712/992/546 800/993/547
f 712/992/573 717/1028/573 716/1029/574 703/975/574
f 703/975/574 716/1029/574 718/1030/575 700/976/575
f 700/976/575 718/1030/575 719/1031/576 701/978/576
f 701/978/576 719/1031/576 720/1032/577 702/980/577
f 702/980/577 720/1032/577 721/1033/578 707/990/578
f 707/990/578 721/1033/578 722/1034/579 704/1016/579
f 704/1016/579 722/1034/579 723/1035/580 705/1015/580
f 705/1015/580 723/1035/580 724/1036/581 706/997/581
f 706/997/581 724/1036/581 725/1037/582 708/998/582
f 708/998/582 725/1037/582 726/1038/583 709/1018/584
f 709/1018/584 726/1038/583 727/1039/585 710/1020/586
f 710/1020/586 727/1039/585 728/1040/587 711/970/587
f 711/970/587 728/1040/587 729/1041/588 713/971/589
f 713/971/589 729/1041/588 730/1042/590 714/1022/591
f 714/1025/591 730/1043/590 731/1044/592 715/1026/593
f 715/1026/593 731/1044/592 717/1028/573 712/992/573
f 717/1028/594 733/1045/595 732/1046/596 716/1029/597
f 716/1029/597 732/1046/596 734/1047/598 718/1030/599
f 718/1030/599 734/1047/598 735/1048/600 719/1031/601
f 719/1031/601 735/1048/600 736/1049/602 720/1032/603
f 720/1032/603 736/1049/602 737/1050/604 721/1033/605
f 721/1033/605 737/1050/604 738/1051/606 722/1034/607
f 722/1034/607 738/1051/606 739/1052/608 723/1035/609
f 723/1035/609 739/1052/608 740/1053/610 724/1036/611
f 724/1036/611 740/1053/610 741/1054/612 725/1037/613
f 725/1037/613 741/1054/612 742/1055/614 726/1038/615
f 726/1038/615 742/1055/614 743/1056/616 727/1039/617
f 727/1039/617 743/1056/616 744/1057/618 728/1040/619
f 728/1040/619 744/1057/618 745/1058/620 729/1041/621
f 729/1041/621 745/1058/620 746/1059/622 730/1042/623
f 730/1043/623 746/1060/622 747/1061/624 731/1044/625
f 731/1044/625 747/1061/624 733/1045/595 717/1028/594
f 749/1062/626 751/1063/627 750/1064/596 748/1065/628
f 748/1065/628 750/1064/596 753/1066/629 752/1067/630
f 752/1067/630 753/1066/629 755/1068/631 754/1069/632
f 754/1069/632 755/1068/631 757/1070/633 756/1071/634
f 756/1071/634 757/1070/633 759/1072/605 758/1073/635
f 758/1073/635 759/1072/605 761/1074/636 760/1075/636
f 760/1075/636 761/1074/636 763/1076/637 762/1077/637
f 762/1077/637 763/1076/637 765/1078/638 764/1079/639
f 764/1079/639 765/1078/638 767/1080/640 766/1081/641
f 766/1081/641 767/1080/640 769/1082/642 768/1083/643
f 768/1083/643 769/1082/642 771/1084/644 770/1085/645
f 770/1085/645 771/1084/644 773/1086/646 772/1087/647
f 772/1087/647 773/1086/646 775/1088/648 774/1089/648
f 774/1089/648 775/1088/648 777/1090/649 776/1091/649
f 776/1092/649 777/1093/649 779/1094/650 778/1095/650
f 778/1095/650 779/1094/650 751/1063/627 749/1062/626
f 733/1045/651 749/1062/651 748/1065/652 732/1046/652
f 732/1046/652 748/1065/652 752/1067/653 734/1047/653
f 734/1047/653 752/1067/653 754/1069/654 735/1048/654
f 735/1048/654 754/1069/654 756/1071/655 736/1049/655
f 736/1049/655 756/1071/655 758/1073/656 737/1050/656
f 737/1050/656 758/1073/656 760/1075/657 738/1051/657
f 738/1051/657 760/1075/657 762/1077/658 739/1052/658
f 739/1052/658 762/1077/658 764/1079/659 740/1053/659
f 740/1053/659 764/1079/659 766/1081/660 741/1054/660
f 741/1054/660 766/1081/660 768/1083/661 742/1055/661
f 742/1055/661 768/1083/661 770/1085/662 743/1056/662
f 743/1056/662 770/1085/662 772/1087/663 744/1057/663
f 744/1057/663 772/1087/663 774/1089/664 745/1058/664
f 745/1058/664 774/1089/664 776/1091/665 746/1059/665
f 746/1060/665 776/1092/665 778/1095/666 747/1061/666
f 747/1061/666 778/1095/666 749/1062/651 733/1045/651
f 683/968/522 785/1096/667 784/1097/667 677/969/523
f 784/1097/667 785/1096/667 786/1098/668 783/1099/668
f 783/1099/668 786/1098/668 787/1100/669 782/1101/670
f 691/1009/555 801/974/528 788/977/531 690/1010/556
f 690/1010/556 788/977/531 789/979/533 689/1012/558
f 689/1012/558 789/979/533 790/981/535 688/994/548
f 688/994/548 790/981/535 791/991/545 696/983/537
f 696/983/537 791/991/545 792/1017/563 697/984/538
f 697/984/538 792/1017/563 793/1014/560 698/986/540
f 698/986/540 793/1014/560 794/996/550 699/988/542
f 673/1102/671 674/1103/671 675/1104/671 676/1105/671 677/1106/671 784/1107/671 783/1108/671 782/1109/671 780/1024/570 799/1027/572 800/993/547 801/974/528 691/1009/555 686/1008/554 672/1110/671
f 787/1100/669 797/973/527 798/972/526 782/1101/670
f 781/1021/672 797/973/527 787/1100/669
f 780/1023/570 782/1101/670 798/972/526
f 812/1111/673 808/1112/674 806/1113/675 811/1114/676
f 802/1115/677 810/1116/677 811/1117/677 806/1118/677 807/1119/677 803/1120/677
f 803/1121/678 807/1122/679 809/1123/680 804/1124/678
f 805/1125/681 813/1126/682 810/1127/683 802/1128/681
f 806/1113/675 808/1112/674 809/1123/680 807/1122/679
f 810/1127/683 813/1126/682 812/1111/673 811/1114/676
f 824/1129/684 821/1130/685 820/1131/686 825/1132/687
f 816/1133/688 817/1134/689 831/1135/690 830/1136/691
f 814/1137/692 818/1138/693 819/1139/693 815/1140/694
f 825/1141/695 820/1142/696 816/1143/697 822/1144/698
f 816/1133/688 820/1131/686 821/1130/685 817/1134/689
f 817/1145/699 821/1146/700 824/1147/701 823/1148/702
f 832/1149/703 830/1136/691 831/1135/690 833/1150/704
f 824/1147/701 828/1151/705 827/1152/706 823/1148/702
f 828/1153/707 824/1129/684 825/1132/687 829/1154/708
f 829/1155/709 825/1141/695 822/1144/698 826/1156/710
f 828/1151/705 818/1157/711 814/1158/712 827/1152/706
f 818/1159/713 828/1153/707 829/1154/708 819/1160/713
f 815/1161/714 819/1162/715 829/1155/709 826/1156/710
f 823/1148/702 831/1163/716 817/1145/699
f 816/1143/697 830/1164/717 822/1144/698
f 827/1152/706 833/1165/718 831/1163/716 823/1148/702
f 822/1144/698 830/1164/717 832/1166/719 826/1156/710
f 814/1158/712 833/1165/718 827/1152/706
f 826/1156/710 832/1166/719 815/1161/714
f 832/1149/703 833/1150/704 814/1137/692 815/1140/694
f 840/1167/720 843/1168/721 842/1169/722 841/1170/723
f 841/1170/723 842/1169/722 845/1171/724 844/1172/725
f 844/1173/725 845/1174/724 847/1175/726 846/1176/727
f 846/1176/727 847/1175/726 849/1177/728 848/1178/729
f 848/1178/729 849/1177/728 851/1179/730 850/1180/731
f 850/1180/731 851/1179/730 843/1168/721 840/1167/720
f 852/1181/732 858/1182/733 863/1183/734 853/1184/735
f 857/1185/736 859/1186/737 858/1182/733 852/1181/732
f 856/1187/738 860/1188/739 859/1189/737 857/1190/736
f 855/1191/740 861/1192/741 860/1188/739 856/1187/738
f 854/1193/742 862/1194/743 861/1192/741 855/1191/740
f 853/1184/735 863/1183/734 862/1194/743 854/1193/742
f 835/893/451 852/1181/744 853/1184/745 834/890/448
f 834/890/448 853/1184/745 854/1193/746 839/903/459
f 839/903/459 854/1193/746 855/1191/747 838/901/457
f 838/901/457 855/1191/747 856/1187/748 837/899/455
f 837/899/455 856/1187/748 857/1190/749 836/896/453
f 836/895/453 857/1185/749 852/1181/744 835/893/451
f 859/1186/737 845/1171/750 842/1169/488 858/1182/733
f 860/1188/739 847/1175/750 845/1174/750 859/1189/737
f 861/1192/741 849/1177/751 847/1175/750 860/1188/739
f 862/1194/743 851/1179/751 849/1177/751 861/1192/741
f 863/1183/734 843/1168/488 851/1179/751 862/1194/743
f 858/1182/733 842/1169/488 843/1168/488 863/1183/734
f 1070/890/752 864/891/753 865/892/754 1071/893/755
f 1071/893/755 865/892/754 866/894/462 1072/895/756
f 1072/896/756 866/897/462 867/898/757 1073/899/758
f 1073/899/758 867/898/757 868/900/759 1074/901/760
f 1074/901/760 868/900/759 869/902/761 1075/903/762
f 1075/903/762 869/902/761 864/891/753 1070/890/752
f 889/904/763 890/905/764 893/906/462 892/907/462
f 892/908/462 893/909/462 895/910/765 894/911/766
f 896/912/767 897/913/768 899/914/769 898/915/769
f 898/915/769 899/914/769 891/916/770 888/917/771
f 870/918/772 876/919/773 877/920/774 871/921/775
f 871/921/775 877/920/774 878/922/776 872/923/777
f 872/924/777 878/925/776 879/926/778 873/927/779
f 873/927/779 879/926/778 880/928/780 874/929/781
f 874/929/781 880/928/780 881/930/782 875/931/783
f 875/931/783 881/930/782 876/919/773 870/918/772
f 876/919/773 882/932/784 883/933/785 877/920/774
f 877/920/774 883/933/785 884/934/786 878/922/776
f 878/925/776 884/935/786 885/936/787 879/926/778
f 879/926/778 885/936/787 886/937/788 880/928/780
f 880/928/780 886/937/788 887/938/789 881/930/782
f 881/930/782 887/938/789 882/932/784 876/919/773
f 883/939/785 882/939/784 887/939/789 886/939/788 885/939/787 884/939/786
f 865/892/790 864/891/790 888/917/790 889/904/790
f 871/921/791 890/905/792 891/916/793 870/918/794
f 866/894/751 865/892/790 889/904/790 892/907/751
f 872/923/795 893/906/796 890/905/792 871/921/791
f 867/898/797 866/897/751 892/908/751 894/911/797
f 873/927/798 895/910/799 893/909/796 872/924/795
f 868/900/800 867/898/797 894/911/797 896/912/800
f 874/929/499 897/913/801 895/910/799 873/927/798
f 869/902/751 868/900/800 896/912/800 898/915/751
f 875/931/802 899/914/803 897/913/801 874/929/499
f 864/891/790 869/902/751 898/915/751 888/917/790
f 870/918/794 891/916/793 899/914/803 875/931/802
f 888/917/771 900/940/804 901/941/805 889/904/763
f 889/904/763 901/941/805 902/942/804 890/905/764
f 890/905/764 902/942/804 903/943/806 891/916/770
f 891/916/770 903/943/806 900/940/804 888/917/771
f 894/911/766 904/944/807 905/945/808 896/912/767
f 896/912/767 905/945/808 906/946/809 897/913/768
f 897/913/768 906/946/809 907/947/810 895/910/765
f 895/910/765 907/947/810 904/944/807 894/911/766
f 901/948/811 907/949/811 906/950/811 902/951/811
f 902/951/510 906/950/510 905/952/510 903/953/510
f 903/953/812 905/952/812 904/954/812 900/955/812
f 900/955/813 904/954/813 907/956/813 901/957/813
f 908/958/814 914/959/815 915/960/816 909/961/817
f 909/961/817 915/960/816 916/962/818 910/963/819
f 910/963/819 916/962/818 917/964/820 911/965/821
f 911/965/821 917/964/820 918/966/822 912/967/823
f 912/967/823 918/966/822 919/968/824 913/969/824
f 947/970/524 949/971/825 1034/972/826 1033/973/827
f 1037/974/528 939/975/828 936/976/530 1024/977/531
f 1024/977/531 936/976/530 937/978/829 1025/979/830
f 1025/979/830 937/978/829 938/980/831 1026/981/535
f 930/982/832 932/983/833 933/984/834 929/985/835
f 929/985/835 933/984/834 934/986/836 928/987/837
f 928/987/837 934/986/836 935/988/838 931/989/839
f 1026/981/535 938/980/831 943/990/840 1027/991/841
f 948/992/842 939/975/828 1037/974/528 1036/993/843
f 924/994/548 932/983/833 930/982/832 923/995/844
f 1030/996/845 942/997/846 944/998/847 1031/999/848
f 928/1000/849 931/1001/849 914/959/815 908/958/814 922/1002/849 921/1003/849 920/1004/849 923/1005/849 930/1006/849 929/1007/849
f 922/1008/850 927/1009/555 926/1010/851 921/1011/852
f 921/1011/852 926/1010/851 925/1012/558 920/1013/853
f 920/1013/853 925/1012/558 924/994/548 923/995/844
f 1029/1014/854 941/1015/855 942/997/846 1030/996/845
f 1027/991/841 943/990/840 940/1016/856 1028/1017/563
f 1028/1017/563 940/1016/856 941/1015/855 1029/1014/854
f 1031/999/848 944/998/847 945/1018/857 1032/1019/858
f 1032/1019/858 945/1018/857 946/1020/859 1017/1021/859
f 1017/1021/567 946/1020/860 947/970/524 1033/973/827
f 1034/972/826 949/971/825 950/1022/861 1016/1023/862
f 1016/1024/862 950/1025/861 951/1026/863 1035/1027/864
f 1035/1027/864 951/1026/863 948/992/842 1036/993/843
f 948/992/865 953/1028/865 952/1029/866 939/975/866
f 939/975/866 952/1029/866 954/1030/867 936/976/867
f 936/976/867 954/1030/867 955/1031/868 937/978/868
f 937/978/868 955/1031/868 956/1032/869 938/980/869
f 938/980/869 956/1032/869 957/1033/870 943/990/870
f 943/990/870 957/1033/870 958/1034/871 940/1016/871
f 940/1016/871 958/1034/871 959/1035/872 941/1015/872
f 941/1015/872 959/1035/872 960/1036/573 942/997/573
f 942/997/573 960/1036/573 961/1037/873 944/998/873
f 944/998/873 961/1037/873 962/1038/874 945/1018/875
f 945/1018/875 962/1038/874 963/1039/876 946/1020/877
f 946/1020/877 963/1039/876 964/1040/587 947/970/587
f 947/970/587 964/1040/587 965/1041/878 949/971/879
f 949/971/879 965/1041/878 966/1042/880 950/1022/881
f 950/1025/881 966/1043/880 967/1044/592 951/1026/882
f 951/1026/882 967/1044/592 953/1028/865 948/992/865
f 953/1028/883 969/1045/884 968/1046/885 952/1029/596
f 952/1029/596 968/1046/885 970/1047/629 954/1030/886
f 954/1030/886 970/1047/629 971/1048/887 955/1031/888
f 955/1031/888 971/1048/887 972/1049/889 956/1032/603
f 956/1032/603 972/1049/889 973/1050/890 957/1033/891
f 957/1033/891 973/1050/890 974/1051/892 958/1034/893
f 958/1034/893 974/1051/892 975/1052/894 959/1035/637
f 959/1035/637 975/1052/894 976/1053/895 960/1036/896
f 960/1036/896 976/1053/895 977/1054/897 961/1037/898
f 961/1037/898 977/1054/897 978/1055/899 962/1038/900
f 962/1038/900 978/1055/899 979/1056/901 963/1039/902
f 963/1039/902 979/1056/901 980/1057/903 964/1040/904
f 964/1040/904 980/1057/903 981/1058/905 965/1041/906
f 965/1041/906 981/1058/905 982/1059/907 966/1042/908
f 966/1043/908 982/1060/907 983/1061/909 967/1044/910
f 967/1044/910 983/1061/909 969/1045/884 953/1028/883
f 985/1062/911 987/1063/911 986/1064/912 984/1065/913
f 984/1065/913 986/1064/912 989/1066/598 988/1067/914
f 988/1067/914 989/1066/598 991/1068/915 990/1069/916
f 990/1069/916 991/1068/915 993/1070/917 992/1071/918
f 992/1071/918 993/1070/917 995/1072/919 994/1073/920
f 994/1073/920 995/1072/919 997/1074/921 996/1075/922
f 996/1075/922 997/1074/921 999/1076/923 998/1077/924
f 998/1077/924 999/1076/923 1001/1078/925 1000/1079/926
f 1000/1079/926 1001/1078/925 1003/1080/927 1002/1081/641
f 1002/1081/641 1003/1080/927 1005/1082/928 1004/1083/929
f 1004/1083/929 1005/1082/928 1007/1084/930 1006/1085/931
f 1006/1085/931 1007/1084/930 1009/1086/932 1008/1087/933
f 1008/1087/933 1009/1086/932 1011/1088/934 1010/1089/934
f 1010/1089/934 1011/1088/934 1013/1090/935 1012/1091/936
f 1012/1092/936 1013/1093/935 1015/1094/937 1014/1095/938
f 1014/1095/938 1015/1094/937 987/1063/911 985/1062/911
f 969/1045/659 985/1062/659 984/1065/939 968/1046/939
f 968/1046/939 984/1065/939 988/1067/653 970/1047/653
f 970/1047/653 988/1067/653 990/1069/654 971/1048/654
f 971/1048/654 990/1069/654 992/1071/940 972/1049/940
f 972/1049/940 992/1071/940 994/1073/941 973/1050/941
f 973/1050/941 994/1073/941 996/1075/942 974/1051/942
f 974/1051/942 996/1075/942 998/1077/943 975/1052/943
f 975/1052/943 998/1077/943 1000/1079/944 976/1053/944
f 976/1053/944 1000/1079/944 1002/1081/945 977/1054/945
f 977/1054/945 1002/1081/945 1004/1083/946 978/1055/946
f 978/1055/946 1004/1083/946 1006/1085/947 979/1056/947
f 979/1056/947 1006/1085/947 1008/1087/948 980/1057/948
f 980/1057/948 1008/1087/948 1010/1089/949 981/1058/949
f 981/1058/949 1010/1089/949 1012/1091/942 982/1059/942
f 982/1060/942 1012/1092/942 1014/1095/943 983/1061/943
f 983/1061/943 1014/1095/943 985/1062/659 969/1045/659
f 919/968/824 1021/1096/950 1020/1097/951 913/969/824
f 1020/1097/951 1021/1096/950 1022/1098/952 1019/1099/953
f 1019/1099/953 1022/1098/952 1023/1100/954 1018/1101/955
f 927/1009/555 1037/974/528 1024/977/531 926/1010/851
f 926/1010/851 1024/977/531 1025/979/830 925/1012/558
f 925/1012/558 1025/979/830 1026/981/535 924/994/548
f 924/994/548 1026/981/535 1027/991/841 932/983/833
f 932/983/833 1027/991/841 1028/1017/563 933/984/834
f 933/984/834 1028/1017/563 1029/1014/854 934/986/836
f 934/986/836 1029/1014/854 1030/996/845 935/988/838
f 909/1102/671 910/1103/671 911/1104/671 912/1105/671 913/1106/671 1020/1107/671 1019/1108/671 1018/1109/671 1016/1024/862 1035/1027/864 1036/993/843 1037/974/528 927/1009/555 922/1008/850 908/1110/671
f 1023/1100/954 1033/973/827 1034/972/826 1018/1101/955
f 1017/1021/956 1033/973/827 1023/1100/954
f 1016/1023/862 1018/1101/955 1034/972/826
f 1048/1111/957 1044/1112/958 1042/1113/959 1047/1114/960
f 1038/1115/961 1046/1116/961 1047/1117/961 1042/1118/961 1043/1119/961 1039/1120/961
f 1039/1121/962 1043/1122/963 1045/1123/964 1040/1124/962
f 1041/1125/965 1049/1126/966 1046/1127/967 1038/1128/965
f 1042/1113/959 1044/1112/958 1045/1123/964 1043/1122/963
f 1046/1127/967 1049/1126/966 1048/1111/957 1047/1114/960
f 1060/1129/684 1057/1130/968 1056/1131/969 1061/1132/970
f 1052/1133/971 1053/1134/689 1067/1135/972 1066/1136/973
f 1050/1137/974 1054/1138/693 1055/1139/693 1051/1140/975
f 1061/1141/695 1056/1142/696 1052/1143/976 1058/1144/698
f 1052/1133/971 1056/1131/969 1057/1130/968 1053/1134/689
f 1053/1145/699 1057/1146/700 1060/1147/701 1059/1148/702
f 1068/1149/977 1066/1136/973 1067/1135/972 1069/1150/978
f 1060/1147/701 1064/1151/705 1063/1152/706 1059/1148/702
f 1064/1153/707 1060/1129/684 1061/1132/970 1065/1154/708
f 1065/1155/709 1061/1141/695 1058/1144/698 1062/1156/710
f 1064/1151/705 1054/1157/711 1050/1158/712 1063/1152/706
f 1054/1159/713 1064/1153/707 1065/1154/708 1055/1160/713
f 1051/1161/979 1055/1162/715 1065/1155/709 1062/1156/710
f 1059/1148/702 1067/1163/716 1053/1145/699
f 1052/1143/976 1066/1164/980 1058/1144/698
f 1063/1152/706 1069/1165/718 1067/1163/716 1059/1148/702
f 1058/1144/698 1066/1164/980 1068/1166/981 1062/1156/710
f 1050/1158/712 1069/1165/718 1063/1152/706
f 1062/1156/710 1068/1166/981 1051/1161/979
f 1068/1149/977 1069/1150/978 1050/1137/974 1051/1140/975
f 1076/1167/982 1079/1168/983 1078/1169/984 1077/1170/985
f 1077/1170/985 1078/1169/984 1081/1171/986 1080/1172/987
f 1080/1173/987 1081/1174/986 1083/1175/988 1082/1176/989
f 1082/1176/989 1083/1175/988 1085/1177/990 1084/1178/991
f 1084/1178/991 1085/1177/990 1087/1179/992 1086/1180/993
f 1086/1180/993 1087/1179/992 1079/1168/983 1076/1167/982
f 1088/1181/994 1094/1182/995 1099/1183/996 1089/1184/997
f 1093/1185/998 1095/1186/999 1094/1182/995 1088/1181/994
f 1092/1187/738 1096/1188/1000 1095/1189/999 1093/1190/998
f 1091/1191/1001 1097/1192/1002 1096/1188/1000 1092/1187/738
f 1090/1193/1003 1098/1194/1004 1097/1192/1002 1091/1191/1001
f 1089/1184/997 1099/1183/996 1098/1194/1004 1090/1193/1003
f 1071/893/755 1088/1181/1005 1089/1184/1006 1070/890/752
f 1070/890/752 1089/1184/1006 1090/1193/1007 1075/903/762
f 1075/903/762 1090/1193/1007 1091/1191/1008 1074/901/760
f 1074/901/760 1091/1191/1008 1092/1187/1009 1073/899/758
f 1073/899/758 1092/1187/1009 1093/1190/1010 1072/896/756
f 1072/895/756 1093/1185/1010 1088/1181/1005 1071/893/755
f 1095/1186/999 1081/1171/750 1078/1169/790 1094/1182/995
f 1096/1188/1000 1083/1175/790 1081/1174/750 1095/1189/999
f 1097/1192/1002 1085/1177/790 1083/1175/790 1096/1188/1000
f 1098/1194/1004 1087/1179/750 1085/1177/790 1097/1192/1002
f 1099/1183/996 1079/1168/790 1087/1179/750 1098/1194/1004
f 1094/1182/995 1078/1169/790 1079/1168/790 1099/1183/996
f 1306/890/1011 1100/891/449 1101/892/450 1307/893/1012
f 1307/893/1012 1101/892/450 1102/894/452 1308/895/453
f 1308/896/453 1102/897/452 1103/898/454 1309/899/1013
f 1309/899/1013 1103/898/454 1104/900/456 1310/901/1014
f 1310/901/1014 1104/900/456 1105/902/1015 1311/903/459
f 1311/903/459 1105/902/1015 1100/891/449 1306/890/1011
f 1125/904/1016 1126/905/461 1129/906/462 1128/907/462
f 1128/908/462 1129/909/462 1131/910/1017 1130/911/1018
f 1132/912/465 1133/913/466 1135/914/467 1134/915/467
f 1134/915/467 1135/914/467 1127/916/1019 1124/917/469
f 1106/918/470 1112/919/1020 1113/920/472 1107/921/473
f 1107/921/473 1113/920/472 1114/922/1021 1108/923/475
f 1108/924/475 1114/925/1021 1115/926/1022 1109/927/477
f 1109/927/477 1115/926/1022 1116/928/1023 1110/929/479
f 1110/929/479 1116/928/1023 1117/930/1024 1111/931/1025
f 1111/931/1025 1117/930/1024 1112/919/1020 1106/918/470
f 1112/919/1020 1118/932/1026 1119/933/1027 1113/920/472
f 1113/920/472 1119/933/1027 1120/934/484 1114/922/1021
f 1114/925/1021 1120/935/484 1121/936/485 1115/926/1022
f 1115/926/1022 1121/936/485 1122/937/486 1116/928/1023
f 1116/928/1023 1122/937/486 1123/938/1028 1117/930/1024
f 1117/930/1024 1123/938/1028 1118/932/1026 1112/919/1020
f 1119/939/1027 1118/939/1026 1123/939/1028 1122/939/486 1121/939/485 1120/939/484
f 1101/892/750 1100/891/488 1124/917/488 1125/904/750
f 1107/921/1029 1126/905/1030 1127/916/1031 1106/918/1032
f 1102/894/493 1101/892/750 1125/904/750 1128/907/493
f 1108/923/494 1129/906/1033 1126/905/1030 1107/921/1029
f 1103/898/488 1102/897/493 1128/908/493 1130/911/488
f 1109/927/496 1131/910/497 1129/909/1033 1108/924/494
f 1104/900/488 1103/898/488 1130/911/488 1132/912/488
f 1110/929/1034 1133/913/1035 1131/910/497 1109/927/496
f 1105/902/493 1104/900/488 1132/912/488 1134/915/493
f 1111/931/500 1135/914/501 1133/913/1035 1110/929/1034
f 1100/891/488 1105/902/493 1134/915/493 1124/917/488
f 1106/918/1032 1127/916/1031 1135/914/501 1111/931/500
f 1124/917/469 1136/940/1036 1137/941/505 1125/904/1016
f 1125/904/1016 1137/941/505 1138/942/1037 1126/905/461
f 1126/905/461 1138/942/1037 1139/943/504 1127/916/1019
f 1127/916/1019 1139/943/504 1136/940/1036 1124/917/469
f 1130/911/1018 1140/944/506 1141/945/507 1132/912/465
f 1132/912/465 1141/945/507 1142/946/1038 1133/913/466
f 1133/913/466 1142/946/1038 1143/947/508 1131/910/1017
f 1131/910/1017 1143/947/508 1140/944/506 1130/911/1018
f 1137/948/509 1143/949/509 1142/950/509 1138/951/509
f 1138/951/1039 1142/950/1039 1141/952/1039 1139/953/1039
f 1139/953/511 1141/952/511 1140/954/511 1136/955/511
f 1136/955/1040 1140/954/1040 1143/956/1040 1137/957/1040
f 1144/958/1041 1150/959/1041 1151/960/1042 1145/961/1043
f 1145/961/1043 1151/960/1042 1152/962/1044 1146/963/1045
f 1146/963/1045 1152/962/1044 1153/964/518 1147/965/519
f 1147/965/519 1153/964/518 1154/966/520 1148/967/521
f 1148/967/521 1154/966/520 1155/968/522 1149/969/523
f 1183/970/524 1185/971/525 1270/972/1046 1269/973/527
f 1273/974/1047 1175/975/1048 1172/976/1049 1260/977/531
f 1260/977/531 1172/976/1049 1173/978/532 1261/979/830
f 1261/979/830 1173/978/532 1174/980/1050 1262/981/1051
f 1166/982/1052 1168/983/833 1169/984/538 1165/985/1053
f 1165/985/1053 1169/984/538 1170/986/540 1164/987/837
f 1164/987/837 1170/986/540 1171/988/1054 1167/989/839
f 1262/981/1051 1174/980/1050 1179/990/1055 1263/991/1056
f 1184/992/1057 1175/975/1048 1273/974/1047 1272/993/1058
f 1160/994/548 1168/983/833 1166/982/1052 1159/995/1059
f 1266/996/1060 1178/997/846 1180/998/552 1267/999/553
f 1164/1000/462 1167/1001/462 1150/959/1041 1144/958/1041 1158/1002/462 1157/1003/462 1156/1004/462 1159/1005/462 1166/1006/462 1165/1007/462
f 1158/1008/1061 1163/1009/1062 1162/1010/556 1157/1011/557
f 1157/1011/557 1162/1010/556 1161/1012/558 1156/1013/559
f 1156/1013/559 1161/1012/558 1160/994/548 1159/995/1059
f 1265/1014/560 1177/1015/1063 1178/997/846 1266/996/1060
f 1263/991/1056 1179/990/1055 1176/1016/1064 1264/1017/563
f 1264/1017/563 1176/1016/1064 1177/1015/1063 1265/1014/560
f 1267/999/553 1180/998/552 1181/1018/564 1268/1019/565
f 1268/1019/565 1181/1018/564 1182/1020/1065 1253/1021/1065
f 1253/1021/567 1182/1020/860 1183/970/524 1269/973/527
f 1270/972/1046 1185/971/525 1186/1022/569 1252/1023/1066
f 1252/1024/1066 1186/1025/569 1187/1026/1067 1271/1027/1068
f 1271/1027/1068 1187/1026/1067 1184/992/1057 1272/993/1058
f 1184/992/1069 1189/1028/1069 1188/1029/582 1175/975/582
f 1175/975/582 1188/1029/582 1190/1030/1070 1172/976/1070
f 1172/976/1070 1190/1030/1070 1191/1031/576 1173/978/1071
f 1173/978/1071 1191/1031/576 1192/1032/577 1174/980/577
f 1174/980/577 1192/1032/577 1193/1033/578 1179/990/578
f 1179/990/578 1193/1033/578 1194/1034/579 1176/1016/579
f 1176/1016/579 1194/1034/579 1195/1035/580 1177/1015/580
f 1177/1015/580 1195/1035/580 1196/1036/581 1178/997/581
f 1178/997/581 1196/1036/581 1197/1037/582 1180/998/582
f 1180/998/582 1197/1037/582 1198/1038/1072 1181/1018/584
f 1181/1018/584 1198/1038/1072 1199/1039/1073 1182/1020/1074
f 1182/1020/1074 1199/1039/1073 1200/1040/1075 1183/970/1075
f 1183/970/1075 1200/1040/1075 1201/1041/1076 1185/971/1077
f 1185/971/1077 1201/1041/1076 1202/1042/1078 1186/1022/881
f 1186/1025/881 1202/1043/1078 1203/1044/592 1187/1026/1079
f 1187/1026/1079 1203/1044/592 1189/1028/1069 1184/992/1069
f 1189/1028/594 1205/1045/627 1204/1046/597 1188/1029/597
f 1188/1029/597 1204/1046/597 1206/1047/1080 1190/1030/1081
f 1190/1030/1081 1206/1047/1080 1207/1048/1082 1191/1031/1083
f 1191/1031/1083 1207/1048/1082 1208/1049/1084 1192/1032/1085
f 1192/1032/1085 1208/1049/1084 1209/1050/1086 1193/1033/1087
f 1193/1033/1087 1209/1050/1086 1210/1051/1088 1194/1034/1089
f 1194/1034/1089 1210/1051/1088 1211/1052/1090 1195/1035/1091
f 1195/1035/1091 1211/1052/1090 1212/1053/1092 1196/1036/1093
f 1196/1036/1093 1212/1053/1092 1213/1054/1094 1197/1037/1094
f 1197/1037/1094 1213/1054/1094 1214/1055/1095 1198/1038/615
f 1198/1038/615 1214/1055/1095 1215/1056/1096 1199/1039/1097
f 1199/1039/1097 1215/1056/1096 1216/1057/1098 1200/1040/1098
f 1200/1040/1098 1216/1057/1098 1217/1058/1099 1201/1041/1100
f 1201/1041/1100 1217/1058/1099 1218/1059/1101 1202/1042/1102
f 1202/1043/1102 1218/1060/1101 1219/1061/1103 1203/1044/625
f 1203/1044/625 1219/1061/1103 1205/1045/627 1189/1028/594
f 1221/1062/626 1223/1063/627 1222/1064/1104 1220/1065/628
f 1220/1065/628 1222/1064/1104 1225/1066/629 1224/1067/630
f 1224/1067/630 1225/1066/629 1227/1068/631 1226/1069/632
f 1226/1069/632 1227/1068/631 1229/1070/1105 1228/1071/634
f 1228/1071/634 1229/1070/1105 1231/1072/605 1230/1073/635
f 1230/1073/635 1231/1072/605 1233/1074/636 1232/1075/636
f 1232/1075/636 1233/1074/636 1235/1076/637 1234/1077/637
f 1234/1077/637 1235/1076/637 1237/1078/639 1236/1079/1106
f 1236/1079/1106 1237/1078/639 1239/1080/1107 1238/1081/1094
f 1238/1081/1094 1239/1080/1107 1241/1082/1108 1240/1083/1108
f 1240/1083/1108 1241/1082/1108 1243/1084/1109 1242/1085/1110
f 1242/1085/1110 1243/1084/1109 1245/1086/646 1244/1087/647
f 1244/1087/647 1245/1086/646 1247/1088/1111 1246/1089/648
f 1246/1089/648 1247/1088/1111 1249/1090/1112 1248/1091/1112
f 1248/1092/1112 1249/1093/1112 1251/1094/650 1250/1095/1113
f 1250/1095/1113 1251/1094/650 1223/1063/627 1221/1062/626
f 1205/1045/651 1221/1062/651 1220/1065/652 1204/1046/652
f 1204/1046/652 1220/1065/652 1224/1067/653 1206/1047/653
f 1206/1047/653 1224/1067/653 1226/1069/654 1207/1048/654
f 1207/1048/654 1226/1069/654 1228/1071/1114 1208/1049/1114
f 1208/1049/1114 1228/1071/1114 1230/1073/1115 1209/1050/1115
f 1209/1050/1115 1230/1073/1115 1232/1075/1116 1210/1051/1116
f 1210/1051/1116 1232/1075/1116 1234/1077/1117 1211/1052/1117
f 1211/1052/1117 1234/1077/1117 1236/1079/1118 1212/1053/1118
f 1212/1053/1118 1236/1079/1118 1238/1081/939 1213/1054/939
f 1213/1054/939 1238/1081/939 1240/1083/1119 1214/1055/1119
f 1214/1055/1119 1240/1083/1119 1242/1085/662 1215/1056/662
f 1215/1056/662 1242/1085/662 1244/1087/663 1216/1057/663
f 1216/1057/663 1244/1087/663 1246/1089/664 1217/1058/664
f 1217/1058/664 1246/1089/664 1248/1091/665 1218/1059/665
f 1218/1060/665 1248/1092/665 1250/1095/666 1219/1061/666
f 1219/1061/666 1250/1095/666 1221/1062/651 1205/1045/651
f 1155/968/522 1257/1096/667 1256/1097/667 1149/969/523
f 1256/1097/667 1257/1096/667 1258/1098/668 1255/1099/668
f 1255/1099/668 1258/1098/668 1259/1100/1120 1254/1101/670
f 1163/1009/1062 1273/974/1047 1260/977/531 1162/1010/556
f 1162/1010/556 1260/977/531 1261/979/830 1161/1012/558
f 1161/1012/558 1261/979/830 1262/981/1051 1160/994/548
f 1160/994/548 1262/981/1051 1263/991/1056 1168/983/833
f 1168/983/833 1263/991/1056 1264/1017/563 1169/984/538
f 1169/984/538 1264/1017/563 1265/1014/560 1170/986/540
f 1170/986/540 1265/1014/560 1266/996/1060 1171/988/1054
f 1145/1102/671 1146/1103/671 1147/1104/671 1148/1105/671 1149/1106/671 1256/1107/671 1255/1108/671 1254/1109/671 1252/1024/1066 1271/1027/1068 1272/993/1058 1273/974/1047 1163/1009/1062 1158/1008/1061 1144/1110/671
f 1259/1100/1120 1269/973/527 1270/972/1046 1254/1101/670
f 1253/1021/1121 1269/973/527 1259/1100/1120
f 1252/1023/1066 1254/1101/670 1270/972/1046
f 1284/1111/1122 1280/1112/1123 1278/1113/1124 1283/1114/1125
f 1274/1115/677 1282/1116/677 1283/1117/677 1278/1118/677 1279/1119/677 1275/1120/677
f 1275/1121/1126 1279/1122/1127 1281/1123/680 1276/1124/1126
f 1277/1125/1128 1285/1126/1129 1282/1127/1130 1274/1128/1128
f 1278/1113/1124 1280/1112/1123 1281/1123/680 1279/1122/1127
f 1282/1127/1130 1285/1126/1129 1284/1111/1122 1283/1114/1125
f 1296/1129/684 1293/1130/685 1292/1131/969 1297/1132/687
f 1288/1133/688 1289/1134/689 1303/1135/690 1302/1136/691
f 1286/1137/692 1290/1138/1131 1291/1139/1131 1287/1140/694
f 1297/1141/695 1292/1142/696 1288/1143/976 1294/1144/698
f 1288/1133/688 1292/1131/969 1293/1130/685 1289/1134/689
f 1289/1145/699 1293/1146/700 1296/1147/701 1295/1148/702
f 1304/1149/1132 1302/1136/691 1303/1135/690 1305/1150/704
f 1296/1147/701 1300/1151/705 1299/1152/706 1295/1148/702
f 1300/1153/707 1296/1129/684 1297/1132/687 1301/1154/708
f 1301/1155/709 1297/1141/695 1294/1144/698 1298/1156/710
f 1300/1151/705 1290/1157/711 1286/1158/712 1299/1152/706
f 1290/1159/713 1300/1153/707 1301/1154/708 1291/1160/713
f 1287/1161/1133 1291/1162/715 1301/1155/709 1298/1156/710
f 1295/1148/702 1303/1163/716 1289/1145/699
f 1288/1143/976 1302/1164/717 1294/1144/698
f 1299/1152/706 1305/1165/718 1303/1163/716 1295/1148/702
f 1294/1144/698 1302/1164/717 1304/1166/719 1298/1156/710
f 1286/1158/712 1305/1165/718 1299/1152/706
f 1298/1156/710 1304/1166/719 1287/1161/1133
f 1304/1149/1132 1305/1150/704 1286/1137/692 1287/1140/694
f 1312/1167/1134 1315/1168/1135 1314/1169/722 1313/1170/723
f 1313/1170/723 1314/1169/722 1317/1171/724 1316/1172/725
f 1316/1173/725 1317/1174/724 1319/1175/1136 1318/1176/1137
f 1318/1176/1137 1319/1175/1136 1321/1177/728 1320/1178/1138
f 1320/1178/1138 1321/1177/728 1323/1179/1139 1322/1180/1140
f 1322/1180/1140 1323/1179/1139 1315/1168/1135 1312/1167/1134
f 1324/1181/1141 1330/1182/733 1335/1183/1142 1325/1184/1143
f 1329/1185/1144 1331/1186/737 1330/1182/733 1324/1181/1141
f 1328/1187/1145 1332/1188/1000 1331/1189/737 1329/1190/1144
f 1327/1191/740 1333/1192/741 1332/1188/1000 1328/1187/1145
f 1326/1193/1146 1334/1194/1147 1333/1192/741 1327/1191/740
f 1325/1184/1143 1335/1183/1142 1334/1194/1147 1326/1193/1146
f 1307/893/1012 1324/1181/1148 1325/1184/1149 1306/890/1011
f 1306/890/1011 1325/1184/1149 1326/1193/1150 1311/903/459
f 1311/903/459 1326/1193/1150 1327/1191/1151 1310/901/1014
f 1310/901/1014 1327/1191/1151 1328/1187/748 1309/899/1013
f 1309/899/1013 1328/1187/748 1329/1190/1152 1308/896/453
f 1308/895/453 1329/1185/1152 1324/1181/1148 1307/893/1012
f 1331/1186/737 1317/1171/750 1314/1169/488 1330/1182/733
f 1332/1188/1000 1319/1175/750 1317/1174/750 1331/1189/737
f 1333/1192/741 1321/1177/751 1319/1175/750 1332/1188/1000
f 1334/1194/1147 1323/1179/751 1321/1177/751 1333/1192/741
f 1335/1183/1142 1315/1168/488 1323/1179/751 1334/1194/1147
f 1330/1182/733 1314/1169/488 1315/1168/488 1335/1183/1142
f 1542/890/1153 1336/891/449 1337/892/1154 1543/893/1155
f 1543/893/1155 1337/892/1154 1338/894/1156 1544/895/1157
f 1544/896/1157 1338/897/1156 1339/898/1158 1545/899/1159
f 1545/899/1159 1339/898/1158 1340/900/456 1546/901/1014
f 1546/901/1014 1340/900/456 1341/902/458 1547/903/459
f 1547/903/459 1341/902/458 1336/891/449 1542/890/1153
f 1361/904/1016 1362/905/461 1365/906/1160 1364/907/1160
f 1364/908/1160 1365/909/1160 1367/910/1161 1366/911/1162
f 1368/912/1163 1369/913/1164 1371/914/467 1370/915/467
f 1370/915/467 1371/914/467 1363/916/468 1360/917/1165
f 1342/918/1166 1348/919/1167 1349/920/1168 1343/921/1169
f 1343/921/1169 1349/920/1168 1350/922/1170 1344/923/1171
f 1344/924/1171 1350/925/1170 1351/926/1172 1345/927/1173
f 1345/927/1173 1351/926/1172 1352/928/1174 1346/929/1175
f 1346/929/1175 1352/928/1174 1353/930/1176 1347/931/1177
f 1347/931/1177 1353/930/1176 1348/919/1167 1342/918/1166
f 1348/919/1167 1354/932/1178 1355/933/1179 1349/920/1168
f 1349/920/1168 1355/933/1179 1356/934/1180 1350/922/1170
f 1350/925/1170 1356/935/1180 1357/936/1181 1351/926/1172
f 1351/926/1172 1357/936/1181 1358/937/1182 1352/928/1174
f 1352/928/1174 1358/937/1182 1359/938/1183 1353/930/1176
f 1353/930/1176 1359/938/1183 1354/932/1178 1348/919/1167
f 1355/939/1179 1354/939/1178 1359/939/1183 1358/939/1182 1357/939/1181 1356/939/1180
f 1337/892/488 1336/891/488 1360/917/488 1361/904/488
f 1343/921/1029 1362/905/1030 1363/916/491 1342/918/1184
f 1338/894/493 1337/892/488 1361/904/488 1364/907/493
f 1344/923/1185 1365/906/1185 1362/905/1030 1343/921/1029
f 1339/898/488 1338/897/493 1364/908/493 1366/911/488
f 1345/927/1186 1367/910/1187 1365/909/1185 1344/924/1185
f 1340/900/488 1339/898/488 1366/911/488 1368/912/488
f 1346/929/1188 1369/913/1189 1367/910/1187 1345/927/1186
f 1341/902/493 1340/900/488 1368/912/488 1370/915/493
f 1347/931/1190 1371/914/1191 1369/913/1189 1346/929/1188
f 1336/891/488 1341/902/493 1370/915/493 1360/917/488
f 1342/918/1184 1363/916/491 1371/914/1191 1347/931/1190
f 1360/917/1165 1372/940/1036 1373/941/504 1361/904/1016
f 1361/904/1016 1373/941/504 1374/942/1036 1362/905/461
f 1362/905/461 1374/942/1036 1375/943/504 1363/916/468
f 1363/916/468 1375/943/504 1372/940/1036 1360/917/1165
f 1366/911/1162 1376/944/1192 1377/945/807 1368/912/1163
f 1368/912/1163 1377/945/807 1378/946/810 1369/913/1164
f 1369/913/1164 1378/946/810 1379/947/1192 1367/910/1161
f 1367/910/1161 1379/947/1192 1376/944/1192 1366/911/1162
f 1373/948/811 1379/949/811 1378/950/811 1374/951/811
f 1374/951/1193 1378/950/1193 1377/952/1193 1375/953/1193
f 1375/953/511 1377/952/511 1376/954/511 1372/955/511
f 1372/955/1040 1376/954/1040 1379/956/1040 1373/957/1040
f 1380/958/1194 1386/959/1194 1387/960/1195 1381/961/1196
f 1381/961/1196 1387/960/1195 1388/962/1044 1382/963/1197
f 1382/963/1197 1388/962/1044 1389/964/518 1383/965/519
f 1383/965/519 1389/964/518 1390/966/520 1384/967/521
f 1384/967/521 1390/966/520 1391/968/1198 1385/969/1199
f 1419/970/1200 1421/971/1201 1506/972/1202 1505/973/1203
f 1509/974/1204 1411/975/1205 1408/976/1049 1496/977/1206
f 1496/977/1206 1408/976/1049 1409/978/1207 1497/979/1208
f 1497/979/1208 1409/978/1207 1410/980/1209 1498/981/1210
f 1402/982/1211 1404/983/1212 1405/984/538 1401/985/1213
f 1401/985/1213 1405/984/538 1406/986/1214 1400/987/1215
f 1400/987/1215 1406/986/1214 1407/988/1216 1403/989/1217
f 1498/981/1210 1410/980/1209 1415/990/1218 1499/991/1219
f 1420/992/1220 1411/975/1205 1509/974/1204 1508/993/1221
f 1396/994/1222 1404/983/1212 1402/982/1211 1395/995/1059
f 1502/996/845 1414/997/846 1416/998/552 1503/999/1223
f 1400/1000/1224 1403/1001/1224 1386/959/1194 1380/958/1194 1394/1002/1224 1393/1003/1224 1392/1004/1224 1395/1005/1224 1402/1006/1224 1401/1007/1224
f 1394/1008/1061 1399/1009/1225 1398/1010/1226 1393/1011/1227
f 1393/1011/1227 1398/1010/1226 1397/1012/1228 1392/1013/1229
f 1392/1013/1229 1397/1012/1228 1396/994/1222 1395/995/1059
f 1501/1014/1230 1413/1015/1063 1414/997/846 1502/996/845
f 1499/991/1219 1415/990/1218 1412/1016/1231 1500/1017/563
f 1500/1017/563 1412/1016/1231 1413/1015/1063 1501/1014/1230
f 1503/999/1223 1416/998/552 1417/1018/1232 1504/1019/1233
f 1504/1019/1233 1417/1018/1232 1418/1020/1234 1489/1021/1234
f 1489/1021/1235 1418/1020/860 1419/970/1200 1505/973/1203
f 1506/972/1202 1421/971/1201 1422/1022/1236 1488/1023/1237
f 1488/1024/1237 1422/1025/1236 1423/1026/1238 1507/1027/1239
f 1507/1027/1239 1423/1026/1238 1420/992/1220 1508/993/1221
f 1420/992/581 1425/1028/581 1424/1029/582 1411/975/582
f 1411/975/582 1424/1029/582 1426/1030/1070 1408/976/1070
f 1408/976/1070 1426/1030/1070 1427/1031/1240 1409/978/1240
f 1409/978/1240 1427/1031/1240 1428/1032/1241 1410/980/1241
f 1410/980/1241 1428/1032/1241 1429/1033/1242 1415/990/1242
f 1415/990/1242 1429/1033/1242 1430/1034/579 1412/1016/579
f 1412/1016/579 1430/1034/579 1431/1035/580 1413/1015/580
f 1413/1015/580 1431/1035/580 1432/1036/581 1414/997/581
f 1414/997/581 1432/1036/581 1433/1037/582 1416/998/582
f 1416/998/582 1433/1037/582 1434/1038/1072 1417/1018/584
f 1417/1018/584 1434/1038/1072 1435/1039/585 1418/1020/1243
f 1418/1020/1243 1435/1039/585 1436/1040/1075 1419/970/1244
f 1419/970/1244 1436/1040/1075 1437/1041/1076 1421/971/1077
f 1421/971/1077 1437/1041/1076 1438/1042/1245 1422/1022/1246
f 1422/1025/1246 1438/1043/1245 1439/1044/1247 1423/1026/1248
f 1423/1026/1248 1439/1044/1247 1425/1028/581 1420/992/581
f 1425/1028/1249 1441/1045/1250 1440/1046/597 1424/1029/596
f 1424/1029/596 1440/1046/597 1442/1047/1080 1426/1030/1081
f 1426/1030/1081 1442/1047/1080 1443/1048/1251 1427/1031/1252
f 1427/1031/1252 1443/1048/1251 1444/1049/1253 1428/1032/1254
f 1428/1032/1254 1444/1049/1253 1445/1050/1255 1429/1033/1256
f 1429/1033/1256 1445/1050/1255 1446/1051/1257 1430/1034/1258
f 1430/1034/1258 1446/1051/1257 1447/1052/1090 1431/1035/1259
f 1431/1035/1259 1447/1052/1090 1448/1053/925 1432/1036/926
f 1432/1036/926 1448/1053/925 1449/1054/1094 1433/1037/1260
f 1433/1037/1260 1449/1054/1094 1450/1055/615 1434/1038/615
f 1434/1038/615 1450/1055/615 1451/1056/1110 1435/1039/1097
f 1435/1039/1097 1451/1056/1110 1452/1057/1261 1436/1040/1262
f 1436/1040/1262 1452/1057/1261 1453/1058/1263 1437/1041/906
f 1437/1041/906 1453/1058/1263 1454/1059/907 1438/1042/908
f 1438/1043/908 1454/1060/907 1455/1061/1264 1439/1044/625
f 1439/1044/625 1455/1061/1264 1441/1045/1250 1425/1028/1249
f 1457/1062/594 1459/1063/1265 1458/1064/1104 1456/1065/596
f 1456/1065/596 1458/1064/1104 1461/1066/1266 1460/1067/1267
f 1460/1067/1267 1461/1066/1266 1463/1068/1268 1462/1069/1269
f 1462/1069/1269 1463/1068/1268 1465/1070/1085 1464/1071/1270
f 1464/1071/1270 1465/1070/1085 1467/1072/1271 1466/1073/1271
f 1466/1073/1271 1467/1072/1271 1469/1074/1272 1468/1075/1273
f 1468/1075/1273 1469/1074/1272 1471/1076/1274 1470/1077/1275
f 1470/1077/1275 1471/1076/1274 1473/1078/1276 1472/1079/1277
f 1472/1079/1277 1473/1078/1276 1475/1080/1260 1474/1081/613
f 1474/1081/613 1475/1080/1260 1477/1082/1108 1476/1083/1108
f 1476/1083/1108 1477/1082/1108 1479/1084/1278 1478/1085/1279
f 1478/1085/1279 1479/1084/1278 1481/1086/1280 1480/1087/1281
f 1480/1087/1281 1481/1086/1280 1483/1088/1282 1482/1089/1283
f 1482/1089/1283 1483/1088/1282 1485/1090/935 1484/1091/935
f 1484/1092/935 1485/1093/935 1487/1094/1284 1486/1095/937
f 1486/1095/937 1487/1094/1284 1459/1063/1265 1457/1062/594
f 1441/1045/1285 1457/1062/1285 1456/1065/652 1440/1046/652
f 1440/1046/652 1456/1065/652 1460/1067/1286 1442/1047/1286
f 1442/1047/1286 1460/1067/1286 1462/1069/1287 1443/1048/1287
f 1443/1048/1287 1462/1069/1287 1464/1071/1288 1444/1049/1288
f 1444/1049/1288 1464/1071/1288 1466/1073/1289 1445/1050/1289
f 1445/1050/1289 1466/1073/1289 1468/1075/1290 1446/1051/1290
f 1446/1051/1290 1468/1075/1290 1470/1077/1291 1447/1052/1291
f 1447/1052/1291 1470/1077/1291 1472/1079/1292 1448/1053/1292
f 1448/1053/1292 1472/1079/1292 1474/1081/652 1449/1054/652
f 1449/1054/652 1474/1081/652 1476/1083/1286 1450/1055/1286
f 1450/1055/1286 1476/1083/1286 1478/1085/662 1451/1056/662
f 1451/1056/662 1478/1085/662 1480/1087/1293 1452/1057/1293
f 1452/1057/1293 1480/1087/1293 1482/1089/1294 1453/1058/1294
f 1453/1058/1294 1482/1089/1294 1484/1091/1290 1454/1059/1290
f 1454/1060/1290 1484/1092/1290 1486/1095/1291 1455/1061/1291
f 1455/1061/1291 1486/1095/1291 1457/1062/1285 1441/1045/1285
f 1391/968/1198 1493/1096/1295 1492/1097/1295 1385/969/1199
f 1492/1097/1295 1493/1096/1295 1494/1098/1296 1491/1099/1297
f 1491/1099/1297 1494/1098/1296 1495/1100/1298 1490/1101/1299
f 1399/1009/1225 1509/974/1204 1496/977/1206 1398/1010/1226
f 1398/1010/1226 1496/977/1206 1497/979/1208 1397/1012/1228
f 1397/1012/1228 1497/979/1208 1498/981/1210 1396/994/1222
f 1396/994/1222 1498/981/1210 1499/991/1219 1404/983/1212
f 1404/983/1212 1499/991/1219 1500/1017/563 1405/984/538
f 1405/984/538 1500/1017/563 1501/1014/1230 1406/986/1214
f 1406/986/1214 1501/1014/1230 1502/996/845 1407/988/1216
f 1381/1102/671 1382/1103/671 1383/1104/671 1384/1105/671 1385/1106/671 1492/1107/671 1491/1108/671 1490/1109/671 1488/1024/1237 1507/1027/1239 1508/993/1221 1509/974/1204 1399/1009/1225 1394/1008/1061 1380/1110/671
f 1495/1100/1298 1505/973/1203 1506/972/1202 1490/1101/1299
f 1489/1021/1300 1505/973/1203 1495/1100/1298
f 1488/1023/1237 1490/1101/1299 1506/972/1202
f 1520/1111/1301 1516/1112/1302 1514/1113/1303 1519/1114/1304
f 1510/1115/1305 1518/1116/1305 1519/1117/1305 1514/1118/1305 1515/1119/1305 1511/1120/1305
f 1511/1121/1306 1515/1122/1307 1517/1123/1308 1512/1124/1306
f 1513/1125/1128 1521/1126/1309 1518/1127/1310 1510/1128/1128
f 1514/1113/1303 1516/1112/1302 1517/1123/1308 1515/1122/1307
f 1518/1127/1310 1521/1126/1309 1520/1111/1301 1519/1114/1304
f 1532/1129/1311 1529/1130/1312 1528/1131/1313 1533/1132/1314
f 1524/1133/1315 1525/1134/1316 1539/1135/1317 1538/1136/1318
f 1522/1137/1319 1526/1138/693 1527/1139/693 1523/1140/1320
f 1533/1141/695 1528/1142/696 1524/1143/697 1530/1144/698
f 1524/1133/1315 1528/1131/1313 1529/1130/1312 1525/1134/1316
f 1525/1145/699 1529/1146/700 1532/1147/701 1531/1148/702
f 1540/1149/1321 1538/1136/1318 1539/1135/1317 1541/1150/1322
f 1532/1147/701 1536/1151/705 1535/1152/706 1531/1148/702
f 1536/1153/1323 1532/1129/1311 1533/1132/1314 1537/1154/1324
f 1537/1155/1325 1533/1141/695 1530/1144/698 1534/1156/1326
f 1536/1151/705 1526/1157/711 1522/1158/712 1535/1152/706
f 1526/1159/1327 1536/1153/1323 1537/1154/1324 1527/1160/1327
f 1523/1161/1328 1527/1162/715 1537/1155/1325 1534/1156/1326
f 1531/1148/702 1539/1163/1329 1525/1145/699
f 1524/1143/697 1538/1164/717 1530/1144/698
f 1535/1152/706 1541/1165/718 1539/1163/1329 1531/1148/702
f 1530/1144/698 1538/1164/717 1540/1166/1330 1534/1156/1326
f 1522/1158/712 1541/1165/718 1535/1152/706
f 1534/1156/1326 1540/1166/1330 1523/1161/1328
f 1540/1149/1321 1541/1150/1322 1522/1137/1319 1523/1140/1320
f 1548/1167/1134 1551/1168/721 1550/1169/722 1549/1170/723
f 1549/1170/723 1550/1169/722 1553/1171/1331 1552/1172/725
f 1552/1173/725 1553/1174/1331 1555/1175/1136 1554/1176/727
f 1554/1176/727 1555/1175/1136 1557/1177/728 1556/1178/729
f 1556/1178/729 1557/1177/728 1559/1179/1139 1558/1180/731
f 1558/1180/731 1559/1179/1139 1551/1168/721 1548/1167/1134
f 1560/1181/732 1566/1182/733 1571/1183/1142 1561/1184/1332
f 1565/1185/1144 1567/1186/737 1566/1182/733 1560/1181/732
f 1564/1187/1333 1568/1188/1000 1567/1189/737 1565/1190/1144
f 1563/1191/1334 1569/1192/741 1568/1188/1000 1564/1187/1333
f 1562/1193/1335 1570/1194/743 1569/1192/741 1563/1191/1334
f 1561/1184/1332 1571/1183/1142 1570/1194/743 1562/1193/1335
f 1543/893/1155 1560/1181/1336 1561/1184/1337 1542/890/1153
f 1542/890/1153 1561/1184/1337 1562/1193/1338 1547/903/459
f 1547/903/459 1562/1193/1338 1563/1191/1151 1546/901/1014
f 1546/901/1014 1563/1191/1151 1564/1187/1339 1545/899/1159
f 1545/899/1159 1564/1187/1339 1565/1190/1340 1544/896/1157
f 1544/895/1157 1565/1185/1340 1560/1181/1336 1543/893/1155
f 1567/1186/737 1553/1171/750 1550/1169/488 1566/1182/733
f 1568/1188/1000 1555/1175/750 1553/1174/750 1567/1189/737
f 1569/1192/741 1557/1177/751 1555/1175/750 1568/1188/1000
f 1570/1194/743 1559/1179/751 1557/1177/751 1569/1192/741
f 1571/1183/1142 1551/1168/488 1559/1179/751 1570/1194/743
f 1566/1182/733 1550/1169/488 1551/1168/488 1571/1183/1142
f 1778/890/1341 1572/891/1342 1573/892/1154 1779/893/1343
f 1779/893/1343 1573/892/1154 1574/894/1156 1780/895/1344
f 1780/896/1344 1574/897/1156 1575/898/1158 1781/899/1345
f 1781/899/1345 1575/898/1158 1576/900/1346 1782/901/1347
f 1782/901/1347 1576/900/1346 1577/902/761 1783/903/459
f 1783/903/459 1577/902/761 1572/891/1342 1778/890/1341
f 1597/904/1348 1598/905/1349 1601/906/1350 1600/907/1351
f 1600/908/1351 1601/909/1350 1603/910/1352 1602/911/1353
f 1604/912/1163 1605/913/1354 1607/914/467 1606/915/467
f 1606/915/467 1607/914/467 1599/916/1355 1596/917/1356
f 1578/918/1357 1584/919/1358 1585/920/1359 1579/921/1360
f 1579/921/1360 1585/920/1359 1586/922/1170 1580/923/986
f 1580/924/986 1586/925/1170 1587/926/1361 1581/927/1173
f 1581/927/1173 1587/926/1361 1588/928/1362 1582/929/1175
f 1582/929/1175 1588/928/1362 1589/930/1363 1583/931/1364
f 1583/931/1364 1589/930/1363 1584/919/1358 1578/918/1357
f 1584/919/1358 1590/932/784 1591/933/1179 1585/920/1359
f 1585/920/1359 1591/933/1179 1592/934/786 1586/922/1170
f 1586/925/1170 1592/935/786 1593/936/1365 1587/926/1361
f 1587/926/1361 1593/936/1365 1594/937/1366 1588/928/1362
f 1588/928/1362 1594/937/1366 1595/938/1367 1589/930/1363
f 1589/930/1363 1595/938/1367 1590/932/784 1584/919/1358
f 1591/939/1179 1590/939/784 1595/939/1367 1594/939/1366 1593/939/1365 1592/939/786
f 1573/892/751 1572/891/488 1596/917/488 1597/904/751
f 1579/921/1368 1598/905/1369 1599/916/1370 1578/918/1371
f 1574/894/1372 1573/892/751 1597/904/751 1600/907/1372
f 1580/923/796 1601/906/795 1598/905/1369 1579/921/1368
f 1575/898/790 1574/897/1372 1600/908/1372 1602/911/790
f 1581/927/1373 1603/910/1187 1601/909/795 1580/924/796
f 1576/900/790 1575/898/790 1602/911/790 1604/912/790
f 1582/929/1374 1605/913/1375 1603/910/1187 1581/927/1373
f 1577/902/751 1576/900/790 1604/912/790 1606/915/751
f 1583/931/1190 1607/914/1191 1605/913/1375 1582/929/1374
f 1572/891/488 1577/902/751 1606/915/751 1596/917/488
f 1578/918/1371 1599/916/1370 1607/914/1191 1583/931/1190
f 1596/917/1356 1608/940/1376 1609/941/1377 1597/904/1348
f 1597/904/1348 1609/941/1377 1610/942/1378 1598/905/1349
f 1598/905/1349 1610/942/1378 1611/943/1037 1599/916/1355
f 1599/916/1355 1611/943/1037 1608/940/1376 1596/917/1356
f 1602/911/1353 1612/944/1379 1613/945/808 1604/912/1163
f 1604/912/1163 1613/945/808 1614/946/1380 1605/913/1354
f 1605/913/1354 1614/946/1380 1615/947/1381 1603/910/1352
f 1603/910/1352 1615/947/1381 1612/944/1379 1602/911/1353
f 1609/948/1382 1615/949/1382 1614/950/1382 1610/951/1382
f 1610/951/1383 1614/950/1383 1613/952/1383 1611/953/1383
f 1611/953/1384 1613/952/1384 1612/954/1384 1608/955/1384
f 1608/955/512 1612/954/512 1615/956/512 1609/957/512
f 1616/958/1194 1622/959/1385 1623/960/1386 1617/961/1387
f 1617/961/1387 1623/960/1386 1624/962/517 1618/963/516
f 1618/963/516 1624/962/517 1625/964/820 1619/965/821
f 1619/965/821 1625/964/820 1626/966/822 1620/967/823
f 1620/967/823 1626/966/822 1627/968/523 1621/969/522
f 1655/970/1388 1657/971/1201 1742/972/1389 1741/973/1203
f 1745/974/1204 1647/975/1048 1644/976/1390 1732/977/1206
f 1732/977/1206 1644/976/1390 1645/978/1391 1733/979/1392
f 1733/979/1392 1645/978/1391 1646/980/831 1734/981/1210
f 1638/982/1211 1640/983/1393 1641/984/1394 1637/985/1213
f 1637/985/1213 1641/984/1394 1642/986/1395 1636/987/1396
f 1636/987/1396 1642/986/1395 1643/988/1054 1639/989/1397
f 1734/981/1210 1646/980/831 1651/990/1055 1735/991/1398
f 1656/992/1220 1647/975/1048 1745/974/1204 1744/993/1221
f 1632/994/548 1640/983/1393 1638/982/1211 1631/995/1399
f 1738/996/845 1650/997/1400 1652/998/552 1739/999/1223
f 1636/1000/1224 1639/1001/1224 1622/959/1385 1616/958/1194 1630/1002/1224 1629/1003/1224 1628/1004/1224 1631/1005/1224 1638/1006/1224 1637/1007/1224
f 1630/1008/1401 1635/1009/1225 1634/1010/1226 1629/1011/852
f 1629/1011/852 1634/1010/1226 1633/1012/1402 1628/1013/1403
f 1628/1013/1403 1633/1012/1402 1632/994/548 1631/995/1399
f 1737/1014/1404 1649/1015/1405 1650/997/1400 1738/996/845
f 1735/991/1398 1651/990/1055 1648/1016/1406 1736/1017/1407
f 1736/1017/1407 1648/1016/1406 1649/1015/1405 1737/1014/1404
f 1739/999/1223 1652/998/552 1653/1018/1232 1740/1019/1233
f 1740/1019/1233 1653/1018/1232 1654/1020/1234 1725/1021/1234
f 1725/1021/567 1654/1020/860 1655/970/1388 1741/973/1203
f 1742/972/1389 1657/971/1201 1658/1022/1408 1724/1023/1237
f 1724/1024/1237 1658/1025/1408 1659/1026/1238 1743/1027/1239
f 1743/1027/1239 1659/1026/1238 1656/992/1220 1744/993/1221
f 1656/992/1409 1661/1028/1409 1660/1029/582 1647/975/582
f 1647/975/582 1660/1029/582 1662/1030/1410 1644/976/1410
f 1644/976/1410 1662/1030/1410 1663/1031/1411 1645/978/1411
f 1645/978/1411 1663/1031/1411 1664/1032/1412 1646/980/1412
f 1646/980/1412 1664/1032/1412 1665/1033/1413 1651/990/1413
f 1651/990/1413 1665/1033/1413 1666/1034/1414 1648/1016/1414
f 1648/1016/1414 1666/1034/1414 1667/1035/872 1649/1015/872
f 1649/1015/872 1667/1035/872 1668/1036/1069 1650/997/1069
f 1650/997/1069 1668/1036/1069 1669/1037/582 1652/998/582
f 1652/998/582 1669/1037/582 1670/1038/1072 1653/1018/584
f 1653/1018/584 1670/1038/1072 1671/1039/1415 1654/1020/1416
f 1654/1020/1416 1671/1039/1415 1672/1040/1417 1655/970/1417
f 1655/970/1417 1672/1040/1417 1673/1041/1418 1657/971/1419
f 1657/971/1419 1673/1041/1418 1674/1042/1245 1658/1022/1420
f 1658/1025/1420 1674/1043/1245 1675/1044/1247 1659/1026/1248
f 1659/1026/1248 1675/1044/1247 1661/1028/1409 1656/992/1409
f 1661/1028/1421 1677/1045/1265 1676/1046/597 1660/1029/597
f 1660/1029/597 1676/1046/597 1678/1047/1080 1662/1030/1080
f 1662/1030/1080 1678/1047/1080 1679/1048/1422 1663/1031/1423
f 1663/1031/1423 1679/1048/1422 1680/1049/1424 1664/1032/1424
f 1664/1032/1424 1680/1049/1424 1681/1050/1425 1665/1033/1426
f 1665/1033/1426 1681/1050/1425 1682/1051/1427 1666/1034/1428
f 1666/1034/1428 1682/1051/1427 1683/1052/1090 1667/1035/1091
f 1667/1035/1091 1683/1052/1090 1684/1053/1092 1668/1036/1093
f 1668/1036/1093 1684/1053/1092 1685/1054/1094 1669/1037/1094
f 1669/1037/1094 1685/1054/1094 1686/1055/1429 1670/1038/899
f 1670/1038/899 1686/1055/1429 1687/1056/1430 1671/1039/1431
f 1671/1039/1431 1687/1056/1430 1688/1057/1432 1672/1040/1433
f 1672/1040/1433 1688/1057/1432 1689/1058/1434 1673/1041/1435
f 1673/1041/1435 1689/1058/1434 1690/1059/1436 1674/1042/1437
f 1674/1043/1437 1690/1060/1436 1691/1061/937 1675/1044/938
f 1675/1044/938 1691/1061/937 1677/1045/1265 1661/1028/1421
f 1693/1062/1438 1695/1063/1265 1694/1064/1439 1692/1065/597
f 1692/1065/597 1694/1064/1439 1697/1066/1440 1696/1067/1440
f 1696/1067/1440 1697/1066/1440 1699/1068/631 1698/1069/631
f 1698/1069/631 1699/1068/631 1701/1070/1085 1700/1071/1270
f 1700/1071/1270 1701/1070/1085 1703/1072/1441 1702/1073/1442
f 1702/1073/1442 1703/1072/1441 1705/1074/1443 1704/1075/921
f 1704/1075/921 1705/1074/1443 1707/1076/924 1706/1077/1444
f 1706/1077/1444 1707/1076/924 1709/1078/1276 1708/1079/1276
f 1708/1079/1276 1709/1078/1276 1711/1080/1260 1710/1081/613
f 1710/1081/613 1711/1080/1260 1713/1082/1445 1712/1083/1108
f 1712/1083/1108 1713/1082/1445 1715/1084/1446 1714/1085/1447
f 1714/1085/1447 1715/1084/1446 1717/1086/1280 1716/1087/1448
f 1716/1087/1448 1717/1086/1280 1719/1088/1282 1718/1089/1283
f 1718/1089/1283 1719/1088/1282 1721/1090/1449 1720/1091/1449
f 1720/1092/1449 1721/1093/1449 1723/1094/1450 1722/1095/1451
f 1722/1095/1451 1723/1094/1450 1695/1063/1265 1693/1062/1438
f 1677/1045/1285 1693/1062/1285 1692/1065/652 1676/1046/652
f 1676/1046/652 1692/1065/652 1696/1067/1119 1678/1047/1119
f 1678/1047/1119 1696/1067/1119 1698/1069/662 1679/1048/662
f 1679/1048/662 1698/1069/662 1700/1071/1293 1680/1049/1293
f 1680/1049/1293 1700/1071/1293 1702/1073/1294 1681/1050/1294
f 1681/1050/1294 1702/1073/1294 1704/1075/1290 1682/1051/1290
f 1682/1051/1290 1704/1075/1290 1706/1077/1291 1683/1052/1291
f 1683/1052/1291 1706/1077/1291 1708/1079/1285 1684/1053/1285
f 1684/1053/1285 1708/1079/1285 1710/1081/652 1685/1054/652
f 1685/1054/652 1710/1081/652 1712/1083/1119 1686/1055/1119
f 1686/1055/1119 1712/1083/1119 1714/1085/1287 1687/1056/1287
f 1687/1056/1287 1714/1085/1287 1716/1087/1288 1688/1057/1288
f 1688/1057/1288 1716/1087/1288 1718/1089/1289 1689/1058/1289
f 1689/1058/1289 1718/1089/1289 1720/1091/1290 1690/1059/1290
f 1690/1060/1290 1720/1092/1290 1722/1095/1452 1691/1061/1452
f 1691/1061/1452 1722/1095/1452 1693/1062/1285 1677/1045/1285
f 1627/968/523 1729/1096/1453 1728/1097/1453 1621/969/522
f 1728/1097/1453 1729/1096/1453 1730/1098/1454 1727/1099/1455
f 1727/1099/1455 1730/1098/1454 1731/1100/1456 1726/1101/1457
f 1635/1009/1225 1745/974/1204 1732/977/1206 1634/1010/1226
f 1634/1010/1226 1732/977/1206 1733/979/1392 1633/1012/1402
f 1633/1012/1402 1733/979/1392 1734/981/1210 1632/994/548
f 1632/994/548 1734/981/1210 1735/991/1398 1640/983/1393
f 1640/983/1393 1735/991/1398 1736/1017/1407 1641/984/1394
f 1641/984/1394 1736/1017/1407 1737/1014/1404 1642/986/1395
f 1642/986/1395 1737/1014/1404 1738/996/845 1643/988/1054
f 1617/1102/671 1618/1103/671 1619/1104/671 1620/1105/671 1621/1106/671 1728/1107/671 1727/1108/671 1726/1109/671 1724/1024/1237 1743/1027/1239 1744/993/1221 1745/974/1204 1635/1009/1225 1630/1008/1401 1616/1110/671
f 1731/1100/1456 1741/973/1203 1742/972/1389 1726/1101/1457
f 1725/1021/1300 1741/973/1203 1731/1100/1456
f 1724/1023/1237 1726/1101/1457 1742/972/1389
f 1756/1111/1458 1752/1112/1459 1750/1113/1460 1755/1114/1461
f 1746/1115/961 1754/1116/961 1755/1117/961 1750/1118/961 1751/1119/961 1747/1120/961
f 1747/1121/1126 1751/1122/1462 1753/1123/1463 1748/1124/1126
f 1749/1125/1464 1757/1126/1465 1754/1127/1466 1746/1128/1464
f 1750/1113/1460 1752/1112/1459 1753/1123/1463 1751/1122/1462
f 1754/1127/1466 1757/1126/1465 1756/1111/1458 1755/1114/1461
f 1768/1129/1311 1765/1130/1312 1764/1131/1313 1769/1132/1314
f 1760/1133/1315 1761/1134/1467 1775/1135/1317 1774/1136/1318
f 1758/1137/1468 1762/1138/1131 1763/1139/1131 1759/1140/1469
f 1769/1141/695 1764/1142/696 1760/1143/697 1766/1144/698
f 1760/1133/1315 1764/1131/1313 1765/1130/1312 1761/1134/1467
f 1761/1145/699 1765/1146/700 1768/1147/701 1767/1148/702
f 1776/1149/1321 1774/1136/1318 1775/1135/1317 1777/1150/1322
f 1768/1147/701 1772/1151/705 1771/1152/706 1767/1148/702
f 1772/1153/1323 1768/1129/1311 1769/1132/1314 1773/1154/1324
f 1773/1155/1325 1769/1141/695 1766/1144/698 1770/1156/710
f 1772/1151/705 1762/1157/711 1758/1158/712 1771/1152/706
f 1762/1159/1327 1772/1153/1323 1773/1154/1324 1763/1160/1327
f 1759/1161/1328 1763/1162/715 1773/1155/1325 1770/1156/710
f 1767/1148/702 1775/1163/1329 1761/1145/699
f 1760/1143/697 1774/1164/717 1766/1144/698
f 1771/1152/706 1777/1165/718 1775/1163/1329 1767/1148/702
f 1766/1144/698 1774/1164/717 1776/1166/1330 1770/1156/710
f 1758/1158/712 1777/1165/718 1771/1152/706
f 1770/1156/710 1776/1166/1330 1759/1161/1328
f 1776/1149/1321 1777/1150/1322 1758/1137/1468 1759/1140/1469
f 1784/1167/1470 1787/1168/1471 1786/1169/1472 1785/1170/1473
f 1785/1170/1473 1786/1169/1472 1789/1171/1474 1788/1172/1115
f 1788/1173/1115 1789/1174/1474 1791/1175/1475 1790/1176/1476
f 1790/1176/1476 1791/1175/1475 1793/1177/1477 1792/1178/1478
f 1792/1178/1478 1793/1177/1477 1795/1179/1479 1794/1180/1480
f 1794/1180/1480 1795/1179/1479 1787/1168/1471 1784/1167/1470
f 1796/1181/1481 1802/1182/1482 1807/1183/1483 1797/1184/1484
f 1801/1185/1485 1803/1186/1486 1802/1182/1482 1796/1181/1481
f 1800/1187/1487 1804/1188/1488 1803/1189/1486 1801/1190/1485
f 1799/1191/1489 1805/1192/1490 1804/1188/1488 1800/1187/1487
f 1798/1193/1491 1806/1194/1492 1805/1192/1490 1799/1191/1489
f 1797/1184/1484 1807/1183/1483 1806/1194/1492 1798/1193/1491
f 1779/893/1343 1796/1181/1336 1797/1184/1337 1778/890/1341
f 1778/890/1341 1797/1184/1337 1798/1193/1338 1783/903/459
f 1783/903/459 1798/1193/1338 1799/1191/1493 1782/901/1347
f 1782/901/1347 1799/1191/1493 1800/1187/1494 1781/899/1345
f 1781/899/1345 1800/1187/1494 1801/1190/1495 1780/896/1344
f 1780/895/1344 1801/1185/1495 1796/1181/1336 1779/893/1343
f 1803/1186/1486 1789/1171/751 1786/1169/751 1802/1182/1482
f 1804/1188/1488 1791/1175/488 1789/1174/751 1803/1189/1486
f 1805/1192/1490 1793/1177/488 1791/1175/488 1804/1188/1488
f 1806/1194/1492 1795/1179/750 1793/1177/488 1805/1192/1490
f 1807/1183/1483 1787/1168/750 1795/1179/750 1806/1194/1492
f 1802/1182/1482 1786/1169/751 1787/1168/750 1807/1183/1483
f 2014/890/752 1808/891/753 1809/892/754 2015/893/755
f 2015/893/755 1809/892/754 1810/894/462 2016/895/1496
f 2016/896/1496 1810/897/462 1811/898/757 2017/899/758
f 2017/899/758 1811/898/757 1812/900/1497 2018/901/760
f 2018/901/760 1812/900/1497 1813/902/761 2019/903/1498
f 2019/903/1498 1813/902/761 1808/891/753 2014/890/752
f 1833/904/1499 1834/905/1500 1837/906/462 1836/907/462
f 1836/908/462 1837/909/462 1839/910/1501 1838/911/766
f 1840/912/1502 1841/913/1503 1843/914/1504 1842/915/1504
f 1842/915/1504 1843/914/1504 1835/916/1505 1832/917/771
f 1814/918/1506 1820/919/1507 1821/920/1508 1815/921/1509
f 1815/921/1509 1821/920/1508 1822/922/1510 1816/923/777
f 1816/924/777 1822/925/1510 1823/926/1511 1817/927/1512
f 1817/927/1512 1823/926/1511 1824/928/780 1818/929/781
f 1818/929/781 1824/928/780 1825/930/782 1819/931/1513
f 1819/931/1513 1825/930/782 1820/919/1507 1814/918/1506
f 1820/919/1507 1826/932/784 1827/933/785 1821/920/1508
f 1821/920/1508 1827/933/785 1828/934/786 1822/922/1510
f 1822/925/1510 1828/935/786 1829/936/1514 1823/926/1511
f 1823/926/1511 1829/936/1514 1830/937/788 1824/928/780
f 1824/928/780 1830/937/788 1831/938/789 1825/930/782
f 1825/930/782 1831/938/789 1826/932/784 1820/919/1507
f 1827/939/785 1826/939/784 1831/939/789 1830/939/788 1829/939/1514 1828/939/786
f 1809/892/790 1808/891/790 1832/917/790 1833/904/790
f 1815/921/1515 1834/905/1516 1835/916/1517 1814/918/1518
f 1810/894/488 1809/892/790 1833/904/790 1836/907/488
f 1816/923/795 1837/906/796 1834/905/1516 1815/921/1515
f 1811/898/488 1810/897/488 1836/908/488 1838/911/488
f 1817/927/1187 1839/910/1519 1837/909/796 1816/924/795
f 1812/900/488 1811/898/488 1838/911/488 1840/912/488
f 1818/929/499 1841/913/801 1839/910/1519 1817/927/1187
f 1813/902/751 1812/900/488 1840/912/488 1842/915/751
f 1819/931/802 1843/914/1520 1841/913/801 1818/929/499
f 1808/891/790 1813/902/751 1842/915/751 1832/917/790
f 1814/918/1518 1835/916/1517 1843/914/1520 1819/931/802
f 1832/917/771 1844/940/804 1845/941/1521 1833/904/1499
f 1833/904/1499 1845/941/1521 1846/942/804 1834/905/1500
f 1834/905/1500 1846/942/804 1847/943/1521 1835/916/1505
f 1835/916/1505 1847/943/1521 1844/940/804 1832/917/771
f 1838/911/766 1848/944/1192 1849/945/1522 1840/912/1502
f 1840/912/1502 1849/945/1522 1850/946/1523 1841/913/1503
f 1841/913/1503 1850/946/1523 1851/947/807 1839/910/1501
f 1839/910/1501 1851/947/807 1848/944/1192 1838/911/766
f 1845/948/811 1851/949/811 1850/950/811 1846/951/811
f 1846/951/510 1850/950/510 1849/952/510 1847/953/510
f 1847/953/1524 1849/952/1524 1848/954/1524 1844/955/1524
f 1844/955/813 1848/954/813 1851/956/813 1845/957/813
f 1852/958/814 1858/959/815 1859/960/816 1853/961/817
f 1853/961/817 1859/960/816 1860/962/818 1854/963/819
f 1854/963/819 1860/962/818 1861/964/820 1855/965/821
f 1855/965/821 1861/964/820 1862/966/822 1856/967/823
f 1856/967/823 1862/966/822 1863/968/824 1857/969/824
f 1891/970/1525 1893/971/825 1978/972/1526 1977/973/1527
f 1981/974/528 1883/975/828 1880/976/1528 1968/977/531
f 1968/977/531 1880/976/1528 1881/978/829 1969/979/830
f 1969/979/830 1881/978/829 1882/980/831 1970/981/1529
f 1874/982/1530 1876/983/1531 1877/984/834 1873/985/835
f 1873/985/835 1877/984/834 1878/986/836 1872/987/837
f 1872/987/837 1878/986/836 1879/988/838 1875/989/1532
f 1970/981/1529 1882/980/831 1887/990/840 1971/991/1533
f 1892/992/1534 1883/975/828 1981/974/528 1980/993/843
f 1868/994/548 1876/983/1531 1874/982/1530 1867/995/844
f 1974/996/550 1886/997/551 1888/998/847 1975/999/848
f 1872/1000/849 1875/1001/849 1858/959/815 1852/958/814 1866/1002/849 1865/1003/849 1864/1004/849 1867/1005/849 1874/1006/849 1873/1007/849
f 1866/1008/850 1871/1009/555 1870/1010/851 1865/1011/1227
f 1865/1011/1227 1870/1010/851 1869/1012/1535 1864/1013/1536
f 1864/1013/1536 1869/1012/1535 1868/994/548 1867/995/844
f 1973/1014/854 1885/1015/1063 1886/997/551 1974/996/550
f 1971/991/1533 1887/990/840 1884/1016/1537 1972/1017/563
f 1972/1017/563 1884/1016/1537 1885/1015/1063 1973/1014/854
f 1975/999/848 1888/998/847 1889/1018/857 1976/1019/858
f 1976/1019/858 1889/1018/857 1890/1020/859 1961/1021/859
f 1961/1021/567 1890/1020/860 1891/970/1525 1977/973/1527
f 1978/972/1526 1893/971/825 1894/1022/1538 1960/1023/1066
f 1960/1024/1066 1894/1025/1538 1895/1026/863 1979/1027/1539
f 1979/1027/1539 1895/1026/863 1892/992/1534 1980/993/843
f 1892/992/573 1897/1028/573 1896/1029/1540 1883/975/1540
f 1883/975/1540 1896/1029/1540 1898/1030/1541 1880/976/1541
f 1880/976/1541 1898/1030/1541 1899/1031/868 1881/978/868
f 1881/978/868 1899/1031/868 1900/1032/1412 1882/980/1412
f 1882/980/1412 1900/1032/1412 1901/1033/870 1887/990/870
f 1887/990/870 1901/1033/870 1902/1034/871 1884/1016/871
f 1884/1016/871 1902/1034/871 1903/1035/872 1885/1015/872
f 1885/1015/872 1903/1035/872 1904/1036/573 1886/997/573
f 1886/997/573 1904/1036/573 1905/1037/873 1888/998/873
f 1888/998/873 1905/1037/873 1906/1038/874 1889/1018/875
f 1889/1018/875 1906/1038/874 1907/1039/1542 1890/1020/877
f 1890/1020/877 1907/1039/1542 1908/1040/1543 1891/970/1543
f 1891/970/1543 1908/1040/1543 1909/1041/878 1893/971/1544
f 1893/971/1544 1909/1041/878 1910/1042/880 1894/1022/881
f 1894/1025/881 1910/1043/880 1911/1044/592 1895/1026/1545
f 1895/1026/1545 1911/1044/592 1897/1028/573 1892/992/573
f 1897/1028/1546 1913/1045/1547 1912/1046/1548 1896/1029/1548
f 1896/1029/1548 1912/1046/1548 1914/1047/1440 1898/1030/1440
f 1898/1030/1440 1914/1047/1440 1915/1048/1549 1899/1031/1550
f 1899/1031/1550 1915/1048/1549 1916/1049/1551 1900/1032/1552
f 1900/1032/1552 1916/1049/1551 1917/1050/1553 1901/1033/1554
f 1901/1033/1554 1917/1050/1553 1918/1051/1089 1902/1034/1555
f 1902/1034/1555 1918/1051/1089 1919/1052/1556 1903/1035/1557
f 1903/1035/1557 1919/1052/1556 1920/1053/1558 1904/1036/1559
f 1904/1036/1559 1920/1053/1558 1921/1054/897 1905/1037/898
f 1905/1037/898 1921/1054/897 1922/1055/1560 1906/1038/900
f 1906/1038/900 1922/1055/1560 1923/1056/1430 1907/1039/1561
f 1907/1039/1561 1923/1056/1430 1924/1057/1562 1908/1040/904
f 1908/1040/904 1924/1057/1562 1925/1058/1563 1909/1041/1564
f 1909/1041/1564 1925/1058/1563 1926/1059/907 1910/1042/908
f 1910/1043/908 1926/1060/907 1927/1061/1565 1911/1044/1566
f 1911/1044/1566 1927/1061/1565 1913/1045/1547 1897/1028/1546
f 1929/1062/911 1931/1063/1567 1930/1064/1568 1928/1065/913
f 1928/1065/913 1930/1064/1568 1933/1066/598 1932/1067/914
f 1932/1067/914 1933/1066/598 1935/1068/915 1934/1069/601
f 1934/1069/601 1935/1068/915 1937/1070/918 1936/1071/1569
f 1936/1071/1569 1937/1070/918 1939/1072/919 1938/1073/920
f 1938/1073/920 1939/1072/919 1941/1074/1443 1940/1075/1443
f 1940/1075/1443 1941/1074/1443 1943/1076/1444 1942/1077/924
f 1942/1077/924 1943/1076/1444 1945/1078/1570 1944/1079/926
f 1944/1079/926 1945/1078/1570 1947/1080/640 1946/1081/641
f 1946/1081/641 1947/1080/640 1949/1082/928 1948/1083/929
f 1948/1083/929 1949/1082/928 1951/1084/930 1950/1085/1571
f 1950/1085/1571 1951/1084/930 1953/1086/932 1952/1087/1432
f 1952/1087/1432 1953/1086/932 1955/1088/620 1954/1089/934
f 1954/1089/934 1955/1088/620 1957/1090/1449 1956/1091/1572
f 1956/1092/1572 1957/1093/1449 1959/1094/937 1958/1095/1284
f 1958/1095/1284 1959/1094/937 1931/1063/1567 1929/1062/911
f 1913/1045/659 1929/1062/659 1928/1065/939 1912/1046/939
f 1912/1046/939 1928/1065/939 1932/1067/653 1914/1047/653
f 1914/1047/653 1932/1067/653 1934/1069/654 1915/1048/654
f 1915/1048/654 1934/1069/654 1936/1071/663 1916/1049/663
f 1916/1049/663 1936/1071/663 1938/1073/1573 1917/1050/1573
f 1917/1050/1573 1938/1073/1573 1940/1075/942 1918/1051/942
f 1918/1051/942 1940/1075/942 1942/1077/1574 1919/1052/1574
f 1919/1052/1574 1942/1077/1574 1944/1079/944 1920/1053/944
f 1920/1053/944 1944/1079/944 1946/1081/945 1921/1054/945
f 1921/1054/945 1946/1081/945 1948/1083/1575 1922/1055/1575
f 1922/1055/1575 1948/1083/1575 1950/1085/947 1923/1056/947
f 1923/1056/947 1950/1085/947 1952/1087/948 1924/1057/948
f 1924/1057/948 1952/1087/948 1954/1089/949 1925/1058/949
f 1925/1058/949 1954/1089/949 1956/1091/942 1926/1059/942
f 1926/1060/942 1956/1092/942 1958/1095/943 1927/1061/943
f 1927/1061/943 1958/1095/943 1929/1062/659 1913/1045/659
f 1863/968/824 1965/1096/950 1964/1097/1576 1857/969/824
f 1964/1097/1576 1965/1096/950 1966/1098/1577 1963/1099/953
f 1963/1099/953 1966/1098/1577 1967/1100/1578 1962/1101/955
f 1871/1009/555 1981/974/528 1968/977/531 1870/1010/851
f 1870/1010/851 1968/977/531 1969/979/830 1869/1012/1535
f 1869/1012/1535 1969/979/830 1970/981/1529 1868/994/548
f 1868/994/548 1970/981/1529 1971/991/1533 1876/983/1531
f 1876/983/1531 1971/991/1533 1972/1017/563 1877/984/834
f 1877/984/834 1972/1017/563 1973/1014/854 1878/986/836
f 1878/986/836 1973/1014/854 1974/996/550 1879/988/838
f 1853/1102/671 1854/1103/671 1855/1104/671 1856/1105/671 1857/1106/671 1964/1107/671 1963/1108/671 1962/1109/671 1960/1024/1066 1979/1027/1539 1980/993/843 1981/974/528 1871/1009/555 1866/1008/850 1852/1110/671
f 1967/1100/1578 1977/973/1527 1978/972/1526 1962/1101/955
f 1961/1021/1579 1977/973/1527 1967/1100/1578
f 1960/1023/1066 1962/1101/955 1978/972/1526
f 1992/1111/1580 1988/1112/1581 1986/1113/1582 1991/1114/1583
f 1982/1115/1305 1990/1116/1305 1991/1117/1305 1986/1118/1305 1987/1119/1305 1983/1120/1305
f 1983/1121/962 1987/1122/963 1989/1123/1584 1984/1124/962
f 1985/1125/1128 1993/1126/1585 1990/1127/1586 1982/1128/1128
f 1986/1113/1582 1988/1112/1581 1989/1123/1584 1987/1122/963
f 1990/1127/1586 1993/1126/1585 1992/1111/1580 1991/1114/1583
f 2004/1129/1587 2001/1130/1588 2000/1131/1589 2005/1132/1590
f 1996/1133/1591 1997/1134/1592 2011/1135/972 2010/1136/973
f 1994/1137/974 1998/1138/1131 1999/1139/1131 1995/1140/1593
f 2005/1141/695 2000/1142/696 1996/1143/697 2002/1144/1594
f 1996/1133/1591 2000/1131/1589 2001/1130/1588 1997/1134/1592
f 1997/1145/699 2001/1146/700 2004/1147/701 2003/1148/702
f 2012/1149/977 2010/1136/973 2011/1135/972 2013/1150/978
f 2004/1147/701 2008/1151/705 2007/1152/706 2003/1148/702
f 2008/1153/707 2004/1129/1587 2005/1132/1590 2009/1154/1595
f 2009/1155/709 2005/1141/695 2002/1144/1594 2006/1156/710
f 2008/1151/705 1998/1157/711 1994/1158/712 2007/1152/706
f 1998/1159/713 2008/1153/707 2009/1154/1595 1999/1160/713
f 1995/1161/979 1999/1162/715 2009/1155/709 2006/1156/710
f 2003/1148/702 2011/1163/716 1997/1145/699
f 1996/1143/697 2010/1164/980 2002/1144/1594
f 2007/1152/706 2013/1165/718 2011/1163/716 2003/1148/702
f 2002/1144/1594 2010/1164/980 2012/1166/981 2006/1156/710
f 1994/1158/712 2013/1165/718 2007/1152/706
f 2006/1156/710 2012/1166/981 1995/1161/979
f 2012/1149/977 2013/1150/978 1994/1137/974 1995/1140/1593
f 2020/1167/982 2023/1168/983 2022/1169/984 2021/1170/985
f 2021/1170/985 2022/1169/984 2025/1171/986 2024/1172/1596
f 2024/1173/1596 2025/1174/986 2027/1175/1597 2026/1176/989
f 2026/1176/989 2027/1175/1597 2029/1177/990 2028/1178/1598
f 2028/1178/1598 2029/1177/990 2031/1179/992 2030/1180/1599
f 2030/1180/1599 2031/1179/992 2023/1168/983 2020/1167/982
f 2032/1181/1600 2038/1182/1601 2043/1183/1483 2033/1184/1602
f 2037/1185/1603 2039/1186/1604 2038/1182/1601 2032/1181/1600
f 2036/1187/1605 2040/1188/1606 2039/1189/1604 2037/1190/1603
f 2035/1191/1607 2041/1192/1002 2040/1188/1606 2036/1187/1605
f 2034/1193/1608 2042/1194/1609 2041/1192/1002 2035/1191/1607
f 2033/1184/1602 2043/1183/1483 2042/1194/1609 2034/1193/1608
f 2015/893/755 2032/1181/1610 2033/1184/1006 2014/890/752
f 2014/890/752 2033/1184/1006 2034/1193/1611 2019/903/1498
f 2019/903/1498 2034/1193/1611 2035/1191/1008 2018/901/760
f 2018/901/760 2035/1191/1008 2036/1187/1009 2017/899/758
f 2017/899/758 2036/1187/1009 2037/1190/1612 2016/896/1496
f 2016/895/1496 2037/1185/1612 2032/1181/1610 2015/893/755
f 2039/1186/1604 2025/1171/493 2022/1169/790 2038/1182/1601
f 2040/1188/1606 2027/1175/488 2025/1174/493 2039/1189/1604
f 2041/1192/1002 2029/1177/750 2027/1175/488 2040/1188/1606
f 2042/1194/1609 2031/1179/750 2029/1177/750 2041/1192/1002
f 2043/1183/1483 2023/1168/790 2031/1179/750 2042/1194/1609
f 2038/1182/1601 2022/1169/790 2023/1168/790 2043/1183/1483
f 2065/1195/1613 2062/1196/1613 2055/1197/1614 2058/1198/1614
f 2057/1199/1615 2056/1200/1615 2068/1201/1616 2070/1202/1617
f 2069/1203/1618 2066/1204/1618 2047/1205/1619 2050/1206/1619
f 2049/1207/1620 2048/1208/1620 2061/1209/1621 2063/1210/1621
f 2047/1205/1619 2046/1211/1622 2051/1212/1622 2050/1206/1619
f 2046/1211/1622 2045/1213/1623 2052/1214/1623 2051/1212/1622
f 2045/1213/1623 2044/1215/1624 2053/1216/1624 2052/1214/1623
f 2044/1215/1624 2048/1208/1620 2049/1207/1620 2053/1216/1624
f 2055/1197/1614 2054/1217/1625 2059/1218/1625 2058/1198/1614
f 2054/1217/1625 2056/1200/1615 2057/1199/1615 2059/1218/1625
f 2061/1209/1621 2060/1219/1626 2064/1220/1626 2063/1210/1621
f 2060/1219/1626 2062/1196/1613 2065/1195/1613 2064/1220/1626
f 2068/1201/1616 2067/1221/1627 2071/1222/1627 2070/1202/1617
f 2067/1223/1627 2066/1204/1618 2069/1203/1618 2071/1224/1627
f 2069/1225/292 2050/1226/292 2051/1227/292 2052/1228/292 2053/1229/292 2049/1230/292 2063/1231/292 2064/1232/292 2065/1233/292 2058/1234/292 2059/1235/292 2057/1236/292 2070/1237/292 2071/1238/292
f 2091/1239/1628 2087/1240/1628 2076/1241/151 2077/1242/151
f 2078/1243/149 2079/1244/149 2081/1245/1629 2084/1246/1629
f 2077/1242/151 2076/1241/151 2072/1247/151 2074/1248/151
f 2073/1249/149 2079/1244/149 2078/1243/149 2075/1250/149
f 2077/1251/151 2074/1252/151 2097/1253/1630 2094/1254/1630
f 2075/1255/149 2078/1256/149 2100/1257/1631 2102/1258/1631
f 2081/1245/1629 2080/1259/1632 2085/1260/1632 2084/1246/1629
f 2080/1259/1632 2082/1261/1633 2083/1262/1633 2085/1260/1632
f 2086/1263/1634 2088/1264/1635 2090/1265/1635 2089/1266/1634
f 2088/1264/1635 2087/1240/1628 2091/1239/1628 2090/1265/1635
f 2093/1267/1636 2092/1268/1637 2096/1269/1637 2095/1270/1636
f 2092/1268/1637 2094/1254/1630 2097/1253/1630 2096/1269/1637
f 2100/1257/1631 2099/1271/1638 2103/1272/1638 2102/1258/1631
f 2099/1271/1638 2098/1273/1639 2101/1274/1639 2103/1272/1638
f 2175/1275/150 2174/1276/150 2176/1277/1640 2177/1278/1640
f 2106/1279/190 2107/1280/190 2109/1281/190 2108/1282/190
f 2108/1282/190 2109/1281/190 2111/1283/190 2110/1284/190
f 2110/1285/292 2111/1286/292 2112/1287/292 2113/1288/292
f 2113/1289/150 2112/1290/150 2114/1291/150 2115/1292/150
f 2115/1293/292 2114/1294/292 2117/1295/292 2116/1296/292
f 2178/1297/150 2179/1298/150 2180/1299/1640 2181/1300/1640
f 2120/1301/190 2121/1302/190 2123/1303/190 2122/1304/190
f 2122/1304/190 2123/1303/190 2125/1305/190 2124/1306/190
f 2124/1307/292 2125/1308/292 2126/1309/292 2127/1310/292
f 2127/1311/150 2126/1312/150 2128/1313/150 2129/1314/150
f 2129/1315/292 2128/1316/292 2131/1317/292 2130/1318/292
f 2182/1319/150 2183/1320/150 2184/1321/1640 2185/1322/1640
f 2134/1323/190 2135/1324/190 2137/1325/190 2136/1326/190
f 2136/1326/190 2137/1325/190 2139/1327/190 2138/1328/190
f 2138/1329/292 2139/1330/292 2140/1331/292 2141/1332/292
f 2141/1333/150 2140/1334/150 2142/1335/150 2143/1336/150
f 2143/1337/292 2142/1338/292 2145/1339/292 2144/1340/292
f 2186/1341/150 2187/1342/150 2188/1343/1640 2189/1344/1640
f 2148/1345/190 2149/1346/190 2151/1347/190 2150/1348/190
f 2150/1348/190 2151/1347/190 2153/1349/190 2152/1350/190
f 2152/1351/292 2153/1352/292 2154/1353/292 2155/1354/292
f 2155/1355/150 2154/1356/150 2156/1357/150 2157/1358/150
f 2157/1359/292 2156/1360/292 2159/1361/292 2158/1362/292
f 2190/1363/150 2191/1364/150 2192/1365/1640 2193/1366/1640
f 2162/1367/190 2163/1368/190 2165/1369/190 2164/1370/190
f 2164/1370/190 2165/1369/190 2167/1371/190 2166/1372/190
f 2166/1373/292 2167/1374/292 2168/1375/292 2169/1376/292
f 2169/1377/150 2168/1378/150 2171/1379/150 2170/1380/150
f 2170/1381/292 2171/1382/292 2173/1383/292 2172/1384/292
f 2172/1385/150 2161/1386/150 2086/1263/1634 2089/1266/1634
f 2162/1367/190 2164/1370/190 2074/1387/190 2072/1388/190
f 2166/1373/292 2169/1376/292 2093/1267/1636 2095/1270/1636
f 2073/1389/190 2075/1390/190 2109/1281/190 2107/1280/190
f 2101/1274/1639 2098/1273/1639 2112/1287/292 2111/1286/292
f 2083/1262/1633 2082/1261/1633 2105/1391/150 2117/1392/150
f 2106/1279/190 2108/1282/190 2123/1303/190 2121/1302/190
f 2108/1282/190 2110/1284/190 2125/1305/190 2123/1303/190
f 2110/1285/292 2113/1288/292 2126/1309/292 2125/1308/292
f 2113/1289/150 2115/1292/150 2128/1313/150 2126/1312/150
f 2115/1293/292 2116/1296/292 2131/1317/292 2128/1316/292
f 2116/1393/150 2104/1394/150 2118/1395/150 2131/1396/150
f 2120/1301/190 2122/1304/190 2137/1325/190 2135/1324/190
f 2122/1304/190 2124/1306/190 2139/1327/190 2137/1325/190
f 2124/1307/292 2127/1310/292 2140/1331/292 2139/1330/292
f 2127/1311/150 2129/1314/150 2142/1335/150 2140/1334/150
f 2129/1315/292 2130/1318/292 2145/1339/292 2142/1338/292
f 2130/1397/150 2119/1398/150 2132/1399/150 2145/1400/150
f 2134/1323/190 2136/1326/190 2151/1347/190 2149/1346/190
f 2136/1326/190 2138/1328/190 2153/1349/190 2151/1347/190
f 2138/1329/292 2141/1332/292 2154/1353/292 2153/1352/292
f 2141/1333/150 2143/1336/150 2156/1357/150 2154/1356/150
f 2143/1337/292 2144/1340/292 2159/1361/292 2156/1360/292
f 2144/1401/150 2133/1402/150 2146/1403/150 2159/1404/150
f 2148/1345/190 2150/1348/190 2165/1369/190 2163/1368/190
f 2150/1348/190 2152/1350/190 2167/1371/190 2165/1369/190
f 2152/1351/292 2155/1354/292 2168/1375/292 2167/1374/292
f 2155/1355/150 2157/1358/150 2171/1379/150 2168/1378/150
f 2157/1359/292 2158/1362/292 2173/1383/292 2171/1382/292
f 2158/1405/150 2147/1406/150 2160/1407/150 2173/1408/150
f 2083/1409/292 2117/1295/292 2114/1294/292 2078/1410/292 2084/1411/292 2085/1412/292
f 2077/1413/292 2170/1381/292 2172/1384/292 2089/1414/292 2090/1415/292 2091/1416/292
f 2092/1417/150 2093/1418/150 2169/1377/150 2170/1380/150 2077/1419/150 2094/1420/150
f 2074/1387/190 2164/1370/190 2166/1372/190 2095/1421/190 2096/1422/190 2097/1423/190
f 2078/1424/150 2114/1291/150 2112/1290/150 2098/1425/150 2099/1426/150 2100/1427/150
f 2101/1428/190 2111/1283/190 2109/1281/190 2075/1390/190 2102/1429/190 2103/1430/190
f 2104/1394/151 2116/1393/1641 2176/1277/1641 2174/1276/151
f 2194/1431/292 2195/1432/292 2196/1433/292 2197/1434/292
f 2117/1435/1642 2105/1436/149 2175/1275/149 2177/1278/1642
f 2119/1398/151 2130/1397/1641 2180/1299/1641 2179/1298/151
f 2198/1437/292 2199/1438/292 2200/1439/292 2201/1440/292
f 2131/1396/1643 2118/1395/149 2178/1297/149 2181/1300/1642
f 2133/1402/151 2144/1401/1641 2184/1321/1641 2183/1320/151
f 2202/1441/292 2203/1442/292 2204/1443/292 2205/1444/292
f 2145/1400/1642 2132/1399/149 2182/1319/149 2185/1322/1642
f 2147/1406/151 2158/1405/1641 2188/1343/1641 2187/1342/151
f 2206/1445/292 2207/1446/292 2208/1447/292 2209/1448/292
f 2159/1404/1642 2146/1403/149 2186/1341/149 2189/1344/1642
f 2161/1449/151 2172/1450/1641 2192/1365/1641 2191/1364/151
f 2210/1451/292 2211/1452/292 2212/1453/292 2213/1454/292
f 2173/1408/1642 2160/1407/149 2190/1363/149 2193/1366/1642
f 2116/1455/1644 2117/1435/1644 2195/1432/1644 2194/1431/1644
f 2117/1435/1642 2177/1278/1642 2196/1433/1645 2195/1432/1645
f 2177/1278/1640 2176/1277/1640 2197/1434/1646 2196/1433/1646
f 2176/1277/1641 2116/1393/1641 2194/1431/1647 2197/1434/1647
f 2130/1456/1644 2131/1396/1644 2199/1438/1644 2198/1437/1644
f 2131/1396/1643 2181/1300/1642 2200/1439/1645 2199/1438/1645
f 2181/1300/1640 2180/1299/1640 2201/1440/1646 2200/1439/1646
f 2180/1299/1641 2130/1397/1641 2198/1437/1647 2201/1440/1647
f 2144/1457/1644 2145/1400/1644 2203/1442/1644 2202/1441/1644
f 2145/1400/1642 2185/1322/1642 2204/1443/1645 2203/1442/1645
f 2185/1322/1640 2184/1321/1640 2205/1444/1646 2204/1443/1646
f 2184/1321/1641 2144/1401/1641 2202/1441/1647 2205/1444/1647
f 2158/1458/1644 2159/1404/1644 2207/1446/1644 2206/1445/1644
f 2159/1404/1642 2189/1344/1642 2208/1447/1645 2207/1446/1645
f 2189/1344/1640 2188/1343/1640 2209/1448/1646 2208/1447/1646
f 2188/1343/1641 2158/1405/1641 2206/1445/1647 2209/1448/1647
f 2172/1459/1644 2173/1408/1644 2211/1452/1644 2210/1451/1644
f 2173/1408/1642 2193/1366/1642 2212/1453/1645 2211/1452/1645
f 2193/1366/1640 2192/1365/1640 2213/1454/1646 2212/1453/1646
f 2192/1365/1641 2172/1450/1641 2210/1451/1647 2213/1454/1647
f 2254/1460/1648 2255/1461/1648 2256/1462/1649 2257/1463/1649
f 2258/1464/1650 2259/1465/1650 2255/1461/1648 2254/1460/1648
f 2257/1463/1649 2256/1462/1649 2260/1466/1651 2261/1467/1651
f 2261/1467/1651 2260/1466/1651 2262/1468/1652 2263/1469/1652
f 2263/1469/1652 2262/1468/1652 2264/1470/1653 2265/1471/1653
f 2265/1471/1653 2264/1470/1653 2266/1472/1654 2267/1473/1654
f 2267/1474/1654 2266/1475/1654 2268/1476/1655 2269/1477/1655
f 2269/1477/1655 2268/1476/1655 2259/1465/1650 2258/1464/1650
f 2271/1478/1656 2270/1479/1657 2272/1480/1658 2273/1481/1659
f 2270/1479/1657 2274/1482/1660 2275/1483/1661 2272/1480/1658
f 2276/1484/1662 2277/1485/1663 2278/1486/1664 2279/1487/1665
f 2280/1488/1666 2281/1489/1667 2282/1490/1668 2283/1491/1669
f 2284/1492/1670 2271/1478/1656 2273/1481/1659 2285/1493/1671
f 2277/1485/1663 2280/1488/1666 2283/1491/1669 2278/1486/1664
f 2274/1482/1660 2276/1484/1662 2279/1487/1665 2275/1483/1661
f 2281/1489/1667 2284/1492/1670 2285/1493/1671 2282/1490/1668
f 2257/1463/190 2261/1467/190 2270/1494/190 2271/1495/190
f 2286/1496/1672 2287/1497/1673 2273/1481/1659 2272/1480/1658
f 2261/1467/190 2263/1469/190 2274/1498/190 2270/1494/190
f 2288/1499/1674 2286/1496/1672 2272/1480/1658 2275/1483/1661
f 2265/1471/190 2267/1473/190 2277/1500/190 2276/1501/190
f 2290/1502/1675 2289/1503/1676 2279/1487/1665 2278/1486/1664
f 2269/1477/190 2258/1464/190 2281/1504/190 2280/1505/190
f 2292/1506/1677 2291/1507/1678 2283/1491/1669 2282/1490/1668
f 2254/1460/190 2257/1463/190 2271/1495/190 2284/1508/190
f 2287/1497/1673 2293/1509/1679 2285/1493/1671 2273/1481/1659
f 2267/1474/190 2269/1477/190 2280/1505/190 2277/1510/190
f 2291/1507/1678 2290/1502/1675 2278/1486/1664 2283/1491/1669
f 2263/1469/190 2265/1471/190 2276/1501/190 2274/1498/190
f 2289/1503/1676 2288/1499/1674 2275/1483/1661 2279/1487/1665
f 2258/1464/190 2254/1460/190 2284/1508/190 2281/1504/190
f 2293/1509/1679 2292/1506/1677 2282/1490/1668 2285/1493/1671
f 2287/1497/1673 2286/1496/1672 2288/1499/1674 2289/1503/1676 2290/1502/1675 2291/1507/1678 2292/1506/1677 2293/1509/1679
f 2214/1511/1648 2223/1512/1648 2222/1513/1680 2218/1514/1680
f 2221/1515/1681 2224/1516/1681 2223/1512/1648 2214/1511/1648
f 2218/1514/1680 2222/1513/1680 2226/1517/1682 2215/1518/1682
f 2215/1518/1682 2226/1517/1682 2225/1519/1683 2220/1520/1683
f 2220/1520/1683 2225/1519/1683 2228/1521/1684 2216/1522/1684
f 2216/1523/1684 2228/1524/1684 2227/1525/1685 2219/1526/1685
f 2219/1526/1685 2227/1525/1685 2229/1527/1686 2217/1528/1686
f 2217/1528/1686 2229/1527/1686 2224/1516/1681 2221/1515/1681
f 2239/1529/1687 2238/1530/1688 2240/1531/1689 2241/1532/1690
f 2238/1530/1688 2242/1533/1691 2243/1534/1692 2240/1531/1689
f 2244/1535/1693 2245/1536/1694 2246/1537/1695 2247/1538/1696
f 2248/1539/1697 2249/1540/1698 2250/1541/1699 2251/1542/1700
f 2252/1543/1701 2239/1529/1687 2241/1532/1690 2253/1544/1702
f 2245/1536/1694 2248/1539/1697 2251/1542/1700 2246/1537/1695
f 2242/1533/1691 2244/1535/1693 2247/1538/1696 2243/1534/1692
f 2249/1540/1698 2252/1543/1701 2253/1544/1702 2250/1541/1699
f 2218/1514/190 2215/1518/190 2238/1545/190 2239/1546/190
f 2230/1547/1703 2231/1548/1704 2241/1532/1690 2240/1531/1689
f 2215/1518/190 2220/1520/190 2242/1549/190 2238/1545/190
f 2232/1550/1705 2230/1547/1703 2240/1531/1689 2243/1534/1692
f 2216/1523/190 2219/1526/190 2245/1551/190 2244/1552/190
f 2234/1553/1706 2233/1554/1707 2247/1538/1696 2246/1537/1695
f 2217/1528/190 2221/1515/190 2249/1555/190 2248/1556/190
f 2236/1557/1708 2235/1558/1709 2251/1542/1700 2250/1541/1699
f 2214/1511/190 2218/1514/190 2239/1546/190 2252/1559/190
f 2231/1548/1704 2237/1560/1710 2253/1544/1702 2241/1532/1690
f 2219/1526/190 2217/1528/190 2248/1556/190 2245/1551/190
f 2235/1558/1709 2234/1553/1706 2246/1537/1695 2251/1542/1700
f 2220/1520/190 2216/1522/190 2244/1561/190 2242/1549/190
f 2233/1554/1707 2232/1550/1705 2243/1534/1692 2247/1538/1696
f 2221/1515/190 2214/1511/190 2252/1559/190 2249/1555/190
f 2237/1560/1710 2236/1557/1708 2250/1541/1699 2253/1544/1702
f 2231/1548/1704 2230/1547/1703 2232/1550/1705 2233/1554/1707 2234/1553/1706 2235/1558/1709 2236/1557/1708 2237/1560/1710
f 2299/1562/1711 2294/1563/1711 2302/1564/1712 2304/1565/1712
f 2303/1566/1713 2300/1567/1713 2308/1568/1714 2310/1569/1714
f 2309/1570/1715 2306/1571/1715 2314/1572/1716 2316/1573/1716
f 2315/1574/1717 2312/1575/1717 2296/1576/1718 2297/1577/1718
f 2296/1576/1718 2295/1578/1719 2298/1579/1719 2297/1577/1718
f 2295/1578/1719 2294/1563/1711 2299/1562/1711 2298/1579/1719
f 2302/1564/1712 2301/1580/1720 2305/1581/1720 2304/1565/1712
f 2301/1580/1720 2300/1567/1713 2303/1566/1713 2305/1581/1720
f 2308/1568/1714 2307/1582/1721 2311/1583/1721 2310/1569/1714
f 2307/1582/1721 2306/1571/1715 2309/1570/1715 2311/1583/1721
f 2314/1572/1716 2313/1584/1722 2317/1585/1722 2316/1573/1716
f 2313/1584/1722 2312/1575/1717 2315/1574/1717 2317/1585/1722
f 2315/1586/292 2297/1587/292 2298/1588/292 2299/1589/292 2304/1590/292 2305/1591/292 2303/1592/292 2310/1593/292 2311/1594/292 2309/1595/292 2316/1596/292 2317/1597/292
f 2328/1598/1723 2336/1599/1724 2335/1600/1725 2334/1601/1726 2333/1602/1727 2332/1602/1728 2331/1603/1729 2330/1604/1730 2329/1605/1731 2327/1606/1732
f 2319/1607/1733 2318/1608/1734 2345/1609/1735 2346/1610/1736
f 2320/1611/1737 2319/1607/1733 2346/1610/1736 2337/1610/1738
f 2321/1612/1739 2320/1611/1737 2337/1610/1738 2338/1613/1740
f 2323/1614/1741 2322/1615/1742 2340/1616/1743 2341/1617/1744
f 2324/1618/1745 2323/1614/1741 2341/1617/1744 2342/1617/1746
f 2325/1619/1747 2324/1618/1745 2342/1617/1746 2343/1620/1748
f 2326/1621/1749 2325/1619/1747 2343/1620/1748 2344/1622/1750
f 2326/1621/1749 2344/1622/1750 2345/1609/1735 2318/1608/1734
f 2346/1610/1736 2328/1598/1723 2327/1606/1732 2337/1610/1738
f 2337/1610/1738 2327/1606/1732 2329/1605/1731 2338/1613/1740
f 2338/1613/1740 2329/1605/1731 2330/1604/1730 2339/1622/1751
f 2339/1622/1751 2330/1604/1730 2331/1603/1729 2340/1616/1743
f 2340/1616/1743 2331/1603/1729 2332/1602/1728 2341/1617/1744
f 2341/1617/1744 2332/1602/1728 2333/1602/1727 2342/1617/1746
f 2342/1617/1746 2333/1602/1727 2334/1601/1726 2343/1620/1748
f 2343/1620/1748 2334/1601/1726 2335/1600/1725 2344/1622/1750
f 2344/1622/1750 2335/1600/1725 2336/1599/1724 2345/1609/1735
f 2345/1609/1735 2336/1599/1724 2328/1598/1723 2346/1610/1736
f 2319/1607/1733 2348/1623/1752 2347/1624/1753 2318/1608/1734
f 2320/1611/1737 2349/1625/1754 2348/1623/1752 2319/1607/1733
f 2321/1612/1739 2350/1626/1755 2349/1625/1754 2320/1611/1737
f 2323/1627/1741 2352/1628/1756 2351/1629/1757 2322/1630/1742
f 2324/1631/1745 2353/1632/1758 2352/1628/1756 2323/1627/1741
f 2325/1633/1747 2354/1634/1759 2353/1632/1758 2324/1631/1745
f 2326/1635/1749 2355/1636/1760 2354/1634/1759 2325/1633/1747
f 2318/1608/1734 2347/1624/1753 2355/1637/1760 2326/1621/1749
f 2357/1638/1761 2356/1639/1762 2358/1640/1763 2359/1641/1764 2360/1642/1765 2361/1643/1766 2362/1644/1767 2363/1645/1768 2364/1646/1769 2365/1647/1770
f 2348/1623/1752 2375/1648/1771 2374/1649/1772 2347/1624/1753
f 2349/1625/1754 2366/1648/1773 2375/1648/1771 2348/1623/1752
f 2350/1626/1755 2367/1650/1774 2366/1648/1773 2349/1625/1754
f 2352/1628/1756 2370/1651/1775 2369/1652/1776 2351/1629/1757
f 2353/1632/1758 2371/1653/1777 2370/1651/1775 2352/1628/1756
f 2354/1634/1759 2372/1654/1778 2371/1653/1777 2353/1632/1758
f 2355/1636/1760 2373/1655/1779 2372/1654/1778 2354/1634/1759
f 2355/1637/1760 2347/1624/1753 2374/1649/1772 2373/1656/1779
f 2375/1648/1771 2366/1648/1773 2356/1657/1762 2357/1658/1761
f 2366/1648/1773 2367/1650/1774 2358/1659/1763 2356/1657/1762
f 2367/1660/1774 2368/1661/1780 2359/1641/1764 2358/1640/1763
f 2368/1661/1780 2369/1652/1776 2360/1642/1765 2359/1641/1764
f 2369/1652/1776 2370/1651/1775 2361/1643/1766 2360/1642/1765
f 2370/1651/1775 2371/1653/1777 2362/1644/1767 2361/1643/1766
f 2371/1653/1777 2372/1654/1778 2363/1645/1768 2362/1644/1767
f 2372/1654/1778 2373/1655/1779 2364/1646/1769 2363/1645/1768
f 2373/1656/1779 2374/1649/1772 2365/1662/1770 2364/1663/1769
f 2374/1649/1772 2375/1648/1771 2357/1658/1761 2365/1662/1770
f 2386/1664/1781 2394/1665/1782 2393/1666/1783 2392/1667/1784 2391/1668/1785 2390/1669/1786 2389/1670/1787 2388/1666/1788 2387/1671/1789 2385/1664/1790
f 2377/1672/1791 2376/1673/1792 2403/1674/1793 2404/1675/1794
f 2378/1676/1795 2377/1672/1791 2404/1675/1794 2395/1677/1796
f 2379/1678/1797 2378/1676/1795 2395/1677/1796 2396/1679/1798
f 2381/1680/1799 2380/1681/1800 2398/1682/1801 2399/1683/1802
f 2382/1684/1803 2381/1680/1799 2399/1683/1802 2400/1685/1804
f 2383/1686/1805 2382/1684/1803 2400/1685/1804 2401/1687/1806
f 2384/1688/1807 2383/1686/1805 2401/1687/1806 2402/1689/1808
f 2384/1688/1807 2402/1689/1808 2403/1674/1793 2376/1673/1792
f 2404/1675/1794 2386/1664/1781 2385/1664/1790 2395/1677/1796
f 2395/1677/1796 2385/1664/1790 2387/1671/1789 2396/1679/1798
f 2396/1679/1798 2387/1671/1789 2388/1666/1788 2397/1690/1809
f 2397/1690/1809 2388/1666/1788 2389/1670/1787 2398/1682/1801
f 2398/1682/1801 2389/1670/1787 2390/1669/1786 2399/1683/1802
f 2399/1683/1802 2390/1669/1786 2391/1668/1785 2400/1685/1804
f 2400/1685/1804 2391/1668/1785 2392/1667/1784 2401/1687/1806
f 2401/1687/1806 2392/1667/1784 2393/1666/1783 2402/1689/1808
f 2402/1689/1808 2393/1666/1783 2394/1665/1782 2403/1674/1793
f 2403/1674/1793 2394/1665/1782 2386/1664/1781 2404/1675/1794
f 2377/1672/1791 2406/1691/1810 2405/1692/1811 2376/1673/1792
f 2378/1676/1795 2407/1693/1812 2406/1691/1810 2377/1672/1791
f 2379/1678/1797 2408/1694/1813 2407/1693/1812 2378/1676/1795
f 2381/1680/1799 2410/1695/1814 2409/1696/1815 2380/1681/1800
f 2382/1684/1803 2411/1697/1816 2410/1695/1814 2381/1680/1799
f 2383/1686/1805 2412/1698/1817 2411/1697/1816 2382/1684/1803
f 2384/1688/1807 2413/1699/1818 2412/1698/1817 2383/1686/1805
f 2376/1673/1792 2405/1692/1811 2413/1699/1818 2384/1688/1807
f 2415/1700/1819 2414/1700/1820 2416/1701/1821 2417/1702/1822 2418/1703/1823 2419/1704/1824 2420/1705/1825 2421/1706/1826 2422/1702/1827 2423/1707/1828
f 2406/1691/1810 2433/1708/1829 2432/1709/1830 2405/1692/1811
f 2407/1693/1812 2424/1710/1831 2433/1708/1829 2406/1691/1810
f 2408/1694/1813 2425/1711/1832 2424/1710/1831 2407/1693/1812
f 2410/1695/1814 2428/1712/1833 2427/1713/1834 2409/1696/1815
f 2411/1697/1816 2429/1714/1835 2428/1712/1833 2410/1695/1814
f 2412/1698/1817 2430/1715/1836 2429/1714/1835 2411/1697/1816
f 2413/1699/1818 2431/1716/1837 2430/1715/1836 2412/1698/1817
f 2413/1699/1818 2405/1692/1811 2432/1709/1830 2431/1716/1837
f 2433/1708/1829 2424/1710/1831 2414/1700/1820 2415/1700/1819
f 2424/1710/1831 2425/1711/1832 2416/1701/1821 2414/1700/1820
f 2425/1711/1832 2426/1717/1838 2417/1702/1822 2416/1701/1821
f 2426/1717/1838 2427/1713/1834 2418/1703/1823 2417/1702/1822
f 2427/1713/1834 2428/1712/1833 2419/1704/1824 2418/1703/1823
f 2428/1712/1833 2429/1714/1835 2420/1705/1825 2419/1704/1824
f 2429/1714/1835 2430/1715/1836 2421/1706/1826 2420/1705/1825
f 2430/1715/1836 2431/1716/1837 2422/1702/1827 2421/1706/1826
f 2431/1716/1837 2432/1709/1830 2423/1707/1828 2422/1702/1827
f 2432/1709/1830 2433/1708/1829 2415/1700/1819 2423/1707/1828
f 2444/1718/1839 2452/1719/1840 2451/1720/1841 2450/1721/1842 2449/1722/1843 2448/1723/1844 2447/1724/1845 2446/1720/1846 2445/1725/1847 2443/1718/1848
f 2435/1726/1849 2434/1727/1850 2461/1728/1851 2462/1729/1852
f 2436/1730/1853 2435/1726/1849 2462/1729/1852 2453/1731/1854
f 2437/1732/1855 2436/1730/1853 2453/1731/1854 2454/1728/1856
f 2439/1733/1857 2438/1734/1858 2456/1735/1859 2457/1736/1860
f 2440/1737/1861 2439/1733/1857 2457/1736/1860 2458/1736/1862
f 2441/1738/1863 2440/1737/1861 2458/1736/1862 2459/1739/1864
f 2442/1740/1865 2441/1738/1863 2459/1739/1864 2460/1741/1866
f 2442/1740/1865 2460/1741/1866 2461/1728/1851 2434/1727/1850
f 2462/1729/1852 2444/1718/1839 2443/1718/1848 2453/1731/1854
f 2453/1731/1854 2443/1718/1848 2445/1725/1847 2454/1728/1856
f 2454/1728/1856 2445/1725/1847 2446/1720/1846 2455/1742/1867
f 2455/1742/1867 2446/1720/1846 2447/1724/1845 2456/1735/1859
f 2456/1735/1859 2447/1724/1845 2448/1723/1844 2457/1736/1860
f 2457/1736/1860 2448/1723/1844 2449/1722/1843 2458/1736/1862
f 2458/1736/1862 2449/1722/1843 2450/1721/1842 2459/1739/1864
f 2459/1739/1864 2450/1721/1842 2451/1720/1841 2460/1741/1866
f 2460/1741/1866 2451/1720/1841 2452/1719/1840 2461/1728/1851
f 2461/1728/1851 2452/1719/1840 2444/1718/1839 2462/1729/1852
f 2435/1726/1849 2464/1743/1868 2463/1744/1869 2434/1727/1850
f 2436/1730/1853 2465/1745/1870 2464/1743/1868 2435/1726/1849
f 2437/1732/1855 2466/1746/1871 2465/1745/1870 2436/1730/1853
f 2439/1733/1857 2468/1747/1872 2467/1748/1873 2438/1734/1858
f 2440/1737/1861 2469/1749/1874 2468/1747/1872 2439/1733/1857
f 2441/1738/1863 2470/1750/1875 2469/1749/1874 2440/1737/1861
f 2442/1740/1865 2471/1751/1876 2470/1750/1875 2441/1738/1863
f 2434/1727/1850 2463/1744/1869 2471/1751/1876 2442/1740/1865
f 2473/1752/1877 2472/1752/1878 2474/1753/1879 2475/1754/1880 2476/1755/1881 2477/1756/1882 2478/1756/1883 2479/1757/1884 2480/1754/1885 2481/1753/1886
f 2464/1743/1868 2491/1758/1887 2490/1759/1888 2463/1744/1869
f 2465/1745/1870 2482/1760/1889 2491/1758/1887 2464/1743/1868
f 2466/1746/1871 2483/1759/1890 2482/1760/1889 2465/1745/1870
f 2468/1747/1872 2486/1761/1891 2485/1762/1892 2467/1748/1873
f 2469/1749/1874 2487/1761/1893 2486/1761/1891 2468/1747/1872
f 2470/1750/1875 2488/1763/1894 2487/1761/1893 2469/1749/1874
f 2471/1751/1876 2489/1764/1895 2488/1763/1894 2470/1750/1875
f 2471/1751/1876 2463/1744/1869 2490/1759/1888 2489/1764/1895
f 2491/1758/1887 2482/1760/1889 2472/1752/1878 2473/1752/1877
f 2482/1760/1889 2483/1759/1890 2474/1753/1879 2472/1752/1878
f 2483/1759/1890 2484/1765/1896 2475/1754/1880 2474/1753/1879
f 2484/1765/1896 2485/1762/1892 2476/1755/1881 2475/1754/1880
f 2485/1762/1892 2486/1761/1891 2477/1756/1882 2476/1755/1881
f 2486/1761/1891 2487/1761/1893 2478/1756/1883 2477/1756/1882
f 2487/1761/1893 2488/1763/1894 2479/1757/1884 2478/1756/1883
f 2488/1763/1894 2489/1764/1895 2480/1754/1885 2479/1757/1884
f 2489/1764/1895 2490/1759/1888 2481/1753/1886 2480/1754/1885
f 2490/1759/1888 2491/1758/1887 2473/1752/1877 2481/1753/1886
f 2502/1766/1897 2510/1767/1898 2509/1768/1899 2508/1769/1900 2507/1770/1901 2506/1770/1902 2505/1771/1903 2504/1772/1904 2503/1767/1905 2501/1773/1906
f 2493/1774/1849 2492/1775/1850 2519/1776/1907 2520/1777/1908
f 2494/1778/1909 2493/1774/1849 2520/1777/1908 2511/1777/1910
f 2495/1779/1911 2494/1778/1909 2511/1777/1910 2512/1780/1912
f 2497/1781/1913 2496/1782/1914 2514/1783/1915 2515/1784/1916
f 2498/1785/1917 2497/1781/1913 2515/1784/1916 2516/1786/1918
f 2499/1787/1919 2498/1785/1917 2516/1786/1918 2517/1788/1920
f 2500/1789/1921 2499/1787/1919 2517/1788/1920 2518/1790/1922
f 2500/1789/1921 2518/1790/1922 2519/1776/1907 2492/1775/1850
f 2520/1777/1908 2502/1766/1897 2501/1773/1906 2511/1777/1910
f 2511/1777/1910 2501/1773/1906 2503/1767/1905 2512/1780/1912
f 2512/1780/1912 2503/1767/1905 2504/1772/1904 2513/1791/1923
f 2513/1791/1923 2504/1772/1904 2505/1771/1903 2514/1783/1915
f 2514/1783/1915 2505/1771/1903 2506/1770/1902 2515/1784/1916
f 2515/1784/1916 2506/1770/1902 2507/1770/1901 2516/1786/1918
f 2516/1786/1918 2507/1770/1901 2508/1769/1900 2517/1788/1920
f 2517/1788/1920 2508/1769/1900 2509/1768/1899 2518/1790/1922
f 2518/1790/1922 2509/1768/1899 2510/1767/1898 2519/1776/1907
f 2519/1776/1907 2510/1767/1898 2502/1766/1897 2520/1777/1908
f 2493/1774/1849 2522/1792/1924 2521/1793/1869 2492/1775/1850
f 2494/1778/1909 2523/1794/1925 2522/1792/1924 2493/1774/1849
f 2495/1779/1911 2524/1795/1926 2523/1794/1925 2494/1778/1909
f 2497/1781/1913 2526/1796/1927 2525/1797/1873 2496/1782/1914
f 2498/1785/1917 2527/1798/1928 2526/1796/1927 2497/1781/1913
f 2499/1787/1919 2528/1799/1929 2527/1798/1928 2498/1785/1917
f 2500/1789/1921 2529/1800/1930 2528/1799/1929 2499/1787/1919
f 2492/1775/1850 2521/1793/1869 2529/1800/1930 2500/1789/1921
f 2531/1801/1931 2530/1802/1932 2532/1803/1933 2533/1804/1934 2534/1805/1935 2535/1806/1936 2536/1806/1937 2537/1807/1938 2538/1808/1939 2539/1803/1940
f 2522/1792/1924 2549/1809/1941 2548/1810/1942 2521/1793/1869
f 2523/1794/1925 2540/1809/1943 2549/1809/1941 2522/1792/1924
f 2524/1795/1926 2541/1811/1944 2540/1809/1943 2523/1794/1925
f 2526/1796/1927 2544/1812/1945 2543/1813/1946 2525/1797/1873
f 2527/1798/1928 2545/1814/1947 2544/1812/1945 2526/1796/1927
f 2528/1799/1929 2546/1815/1948 2545/1814/1947 2527/1798/1928
f 2529/1800/1930 2547/1816/1949 2546/1815/1948 2528/1799/1929
f 2529/1800/1930 2521/1793/1869 2548/1810/1942 2547/1816/1949
f 2549/1809/1941 2540/1809/1943 2530/1802/1932 2531/1801/1931
f 2540/1809/1943 2541/1811/1944 2532/1803/1933 2530/1802/1932
f 2541/1811/1944 2542/1816/1950 2533/1804/1934 2532/1803/1933
f 2542/1816/1950 2543/1813/1946 2534/1805/1935 2533/1804/1934
f 2543/1813/1946 2544/1812/1945 2535/1806/1936 2534/1805/1935
f 2544/1812/1945 2545/1814/1947 2536/1806/1937 2535/1806/1936
f 2545/1814/1947 2546/1815/1948 2537/1807/1938 2536/1806/1937
f 2546/1815/1948 2547/1816/1949 2538/1808/1939 2537/1807/1938
f 2547/1816/1949 2548/1810/1942 2539/1803/1940 2538/1808/1939
f 2548/1810/1942 2549/1809/1941 2531/1801/1931 2539/1803/1940
f 2560/1817/1897 2568/1818/1951 2567/1819/1952 2566/1820/1953 2565/1821/1954 2564/1822/1902 2563/1823/1903 2562/1824/1904 2561/1825/1955 2559/1817/1906
f 2551/1826/1956 2550/1827/1957 2577/1828/1958 2578/1829/1959
f 2552/1826/1909 2551/1826/1956 2578/1829/1959 2569/1830/1960
f 2553/1827/1961 2552/1826/1909 2569/1830/1960 2570/1831/1912
f 2555/1832/1857 2554/1833/1858 2572/1834/1915 2573/1835/1962
f 2556/1832/1963 2555/1832/1857 2573/1835/1962 2574/1835/1964
f 2557/1833/1863 2556/1832/1963 2574/1835/1964 2575/1836/1965
f 2558/1837/1921 2557/1833/1863 2575/1836/1965 2576/1838/1966
f 2558/1837/1921 2576/1838/1966 2577/1828/1958 2550/1827/1957
f 2578/1829/1959 2560/1817/1897 2559/1817/1906 2569/1830/1960
f 2569/1830/1960 2559/1817/1906 2561/1825/1955 2570/1831/1912
f 2570/1831/1912 2561/1825/1955 2562/1824/1904 2571/1839/1923
f 2571/1839/1923 2562/1824/1904 2563/1823/1903 2572/1834/1915
f 2572/1834/1915 2563/1823/1903 2564/1822/1902 2573/1835/1962
f 2573/1835/1962 2564/1822/1902 2565/1821/1954 2574/1835/1964
f 2574/1835/1964 2565/1821/1954 2566/1820/1953 2575/1836/1965
f 2575/1836/1965 2566/1820/1953 2567/1819/1952 2576/1838/1966
f 2576/1838/1966 2567/1819/1952 2568/1818/1951 2577/1828/1958
f 2577/1828/1958 2568/1818/1951 2560/1817/1897 2578/1829/1959
f 2551/1826/1956 2580/1840/1967 2579/1841/1869 2550/1827/1957
f 2552/1826/1909 2581/1840/1925 2580/1840/1967 2551/1826/1956
f 2553/1827/1961 2582/1842/1926 2581/1840/1925 2552/1826/1909
f 2555/1832/1857 2584/1843/1927 2583/1844/1873 2554/1833/1858
f 2556/1832/1963 2585/1843/1968 2584/1843/1927 2555/1832/1857
f 2557/1833/1863 2586/1844/1875 2585/1843/1968 2556/1832/1963
f 2558/1837/1921 2587/1845/1930 2586/1844/1875 2557/1833/1863
f 2550/1827/1957 2579/1841/1869 2587/1845/1930 2558/1837/1921
f 2589/1846/1931 2588/1846/1932 2590/1847/1969 2591/1848/1934 2592/1849/1935 2593/1850/1936 2594/1851/1970 2595/1852/1971 2596/1853/1939 2597/1854/1972
f 2580/1840/1967 2607/1855/1973 2606/1856/1974 2579/1841/1869
f 2581/1840/1925 2598/1857/1975 2607/1855/1973 2580/1840/1967
f 2582/1842/1926 2599/1858/1976 2598/1857/1975 2581/1840/1925
f 2584/1843/1927 2602/1859/1945 2601/1860/1946 2583/1844/1873
f 2585/1843/1968 2603/1859/1947 2602/1859/1945 2584/1843/1927
f 2586/1844/1875 2604/1861/1977 2603/1859/1947 2585/1843/1968
f 2587/1845/1930 2605/1862/1978 2604/1861/1977 2586/1844/1875
f 2587/1845/1930 2579/1841/1869 2606/1856/1974 2605/1862/1978
f 2607/1855/1973 2598/1857/1975 2588/1846/1932 2589/1846/1931
f 2598/1857/1975 2599/1858/1976 2590/1847/1969 2588/1846/1932
f 2599/1858/1976 2600/1863/1950 2591/1848/1934 2590/1847/1969
f 2600/1863/1950 2601/1860/1946 2592/1849/1935 2591/1848/1934
f 2601/1860/1946 2602/1859/1945 2593/1850/1936 2592/1849/1935
f 2602/1859/1945 2603/1859/1947 2594/1851/1970 2593/1850/1936
f 2603/1859/1947 2604/1861/1977 2595/1852/1971 2594/1851/1970
f 2604/1861/1977 2605/1862/1978 2596/1853/1939 2595/1852/1971
f 2605/1862/1978 2606/1856/1974 2597/1854/1972 2596/1853/1939
f 2606/1856/1974 2607/1855/1973 2589/1846/1931 2597/1854/1972
f 2618/1864/1897 2626/1865/1979 2625/1866/1899 2624/1867/1953 2623/1868/1954 2622/1869/1902 2621/1870/1903 2620/1871/1980 2619/1872/1905 2617/1873/1981
f 2609/1874/1849 2608/1875/1982 2635/1876/1983 2636/1877/1984
f 2610/1878/1985 2609/1874/1849 2636/1877/1984 2627/1879/1986
f 2611/1875/1855 2610/1878/1985 2627/1879/1986 2628/1880/1987
f 2613/1881/1988 2612/1882/1914 2630/1883/1989 2631/1884/1990
f 2614/1885/1861 2613/1881/1988 2631/1884/1990 2632/1886/1991
f 2615/1887/1863 2614/1885/1861 2632/1886/1991 2633/1888/1992
f 2616/1889/1921 2615/1887/1863 2633/1888/1992 2634/1890/1922
f 2616/1889/1921 2634/1890/1922 2635/1876/1983 2608/1875/1982
f 2636/1877/1984 2618/1864/1897 2617/1873/1981 2627/1879/1986
f 2627/1879/1986 2617/1873/1981 2619/1872/1905 2628/1880/1987
f 2628/1880/1987 2619/1872/1905 2620/1871/1980 2629/1891/1993
f 2629/1891/1993 2620/1871/1980 2621/1870/1903 2630/1883/1989
f 2630/1883/1989 2621/1870/1903 2622/1869/1902 2631/1884/1990
f 2631/1884/1990 2622/1869/1902 2623/1868/1954 2632/1886/1991
f 2632/1886/1991 2623/1868/1954 2624/1867/1953 2633/1888/1992
f 2633/1888/1992 2624/1867/1953 2625/1866/1899 2634/1890/1922
f 2634/1890/1922 2625/1866/1899 2626/1865/1979 2635/1876/1983
f 2635/1876/1983 2626/1865/1979 2618/1864/1897 2636/1877/1984
f 2609/1874/1849 2638/1892/1868 2637/1893/1869 2608/1875/1982
f 2610/1878/1985 2639/1894/1994 2638/1892/1868 2609/1874/1849
f 2611/1875/1855 2640/1893/1995 2639/1894/1994 2610/1878/1985
f 2613/1881/1988 2642/1895/1996 2641/1842/1997 2612/1882/1914
f 2614/1885/1861 2643/1896/1874 2642/1895/1996 2613/1881/1988
f 2615/1887/1863 2644/1897/1875 2643/1896/1874 2614/1885/1861
f 2616/1889/1921 2645/1898/1930 2644/1897/1875 2615/1887/1863
f 2608/1875/1982 2637/1893/1869 2645/1898/1930 2616/1889/1921
f 2647/1899/1998 2646/1900/1999 2648/1901/2000 2649/1902/2001 2650/1903/1935 2651/1904/1936 2652/1905/1937 2653/1906/1971 2654/1907/1939 2655/1908/2002
f 2638/1892/1868 2665/1909/2003 2664/1910/1974 2637/1893/1869
f 2639/1894/1994 2656/1911/2004 2665/1909/2003 2638/1892/1868
f 2640/1893/1995 2657/1912/2005 2656/1911/2004 2639/1894/1994
f 2642/1895/1996 2660/1913/2006 2659/1914/1946 2641/1842/1997
f 2643/1896/1874 2661/1915/2007 2660/1913/2006 2642/1895/1996
f 2644/1897/1875 2662/1916/2008 2661/1915/2007 2643/1896/1874
f 2645/1898/1930 2663/1917/1949 2662/1916/2008 2644/1897/1875
f 2645/1898/1930 2637/1893/1869 2664/1910/1974 2663/1917/1949
f 2665/1909/2003 2656/1911/2004 2646/1900/1999 2647/1899/1998
f 2656/1911/2004 2657/1912/2005 2648/1901/2000 2646/1900/1999
f 2657/1912/2005 2658/1918/2009 2649/1902/2001 2648/1901/2000
f 2658/1918/2009 2659/1914/1946 2650/1903/1935 2649/1902/2001
f 2659/1914/1946 2660/1913/2006 2651/1904/1936 2650/1903/1935
f 2660/1913/2006 2661/1915/2007 2652/1905/1937 2651/1904/1936
f 2661/1915/2007 2662/1916/2008 2653/1906/1971 2652/1905/1937
f 2662/1916/2008 2663/1917/1949 2654/1907/1939 2653/1906/1971
f 2663/1917/1949 2664/1910/1974 2655/1908/2002 2654/1907/1939
f 2664/1910/1974 2665/1909/2003 2647/1899/1998 2655/1908/2002
f 2676/1919/1897 2684/1920/1979 2683/1921/1952 2682/1922/1900 2681/1923/1954 2680/1924/2010 2679/1925/2011 2678/1926/1904 2677/1927/1905 2675/1919/2012
f 2667/1928/1956 2666/1929/1850 2693/1930/2013 2694/1931/1984
f 2668/1932/1909 2667/1928/1956 2694/1931/1984 2685/1933/2014
f 2669/1934/1855 2668/1932/1909 2685/1933/2014 2686/1935/1987
f 2671/1936/1913 2670/1937/1858 2688/1938/1915 2689/1939/1962
f 2672/1940/1861 2671/1936/1913 2689/1939/1962 2690/1941/1918
f 2673/1942/1863 2672/1940/1861 2690/1941/1918 2691/1943/2015
f 2674/1944/1921 2673/1942/1863 2691/1943/2015 2692/1945/1922
f 2674/1944/1921 2692/1945/1922 2693/1930/2013 2666/1929/1850
f 2694/1931/1984 2676/1919/1897 2675/1919/2012 2685/1933/2014
f 2685/1933/2014 2675/1919/2012 2677/1927/1905 2686/1935/1987
f 2686/1935/1987 2677/1927/1905 2678/1926/1904 2687/1946/1923
f 2687/1946/1923 2678/1926/1904 2679/1925/2011 2688/1938/1915
f 2688/1938/1915 2679/1925/2011 2680/1924/2010 2689/1939/1962
f 2689/1939/1962 2680/1924/2010 2681/1923/1954 2690/1941/1918
f 2690/1941/1918 2681/1923/1954 2682/1922/1900 2691/1943/2015
f 2691/1943/2015 2682/1922/1900 2683/1921/1952 2692/1945/1922
f 2692/1945/1922 2683/1921/1952 2684/1920/1979 2693/1930/2013
f 2693/1930/2013 2684/1920/1979 2676/1919/1897 2694/1931/1984
f 2667/1928/1956 2696/1947/1967 2695/1948/1869 2666/1929/1850
f 2668/1932/1909 2697/1949/1925 2696/1947/1967 2667/1928/1956
f 2669/1934/1855 2698/1948/1871 2697/1949/1925 2668/1932/1909
f 2671/1936/1913 2700/1950/1927 2699/1951/1873 2670/1937/1858
f 2672/1940/1861 2701/1952/1874 2700/1950/1927 2671/1936/1913
f 2673/1942/1863 2702/1953/1875 2701/1952/1874 2672/1940/1861
f 2674/1944/1921 2703/1954/1930 2702/1953/1875 2673/1942/1863
f 2666/1929/1850 2695/1948/1869 2703/1954/1930 2674/1944/1921
f 2705/1955/1931 2704/1955/1999 2706/1956/1933 2707/1957/1934 2708/1958/2016 2709/1959/2017 2710/1960/2018 2711/1961/2019 2712/1962/2020 2713/1963/1972
f 2696/1947/1967 2723/1964/2021 2722/1965/2022 2695/1948/1869
f 2697/1949/1925 2714/1966/2023 2723/1964/2021 2696/1947/1967
f 2698/1948/1871 2715/1967/1976 2714/1966/2023 2697/1949/1925
f 2700/1950/1927 2718/1968/2024 2717/1969/1946 2699/1951/1873
f 2701/1952/1874 2719/1970/2025 2718/1968/2024 2700/1950/1927
f 2702/1953/1875 2720/1971/2008 2719/1970/2025 2701/1952/1874
f 2703/1954/1930 2721/1972/2026 2720/1971/2008 2702/1953/1875
f 2703/1954/1930 2695/1948/1869 2722/1965/2022 2721/1972/2026
f 2723/1964/2021 2714/1966/2023 2704/1955/1999 2705/1955/1931
f 2714/1966/2023 2715/1967/1976 2706/1956/1933 2704/1955/1999
f 2715/1967/1976 2716/1973/1950 2707/1957/1934 2706/1956/1933
f 2716/1973/1950 2717/1969/1946 2708/1958/2016 2707/1957/1934
f 2717/1969/1946 2718/1968/2024 2709/1959/2017 2708/1958/2016
f 2718/1968/2024 2719/1970/2025 2710/1960/2018 2709/1959/2017
f 2719/1970/2025 2720/1971/2008 2711/1961/2019 2710/1960/2018
f 2720/1971/2008 2721/1972/2026 2712/1962/2020 2711/1961/2019
f 2721/1972/2026 2722/1965/2022 2713/1963/1972 2712/1962/2020
f 2722/1965/2022 2723/1964/2021 2705/1955/1931 2713/1963/1972
f 2734/1974/1897 2742/1975/1979 2741/1976/2027 2740/1977/1953 2739/1978/1954 2738/1978/2010 2737/1977/1903 2736/1979/1904 2735/1980/1905 2733/1981/2012
f 2725/1982/1849 2724/1983/1850 2751/1984/2028 2752/1985/1908
f 2726/1986/1985 2725/1982/1849 2752/1985/1908 2743/1987/1960
f 2727/1983/1855 2726/1986/1985 2743/1987/1960 2744/1988/1987
f 2729/1989/1988 2728/1990/1858 2746/1991/1989 2747/1992/1990
f 2730/1993/1861 2729/1989/1988 2747/1992/1990 2748/1992/1991
f 2731/1994/1863 2730/1993/1861 2748/1992/1991 2749/1995/2029
f 2732/1996/1921 2731/1994/1863 2749/1995/2029 2750/1997/1922
f 2732/1996/1921 2750/1997/1922 2751/1984/2028 2724/1983/1850
f 2752/1985/1908 2734/1974/1897 2733/1981/2012 2743/1987/1960
f 2743/1987/1960 2733/1981/2012 2735/1980/1905 2744/1988/1987
f 2744/1988/1987 2735/1980/1905 2736/1979/1904 2745/1998/1923
f 2745/1998/1923 2736/1979/1904 2737/1977/1903 2746/1991/1989
f 2746/1991/1989 2737/1977/1903 2738/1978/2010 2747/1992/1990
f 2747/1992/1990 2738/1978/2010 2739/1978/1954 2748/1992/1991
f 2748/1992/1991 2739/1978/1954 2740/1977/1953 2749/1995/2029
f 2749/1995/2029 2740/1977/1953 2741/1976/2027 2750/1997/1922
f 2750/1997/1922 2741/1976/2027 2742/1975/1979 2751/1984/2028
f 2751/1984/2028 2742/1975/1979 2734/1974/1897 2752/1985/1908
f 2725/1982/1849 2754/1999/1868 2753/2000/1869 2724/1983/1850
f 2726/1986/1985 2755/2001/1994 2754/1999/1868 2725/1982/1849
f 2727/1983/1855 2756/2000/1995 2755/2001/1994 2726/1986/1985
f 2729/1989/1988 2758/2002/1996 2757/1795/1873 2728/1990/1858
f 2730/1993/1861 2759/2003/1874 2758/2002/1996 2729/1989/1988
f 2731/1994/1863 2760/1795/1875 2759/2003/1874 2730/1993/1861
f 2732/1996/1921 2761/2004/1930 2760/1795/1875 2731/1994/1863
f 2724/1983/1850 2753/2000/1869 2761/2004/1930 2732/1996/1921
f 2763/2005/1998 2762/2005/1999 2764/2006/1933 2765/2007/1934 2766/2008/1935 2767/2009/2017 2768/2009/1937 2769/2008/1971 2770/2010/2030 2771/2011/1972
f 2754/1999/1868 2781/2012/1941 2780/2013/2031 2753/2000/1869
f 2755/2001/1994 2772/2014/2032 2781/2012/1941 2754/1999/1868
f 2756/2000/1995 2773/2015/1976 2772/2014/2032 2755/2001/1994
f 2758/2002/1996 2776/2016/2006 2775/2017/1946 2757/1795/1873
f 2759/2003/1874 2777/2016/1947 2776/2016/2006 2758/2002/1996
f 2760/1795/1875 2778/2018/2008 2777/2016/1947 2759/2003/1874
f 2761/2004/1930 2779/2019/1949 2778/2018/2008 2760/1795/1875
f 2761/2004/1930 2753/2000/1869 2780/2013/2031 2779/2019/1949
f 2781/2012/1941 2772/2014/2032 2762/2005/1999 2763/2005/1998
f 2772/2014/2032 2773/2015/1976 2764/2006/1933 2762/2005/1999
f 2773/2015/1976 2774/2020/1950 2765/2007/1934 2764/2006/1933
f 2774/2020/1950 2775/2017/1946 2766/2008/1935 2765/2007/1934
f 2775/2017/1946 2776/2016/2006 2767/2009/2017 2766/2008/1935
f 2776/2016/2006 2777/2016/1947 2768/2009/1937 2767/2009/2017
f 2777/2016/1947 2778/2018/2008 2769/2008/1971 2768/2009/1937
f 2778/2018/2008 2779/2019/1949 2770/2010/2030 2769/2008/1971
f 2779/2019/1949 2780/2013/2031 2771/2011/1972 2770/2010/2030
f 2780/2013/2031 2781/2012/1941 2763/2005/1998 2771/2011/1972
f 2792/2021/2033 2800/2022/1979 2799/2023/1952 2798/2024/1953 2797/2025/1954 2796/2026/1902 2795/2027/1903 2794/2028/1904 2793/2022/1905 2791/2029/2012
f 2783/2030/2034 2782/2031/1850 2809/2032/2035 2810/2033/1959
f 2784/2034/1985 2783/2030/2034 2810/2033/1959 2801/2035/2036
f 2785/2036/1855 2784/2034/1985 2801/2035/2036 2802/2032/1987
f 2787/2037/1857 2786/2038/1858 2804/2039/1989 2805/2040/2037
f 2788/2037/1861 2787/2037/1857 2805/2040/2037 2806/2040/1918
f 2789/2038/1863 2788/2037/1861 2806/2040/1918 2807/2041/2015
f 2790/2042/1921 2789/2038/1863 2807/2041/2015 2808/2043/1922
f 2790/2042/1921 2808/2043/1922 2809/2032/2035 2782/2031/1850
f 2810/2033/1959 2792/2021/2033 2791/2029/2012 2801/2035/2036
f 2801/2035/2036 2791/2029/2012 2793/2022/1905 2802/2032/1987
f 2802/2032/1987 2793/2022/1905 2794/2028/1904 2803/2043/1923
f 2803/2043/1923 2794/2028/1904 2795/2027/1903 2804/2039/1989
f 2804/2039/1989 2795/2027/1903 2796/2026/1902 2805/2040/2037
f 2805/2040/2037 2796/2026/1902 2797/2025/1954 2806/2040/1918
f 2806/2040/1918 2797/2025/1954 2798/2024/1953 2807/2041/2015
f 2807/2041/2015 2798/2024/1953 2799/2023/1952 2808/2043/1922
f 2808/2043/1922 2799/2023/1952 2800/2022/1979 2809/2032/2035
f 2809/2032/2035 2800/2022/1979 2792/2021/2033 2810/2033/1959
f 2783/2030/2034 2812/2044/1967 2811/2045/1869 2782/2031/1850
f 2784/2034/1985 2813/2046/1994 2812/2044/1967 2783/2030/2034
f 2785/2036/1855 2814/2047/1871 2813/2046/1994 2784/2034/1985
f 2787/2037/1857 2816/2048/1872 2815/2000/1873 2786/2038/1858
f 2788/2037/1861 2817/2048/1874 2816/2048/1872 2787/2037/1857
f 2789/2038/1863 2818/2000/1875 2817/2048/1874 2788/2037/1861
f 2790/2042/1921 2819/2049/1930 2818/2000/1875 2789/2038/1863
f 2782/2031/1850 2811/2045/1869 2819/2049/1930 2790/2042/1921
f 2821/2050/2038 2820/2051/1999 2822/2052/1933 2823/2053/1934 2824/2054/1935 2825/2055/2017 2826/2056/1937 2827/2057/1971 2828/2058/1939 2829/2052/1940
f 2812/2044/1967 2839/2059/2039 2838/2060/2040 2811/2045/1869
f 2813/2046/1994 2830/2061/1975 2839/2059/2039 2812/2044/1967
f 2814/2047/1871 2831/2060/1976 2830/2061/1975 2813/2046/1994
f 2816/2048/1872 2834/2062/2041 2833/2063/1946 2815/2000/1873
f 2817/2048/1874 2835/2062/1947 2834/2062/2041 2816/2048/1872
f 2818/2000/1875 2836/2064/2008 2835/2062/1947 2817/2048/1874
f 2819/2049/1930 2837/2065/2026 2836/2064/2008 2818/2000/1875
f 2819/2049/1930 2811/2045/1869 2838/2060/2040 2837/2065/2026
f 2839/2059/2039 2830/2061/1975 2820/2051/1999 2821/2050/2038
f 2830/2061/1975 2831/2060/1976 2822/2052/1933 2820/2051/1999
f 2831/2060/1976 2832/2065/1950 2823/2053/1934 2822/2052/1933
f 2832/2065/1950 2833/2063/1946 2824/2054/1935 2823/2053/1934
f 2833/2063/1946 2834/2062/2041 2825/2055/2017 2824/2054/1935
f 2834/2062/2041 2835/2062/1947 2826/2056/1937 2825/2055/2017
f 2835/2062/1947 2836/2064/2008 2827/2057/1971 2826/2056/1937
f 2836/2064/2008 2837/2065/2026 2828/2058/1939 2827/2057/1971
f 2837/2065/2026 2838/2060/2040 2829/2052/1940 2828/2058/1939
f 2838/2060/2040 2839/2059/2039 2821/2050/2038 2829/2052/1940
f 2850/2066/2042 2858/2067/2043 2857/2068/2044 2856/2069/2045 2855/2070/2046 2854/2071/2047 2853/2072/2048 2852/2073/2049 2851/2074/2050 2849/2075/2051
f 2841/2076/2052 2840/2077/2053 2867/2078/2054 2868/2079/2055
f 2842/2080/2056 2841/2076/2052 2868/2079/2055 2859/2081/2057
f 2843/2082/2058 2842/2080/2056 2859/2081/2057 2860/2083/2059
f 2845/2084/2060 2844/2085/2061 2862/2086/2062 2863/2087/2063
f 2846/2084/2064 2845/2084/2060 2863/2087/2063 2864/2088/2065
f 2847/2089/2066 2846/2084/2064 2864/2088/2065 2865/2090/2067
f 2848/2091/2068 2847/2089/2066 2865/2090/2067 2866/2092/2069
f 2848/2091/2068 2866/2092/2069 2867/2078/2054 2840/2077/2053
f 2868/2079/2055 2850/2066/2042 2849/2075/2051 2859/2081/2057
f 2859/2081/2057 2849/2075/2051 2851/2074/2050 2860/2083/2059
f 2860/2083/2059 2851/2074/2050 2852/2073/2049 2861/2093/2070
f 2861/2093/2070 2852/2073/2049 2853/2072/2048 2862/2086/2062
f 2862/2086/2062 2853/2072/2048 2854/2071/2047 2863/2087/2063
f 2863/2087/2063 2854/2071/2047 2855/2070/2046 2864/2088/2065
f 2864/2088/2065 2855/2070/2046 2856/2069/2045 2865/2090/2067
f 2865/2090/2067 2856/2069/2045 2857/2068/2044 2866/2092/2069
f 2866/2092/2069 2857/2068/2044 2858/2067/2043 2867/2078/2054
f 2867/2078/2054 2858/2067/2043 2850/2066/2042 2868/2079/2055
f 2841/2076/2052 2870/2094/2071 2869/2095/2072 2840/2077/2053
f 2842/2080/2056 2871/2096/2073 2870/2094/2071 2841/2076/2052
f 2843/2082/2058 2872/2097/2074 2871/2096/2073 2842/2080/2056
f 2845/2084/2060 2874/2098/2075 2873/2099/2076 2844/2085/2061
f 2846/2084/2064 2875/2098/2077 2874/2098/2075 2845/2084/2060
f 2847/2089/2066 2876/2100/2078 2875/2098/2077 2846/2084/2064
f 2848/2091/2068 2877/2101/2079 2876/2100/2078 2847/2089/2066
f 2840/2077/2053 2869/2095/2072 2877/2101/2079 2848/2091/2068
f 2879/2102/2080 2878/2103/2081 2880/2104/2082 2881/2105/2083 2882/2106/2084 2883/2107/2085 2884/2108/2086 2885/2109/2087 2886/2110/2088 2887/2111/2089
f 2870/2094/2071 2897/2112/2090 2896/2113/2091 2869/2095/2072
f 2871/2096/2073 2888/2114/2092 2897/2112/2090 2870/2094/2071
f 2872/2097/2074 2889/2115/2093 2888/2114/2092 2871/2096/2073
f 2874/2098/2075 2892/2116/2094 2891/2117/2095 2873/2099/2076
f 2875/2098/2077 2893/2118/2096 2892/2116/2094 2874/2098/2075
f 2876/2100/2078 2894/2119/2097 2893/2118/2096 2875/2098/2077
f 2877/2101/2079 2895/2120/2098 2894/2119/2097 2876/2100/2078
f 2877/2101/2079 2869/2095/2072 2896/2113/2091 2895/2120/2098
f 2897/2112/2090 2888/2114/2092 2878/2103/2081 2879/2102/2080
f 2888/2114/2092 2889/2115/2093 2880/2104/2082 2878/2103/2081
f 2889/2115/2093 2890/2121/2099 2881/2105/2083 2880/2104/2082
f 2890/2121/2099 2891/2117/2095 2882/2106/2084 2881/2105/2083
f 2891/2117/2095 2892/2116/2094 2883/2107/2085 2882/2106/2084
f 2892/2116/2094 2893/2118/2096 2884/2108/2086 2883/2107/2085
f 2893/2118/2096 2894/2119/2097 2885/2109/2087 2884/2108/2086
f 2894/2119/2097 2895/2120/2098 2886/2110/2088 2885/2109/2087
f 2895/2120/2098 2896/2113/2091 2887/2111/2089 2886/2110/2088
f 2896/2113/2091 2897/2112/2090 2879/2102/2080 2887/2111/2089
f 2908/2122/2042 2916/2123/2100 2915/2124/2044 2914/2125/2045 2913/2126/2101 2912/2127/2047 2911/2128/2102 2910/2129/2049 2909/2123/2050 2907/2122/2103
f 2899/2130/2104 2898/2131/2053 2925/2132/2105 2926/2133/2106
f 2900/2130/2056 2899/2130/2104 2926/2133/2106 2917/2134/2107
f 2901/2131/2058 2900/2130/2056 2917/2134/2107 2918/2135/2059
f 2903/2136/2108 2902/2137/2109 2920/2138/2110 2921/2139/2111
f 2904/2140/2112 2903/2136/2108 2921/2139/2111 2922/2141/2113
f 2905/2137/2114 2904/2140/2112 2922/2141/2113 2923/2138/2115
f 2906/2142/2068 2905/2137/2114 2923/2138/2115 2924/2143/2069
f 2906/2142/2068 2924/2143/2069 2925/2132/2105 2898/2131/2053
f 2926/2133/2106 2908/2122/2042 2907/2122/2103 2917/2134/2107
f 2917/2134/2107 2907/2122/2103 2909/2123/2050 2918/2135/2059
f 2918/2135/2059 2909/2123/2050 2910/2129/2049 2919/2144/2070
f 2919/2144/2070 2910/2129/2049 2911/2128/2102 2920/2138/2110
f 2920/2138/2110 2911/2128/2102 2912/2127/2047 2921/2139/2111
f 2921/2139/2111 2912/2127/2047 2913/2126/2101 2922/2141/2113
f 2922/2141/2113 2913/2126/2101 2914/2125/2045 2923/2138/2115
f 2923/2138/2115 2914/2125/2045 2915/2124/2044 2924/2143/2069
f 2924/2143/2069 2915/2124/2044 2916/2123/2100 2925/2132/2105
f 2925/2132/2105 2916/2123/2100 2908/2122/2042 2926/2133/2106
f 2899/2130/2104 2928/2145/2116 2927/2146/2072 2898/2131/2053
f 2900/2130/2056 2929/2147/2073 2928/2145/2116 2899/2130/2104
f 2901/2131/2058 2930/2146/2074 2929/2147/2073 2900/2130/2056
f 2903/2136/2108 2932/2148/2117 2931/2149/2118 2902/2137/2109
f 2904/2140/2112 2933/2150/2119 2932/2148/2117 2903/2136/2108
f 2905/2137/2114 2934/2149/2120 2933/2150/2119 2904/2140/2112
f 2906/2142/2068 2935/2151/2079 2934/2149/2120 2905/2137/2114
f 2898/2131/2053 2927/2146/2072 2935/2151/2079 2906/2142/2068
f 2937/2152/2080 2936/2152/2121 2938/2153/2082 2939/2154/2083 2940/2155/2084 2941/2156/2085 2942/2157/2122 2943/2158/2087 2944/2159/2088 2945/2153/2123
f 2928/2145/2116 2955/2160/2124 2954/2161/2125 2927/2146/2072
f 2929/2147/2073 2946/2162/2126 2955/2160/2124 2928/2145/2116
f 2930/2146/2074 2947/2163/2093 2946/2162/2126 2929/2147/2073
f 2932/2148/2117 2950/2164/2127 2949/2165/2095 2931/2149/2118
f 2933/2150/2119 2951/2166/2128 2950/2164/2127 2932/2148/2117
f 2934/2149/2120 2952/2165/2129 2951/2166/2128 2933/2150/2119
f 2935/2151/2079 2953/2167/2098 2952/2165/2129 2934/2149/2120
f 2935/2151/2079 2927/2146/2072 2954/2161/2125 2953/2167/2098
f 2955/2160/2124 2946/2162/2126 2936/2152/2121 2937/2152/2080
f 2946/2162/2126 2947/2163/2093 2938/2153/2082 2936/2152/2121
f 2947/2163/2093 2948/2168/2099 2939/2154/2083 2938/2153/2082
f 2948/2168/2099 2949/2165/2095 2940/2155/2084 2939/2154/2083
f 2949/2165/2095 2950/2164/2127 2941/2156/2085 2940/2155/2084
f 2950/2164/2127 2951/2166/2128 2942/2157/2122 2941/2156/2085
f 2951/2166/2128 2952/2165/2129 2943/2158/2087 2942/2157/2122
f 2952/2165/2129 2953/2167/2098 2944/2159/2088 2943/2158/2087
f 2953/2167/2098 2954/2161/2125 2945/2153/2123 2944/2159/2088
f 2954/2161/2125 2955/2160/2124 2937/2152/2080 2945/2153/2123
f 2966/2169/2042 2974/2170/2043 2973/2171/2044 2972/2172/2045 2971/2173/2046 2970/2173/2130 2969/2174/2048 2968/2171/2049 2967/2175/2050 2965/2176/2103
f 2957/2177/2104 2956/2178/2053 2983/2179/2131 2984/2180/2106
f 2958/2181/2056 2957/2177/2104 2984/2180/2106 2975/2180/2057
f 2959/2178/2058 2958/2181/2056 2975/2180/2057 2976/2182/2059
f 2961/2183/2132 2960/2184/2109 2978/2185/2133 2979/2186/2111
f 2962/2183/2112 2961/2183/2132 2979/2186/2111 2980/2187/2065
f 2963/2188/2114 2962/2183/2112 2980/2187/2065 2981/2185/2115
f 2964/2189/2068 2963/2188/2114 2981/2185/2115 2982/2190/2069
f 2964/2189/2068 2982/2190/2069 2983/2179/2131 2956/2178/2053
f 2984/2180/2106 2966/2169/2042 2965/2176/2103 2975/2180/2057
f 2975/2180/2057 2965/2176/2103 2967/2175/2050 2976/2182/2059
f 2976/2182/2059 2967/2175/2050 2968/2171/2049 2977/2190/2070
f 2977/2190/2070 2968/2171/2049 2969/2174/2048 2978/2185/2133
f 2978/2185/2133 2969/2174/2048 2970/2173/2130 2979/2186/2111
f 2979/2186/2111 2970/2173/2130 2971/2173/2046 2980/2187/2065
f 2980/2187/2065 2971/2173/2046 2972/2172/2045 2981/2185/2115
f 2981/2185/2115 2972/2172/2045 2973/2171/2044 2982/2190/2069
f 2982/2190/2069 2973/2171/2044 2974/2170/2043 2983/2179/2131
f 2983/2179/2131 2974/2170/2043 2966/2169/2042 2984/2180/2106
f 2957/2177/2104 2986/2191/2116 2985/2192/2072 2956/2178/2053
f 2958/2181/2056 2987/2193/2073 2986/2191/2116 2957/2177/2104
f 2959/2178/2058 2988/2192/2074 2987/2193/2073 2958/2181/2056
f 2961/2183/2132 2990/2194/2134 2989/2195/2118 2960/2184/2109
f 2962/2183/2112 2991/2194/2119 2990/2194/2134 2961/2183/2132
f 2963/2188/2114 2992/2196/2120 2991/2194/2119 2962/2183/2112
f 2964/2189/2068 2993/2197/2079 2992/2196/2120 2963/2188/2114
f 2956/2178/2053 2985/2192/2072 2993/2197/2079 2964/2189/2068
f 2995/2198/2080 2994/2199/2121 2996/2200/2135 2997/2201/2083 2998/2202/2084 2999/2203/2136 3000/2203/2086 3001/2204/2087 3002/2201/2088 3003/2205/2089
f 2986/2191/2116 3013/2206/2124 3012/2207/2091 2985/2192/2072
f 2987/2193/2073 3004/2206/2126 3013/2206/2124 2986/2191/2116
f 2988/2192/2074 3005/2208/2093 3004/2206/2126 2987/2193/2073
f 2990/2194/2134 3008/2209/2127 3007/2210/2137 2989/2195/2118
f 2991/2194/2119 3009/2211/2096 3008/2209/2127 2990/2194/2134
f 2992/2196/2120 3010/2210/2129 3009/2211/2096 2991/2194/2119
f 2993/2197/2079 3011/2212/2098 3010/2210/2129 2992/2196/2120
f 2993/2197/2079 2985/2192/2072 3012/2207/2091 3011/2212/2098
f 3013/2206/2124 3004/2206/2126 2994/2199/2121 2995/2198/2080
f 3004/2206/2126 3005/2208/2093 2996/2200/2135 2994/2199/2121
f 3005/2208/2093 3006/2212/2099 2997/2201/2083 2996/2200/2135
f 3006/2212/2099 3007/2210/2137 2998/2202/2084 2997/2201/2083
f 3007/2210/2137 3008/2209/2127 2999/2203/2136 2998/2202/2084
f 3008/2209/2127 3009/2211/2096 3000/2203/2086 2999/2203/2136
f 3009/2211/2096 3010/2210/2129 3001/2204/2087 3000/2203/2086
f 3010/2210/2129 3011/2212/2098 3002/2201/2088 3001/2204/2087
f 3011/2212/2098 3012/2207/2091 3003/2205/2089 3002/2201/2088
f 3012/2207/2091 3013/2206/2124 2995/2198/2080 3003/2205/2089
f 3024/2213/2042 3032/2214/2100 3031/2215/2044 3030/2216/2045 3029/2217/2046 3028/2217/2130 3027/2216/2048 3026/2218/2049 3025/2214/2050 3023/2213/2103
f 3015/2219/2104 3014/2220/2053 3041/2221/2131 3042/2222/2106
f 3016/2219/2056 3015/2219/2104 3042/2222/2106 3033/2222/2057
f 3017/2220/2058 3016/2219/2056 3033/2222/2057 3034/2221/2059
f 3019/2223/2108 3018/2224/2109 3036/2225/2110 3037/2226/2111
f 3020/2223/2112 3019/2223/2108 3037/2226/2111 3038/2226/2113
f 3021/2227/2114 3020/2223/2112 3038/2226/2113 3039/2225/2115
f 3022/2228/2068 3021/2227/2114 3039/2225/2115 3040/2229/2069
f 3022/2228/2068 3040/2229/2069 3041/2221/2131 3014/2220/2053
f 3042/2222/2106 3024/2213/2042 3023/2213/2103 3033/2222/2057
f 3033/2222/2057 3023/2213/2103 3025/2214/2050 3034/2221/2059
f 3034/2221/2059 3025/2214/2050 3026/2218/2049 3035/2229/2070
f 3035/2229/2070 3026/2218/2049 3027/2216/2048 3036/2225/2110
f 3036/2225/2110 3027/2216/2048 3028/2217/2130 3037/2226/2111
f 3037/2226/2111 3028/2217/2130 3029/2217/2046 3038/2226/2113
f 3038/2226/2113 3029/2217/2046 3030/2216/2045 3039/2225/2115
f 3039/2225/2115 3030/2216/2045 3031/2215/2044 3040/2229/2069
f 3040/2229/2069 3031/2215/2044 3032/2214/2100 3041/2221/2131
f 3041/2221/2131 3032/2214/2100 3024/2213/2042 3042/2222/2106
f 3015/2219/2104 3044/2230/2116 3043/2231/2072 3014/2220/2053
f 3016/2219/2056 3045/2230/2073 3044/2230/2116 3015/2219/2104
f 3017/2220/2058 3046/2231/2074 3045/2230/2073 3016/2219/2056
f 3019/2223/2108 3048/2232/2117 3047/2233/2118 3018/2224/2109
f 3020/2223/2112 3049/2232/2119 3048/2232/2117 3019/2223/2108
f 3021/2227/2114 3050/2234/2120 3049/2232/2119 3020/2223/2112
f 3022/2228/2068 3051/2235/2079 3050/2234/2120 3021/2227/2114
f 3014/2220/2053 3043/2231/2072 3051/2235/2079 3022/2228/2068
f 3053/2236/2080 3052/2236/2121 3054/2237/2082 3055/2238/2083 3056/2239/2084 3057/2240/2136 3058/2240/2086 3059/2239/2087 3060/2241/2088 3061/2237/2089
f 3044/2230/2116 3071/2242/2138 3070/2243/2139 3043/2231/2072
f 3045/2230/2073 3062/2242/2126 3071/2242/2138 3044/2230/2116
f 3046/2231/2074 3063/2243/2093 3062/2242/2126 3045/2230/2073
f 3048/2232/2117 3066/2244/2094 3065/2245/2095 3047/2233/2118
f 3049/2232/2119 3067/2244/2128 3066/2244/2094 3048/2232/2117
f 3050/2234/2120 3068/2245/2129 3067/2244/2128 3049/2232/2119
f 3051/2235/2079 3069/2246/2098 3068/2245/2129 3050/2234/2120
f 3051/2235/2079 3043/2231/2072 3070/2243/2139 3069/2246/2098
f 3071/2242/2138 3062/2242/2126 3052/2236/2121 3053/2236/2080
f 3062/2242/2126 3063/2243/2093 3054/2237/2082 3052/2236/2121
f 3063/2243/2093 3064/2246/2099 3055/2238/2083 3054/2237/2082
f 3064/2246/2099 3065/2245/2095 3056/2239/2084 3055/2238/2083
f 3065/2245/2095 3066/2244/2094 3057/2240/2136 3056/2239/2084
f 3066/2244/2094 3067/2244/2128 3058/2240/2086 3057/2240/2136
f 3067/2244/2128 3068/2245/2129 3059/2239/2087 3058/2240/2086
f 3068/2245/2129 3069/2246/2098 3060/2241/2088 3059/2239/2087
f 3069/2246/2098 3070/2243/2139 3061/2237/2089 3060/2241/2088
f 3070/2243/2139 3071/2242/2138 3053/2236/2080 3061/2237/2089
f 3082/2247/2140 3090/2248/2141 3089/2249/2142 3088/2250/2143 3087/2251/2144 3086/2251/2145 3085/2250/2146 3084/2249/2147 3083/2248/2148 3081/2247/2149
f 3073/2252/2150 3072/2253/2151 3099/2254/2152 3100/2255/2153
f 3074/2252/2154 3073/2252/2150 3100/2255/2153 3091/2255/2155
f 3075/2256/2156 3074/2252/2154 3091/2255/2155 3092/2254/2157
f 3077/2257/2158 3076/2258/2159 3094/2259/2160 3095/2260/2161
f 3078/2257/2162 3077/2257/2158 3095/2260/2161 3096/2260/2163
f 3079/2258/2164 3078/2257/2162 3096/2260/2163 3097/2259/2165
f 3080/2261/2166 3079/2258/2164 3097/2259/2165 3098/2262/2167
f 3080/2261/2166 3098/2262/2167 3099/2254/2152 3072/2253/2151
f 3100/2255/2153 3082/2247/2140 3081/2247/2149 3091/2255/2155
f 3091/2255/2155 3081/2247/2149 3083/2248/2148 3092/2254/2157
f 3092/2254/2157 3083/2248/2148 3084/2249/2147 3093/2262/2168
f 3093/2262/2168 3084/2249/2147 3085/2250/2146 3094/2259/2160
f 3094/2259/2160 3085/2250/2146 3086/2251/2145 3095/2260/2161
f 3095/2260/2161 3086/2251/2145 3087/2251/2144 3096/2260/2163
f 3096/2260/2163 3087/2251/2144 3088/2250/2143 3097/2259/2165
f 3097/2259/2165 3088/2250/2143 3089/2249/2142 3098/2262/2167
f 3098/2262/2167 3089/2249/2142 3090/2248/2141 3099/2254/2152
f 3099/2254/2152 3090/2248/2141 3082/2247/2140 3100/2255/2153
f 3073/2252/2150 3102/2263/1752 3101/2264/2169 3072/2253/2151
f 3074/2252/2154 3103/2263/2170 3102/2263/1752 3073/2252/2150
f 3075/2256/2156 3104/2265/2171 3103/2263/2170 3074/2252/2154
f 3077/2257/2158 3106/2266/2172 3105/2267/2173 3076/2258/2159
f 3078/2257/2162 3107/2266/2174 3106/2266/2172 3077/2257/2158
f 3079/2258/2164 3108/2268/2175 3107/2266/2174 3078/2257/2162
f 3080/2261/2166 3109/2269/2176 3108/2268/2175 3079/2258/2164
f 3072/2253/2151 3101/2264/2169 3109/2269/2176 3080/2261/2166
f 3111/2270/2177 3110/2270/2081 3112/2271/2135 3113/2272/2083 3114/2273/2178 3115/2274/2085 3116/2274/2122 3117/2273/2179 3118/2272/2088 3119/2271/2123
f 3102/2263/1752 3129/2275/2180 3128/2276/2181 3101/2264/2169
f 3103/2263/2170 3120/2275/2182 3129/2275/2180 3102/2263/1752
f 3104/2265/2171 3121/2276/2183 3120/2275/2182 3103/2263/2170
f 3106/2266/2172 3124/2277/2184 3123/2278/2185 3105/2267/2173
f 3107/2266/2174 3125/2277/2186 3124/2277/2184 3106/2266/2172
f 3108/2268/2175 3126/2278/2187 3125/2277/2186 3107/2266/2174
f 3109/2269/2176 3127/2279/2188 3126/2278/2187 3108/2268/2175
f 3109/2269/2176 3101/2264/2169 3128/2276/2181 3127/2279/2188
f 3129/2275/2180 3120/2275/2182 3110/2270/2081 3111/2270/2177
f 3120/2275/2182 3121/2276/2183 3112/2271/2135 3110/2270/2081
f 3121/2276/2183 3122/2279/2099 3113/2272/2083 3112/2271/2135
f 3122/2279/2099 3123/2278/2185 3114/2273/2178 3113/2272/2083
f 3123/2278/2185 3124/2277/2184 3115/2274/2085 3114/2273/2178
f 3124/2277/2184 3125/2277/2186 3116/2274/2122 3115/2274/2085
f 3125/2277/2186 3126/2278/2187 3117/2273/2179 3116/2274/2122
f 3126/2278/2187 3127/2279/2188 3118/2272/2088 3117/2273/2179
f 3127/2279/2188 3128/2276/2181 3119/2271/2123 3118/2272/2088
f 3128/2276/2181 3129/2275/2180 3111/2270/2177 3119/2271/2123
f 3140/2280/2189 3148/2281/2190 3147/2282/2191 3146/2283/2192 3145/2284/2193 3144/2284/2194 3143/2283/2195 3142/2282/2196 3141/2281/2197 3139/2280/2198
f 3131/2285/2199 3130/2286/2200 3157/2287/2201 3158/2288/2202
f 3132/2285/2203 3131/2285/2199 3158/2288/2202 3149/2288/2204
f 3133/2286/2205 3132/2285/2203 3149/2288/2204 3150/2287/2206
f 3135/2289/2207 3134/2290/2208 3152/2291/2209 3153/2292/2210
f 3136/2289/2211 3135/2289/2207 3153/2292/2210 3154/2292/2212
f 3137/2290/2213 3136/2289/2211 3154/2292/2212 3155/2291/2214
f 3138/2293/2215 3137/2290/2213 3155/2291/2214 3156/2294/2216
f 3138/2293/2215 3156/2294/2216 3157/2287/2201 3130/2286/2200
f 3158/2288/2202 3140/2280/2189 3139/2280/2198 3149/2288/2204
f 3149/2288/2204 3139/2280/2198 3141/2281/2197 3150/2287/2206
f 3150/2287/2206 3141/2281/2197 3142/2282/2196 3151/2294/2217
f 3151/2294/2217 3142/2282/2196 3143/2283/2195 3152/2291/2209
f 3152/2291/2209 3143/2283/2195 3144/2284/2194 3153/2292/2210
f 3153/2292/2210 3144/2284/2194 3145/2284/2193 3154/2292/2212
f 3154/2292/2212 3145/2284/2193 3146/2283/2192 3155/2291/2214
f 3155/2291/2214 3146/2283/2192 3147/2282/2191 3156/2294/2216
f 3156/2294/2216 3147/2282/2191 3148/2281/2190 3157/2287/2201
f 3157/2287/2201 3148/2281/2190 3140/2280/2189 3158/2288/2202
f 3131/2285/2199 3160/2295/2218 3159/2296/2219 3130/2286/2200
f 3132/2285/2203 3161/2295/2220 3160/2295/2218 3131/2285/2199
f 3133/2286/2205 3162/2296/2221 3161/2295/2220 3132/2285/2203
f 3135/2289/2207 3164/2297/2222 3163/2298/1815 3134/2290/2208
f 3136/2289/2211 3165/2297/2223 3164/2297/2222 3135/2289/2207
f 3137/2290/2213 3166/2298/2224 3165/2297/2223 3136/2289/2211
f 3138/2293/2215 3167/2299/2225 3166/2298/2224 3137/2290/2213
f 3130/2286/2200 3159/2296/2219 3167/2299/2225 3138/2293/2215
f 3169/2300/2226 3168/2300/2227 3170/2301/2228 3171/2302/2229 3172/2303/2230 3173/2304/2231 3174/2304/2232 3175/2303/2233 3176/2302/2234 3177/2301/2235
f 3160/2295/2218 3187/2305/2236 3186/2306/2237 3159/2296/2219
f 3161/2295/2220 3178/2305/2238 3187/2305/2236 3160/2295/2218
f 3162/2296/2221 3179/2306/2239 3178/2305/2238 3161/2295/2220
f 3164/2297/2222 3182/2307/2240 3181/2308/2241 3163/2298/1815
f 3165/2297/2223 3183/2307/2242 3182/2307/2240 3164/2297/2222
f 3166/2298/2224 3184/2308/2243 3183/2307/2242 3165/2297/2223
f 3167/2299/2225 3185/2309/2244 3184/2308/2243 3166/2298/2224
f 3167/2299/2225 3159/2296/2219 3186/2306/2237 3185/2309/2244
f 3187/2305/2236 3178/2305/2238 3168/2300/2227 3169/2300/2226
f 3178/2305/2238 3179/2306/2239 3170/2301/2228 3168/2300/2227
f 3179/2306/2239 3180/2309/2245 3171/2302/2229 3170/2301/2228
f 3180/2309/2245 3181/2308/2241 3172/2303/2230 3171/2302/2229
f 3181/2308/2241 3182/2307/2240 3173/2304/2231 3172/2303/2230
f 3182/2307/2240 3183/2307/2242 3174/2304/2232 3173/2304/2231
f 3183/2307/2242 3184/2308/2243 3175/2303/2233 3174/2304/2232
f 3184/2308/2243 3185/2309/2244 3176/2302/2234 3175/2303/2233
f 3185/2309/2244 3186/2306/2237 3177/2301/2235 3176/2302/2234
f 3186/2306/2237 3187/2305/2236 3169/2300/2226 3177/2301/2235
f 3198/2310/2246 3206/2311/2247 3205/2312/2191 3204/2313/2248 3203/2314/2249 3202/2314/2250 3201/2313/2251 3200/2312/2196 3199/2311/2252 3197/2310/2253
f 3189/2315/2254 3188/2316/2255 3215/2317/2256 3216/2318/2257
f 3190/2315/2258 3189/2315/2254 3216/2318/2257 3207/2318/2259
f 3191/2316/2260 3190/2315/2258 3207/2318/2259 3208/2317/2261
f 3193/2319/2262 3192/2320/2263 3210/2321/2264 3211/2322/2265
f 3194/2323/2266 3193/2319/2262 3211/2322/2265 3212/2322/2267
f 3195/2320/2268 3194/2323/2266 3212/2322/2267 3213/2321/2269
f 3196/2324/2270 3195/2320/2268 3213/2321/2269 3214/2325/2271
f 3196/2324/2270 3214/2325/2271 3215/2317/2256 3188/2316/2255
f 3216/2318/2257 3198/2310/2246 3197/2310/2253 3207/2318/2259
f 3207/2318/2259 3197/2310/2253 3199/2311/2252 3208/2317/2261
f 3208/2317/2261 3199/2311/2252 3200/2312/2196 3209/2325/2217
f 3209/2325/2217 3200/2312/2196 3201/2313/2251 3210/2321/2264
f 3210/2321/2264 3201/2313/2251 3202/2314/2250 3211/2322/2265
f 3211/2322/2265 3202/2314/2250 3203/2314/2249 3212/2322/2267
f 3212/2322/2267 3203/2314/2249 3204/2313/2248 3213/2321/2269
f 3213/2321/2269 3204/2313/2248 3205/2312/2191 3214/2325/2271
f 3214/2325/2271 3205/2312/2191 3206/2311/2247 3215/2317/2256
f 3215/2317/2256 3206/2311/2247 3198/2310/2246 3216/2318/2257
f 3189/2315/2254 3218/2326/2272 3217/2327/2273 3188/2316/2255
f 3190/2315/2258 3219/2326/2274 3218/2326/2272 3189/2315/2254
f 3191/2316/2260 3220/2327/2275 3219/2326/2274 3190/2315/2258
f 3193/2319/2262 3222/2328/2276 3221/2329/2277 3192/2320/2263
f 3194/2323/2266 3223/2330/2278 3222/2328/2276 3193/2319/2262
f 3195/2320/2268 3224/2329/2279 3223/2330/2278 3194/2323/2266
f 3196/2324/2270 3225/2331/2280 3224/2329/2279 3195/2320/2268
f 3188/2316/2255 3217/2327/2273 3225/2331/2280 3196/2324/2270
f 3227/2332/2281 3226/2332/2282 3228/2333/2283 3229/2334/2229 3230/2335/2284 3231/2336/2285 3232/2336/2286 3233/2335/2287 3234/2334/2234 3235/2333/2288
f 3218/2326/2272 3245/2337/2289 3244/2338/2290 3217/2327/2273
f 3219/2326/2274 3236/2337/2291 3245/2337/2289 3218/2326/2272
f 3220/2327/2275 3237/2338/2292 3236/2337/2291 3219/2326/2274
f 3222/2328/2276 3240/2339/2293 3239/2340/2294 3221/2329/2277
f 3223/2330/2278 3241/2339/2295 3240/2339/2293 3222/2328/2276
f 3224/2329/2279 3242/2340/2296 3241/2339/2295 3223/2330/2278
f 3225/2331/2280 3243/2341/2297 3242/2340/2296 3224/2329/2279
f 3225/2331/2280 3217/2327/2273 3244/2338/2290 3243/2341/2297
f 3245/2337/2289 3236/2337/2291 3226/2332/2282 3227/2332/2281
f 3236/2337/2291 3237/2338/2292 3228/2333/2283 3226/2332/2282
f 3237/2338/2292 3238/2341/2245 3229/2334/2229 3228/2333/2283
f 3238/2341/2245 3239/2340/2294 3230/2335/2284 3229/2334/2229
f 3239/2340/2294 3240/2339/2293 3231/2336/2285 3230/2335/2284
f 3240/2339/2293 3241/2339/2295 3232/2336/2286 3231/2336/2285
f 3241/2339/2295 3242/2340/2296 3233/2335/2287 3232/2336/2286
f 3242/2340/2296 3243/2341/2297 3234/2334/2234 3233/2335/2287
f 3243/2341/2297 3244/2338/2290 3235/2333/2288 3234/2334/2234
f 3244/2338/2290 3245/2337/2289 3227/2332/2281 3235/2333/2288
f 3256/2342/2298 3264/2343/2299 3263/2344/2300 3262/2345/2192 3261/2346/2193 3260/2346/2194 3259/2345/2195 3258/2344/2301 3257/2347/2302 3255/2348/2303
f 3247/2349/2304 3246/2350/2305 3273/2351/2306 3274/2352/2307
f 3248/2353/2308 3247/2349/2304 3274/2352/2307 3265/2352/2309
f 3249/2350/2310 3248/2353/2308 3265/2352/2309 3266/2351/2311
f 3251/2354/2312 3250/2355/1858 3268/2356/2313 3269/2357/2314
f 3252/2354/2315 3251/2354/2312 3269/2357/2314 3270/2357/2316
f 3253/2355/2317 3252/2354/2315 3270/2357/2316 3271/2358/2318
f 3254/2359/2319 3253/2355/2317 3271/2358/2318 3272/2360/2320
f 3254/2359/2319 3272/2360/2320 3273/2351/2306 3246/2350/2305
f 3274/2352/2307 3256/2342/2298 3255/2348/2303 3265/2352/2309
f 3265/2352/2309 3255/2348/2303 3257/2347/2302 3266/2351/2311
f 3266/2351/2311 3257/2347/2302 3258/2344/2301 3267/2360/2217
f 3267/2360/2217 3258/2344/2301 3259/2345/2195 3268/2356/2313
f 3268/2356/2313 3259/2345/2195 3260/2346/2194 3269/2357/2314
f 3269/2357/2314 3260/2346/2194 3261/2346/2193 3270/2357/2316
f 3270/2357/2316 3261/2346/2193 3262/2345/2192 3271/2358/2318
f 3271/2358/2318 3262/2345/2192 3263/2344/2300 3272/2360/2320
f 3272/2360/2320 3263/2344/2300 3264/2343/2299 3273/2351/2306
f 3273/2351/2306 3264/2343/2299 3256/2342/2298 3274/2352/2307
f 3247/2349/2304 3276/2361/2321 3275/2362/2322 3246/2350/2305
f 3248/2353/2308 3277/2363/2323 3276/2361/2321 3247/2349/2304
f 3249/2350/2310 3278/2364/2324 3277/2363/2323 3248/2353/2308
f 3251/2354/2312 3280/2365/2325 3279/2366/1873 3250/2355/1858
f 3252/2354/2315 3281/2365/2326 3280/2365/2325 3251/2354/2312
f 3253/2355/2317 3282/2366/2327 3281/2365/2326 3252/2354/2315
f 3254/2359/2319 3283/2367/2328 3282/2366/2327 3253/2355/2317
f 3246/2350/2305 3275/2362/2322 3283/2367/2328 3254/2359/2319
f 3285/2368/2329 3284/2369/2330 3286/2370/2331 3287/2371/2332 3288/2372/2230 3289/2373/2231 3290/2373/2232 3291/2372/2233 3292/2371/2333 3293/2374/2334
f 3276/2361/2321 3303/2375/2335 3302/2376/2336 3275/2362/2322
f 3277/2363/2323 3294/2375/2337 3303/2375/2335 3276/2361/2321
f 3278/2364/2324 3295/2376/2338 3294/2375/2337 3277/2363/2323
f 3280/2365/2325 3298/2377/2339 3297/2378/2340 3279/2366/1873
f 3281/2365/2326 3299/2377/2341 3298/2377/2339 3280/2365/2325
f 3282/2366/2327 3300/2379/2342 3299/2377/2341 3281/2365/2326
f 3283/2367/2328 3301/2380/2343 3300/2379/2342 3282/2366/2327
f 3283/2367/2328 3275/2362/2322 3302/2376/2336 3301/2380/2343
f 3303/2375/2335 3294/2375/2337 3284/2369/2330 3285/2368/2329
f 3294/2375/2337 3295/2376/2338 3286/2370/2331 3284/2369/2330
f 3295/2376/2338 3296/2380/2245 3287/2371/2332 3286/2370/2331
f 3296/2380/2245 3297/2378/2340 3288/2372/2230 3287/2371/2332
f 3297/2378/2340 3298/2377/2339 3289/2373/2231 3288/2372/2230
f 3298/2377/2339 3299/2377/2341 3290/2373/2232 3289/2373/2231
f 3299/2377/2341 3300/2379/2342 3291/2372/2233 3290/2373/2232
f 3300/2379/2342 3301/2380/2343 3292/2371/2333 3291/2372/2233
f 3301/2380/2343 3302/2376/2336 3293/2374/2334 3292/2371/2333
f 3302/2376/2336 3303/2375/2335 3285/2368/2329 3293/2374/2334
f 3314/2381/2344 3322/2382/2345 3321/2383/2346 3320/2384/2347 3319/2385/2348 3318/2386/2349 3317/2384/2350 3316/2383/2351 3315/2382/2352 3313/2381/2353
f 3305/2387/2150 3304/2388/2354 3331/2389/2355 3332/2390/2356
f 3306/2387/2357 3305/2387/2150 3332/2390/2356 3323/2390/2358
f 3307/2388/2156 3306/2387/2357 3323/2390/2358 3324/2389/2359
f 3309/2391/2158 3308/2392/2360 3326/2393/2361 3327/2394/2362
f 3310/2391/2363 3309/2391/2158 3327/2394/2362 3328/2394/2364
f 3311/2395/2365 3310/2391/2363 3328/2394/2364 3329/2396/2366
f 3312/2397/2367 3311/2395/2365 3329/2396/2366 3330/2398/2368
f 3312/2397/2367 3330/2398/2368 3331/2389/2355 3304/2388/2354
f 3332/2390/2356 3314/2381/2344 3313/2381/2353 3323/2390/2358
f 3323/2390/2358 3313/2381/2353 3315/2382/2352 3324/2389/2359
f 3324/2389/2359 3315/2382/2352 3316/2383/2351 3325/2398/2369
f 3325/2398/2369 3316/2383/2351 3317/2384/2350 3326/2393/2361
f 3326/2393/2361 3317/2384/2350 3318/2386/2349 3327/2394/2362
f 3327/2394/2362 3318/2386/2349 3319/2385/2348 3328/2394/2364
f 3328/2394/2364 3319/2385/2348 3320/2384/2347 3329/2396/2366
f 3329/2396/2366 3320/2384/2347 3321/2383/2346 3330/2398/2368
f 3330/2398/2368 3321/2383/2346 3322/2382/2345 3331/2389/2355
f 3331/2389/2355 3322/2382/2345 3314/2381/2344 3332/2390/2356
f 3305/2387/2150 3334/2399/2370 3333/2400/1753 3304/2388/2354
f 3306/2387/2357 3335/2399/2371 3334/2399/2370 3305/2387/2150
f 3307/2388/2156 3336/2400/1755 3335/2399/2371 3306/2387/2357
f 3309/2391/2158 3338/2401/1756 3337/2402/2372 3308/2392/2360
f 3310/2391/2363 3339/2401/1758 3338/2401/1756 3309/2391/2158
f 3311/2395/2365 3340/2403/1759 3339/2401/1758 3310/2391/2363
f 3312/2397/2367 3341/2404/1760 3340/2403/1759 3311/2395/2365
f 3304/2388/2354 3333/2400/1753 3341/2404/1760 3312/2397/2367
f 3343/2405/2373 3342/2405/2374 3344/2406/2331 3345/2407/2332 3346/2408/2230 3347/2409/2375 3348/2410/2376 3349/2408/2233 3350/2407/2333 3351/2406/2334
f 3334/2399/2370 3361/2411/2377 3360/2412/2378 3333/2400/1753
f 3335/2399/2371 3352/2411/2379 3361/2411/2377 3334/2399/2370
f 3336/2400/1755 3353/2412/2380 3352/2411/2379 3335/2399/2371
f 3338/2401/1756 3356/2413/2381 3355/2414/2382 3337/2402/2372
f 3339/2401/1758 3357/2413/2383 3356/2413/2381 3338/2401/1756
f 3340/2403/1759 3358/2415/2384 3357/2413/2383 3339/2401/1758
f 3341/2404/1760 3359/2416/2385 3358/2415/2384 3340/2403/1759
f 3341/2404/1760 3333/2400/1753 3360/2412/2378 3359/2416/2385
f 3361/2411/2377 3352/2411/2379 3342/2405/2374 3343/2405/2373
f 3352/2411/2379 3353/2412/2380 3344/2406/2331 3342/2405/2374
f 3353/2412/2380 3354/2416/2245 3345/2407/2332 3344/2406/2331
f 3354/2416/2245 3355/2414/2382 3346/2408/2230 3345/2407/2332
f 3355/2414/2382 3356/2413/2381 3347/2409/2375 3346/2408/2230
f 3356/2413/2381 3357/2413/2383 3348/2410/2376 3347/2409/2375
f 3357/2413/2383 3358/2415/2384 3349/2408/2233 3348/2410/2376
f 3358/2415/2384 3359/2416/2385 3350/2407/2333 3349/2408/2233
f 3359/2416/2385 3360/2412/2378 3351/2406/2334 3350/2407/2333
f 3360/2412/2378 3361/2411/2377 3343/2405/2373 3351/2406/2334
f 3372/2417/2386 3380/2418/2387 3379/2419/2388 3378/2420/2389 3377/2421/2390 3376/2422/2391 3375/2420/2392 3374/2419/2393 3373/2423/2394 3371/2424/2395
f 3363/2425/2396 3362/2426/2397 3389/2427/2398 3390/2428/2399
f 3364/2425/2400 3363/2425/2396 3390/2428/2399 3381/2429/2401
f 3365/2426/2402 3364/2425/2400 3381/2429/2401 3382/2427/2403
f 3367/2430/2404 3366/2431/2405 3384/2432/2406 3385/2433/2407
f 3368/2434/2408 3367/2430/2404 3385/2433/2407 3386/2433/2409
f 3369/2431/2410 3368/2434/2408 3386/2433/2409 3387/2435/2411
f 3370/2436/2412 3369/2431/2410 3387/2435/2411 3388/2437/2413
f 3370/2436/2412 3388/2437/2413 3389/2427/2398 3362/2426/2397
f 3390/2428/2399 3372/2417/2386 3371/2424/2395 3381/2429/2401
f 3381/2429/2401 3371/2424/2395 3373/2423/2394 3382/2427/2403
f 3382/2427/2403 3373/2423/2394 3374/2419/2393 3383/2438/2414
f 3383/2438/2414 3374/2419/2393 3375/2420/2392 3384/2432/2406
f 3384/2432/2406 3375/2420/2392 3376/2422/2391 3385/2433/2407
f 3385/2433/2407 3376/2422/2391 3377/2421/2390 3386/2433/2409
f 3386/2433/2409 3377/2421/2390 3378/2420/2389 3387/2435/2411
f 3387/2435/2411 3378/2420/2389 3379/2419/2388 3388/2437/2413
f 3388/2437/2413 3379/2419/2388 3380/2418/2387 3389/2427/2398
f 3389/2427/2398 3380/2418/2387 3372/2417/2386 3390/2428/2399
f 3363/2425/2396 3392/2439/1868 3391/2440/2322 3362/2426/2397
f 3364/2425/2400 3393/2439/2415 3392/2439/1868 3363/2425/2396
f 3365/2426/2402 3394/2440/1871 3393/2439/2415 3364/2425/2400
f 3367/2430/2404 3396/2441/1996 3395/2442/2416 3366/2431/2405
f 3368/2434/2408 3397/2443/1874 3396/2441/1996 3367/2430/2404
f 3369/2431/2410 3398/2442/1875 3397/2443/1874 3368/2434/2408
f 3370/2436/2412 3399/2444/1930 3398/2442/1875 3369/2431/2410
f 3362/2426/2397 3391/2440/2322 3399/2444/1930 3370/2436/2412
f 3401/2445/2417 3400/2446/2418 3402/2447/2419 3403/2448/2420 3404/2449/2421 3405/2450/2422 3406/2451/2423 3407/2449/2424 3408/2448/2425 3409/2452/2426
f 3392/2439/1868 3419/2453/2427 3418/2454/2428 3391/2440/2322
f 3393/2439/2415 3410/2455/2429 3419/2453/2427 3392/2439/1868
f 3394/2440/1871 3411/2454/2430 3410/2455/2429 3393/2439/2415
f 3396/2441/1996 3414/2456/2431 3413/2457/2432 3395/2442/2416
f 3397/2443/1874 3415/2456/2433 3414/2456/2431 3396/2441/1996
f 3398/2442/1875 3416/2458/2434 3415/2456/2433 3397/2443/1874
f 3399/2444/1930 3417/2459/2435 3416/2458/2434 3398/2442/1875
f 3399/2444/1930 3391/2440/2322 3418/2454/2428 3417/2459/2435
f 3419/2453/2427 3410/2455/2429 3400/2446/2418 3401/2445/2417
f 3410/2455/2429 3411/2454/2430 3402/2447/2419 3400/2446/2418
f 3411/2454/2430 3412/2460/2436 3403/2448/2420 3402/2447/2419
f 3412/2460/2436 3413/2457/2432 3404/2449/2421 3403/2448/2420
f 3413/2457/2432 3414/2456/2431 3405/2450/2422 3404/2449/2421
f 3414/2456/2431 3415/2456/2433 3406/2451/2423 3405/2450/2422
f 3415/2456/2433 3416/2458/2434 3407/2449/2424 3406/2451/2423
f 3416/2458/2434 3417/2459/2435 3408/2448/2425 3407/2449/2424
f 3417/2459/2435 3418/2454/2428 3409/2452/2426 3408/2448/2425
f 3418/2454/2428 3419/2453/2427 3401/2445/2417 3409/2452/2426
f 3430/2461/2437 3438/2462/2438 3437/2463/2439 3436/2464/2440 3435/2465/2441 3434/2465/2442 3433/2464/2443 3432/2463/2444 3431/2462/2445 3429/2466/2446
f 3421/2467/2447 3420/2468/1734 3447/2469/2448 3448/2470/2449
f 3422/2467/2450 3421/2467/2447 3448/2470/2449 3439/2470/2451
f 3423/2471/2452 3422/2467/2450 3439/2470/2451 3440/2472/2453
f 3425/2473/1741 3424/2474/2454 3442/2475/2455 3443/2476/2456
f 3426/2473/2457 3425/2473/1741 3443/2476/2456 3444/2476/2458
f 3427/2477/1747 3426/2473/2457 3444/2476/2458 3445/2478/2459
f 3428/2479/2460 3427/2477/1747 3445/2478/2459 3446/2480/2461
f 3428/2479/2460 3446/2480/2461 3447/2469/2448 3420/2468/1734
f 3448/2470/2449 3430/2461/2437 3429/2466/2446 3439/2470/2451
f 3439/2470/2451 3429/2466/2446 3431/2462/2445 3440/2472/2453
f 3440/2472/2453 3431/2462/2445 3432/2463/2444 3441/2480/2462
f 3441/2480/2462 3432/2463/2444 3433/2464/2443 3442/2475/2455
f 3442/2475/2455 3433/2464/2443 3434/2465/2442 3443/2476/2456
f 3443/2476/2456 3434/2465/2442 3435/2465/2441 3444/2476/2458
f 3444/2476/2458 3435/2465/2441 3436/2464/2440 3445/2478/2459
f 3445/2478/2459 3436/2464/2440 3437/2463/2439 3446/2480/2461
f 3446/2480/2461 3437/2463/2439 3438/2462/2438 3447/2469/2448
f 3447/2469/2448 3438/2462/2438 3430/2461/2437 3448/2470/2449
f 3421/2467/2447 3450/2481/2463 3449/2482/2072 3420/2468/1734
f 3422/2467/2450 3451/2481/2464 3450/2481/2463 3421/2467/2447
f 3423/2471/2452 3452/2483/2465 3451/2481/2464 3422/2467/2450
f 3425/2473/1741 3454/2484/2466 3453/2485/2467 3424/2474/2454
f 3426/2473/2457 3455/2484/2468 3454/2484/2466 3425/2473/1741
f 3427/2477/1747 3456/2486/2469 3455/2484/2468 3426/2473/2457
f 3428/2479/2460 3457/2487/2470 3456/2486/2469 3427/2477/1747
f 3420/2468/1734 3449/2482/2072 3457/2487/2470 3428/2479/2460
f 3459/2488/2471 3458/2489/2472 3460/2490/2473 3461/2491/2474 3462/2492/2475 3463/2493/2476 3464/2493/2477 3465/2492/2478 3466/2491/2479 3467/2490/2480
f 3450/2481/2463 3477/2494/2481 3476/2495/2482 3449/2482/2072
f 3451/2481/2464 3468/2494/2483 3477/2494/2481 3450/2481/2463
f 3452/2483/2465 3469/2496/2484 3468/2494/2483 3451/2481/2464
f 3454/2484/2466 3472/2497/2485 3471/2498/2486 3453/2485/2467
f 3455/2484/2468 3473/2497/2487 3472/2497/2485 3454/2484/2466
f 3456/2486/2469 3474/2498/2488 3473/2497/2487 3455/2484/2468
f 3457/2487/2470 3475/2499/2489 3474/2498/2488 3456/2486/2469
f 3457/2487/2470 3449/2482/2072 3476/2495/2482 3475/2499/2489
f 3477/2494/2481 3468/2494/2483 3458/2489/2472 3459/2488/2471
f 3468/2494/2483 3469/2496/2484 3460/2490/2473 3458/2489/2472
f 3469/2496/2484 3470/2499/2490 3461/2491/2474 3460/2490/2473
f 3470/2499/2490 3471/2498/2486 3462/2492/2475 3461/2491/2474
f 3471/2498/2486 3472/2497/2485 3463/2493/2476 3462/2492/2475
f 3472/2497/2485 3473/2497/2487 3464/2493/2477 3463/2493/2476
f 3473/2497/2487 3474/2498/2488 3465/2492/2478 3464/2493/2477
f 3474/2498/2488 3475/2499/2489 3466/2491/2479 3465/2492/2478
f 3475/2499/2489 3476/2495/2482 3467/2490/2480 3466/2491/2479
f 3476/2495/2482 3477/2494/2481 3459/2488/2471 3467/2490/2480
f 3488/2500/2491 3496/2501/2492 3495/2502/2493 3494/2503/2494 3493/2504/2495 3492/2504/2496 3491/2503/2497 3490/2502/2498 3489/2505/2499 3487/2506/2500
f 3479/2507/2199 3478/2508/2200 3505/2509/2501 3506/2510/2502
f 3480/2507/2503 3479/2507/2199 3506/2510/2502 3497/2510/2504
f 3481/2511/2505 3480/2507/2503 3497/2510/2504 3498/2512/2506
f 3483/2513/2132 3482/2514/2507 3500/2515/2508 3501/2516/2509
f 3484/2517/2510 3483/2513/2132 3501/2516/2509 3502/2518/2511
f 3485/2514/2512 3484/2517/2510 3502/2518/2511 3503/2515/2513
f 3486/2519/2514 3485/2514/2512 3503/2515/2513 3504/2520/2515
f 3486/2519/2514 3504/2520/2515 3505/2509/2501 3478/2508/2200
f 3506/2510/2502 3488/2500/2491 3487/2506/2500 3497/2510/2504
f 3497/2510/2504 3487/2506/2500 3489/2505/2499 3498/2512/2506
f 3498/2512/2506 3489/2505/2499 3490/2502/2498 3499/2521/2516
f 3499/2521/2516 3490/2502/2498 3491/2503/2497 3500/2515/2508
f 3500/2515/2508 3491/2503/2497 3492/2504/2496 3501/2516/2509
f 3501/2516/2509 3492/2504/2496 3493/2504/2495 3502/2518/2511
f 3502/2518/2511 3493/2504/2495 3494/2503/2494 3503/2515/2513
f 3503/2515/2513 3494/2503/2494 3495/2502/2493 3504/2520/2515
f 3504/2520/2515 3495/2502/2493 3496/2501/2492 3505/2509/2501
f 3505/2509/2501 3496/2501/2492 3488/2500/2491 3506/2510/2502
f 3479/2507/2199 3508/2522/2463 3507/2523/2517 3478/2508/2200
f 3480/2507/2503 3509/2522/2518 3508/2522/2463 3479/2507/2199
f 3481/2511/2505 3510/2524/2519 3509/2522/2518 3480/2507/2503
f 3483/2513/2132 3512/2525/2134 3511/2526/2520 3482/2514/2507
f 3484/2517/2510 3513/2527/2521 3512/2525/2134 3483/2513/2132
f 3485/2514/2512 3514/2526/2522 3513/2527/2521 3484/2517/2510
f 3486/2519/2514 3515/2528/2523 3514/2526/2522 3485/2514/2512
f 3478/2508/2200 3507/2523/2517 3515/2528/2523 3486/2519/2514
f 3517/2529/2524 3516/2530/2472 3518/2531/2473 3519/2532/2474 3520/2533/2525 3521/2534/2476 3522/2534/2477 3523/2533/2478 3524/2532/2479 3525/2535/2480
f 3508/2522/2463 3535/2536/2481 3534/2537/2482 3507/2523/2517
f 3509/2522/2518 3526/2536/2483 3535/2536/2481 3508/2522/2463
f 3510/2524/2519 3527/2538/2526 3526/2536/2483 3509/2522/2518
f 3512/2525/2134 3530/2539/2527 3529/2540/2528 3511/2526/2520
f 3513/2527/2521 3531/2541/2487 3530/2539/2527 3512/2525/2134
f 3514/2526/2522 3532/2540/2529 3531/2541/2487 3513/2527/2521
f 3515/2528/2523 3533/2542/2489 3532/2540/2529 3514/2526/2522
f 3515/2528/2523 3507/2523/2517 3534/2537/2482 3533/2542/2489
f 3535/2536/2481 3526/2536/2483 3516/2530/2472 3517/2529/2524
f 3526/2536/2483 3527/2538/2526 3518/2531/2473 3516/2530/2472
f 3527/2538/2526 3528/2543/2490 3519/2532/2474 3518/2531/2473
f 3528/2543/2490 3529/2540/2528 3520/2533/2525 3519/2532/2474
f 3529/2540/2528 3530/2539/2527 3521/2534/2476 3520/2533/2525
f 3530/2539/2527 3531/2541/2487 3522/2534/2477 3521/2534/2476
f 3531/2541/2487 3532/2540/2529 3523/2533/2478 3522/2534/2477
f 3532/2540/2529 3533/2542/2489 3524/2532/2479 3523/2533/2478
f 3533/2542/2489 3534/2537/2482 3525/2535/2480 3524/2532/2479
f 3534/2537/2482 3535/2536/2481 3517/2529/2524 3525/2535/2480
f 3546/2544/2530 3554/2545/2531 3553/2546/2532 3552/2547/2494 3551/2548/2495 3550/2548/2496 3549/2549/2533 3548/2546/2498 3547/2545/2499 3545/2544/2534
f 3537/2550/2052 3536/2551/2200 3563/2552/2535 3564/2553/2502
f 3538/2554/2056 3537/2550/2052 3564/2553/2502 3555/2555/2536
f 3539/2556/2537 3538/2554/2056 3555/2555/2536 3556/2552/2538
f 3541/2557/2539 3540/2558/2208 3558/2559/2540 3559/2560/2541
f 3542/2561/2510 3541/2557/2539 3559/2560/2541 3560/2560/2511
f 3543/2562/2114 3542/2561/2510 3560/2560/2511 3561/2559/2542
f 3544/2563/2215 3543/2562/2114 3561/2559/2542 3562/2564/2515
f 3544/2563/2215 3562/2564/2515 3563/2552/2535 3536/2551/2200
f 3564/2553/2502 3546/2544/2530 3545/2544/2534 3555/2555/2536
f 3555/2555/2536 3545/2544/2534 3547/2545/2499 3556/2552/2538
f 3556/2552/2538 3547/2545/2499 3548/2546/2498 3557/2564/2516
f 3557/2564/2516 3548/2546/2498 3549/2549/2533 3558/2559/2540
f 3558/2559/2540 3549/2549/2533 3550/2548/2496 3559/2560/2541
f 3559/2560/2541 3550/2548/2496 3551/2548/2495 3560/2560/2511
f 3560/2560/2511 3551/2548/2495 3552/2547/2494 3561/2559/2542
f 3561/2559/2542 3552/2547/2494 3553/2546/2532 3562/2564/2515
f 3562/2564/2515 3553/2546/2532 3554/2545/2531 3563/2552/2535
f 3563/2552/2535 3554/2545/2531 3546/2544/2530 3564/2553/2502
f 3537/2550/2052 3566/2565/2071 3565/2566/2517 3536/2551/2200
f 3538/2554/2056 3567/2567/2073 3566/2565/2071 3537/2550/2052
f 3539/2556/2537 3568/2568/2543 3567/2567/2073 3538/2554/2056
f 3541/2557/2539 3570/2569/2544 3569/2570/2467 3540/2558/2208
f 3542/2561/2510 3571/2571/2545 3570/2569/2544 3541/2557/2539
f 3543/2562/2114 3572/2572/2120 3571/2571/2545 3542/2561/2510
f 3544/2563/2215 3573/2573/2470 3572/2572/2120 3543/2562/2114
f 3536/2551/2200 3565/2566/2517 3573/2573/2470 3544/2563/2215
f 3575/2574/2524 3574/2574/2546 3576/2575/2473 3577/2576/2474 3578/2577/2475 3579/2578/2547 3580/2578/2477 3581/2579/2478 3582/2576/2548 3583/2575/2480
f 3566/2565/2071 3593/2580/2481 3592/2581/2549 3565/2566/2517
f 3567/2567/2073 3584/2582/2550 3593/2580/2481 3566/2565/2071
f 3568/2568/2543 3585/2581/2551 3584/2582/2550 3567/2567/2073
f 3570/2569/2544 3588/2583/2485 3587/2584/2528 3569/2570/2467
f 3571/2571/2545 3589/2583/2487 3588/2583/2485 3570/2569/2544
f 3572/2572/2120 3590/2584/2552 3589/2583/2487 3571/2571/2545
f 3573/2573/2470 3591/2585/2489 3590/2584/2552 3572/2572/2120
f 3573/2573/2470 3565/2566/2517 3592/2581/2549 3591/2585/2489
f 3593/2580/2481 3584/2582/2550 3574/2574/2546 3575/2574/2524
f 3584/2582/2550 3585/2581/2551 3576/2575/2473 3574/2574/2546
f 3585/2581/2551 3586/2585/2490 3577/2576/2474 3576/2575/2473
f 3586/2585/2490 3587/2584/2528 3578/2577/2475 3577/2576/2474
f 3587/2584/2528 3588/2583/2485 3579/2578/2547 3578/2577/2475
f 3588/2583/2485 3589/2583/2487 3580/2578/2477 3579/2578/2547
f 3589/2583/2487 3590/2584/2552 3581/2579/2478 3580/2578/2477
f 3590/2584/2552 3591/2585/2489 3582/2576/2548 3581/2579/2478
f 3591/2585/2489 3592/2581/2549 3583/2575/2480 3582/2576/2548
f 3592/2581/2549 3593/2580/2481 3575/2574/2524 3583/2575/2480
f 3713/2586/2553 3704/2587/2554 3605/2588/2555 3604/2589/2556
f 3704/2587/2554 3705/2590/2557 3606/2591/2558 3605/2588/2555
f 3705/2590/2557 3706/2592/2559 3607/2593/2560 3606/2591/2558
f 3706/2592/2559 3707/2594/2561 3608/2595/2562 3607/2593/2560
f 3707/2594/2561 3708/2596/2563 3609/2597/2564 3608/2595/2562
f 3708/2596/2563 3709/2598/2565 3610/2599/2566 3609/2597/2564
f 3709/2598/2565 3710/2600/2567 3611/2601/2568 3610/2599/2566
f 3710/2602/2567 3711/2603/2569 3612/2604/2570 3611/2605/2568
f 3711/2603/2569 3712/2606/2571 3613/2607/2572 3612/2604/2570
f 3712/2606/2571 3713/2586/2553 3604/2589/2556 3613/2607/2572
f 3604/2589/2556 3605/2588/2555 3615/2608/2573 3614/2609/2574
f 3613/2607/2572 3604/2589/2556 3614/2609/2574 3616/2610/2575
f 3605/2588/2555 3606/2591/2558 3617/2611/2576 3615/2608/2573
f 3606/2591/2558 3607/2593/2560 3618/2612/2577 3617/2611/2576
f 3607/2593/2560 3608/2595/2562 3619/2613/2578 3618/2612/2577
f 3608/2595/2562 3609/2597/2564 3620/2614/2579 3619/2613/2578
f 3609/2597/2564 3610/2599/2566 3621/2615/2580 3620/2614/2579
f 3610/2599/2566 3611/2601/2568 3622/2616/2581 3621/2615/2580
f 3611/2605/2568 3612/2604/2570 3623/2617/2582 3622/2618/2581
f 3612/2604/2570 3613/2607/2572 3616/2610/2575 3623/2617/2582
f 3614/2609/2583 3615/2608/2584 3625/2619/2585 3624/2620/2586
f 3616/2610/2587 3614/2609/2583 3624/2620/2586 3626/2621/2587
f 3615/2608/2584 3617/2611/2588 3627/2622/2589 3625/2619/2585
f 3617/2611/2588 3618/2612/2590 3628/2623/2591 3627/2622/2589
f 3618/2612/2590 3619/2613/2592 3629/2624/2592 3628/2623/2591
f 3619/2613/2592 3620/2614/2593 3630/2625/2594 3629/2624/2592
f 3620/2614/2593 3621/2615/2595 3631/2626/2596 3630/2625/2594
f 3621/2615/2595 3622/2616/2597 3632/2627/2598 3631/2626/2596
f 3622/2618/2597 3623/2617/2599 3633/2628/2600 3632/2629/2598
f 3623/2617/2599 3616/2610/2587 3626/2621/2587 3633/2628/2600
f 3624/2620/2601 3625/2619/2602 3635/2630/2603 3634/2631/2604
f 3626/2621/2605 3624/2620/2601 3634/2631/2604 3636/2632/2606
f 3625/2619/2602 3627/2622/2607 3637/2633/2608 3635/2630/2603
f 3627/2622/2607 3628/2623/2609 3638/2634/2610 3637/2633/2608
f 3628/2623/2609 3629/2624/2611 3639/2635/2612 3638/2634/2610
f 3629/2624/2611 3630/2625/2613 3640/2636/2614 3639/2635/2612
f 3630/2625/2613 3631/2626/2615 3641/2637/2616 3640/2636/2614
f 3631/2626/2615 3632/2627/2617 3642/2638/2618 3641/2637/2616
f 3632/2629/2617 3633/2628/2619 3643/2639/2620 3642/2640/2618
f 3633/2628/2619 3626/2621/2605 3636/2632/2606 3643/2639/2620
f 3635/2641/2603 3637/2642/2608 3638/2643/2610 3639/2644/2612 3640/2645/2614 3641/2646/2616 3642/2647/2618 3643/2648/2620 3636/2649/2606 3634/2650/2604
f 3595/2651/2621 3594/2652/2622 3644/2653/2623 3645/2654/2623
f 3596/2655/2624 3595/2651/2621 3645/2654/2623 3646/2656/2625
f 3597/2657/2626 3596/2655/2624 3646/2656/2625 3647/2658/2623
f 3598/2659/2627 3597/2657/2626 3647/2658/2623 3648/2660/2628
f 3599/2661/2622 3598/2659/2627 3648/2660/2628 3649/2662/2623
f 3600/2663/2621 3599/2661/2622 3649/2662/2623 3650/2664/2629
f 3601/2665/2624 3600/2663/2621 3650/2664/2629 3651/2666/2623
f 3602/2667/2626 3601/2668/2624 3651/2669/2623 3652/2670/2629
f 3603/2671/2627 3602/2667/2626 3652/2670/2629 3653/2672/2628
f 3594/2652/2622 3603/2671/2627 3653/2672/2628 3644/2653/2623
f 3683/2673/2630 3674/2674/2631 3654/2675/2632 3655/2676/2633
f 3682/2677/2634 3683/2673/2630 3655/2676/2633 3656/2678/2635
f 3681/2679/2636 3682/2677/2634 3656/2678/2635 3657/2680/2637
f 3680/2681/2638 3681/2679/2636 3657/2680/2637 3658/2682/2638
f 3679/2683/2639 3680/2681/2638 3658/2682/2638 3659/2684/2640
f 3678/2685/2641 3679/2683/2639 3659/2684/2640 3660/2686/2642
f 3677/2687/2643 3678/2685/2641 3660/2686/2642 3661/2688/2644
f 3676/2689/2645 3677/2690/2643 3661/2691/2644 3662/2692/2646
f 3675/2693/2647 3676/2689/2645 3662/2692/2646 3663/2694/2647
f 3674/2674/2631 3675/2693/2647 3663/2694/2647 3654/2675/2632
f 3644/2653/2648 3653/2672/2649 3665/2695/2649 3664/2696/2648
f 3653/2672/2649 3652/2670/2650 3666/2697/2650 3665/2695/2649
f 3652/2670/2650 3651/2669/2651 3667/2698/2652 3666/2697/2650
f 3651/2666/2651 3650/2664/2653 3668/2699/2654 3667/2700/2652
f 3650/2664/2653 3649/2662/2655 3669/2701/2655 3668/2699/2654
f 3649/2662/2655 3648/2660/2656 3670/2702/2656 3669/2701/2655
f 3648/2660/2656 3647/2658/2657 3671/2703/2657 3670/2702/2656
f 3647/2658/2657 3646/2656/2658 3672/2704/2659 3671/2703/2657
f 3646/2656/2658 3645/2654/2660 3673/2705/2661 3672/2704/2659
f 3645/2654/2660 3644/2653/2648 3664/2696/2648 3673/2705/2661
f 3684/2706/2662 3685/2707/2663 3686/2708/2663 3687/2709/2664
f 3685/2707/2663 3688/2710/2665 3689/2711/2666 3686/2708/2663
f 3688/2710/2665 3690/2712/2667 3691/2713/2668 3689/2711/2666
f 3690/2714/2667 3692/2715/2669 3693/2716/2670 3691/2717/2668
f 3692/2715/2669 3694/2718/2671 3695/2719/2672 3693/2716/2670
f 3694/2718/2671 3696/2720/2673 3697/2721/2673 3695/2719/2672
f 3696/2720/2673 3698/2722/2674 3699/2723/2675 3697/2721/2673
f 3698/2722/2674 3700/2724/2676 3701/2725/2677 3699/2723/2675
f 3700/2724/2676 3702/2726/2678 3703/2727/2679 3701/2725/2677
f 3702/2726/2678 3684/2706/2662 3687/2709/2664 3703/2727/2679
f 3664/2696/2680 3665/2695/2680 3685/2707/2680 3684/2706/2680
f 3675/2693/2681 3674/2674/2629 3687/2709/2629 3686/2708/2681
f 3665/2695/2680 3666/2697/2680 3688/2710/2680 3685/2707/2680
f 3676/2689/2625 3675/2693/2681 3686/2708/2681 3689/2711/2625
f 3666/2697/2680 3667/2698/2682 3690/2712/2682 3688/2710/2680
f 3677/2690/2624 3676/2689/2625 3689/2711/2625 3691/2713/2624
f 3667/2700/2682 3668/2699/2682 3692/2715/2682 3690/2714/2682
f 3678/2685/2624 3677/2687/2624 3691/2717/2624 3693/2716/2624
f 3668/2699/2682 3669/2701/2680 3694/2718/2680 3692/2715/2682
f 3679/2683/2628 3678/2685/2624 3693/2716/2624 3695/2719/2628
f 3669/2701/2680 3670/2702/2680 3696/2720/2680 3694/2718/2680
f 3680/2681/2628 3679/2683/2628 3695/2719/2628 3697/2721/2628
f 3670/2702/2680 3671/2703/2680 3698/2722/2680 3696/2720/2680
f 3681/2679/2628 3680/2681/2628 3697/2721/2628 3699/2723/2628
f 3671/2703/2680 3672/2704/2682 3700/2724/2682 3698/2722/2680
f 3682/2677/2621 3681/2679/2628 3699/2723/2628 3701/2725/2621
f 3672/2704/2682 3673/2705/2682 3702/2726/2682 3700/2724/2682
f 3683/2673/2621 3682/2677/2621 3701/2725/2621 3703/2727/2621
f 3673/2705/2682 3664/2696/2680 3684/2706/2680 3702/2726/2682
f 3674/2674/2629 3683/2673/2621 3703/2727/2621 3687/2709/2629
f 3714/2728/2683 3715/2729/2684 3716/2730/2685 3717/2731/2686
f 3715/2729/2684 3718/2732/2687 3719/2733/2688 3716/2730/2685
f 3718/2732/2687 3720/2734/2689 3721/2735/2690 3719/2733/2688
f 3720/2734/2689 3722/2736/2691 3723/2737/2692 3721/2735/2690
f 3722/2736/2691 3724/2738/2693 3725/2739/2694 3723/2737/2692
f 3724/2738/2693 3726/2740/2695 3727/2741/2696 3725/2739/2694
f 3726/2742/2695 3728/2743/2697 3729/2744/2698 3727/2745/2696
f 3728/2743/2697 3730/2746/2699 3731/2747/2700 3729/2744/2698
f 3730/2746/2699 3732/2748/2701 3733/2749/2702 3731/2747/2700
f 3732/2748/2701 3714/2728/2683 3717/2731/2686 3733/2749/2702
f 3595/2651/2621 3596/2655/2624 3715/2729/2703 3714/2728/2704
f 3705/2590/2557 3704/2587/2554 3717/2731/2686 3716/2730/2685
f 3596/2655/2624 3597/2657/2626 3718/2732/2705 3715/2729/2703
f 3706/2592/2559 3705/2590/2557 3716/2730/2685 3719/2733/2688
f 3597/2657/2626 3598/2659/2627 3720/2734/2706 3718/2732/2705
f 3707/2594/2561 3706/2592/2559 3719/2733/2688 3721/2735/2690
f 3598/2659/2627 3599/2661/2622 3722/2736/2707 3720/2734/2706
f 3708/2596/2563 3707/2594/2561 3721/2735/2690 3723/2737/2692
f 3599/2661/2622 3600/2663/2621 3724/2738/2704 3722/2736/2707
f 3709/2598/2565 3708/2596/2563 3723/2737/2692 3725/2739/2694
f 3600/2663/2621 3601/2665/2624 3726/2740/2703 3724/2738/2704
f 3710/2600/2567 3709/2598/2565 3725/2739/2694 3727/2741/2696
f 3601/2668/2624 3602/2667/2626 3728/2743/2705 3726/2742/2703
f 3711/2603/2569 3710/2602/2567 3727/2745/2696 3729/2744/2698
f 3602/2667/2626 3603/2671/2627 3730/2746/2706 3728/2743/2705
f 3712/2606/2571 3711/2603/2569 3729/2744/2698 3731/2747/2700
f 3603/2671/2627 3594/2652/2622 3732/2748/2707 3730/2746/2706
f 3713/2586/2553 3712/2606/2571 3731/2747/2700 3733/2749/2702
f 3594/2652/2622 3595/2651/2621 3714/2728/2704 3732/2748/2707
f 3704/2587/2554 3713/2586/2553 3733/2749/2702 3717/2731/2686
f 3853/2750/2708 3844/2751/2709 3745/2752/2710 3744/2753/2711
f 3844/2751/2709 3845/2754/2712 3746/2755/2713 3745/2752/2710
f 3845/2754/2712 3846/2756/2714 3747/2757/2715 3746/2755/2713
f 3846/2756/2714 3847/2758/2716 3748/2759/2717 3747/2757/2715
f 3847/2758/2716 3848/2760/2718 3749/2761/2719 3748/2759/2717
f 3848/2760/2718 3849/2762/2720 3750/2763/2721 3749/2761/2719
f 3849/2762/2720 3850/2764/2722 3751/2765/2723 3750/2763/2721
f 3850/2766/2722 3851/2767/2724 3752/2768/2725 3751/2769/2723
f 3851/2767/2724 3852/2770/2726 3753/2771/2727 3752/2768/2725
f 3852/2770/2726 3853/2750/2708 3744/2753/2711 3753/2771/2727
f 3744/2753/2711 3745/2752/2710 3755/2772/2728 3754/2773/2729
f 3753/2771/2727 3744/2753/2711 3754/2773/2729 3756/2774/2730
f 3745/2752/2710 3746/2755/2713 3757/2775/2731 3755/2772/2728
f 3746/2755/2713 3747/2757/2715 3758/2776/2732 3757/2775/2731
f 3747/2757/2715 3748/2759/2717 3759/2777/2733 3758/2776/2732
f 3748/2759/2717 3749/2761/2719 3760/2778/2734 3759/2777/2733
f 3749/2761/2719 3750/2763/2721 3761/2779/2735 3760/2778/2734
f 3750/2763/2721 3751/2765/2723 3762/2780/2736 3761/2779/2735
f 3751/2769/2723 3752/2768/2725 3763/2781/2737 3762/2782/2736
f 3752/2768/2725 3753/2771/2727 3756/2774/2730 3763/2781/2737
f 3754/2773/2738 3755/2772/2739 3765/2783/2740 3764/2784/2741
f 3756/2774/2742 3754/2773/2738 3764/2784/2741 3766/2785/2742
f 3755/2772/2739 3757/2775/2743 3767/2786/2743 3765/2783/2740
f 3757/2775/2743 3758/2776/2744 3768/2787/2745 3767/2786/2743
f 3758/2776/2744 3759/2777/2746 3769/2788/2746 3768/2787/2745
f 3759/2777/2746 3760/2778/2747 3770/2789/2748 3769/2788/2746
f 3760/2778/2747 3761/2779/2749 3771/2790/2749 3770/2789/2748
f 3761/2779/2749 3762/2780/2750 3772/2791/2751 3771/2790/2749
f 3762/2782/2750 3763/2781/2752 3773/2792/2753 3772/2793/2751
f 3763/2781/2752 3756/2774/2742 3766/2785/2742 3773/2792/2753
f 3764/2784/2754 3765/2783/2755 3775/2794/2756 3774/2795/2757
f 3766/2785/2758 3764/2784/2754 3774/2795/2757 3776/2796/2759
f 3765/2783/2755 3767/2786/2760 3777/2797/2761 3775/2794/2756
f 3767/2786/2760 3768/2787/2762 3778/2798/2763 3777/2797/2761
f 3768/2787/2762 3769/2788/2764 3779/2799/2765 3778/2798/2763
f 3769/2788/2764 3770/2789/2766 3780/2800/2767 3779/2799/2765
f 3770/2789/2766 3771/2790/2768 3781/2801/2769 3780/2800/2767
f 3771/2790/2768 3772/2791/2770 3782/2802/2771 3781/2801/2769
f 3772/2793/2770 3773/2792/2772 3783/2803/2773 3782/2804/2771
f 3773/2792/2772 3766/2785/2758 3776/2796/2759 3783/2803/2773
f 3775/2805/2756 3777/2806/2761 3778/2807/2763 3779/2808/2765 3780/2809/2767 3781/2810/2769 3782/2811/2771 3783/2812/2773 3776/2813/2759 3774/2814/2757
f 3735/2815/2774 3734/2816/2774 3784/2817/2774 3785/2818/2774
f 3736/2819/2774 3735/2815/2774 3785/2818/2774 3786/2820/2774
f 3737/2821/2774 3736/2819/2774 3786/2820/2774 3787/2822/2774
f 3738/2823/2774 3737/2821/2774 3787/2822/2774 3788/2824/2774
f 3739/2825/2774 3738/2823/2774 3788/2824/2774 3789/2826/2774
f 3740/2827/2774 3739/2825/2774 3789/2826/2774 3790/2828/2774
f 3741/2829/2774 3740/2827/2774 3790/2828/2774 3791/2830/2774
f 3742/2831/2774 3741/2832/2774 3791/2833/2774 3792/2834/2774
f 3743/2835/2774 3742/2831/2774 3792/2834/2774 3793/2836/2774
f 3734/2816/2774 3743/2835/2774 3793/2836/2774 3784/2817/2774
f 3823/2837/2775 3814/2838/2776 3794/2839/2777 3795/2840/2778
f 3822/2841/2779 3823/2837/2775 3795/2840/2778 3796/2842/2780
f 3821/2843/2781 3822/2841/2779 3796/2842/2780 3797/2844/2782
f 3820/2845/2783 3821/2843/2781 3797/2844/2782 3798/2846/2783
f 3819/2847/2784 3820/2845/2783 3798/2846/2783 3799/2848/2785
f 3818/2849/2786 3819/2847/2784 3799/2848/2785 3800/2850/2787
f 3817/2851/2788 3818/2849/2786 3800/2850/2787 3801/2852/2789
f 3816/2853/2790 3817/2854/2788 3801/2855/2789 3802/2856/2791
f 3815/2857/2792 3816/2853/2790 3802/2856/2791 3803/2858/2792
f 3814/2838/2776 3815/2857/2792 3803/2858/2792 3794/2839/2777
f 3784/2817/2793 3793/2836/2794 3805/2859/2794 3804/2860/2795
f 3793/2836/2794 3792/2834/2796 3806/2861/2797 3805/2859/2794
f 3792/2834/2796 3791/2833/2798 3807/2862/2799 3806/2861/2797
f 3791/2830/2798 3790/2828/2800 3808/2863/2801 3807/2864/2799
f 3790/2828/2800 3789/2826/2802 3809/2865/2803 3808/2863/2801
f 3789/2826/2802 3788/2824/2804 3810/2866/2804 3809/2865/2803
f 3788/2824/2804 3787/2822/2805 3811/2867/2806 3810/2866/2804
f 3787/2822/2805 3786/2820/2807 3812/2868/2808 3811/2867/2806
f 3786/2820/2807 3785/2818/2809 3813/2869/2810 3812/2868/2808
f 3785/2818/2809 3784/2817/2793 3804/2860/2795 3813/2869/2810
f 3824/2870/2811 3825/2871/2812 3826/2872/2812 3827/2873/2813
f 3825/2871/2812 3828/2874/2814 3829/2875/2815 3826/2872/2812
f 3828/2874/2814 3830/2876/2816 3831/2877/2817 3829/2875/2815
f 3830/2878/2816 3832/2879/2818 3833/2880/2819 3831/2881/2817
f 3832/2879/2818 3834/2882/2820 3835/2883/2821 3833/2880/2819
f 3834/2882/2820 3836/2884/2822 3837/2885/2822 3835/2883/2821
f 3836/2884/2822 3838/2886/2823 3839/2887/2824 3837/2885/2822
f 3838/2886/2823 3840/2888/2825 3841/2889/2826 3839/2887/2824
f 3840/2888/2825 3842/2890/2827 3843/2891/2828 3841/2889/2826
f 3842/2890/2827 3824/2870/2811 3827/2873/2813 3843/2891/2828
f 3804/2860/2829 3805/2859/2830 3825/2871/2830 3824/2870/2829
f 3815/2857/2774 3814/2838/2774 3827/2873/2774 3826/2872/2774
f 3805/2859/2830 3806/2861/2829 3828/2874/2829 3825/2871/2830
f 3816/2853/2774 3815/2857/2774 3826/2872/2774 3829/2875/2774
f 3806/2861/2829 3807/2862/2829 3830/2876/2829 3828/2874/2829
f 3817/2854/2774 3816/2853/2774 3829/2875/2774 3831/2877/2774
f 3807/2864/2829 3808/2863/2829 3832/2879/2829 3830/2878/2829
f 3818/2849/2774 3817/2851/2774 3831/2881/2774 3833/2880/2774
f 3808/2863/2829 3809/2865/2829 3834/2882/2829 3832/2879/2829
f 3819/2847/2774 3818/2849/2774 3833/2880/2774 3835/2883/2774
f 3809/2865/2829 3810/2866/2829 3836/2884/2829 3834/2882/2829
f 3820/2845/2831 3819/2847/2774 3835/2883/2774 3837/2885/2831
f 3810/2866/2829 3811/2867/2829 3838/2886/2829 3836/2884/2829
f 3821/2843/2774 3820/2845/2831 3837/2885/2831 3839/2887/2774
f 3811/2867/2829 3812/2868/2829 3840/2888/2829 3838/2886/2829
f 3822/2841/2774 3821/2843/2774 3839/2887/2774 3841/2889/2774
f 3812/2868/2829 3813/2869/2829 3842/2890/2829 3840/2888/2829
f 3823/2837/2774 3822/2841/2774 3841/2889/2774 3843/2891/2774
f 3813/2869/2829 3804/2860/2829 3824/2870/2829 3842/2890/2829
f 3814/2838/2774 3823/2837/2774 3843/2891/2774 3827/2873/2774
f 3854/2892/2832 3855/2893/2833 3856/2894/2834 3857/2895/2835
f 3855/2893/2833 3858/2896/2836 3859/2897/2837 3856/2894/2834
f 3858/2896/2836 3860/2898/2838 3861/2899/2839 3859/2897/2837
f 3860/2898/2838 3862/2900/2840 3863/2901/2841 3861/2899/2839
f 3862/2900/2840 3864/2902/2842 3865/2903/2843 3863/2901/2841
f 3864/2902/2842 3866/2904/2844 3867/2905/2845 3865/2903/2843
f 3866/2906/2844 3868/2907/2846 3869/2908/2847 3867/2909/2845
f 3868/2907/2846 3870/2910/2848 3871/2911/2849 3869/2908/2847
f 3870/2910/2848 3872/2912/2850 3873/2913/2851 3871/2911/2849
f 3872/2912/2850 3854/2892/2832 3857/2895/2835 3873/2913/2851
f 3735/2815/2774 3736/2819/2774 3855/2893/2774 3854/2892/2774
f 3845/2754/2712 3844/2751/2709 3857/2895/2835 3856/2894/2834
f 3736/2819/2774 3737/2821/2774 3858/2896/2774 3855/2893/2774
f 3846/2756/2714 3845/2754/2712 3856/2894/2834 3859/2897/2837
f 3737/2821/2774 3738/2823/2774 3860/2898/2774 3858/2896/2774
f 3847/2758/2716 3846/2756/2714 3859/2897/2837 3861/2899/2839
f 3738/2823/2774 3739/2825/2774 3862/2900/2774 3860/2898/2774
f 3848/2760/2718 3847/2758/2716 3861/2899/2839 3863/2901/2841
f 3739/2825/2774 3740/2827/2774 3864/2902/2774 3862/2900/2774
f 3849/2762/2720 3848/2760/2718 3863/2901/2841 3865/2903/2843
f 3740/2827/2774 3741/2829/2774 3866/2904/2774 3864/2902/2774
f 3850/2764/2722 3849/2762/2720 3865/2903/2843 3867/2905/2845
f 3741/2832/2774 3742/2831/2774 3868/2907/2831 3866/2906/2774
f 3851/2767/2724 3850/2766/2722 3867/2909/2845 3869/2908/2847
f 3742/2831/2774 3743/2835/2774 3870/2910/2831 3868/2907/2831
f 3852/2770/2726 3851/2767/2724 3869/2908/2847 3871/2911/2849
f 3743/2835/2774 3734/2816/2774 3872/2912/2831 3870/2910/2831
f 3853/2750/2708 3852/2770/2726 3871/2911/2849 3873/2913/2851
f 3734/2816/2774 3735/2815/2774 3854/2892/2774 3872/2912/2831
f 3844/2751/2709 3853/2750/2708 3873/2913/2851 3857/2895/2835
f 3874/2914/2852 3875/2915/2853 3887/2916/2854 3885/2917/2855
f 3875/2918/2853 3876/2919/2856 3889/2920/2857 3887/2921/2854
f 3876/2919/2856 3877/2922/2858 3891/2923/2859 3889/2920/2857
f 3877/2922/2858 3878/2924/151 3893/2925/2860 3891/2923/2859
f 3878/2924/151 3879/2926/2861 3895/2927/2862 3893/2925/2860
f 3879/2926/2861 3880/2928/2863 3897/2929/2864 3895/2927/2862
f 3880/2928/2863 3881/2930/2865 3899/2931/2866 3897/2929/2864
f 3881/2930/2865 3882/2932/2867 3901/2933/2868 3899/2931/2866
f 3882/2932/2867 3883/2934/149 3903/2935/2869 3901/2933/2868
f 3883/2934/149 3874/2914/2852 3885/2917/2855 3903/2935/2869
f 3905/2936/2870 3904/2937/2871 3906/2938/2872 3907/2939/2873 3908/2940/2874 3909/2941/2875 3910/2942/2876 3911/2943/2877 3912/2944/2878 3913/2945/2879
f 3884/2946/2880 3886/2947/2881 3923/2948/2882 3922/2949/2883
f 3884/2946/2880 3885/2950/2855 3887/2951/2854 3886/2947/2881
f 3886/2947/2881 3888/2952/2884 3914/2953/2885 3923/2948/2882
f 3886/2947/2881 3887/2951/2854 3889/2954/2857 3888/2952/2884
f 3888/2952/2884 3890/2955/2886 3915/2956/2887 3914/2953/2885
f 3888/2952/2884 3889/2954/2857 3891/2957/2859 3890/2955/2886
f 3890/2955/2886 3892/2958/2888 3916/2959/2889 3915/2956/2887
f 3890/2955/2886 3891/2957/2859 3893/2960/2860 3892/2958/2888
f 3892/2958/2888 3894/2961/2890 3917/2962/2891 3916/2959/2889
f 3892/2958/2888 3893/2960/2860 3895/2963/2862 3894/2961/2890
f 3894/2961/2890 3896/2964/2892 3918/2965/2893 3917/2962/2891
f 3894/2961/2890 3895/2963/2862 3897/2966/2864 3896/2964/2892
f 3896/2964/2892 3898/2967/2894 3919/2968/2895 3918/2965/2893
f 3896/2964/2892 3897/2966/2864 3899/2969/2866 3898/2967/2894
f 3898/2967/2894 3900/2970/2896 3920/2971/2897 3919/2968/2895
f 3898/2967/2894 3899/2969/2866 3901/2972/2868 3900/2970/2896
f 3900/2970/2896 3902/2973/2898 3921/2974/2899 3920/2971/2897
f 3900/2970/2896 3901/2972/2868 3903/2975/2869 3902/2973/2898
f 3885/2950/2855 3884/2946/2880 3902/2973/2898 3903/2975/2869
f 3902/2973/2898 3884/2946/2880 3922/2949/2883 3921/2974/2899
f 3923/2948/2882 3914/2953/2885 3904/2937/2871 3905/2936/2870
f 3914/2953/2885 3915/2956/2887 3906/2938/2872 3904/2937/2871
f 3915/2956/2887 3916/2959/2889 3907/2939/2873 3906/2938/2872
f 3916/2959/2889 3917/2962/2891 3908/2940/2874 3907/2939/2873
f 3917/2962/2891 3918/2965/2893 3909/2941/2875 3908/2940/2874
f 3918/2965/2893 3919/2968/2895 3910/2942/2876 3909/2941/2875
f 3919/2968/2895 3920/2971/2897 3911/2943/2877 3910/2942/2876
f 3920/2971/2897 3921/2974/2899 3912/2944/2878 3911/2943/2877
f 3921/2974/2899 3922/2949/2883 3913/2945/2879 3912/2944/2878
f 3922/2949/2883 3923/2948/2882 3905/2936/2870 3913/2945/2879
f 3924/2976/2900 3925/2977/2901 3937/2978/2902 3935/2979/2903
f 3925/2980/2901 3926/2981/2904 3939/2982/2905 3937/2983/2902
f 3926/2981/2904 3927/2984/2906 3941/2985/2907 3939/2982/2905
f 3927/2984/2906 3928/2986/151 3943/2987/2908 3941/2985/2907
f 3928/2986/151 3929/2988/2909 3945/2989/2910 3943/2987/2908
f 3929/2988/2909 3930/2990/2911 3947/2991/2912 3945/2989/2910
f 3930/2990/2911 3931/2992/2913 3949/2993/2914 3947/2991/2912
f 3931/2992/2913 3932/2994/2915 3951/2995/2916 3949/2993/2914
f 3932/2994/2915 3933/2996/149 3953/2997/2917 3951/2995/2916
f 3933/2996/149 3924/2976/2900 3935/2979/2903 3953/2997/2917
f 3955/2998/2870 3954/2999/2871 3956/3000/2918 3957/3001/2919 3958/3002/2920 3959/3003/2875 3960/3004/2876 3961/3005/2921 3962/3006/2922 3963/3007/2923
f 3934/3008/2924 3936/3009/2925 3973/3010/2926 3972/3011/2927
f 3934/3008/2924 3935/3012/2903 3937/3013/2902 3936/3009/2925
f 3936/3009/2925 3938/3014/2928 3964/3015/2929 3973/3010/2926
f 3936/3009/2925 3937/3013/2902 3939/3016/2905 3938/3014/2928
f 3938/3014/2928 3940/3017/2930 3965/3018/2931 3964/3015/2929
f 3938/3014/2928 3939/3016/2905 3941/3019/2907 3940/3017/2930
f 3940/3017/2930 3942/3020/2932 3966/3021/2889 3965/3018/2931
f 3940/3017/2930 3941/3019/2907 3943/3022/2908 3942/3020/2932
f 3942/3020/2932 3944/3023/2933 3967/3024/2934 3966/3021/2889
f 3942/3020/2932 3943/3022/2908 3945/3025/2910 3944/3023/2933
f 3944/3023/2933 3946/3026/2935 3968/3027/2936 3967/3024/2934
f 3944/3023/2933 3945/3025/2910 3947/3028/2912 3946/3026/2935
f 3946/3026/2935 3948/3029/2937 3969/3030/2938 3968/3027/2936
f 3946/3026/2935 3947/3028/2912 3949/3031/2914 3948/3029/2937
f 3948/3029/2937 3950/3032/2939 3970/3033/2940 3969/3030/2938
f 3948/3029/2937 3949/3031/2914 3951/3034/2916 3950/3032/2939
f 3950/3032/2939 3952/3035/2941 3971/3036/2899 3970/3033/2940
f 3950/3032/2939 3951/3034/2916 3953/3037/2917 3952/3035/2941
f 3935/3012/2903 3934/3008/2924 3952/3035/2941 3953/3037/2917
f 3952/3035/2941 3934/3008/2924 3972/3011/2927 3971/3036/2899
f 3973/3010/2926 3964/3015/2929 3954/2999/2871 3955/2998/2870
f 3964/3015/2929 3965/3018/2931 3956/3000/2918 3954/2999/2871
f 3965/3018/2931 3966/3021/2889 3957/3001/2919 3956/3000/2918
f 3966/3021/2889 3967/3024/2934 3958/3002/2920 3957/3001/2919
f 3967/3024/2934 3968/3027/2936 3959/3003/2875 3958/3002/2920
f 3968/3027/2936 3969/3030/2938 3960/3004/2876 3959/3003/2875
f 3969/3030/2938 3970/3033/2940 3961/3005/2921 3960/3004/2876
f 3970/3033/2940 3971/3036/2899 3962/3006/2922 3961/3005/2921
f 3971/3036/2899 3972/3011/2927 3963/3007/2923 3962/3006/2922
f 3972/3011/2927 3973/3010/2926 3955/2998/2870 3963/3007/2923
f 3974/3038/2900 3975/3039/2901 3987/3040/2942 3985/3041/2943
f 3975/3042/2901 3976/3043/2856 3989/3044/2944 3987/3045/2942
f 3976/3043/2856 3977/3046/2858 3991/3047/2945 3989/3044/2944
f 3977/3046/2858 3978/3048/151 3993/3049/2860 3991/3047/2945
f 3978/3048/151 3979/3050/2861 3995/3051/2946 3993/3049/2860
f 3979/3050/2861 3980/3052/2863 3997/3053/2947 3995/3051/2946
f 3980/3052/2863 3981/3054/2913 3999/3055/2948 3997/3053/2947
f 3981/3054/2913 3982/3056/2915 4001/3057/2949 3999/3055/2948
f 3982/3056/2915 3983/3058/149 4003/3059/2917 4001/3057/2949
f 3983/3058/149 3974/3038/2900 3985/3041/2943 4003/3059/2917
f 4005/3060/2870 4004/3061/2871 4006/3062/2950 4007/3063/2951 4008/3064/2952 4009/3065/2875 4010/3066/2876 4011/3067/2953 4012/3068/2954 4013/3069/2955
f 3984/3070/2956 3986/3071/2957 4023/3072/2882 4022/3073/2958
f 3984/3070/2956 3985/3074/2943 3987/3075/2942 3986/3071/2957
f 3986/3071/2957 3988/3076/2959 4014/3077/2960 4023/3072/2882
f 3986/3071/2957 3987/3075/2942 3989/3078/2944 3988/3076/2959
f 3988/3076/2959 3990/3079/2961 4015/3080/2962 4014/3077/2960
f 3988/3076/2959 3989/3078/2944 3991/3081/2945 3990/3079/2961
f 3990/3079/2961 3992/3082/2888 4016/3083/2963 4015/3080/2962
f 3990/3079/2961 3991/3081/2945 3993/3084/2860 3992/3082/2888
f 3992/3082/2888 3994/3085/2964 4017/3086/2965 4016/3083/2963
f 3992/3082/2888 3993/3084/2860 3995/3087/2946 3994/3085/2964
f 3994/3085/2964 3996/3088/2966 4018/3089/2936 4017/3086/2965
f 3994/3085/2964 3995/3087/2946 3997/3090/2947 3996/3088/2966
f 3996/3088/2966 3998/3091/2967 4019/3092/2895 4018/3089/2936
f 3996/3088/2966 3997/3090/2947 3999/3093/2948 3998/3091/2967
f 3998/3091/2967 4000/3094/2968 4020/3095/2969 4019/3092/2895
f 3998/3091/2967 3999/3093/2948 4001/3096/2949 4000/3094/2968
f 4000/3094/2968 4002/3097/2941 4021/3098/2970 4020/3095/2969
f 4000/3094/2968 4001/3096/2949 4003/3099/2917 4002/3097/2941
f 3985/3074/2943 3984/3070/2956 4002/3097/2941 4003/3099/2917
f 4002/3097/2941 3984/3070/2956 4022/3073/2958 4021/3098/2970
f 4023/3072/2882 4014/3077/2960 4004/3061/2871 4005/3060/2870
f 4014/3077/2960 4015/3080/2962 4006/3062/2950 4004/3061/2871
f 4015/3080/2962 4016/3083/2963 4007/3063/2951 4006/3062/2950
f 4016/3083/2963 4017/3086/2965 4008/3064/2952 4007/3063/2951
f 4017/3086/2965 4018/3089/2936 4009/3065/2875 4008/3064/2952
f 4018/3089/2936 4019/3092/2895 4010/3066/2876 4009/3065/2875
f 4019/3092/2895 4020/3095/2969 4011/3067/2953 4010/3066/2876
f 4020/3095/2969 4021/3098/2970 4012/3068/2954 4011/3067/2953
f 4021/3098/2970 4022/3073/2958 4013/3069/2955 4012/3068/2954
f 4022/3073/2958 4023/3072/2882 4005/3060/2870 4013/3069/2955
f 4024/3100/2971 4025/3101/2972 4037/3102/2973 4035/3103/2974
f 4025/3101/2972 4026/3104/2975 4039/3105/2976 4037/3102/2973
f 4026/3104/2975 4027/3106/2977 4041/3107/2978 4039/3105/2976
f 4027/3106/2977 4028/3108/2979 4043/3109/2980 4041/3107/2978
f 4028/3108/2979 4029/3110/2981 4045/3111/2982 4043/3109/2980
f 4029/3112/2981 4030/3113/2983 4047/3114/2984 4045/3115/2982
f 4030/3113/2983 4031/3116/2985 4049/3117/2986 4047/3114/2984
f 4031/3116/2985 4032/3118/2987 4051/3119/2988 4049/3117/2986
f 4032/3118/2987 4033/3120/2989 4053/3121/2990 4051/3119/2988
f 4033/3120/2989 4024/3100/2971 4035/3103/2974 4053/3121/2990
f 4055/3122/2991 4054/3123/2992 4056/3124/2993 4057/3125/2994 4058/3126/2995 4059/3127/2996 4060/3128/2997 4061/3129/2998 4062/3130/2999 4063/3131/3000
f 4034/3132/3001 4036/3133/3002 4073/3134/3003 4072/3135/3004
f 4034/3132/3001 4035/3103/2974 4037/3102/2973 4036/3133/3002
f 4036/3133/3002 4038/3136/3005 4064/3137/3006 4073/3134/3003
f 4036/3133/3002 4037/3102/2973 4039/3105/2976 4038/3136/3005
f 4038/3136/3005 4040/3138/3007 4065/3139/3008 4064/3137/3006
f 4038/3136/3005 4039/3105/2976 4041/3107/2978 4040/3138/3007
f 4040/3138/3007 4042/3140/3009 4066/3141/3010 4065/3139/3008
f 4040/3138/3007 4041/3107/2978 4043/3109/2980 4042/3140/3009
f 4042/3140/3009 4044/3142/3011 4067/3143/3012 4066/3141/3010
f 4042/3140/3009 4043/3109/2980 4045/3111/2982 4044/3142/3011
f 4044/3144/3011 4046/3145/3013 4068/3146/3014 4067/3147/3012
f 4044/3144/3011 4045/3115/2982 4047/3114/2984 4046/3145/3013
f 4046/3145/3013 4048/3148/3015 4069/3149/3016 4068/3146/3014
f 4046/3145/3013 4047/3114/2984 4049/3117/2986 4048/3148/3015
f 4048/3148/3015 4050/3150/3017 4070/3151/3018 4069/3149/3016
f 4048/3148/3015 4049/3117/2986 4051/3119/2988 4050/3150/3017
f 4050/3150/3017 4052/3152/3019 4071/3153/3020 4070/3151/3018
f 4050/3150/3017 4051/3119/2988 4053/3121/2990 4052/3152/3019
f 4035/3103/2974 4034/3132/3001 4052/3152/3019 4053/3121/2990
f 4052/3152/3019 4034/3132/3001 4072/3135/3004 4071/3153/3020
f 4073/3134/3003 4064/3137/3006 4054/3154/2992 4055/3155/2991
f 4064/3137/3006 4065/3139/3008 4056/3156/2993 4054/3154/2992
f 4065/3139/3008 4066/3141/3010 4057/3157/2994 4056/3156/2993
f 4066/3141/3010 4067/3143/3012 4058/3158/2995 4057/3157/2994
f 4067/3147/3012 4068/3146/3014 4059/3159/2996 4058/3160/2995
f 4068/3146/3014 4069/3149/3016 4060/3161/2997 4059/3159/2996
f 4069/3149/3016 4070/3151/3018 4061/3162/2998 4060/3161/2997
f 4070/3151/3018 4071/3153/3020 4062/3163/2999 4061/3162/2998
f 4071/3153/3020 4072/3135/3004 4063/3164/3000 4062/3163/2999
f 4072/3135/3004 4073/3134/3003 4055/3155/2991 4063/3164/3000
f 4025/3165/3021 4024/3166/3021 4033/3167/3021 4032/3168/3021 4031/3169/3021 4030/3170/3021 4029/3171/3021 4028/3172/3021 4027/3173/3021 4026/3174/3021
f 4074/3175/3022 4075/3176/3022 4077/3177/3022 4076/3178/3022
f 4078/3179/3023 4079/3180/3023 4081/3181/3023 4080/3182/3023
f 4075/3176/3024 4081/3181/3024 4079/3180/3024 4077/3177/3024
f 4080/3183/3025 4074/3175/3025 4076/3178/3025 4078/3184/3025
f 4090/3185/3026 4138/3186/3026 4139/3187/3026 4088/3188/3026
f 4139/3189/3027 4133/3190/3027 4082/3191/3028 4088/3192/3028
f 4084/3193/3029 4136/3194/3030 4137/3195/3030 4089/3196/3029
f 4137/3197/3026 4138/3186/3026 4090/3185/3026 4089/3198/3026
f 4090/3199/3031 4088/3200/3032 4099/3201/3033 4098/3202/3031 4093/3203/3031
f 4088/3200/3032 4082/3204/3034 4092/3205/3035 4100/3206/3036 4099/3201/3033
f 4084/3207/3037 4089/3208/3038 4104/3209/3038 4103/3210/3039 4094/3211/3040
f 4089/3208/3038 4090/3199/3031 4093/3203/3031 4105/3212/3031 4104/3209/3038
f 4093/3213/3041 4098/3214/3042 4102/3215/3043 4096/3216/3041
f 4101/3217/3044 4100/3218/3045 4092/3219/3046 4095/3220/3047
f 4094/3221/3048 4103/3222/3049 4107/3223/3050 4097/3224/3051
f 4106/3225/3052 4105/3226/3053 4093/3213/3041 4096/3216/3041
f 4098/3227/3042 4100/3218/3045 4101/3217/3044 4102/3228/3043
f 4103/3222/3049 4105/3229/3053 4106/3230/3052 4107/3223/3050
f 4098/3202/3031 4099/3201/3033 4100/3206/3036
f 4103/3210/3039 4104/3209/3038 4105/3212/3031
f 4095/3231/3054 4131/3232/3055 4130/3233/3056 4109/3234/3057 4108/3235/3058
f 4096/3236/3031 4102/3237/3031 4111/3238/3031 4110/3239/3031
f 4102/3237/3031 4101/3240/3059 4112/3241/3060 4111/3238/3031
f 4101/3240/3059 4095/3231/3054 4108/3235/3058 4112/3241/3060
f 4097/3242/3061 4107/3243/3062 4114/3244/3063 4113/3245/3064
f 4107/3243/3062 4106/3246/3031 4115/3247/3031 4114/3244/3063
f 4106/3246/3031 4096/3236/3031 4110/3239/3031 4115/3247/3031
f 4108/3248/3065 4109/3249/3066 4117/3250/3067 4116/3251/3068
f 4110/3252/3069 4111/3253/3070 4119/3254/3071 4118/3255/3072
f 4111/3253/3070 4112/3256/3073 4120/3257/3074 4119/3254/3071
f 4112/3256/3073 4108/3248/3065 4116/3251/3068 4120/3257/3074
f 4109/3249/3066 4113/3258/3075 4121/3259/3076 4117/3250/3067
f 4113/3258/3075 4114/3260/3077 4122/3261/3078 4121/3259/3076
f 4114/3260/3077 4115/3262/3079 4123/3263/3080 4122/3261/3078
f 4115/3262/3079 4110/3264/3069 4118/3265/3072 4123/3263/3080
f 4130/3233/3056 4132/3266/3081 4097/3242/3061 4113/3245/3064 4109/3234/3057
f 4133/3267/3041 4134/3268/3041 4126/3269/3041 4082/3270/3041
f 4127/3271/3041 4135/3272/3041 4136/3273/3041 4084/3274/3041
f 4082/3204/3034 4126/3275/3031 4128/3276/3031 4092/3205/3035
f 4127/3277/3031 4084/3207/3037 4094/3211/3040 4129/3278/3031
f 4092/3219/3046 4128/3279/3082 4131/3280/3083 4095/3220/3047
f 4129/3281/3084 4094/3221/3048 4097/3224/3051 4132/3282/3085
f 4130/3233/3086 4131/3232/3086 4132/3266/3086
f 4083/3283/3041 4125/3284/3041 4134/3268/3041 4133/3267/3041
f 4125/3284/3041 4124/3285/3041 4135/3272/3041 4134/3268/3041
f 4136/3273/3041 4135/3272/3041 4124/3285/3041 4085/3286/3041
f 4137/3195/3030 4136/3194/3030 4085/3287/3087 4086/3288/3087
f 4086/3289/3026 4091/3290/3026 4138/3186/3026 4137/3197/3026
f 4139/3187/3026 4138/3186/3026 4091/3290/3026 4087/3291/3026
f 4083/3292/3088 4133/3190/3027 4139/3189/3027 4087/3293/3088
f 4129/3281/3084 4132/3282/3085 4135/3294/3089 4127/3295/3089
f 4126/3296/3090 4134/3297/3090 4131/3280/3083 4128/3279/3082
f 4131/3232/3091 4134/3298/3091 4135/3299/3091 4132/3266/3091
f 4117/3300/3031 4121/3301/3031 4122/3302/3031 4123/3303/3031 4118/3304/3031 4119/3305/3031 4120/3306/3031 4116/3307/3031
f 4143/3308/3092 4144/3309/3092 4150/3310/3092 4151/3311/3092
f 4146/3312/3092 4445/3313/3092 4444/3314/3092 4452/3315/3092 4451/3316/3092 4148/3317/3092
f 4154/3318/3092 4155/3319/3092 4447/3320/3092 4446/3321/3092 4145/3322/3092
f 4148/3317/3092 4451/3316/3092 4450/3323/3092 4144/3309/3092 4140/3324/3092
f 4141/3325/3092 4440/3326/3092 4439/3327/3092 4155/3319/3092 4154/3318/3092
f 4150/3310/3092 4156/3328/3092 4434/3329/3092 4433/3330/3092 4388/3331/3092 4387/3332/3092
f 4152/3333/3093 4427/3334/3093 4426/3335/3093 4164/3336/3093 5063/3337/3093
f 4165/3338/3092 4166/3339/3092 4170/3340/3092 4169/3341/3092
f 4211/3342/3094 4212/3343/3094 4169/3344/3094 4170/3345/3094
f 4171/3346/3092 4172/3347/3092 4176/3348/3092 4175/3349/3092
f 4209/3350/3094 4210/3351/3094 4175/3352/3094 4176/3353/3094
f 4177/3354/3092 4178/3355/3092 4182/3356/3092 4181/3357/3092
f 4207/3358/3094 4208/3359/3094 4181/3360/3094 4182/3361/3094
f 4183/3362/3092 4184/3363/3092 4188/3364/3092 4187/3365/3092
f 4205/3366/3094 4206/3367/3094 4187/3368/3094 4188/3369/3094
f 4189/3370/3092 4190/3371/3092 4194/3372/3092 4193/3373/3092
f 4203/3374/3094 4204/3375/3094 4193/3376/3094 4194/3377/3094
f 4195/3378/3092 4196/3379/3092 4199/3380/3092 4200/3381/3092
f 4201/3382/3094 4202/3383/3094 4200/3384/3094 4199/3385/3094
f 4149/3386/3092 4437/3387/3092 4436/3388/3092 4199/3380/3092 4196/3379/3092
f 4165/3338/3092 4169/3341/3092 4442/3389/3092 4441/3390/3092 4147/3391/3092
f 4238/3392/3095 4239/3393/3095 4282/3394/3096 4284/3395/3097
f 4174/3396/3093 4286/3397/3098 4283/3398/3099 4167/3399/3093
f 4175/3352/3094 4210/3351/3094 4211/3342/3094 4170/3345/3094
f 4171/3346/3092 4175/3349/3092 4170/3340/3092 4166/3339/3092
f 4236/3400/3095 4237/3401/3095 4288/3402/3100 4290/3403/3097
f 4180/3404/3093 4292/3405/3098 4289/3406/3101 4173/3407/3093
f 4181/3360/3094 4208/3359/3094 4209/3350/3094 4176/3353/3094
f 4177/3354/3092 4181/3357/3092 4176/3348/3092 4172/3347/3092
f 4234/3408/3095 4235/3409/3095 4294/3410/3100 4296/3411/3102
f 4186/3412/3093 4298/3413/3103 4295/3414/3104 4179/3415/3093
f 4187/3368/3094 4206/3367/3094 4207/3358/3094 4182/3361/3094
f 4183/3362/3092 4187/3365/3092 4182/3356/3092 4178/3355/3092
f 4232/3416/3095 4233/3417/3095 4300/3418/3100 4302/3419/3105
f 4192/3420/3093 4304/3421/3101 4301/3422/3104 4185/3423/3093
f 4193/3376/3094 4204/3375/3094 4205/3366/3094 4188/3369/3094
f 4189/3370/3092 4193/3373/3092 4188/3364/3092 4184/3363/3092
f 4230/3424/3095 4231/3425/3095 4306/3426/3100 4308/3427/3106
f 4198/3428/3093 4310/3429/3107 4307/3430/3101 4191/3431/3093
f 4200/3384/3094 4202/3383/3094 4203/3374/3094 4194/3377/3094
f 4195/3378/3092 4200/3381/3092 4194/3372/3092 4190/3371/3092
f 4203/3374/3094 4202/3383/3094 4198/3432/3094 4191/3433/3094
f 4205/3366/3094 4204/3375/3094 4192/3434/3094 4185/3435/3094
f 4207/3358/3094 4206/3367/3094 4186/3436/3094 4179/3437/3094
f 4209/3350/3094 4208/3359/3094 4180/3438/3094 4173/3439/3094
f 4211/3342/3094 4210/3351/3094 4174/3440/3094 4167/3441/3094
f 5071/3442/151 5072/3442/151 5073/3442/151 5074/3442/151
f 5075/3442/151 5076/3443/151 5077/3443/151 5078/3442/151
f 5079/3444/151 5080/3445/151 5081/3445/151 5082/3444/151
f 5083/3442/151 5084/3442/151 5085/3442/151 5086/3442/151
f 5087/3446/151 5088/3447/151 5089/3447/151 5090/3446/151
f 5091/3448/151 5092/3447/151 5093/3447/151 5094/3448/151
f 5095/3449/151 5096/3450/151 5097/3451/151 5098/3449/151
f 5099/3452/151 5100/3453/151 5101/3453/151 5102/3454/151
f 5050/3455/3108 5054/3456/3108 4216/3457/3108 4215/3458/3108
f 5055/3459/3109 5048/3460/3109 4217/3461/3109 4216/3462/3109
f 5049/3463/3110 5060/3464/3110 4218/3465/3110 4217/3466/3110
f 5057/3467/3111 4219/3468/3111 4218/3469/3111 5061/3470/3111
f 4162/3471/3112 4220/3472/3112 4221/3473/3112 5067/3474/3112
f 5066/3475/3113 4221/3476/3113 4219/3477/3113 5058/3478/3113
f 5069/3479/3114 4222/3480/3114 4220/3481/3114 5062/3482/3114
f 4158/3483/3115 4215/3484/3115 4222/3485/3115 5070/3486/3115
f 4224/3487/3094 4223/3488/3094 4146/3489/3094 4148/3490/3094
f 4225/3491/3094 4224/3487/3094 4148/3490/3094 4140/3492/3094
f 4227/3493/3116 4226/3494/3117 4143/3495/3118 4151/3496/3119
f 4196/3497/3095 4229/3498/3095 4228/3499/3095 4149/3500/3095
f 4196/3497/3095 4195/3501/3095 4230/3502/3095 4229/3498/3095
f 4190/3503/3120 4231/3504/3095 4230/3502/3095 4195/3501/3095
f 4190/3503/3120 4189/3505/3120 4232/3506/3095 4231/3504/3095
f 4184/3507/3095 4233/3508/3095 4232/3506/3095 4189/3505/3120
f 4184/3507/3095 4183/3509/3095 4234/3510/3095 4233/3508/3095
f 4178/3511/3095 4235/3512/3095 4234/3510/3095 4183/3509/3095
f 4178/3511/3095 4177/3513/3095 4236/3514/3095 4235/3512/3095
f 4172/3515/3095 4237/3516/3095 4236/3514/3095 4177/3513/3095
f 4172/3515/3095 4171/3517/3095 4238/3518/3095 4237/3516/3095
f 4166/3519/3095 4239/3520/3095 4238/3518/3095 4171/3517/3095
f 4166/3519/3095 4165/3521/3095 4240/3522/3095 4239/3520/3095
f 4147/3523/3095 4241/3524/3095 4240/3522/3095 4165/3521/3095
f 4243/3525/3121 4242/3526/3122 4141/3527/3123 4154/3528/3124
f 4244/3529/3125 4243/3525/3121 4154/3528/3124 4145/3530/3126
f 4212/3531/3093 4211/3532/3093 4239/3393/3093 4240/3533/3093
f 4237/3401/3093 4238/3392/3093 4210/3534/3093 4209/3535/3093
f 4235/3409/3093 4236/3400/3093 4208/3536/3093 4207/3537/3093
f 4233/3417/3093 4234/3408/3093 4206/3538/3093 4205/3539/3093
f 4231/3425/3093 4232/3416/3093 4204/3540/3093 4203/3541/3093
f 4229/3542/3093 4230/3424/3093 4202/3543/3093 4201/3544/3093
f 4247/3545/3127 4246/3546/3128 4267/3547/3129 4266/3548/3130
f 4246/3549/3128 4245/3550/3131 4268/3551/3132 4267/3552/3129
f 4250/3553/3133 4249/3554/3134 4279/3555/3135 4278/3556/3106
f 4249/3557/3134 4248/3558/3136 4280/3559/3137 4279/3560/3135
f 4259/3561/3138 4258/3562/3139 4264/3563/3140 4263/3564/3141
f 4258/3565/3139 4257/3566/3142 4265/3567/3143 4264/3568/3140
f 4282/3394/3096 4281/3569/3144 4285/3570/3145 4284/3395/3097
f 4281/3569/3144 4283/3398/3099 4286/3397/3098 4285/3570/3145
f 4288/3402/3100 4287/3571/3146 4291/3572/3147 4290/3403/3097
f 4287/3571/3146 4289/3406/3101 4292/3405/3098 4291/3572/3147
f 4294/3410/3100 4293/3573/3148 4297/3574/3149 4296/3411/3102
f 4293/3573/3148 4295/3414/3104 4298/3413/3103 4297/3574/3149
f 4300/3418/3100 4299/3575/3144 4303/3576/3150 4302/3419/3105
f 4299/3575/3144 4301/3422/3104 4304/3421/3101 4303/3576/3150
f 4306/3426/3100 4305/3577/3151 4309/3578/3149 4308/3427/3106
f 4305/3577/3151 4307/3430/3101 4310/3429/3107 4309/3578/3149
f 4245/3550/3131 4223/3488/3094 4224/3487/3094 4268/3551/3132
f 4257/3566/3142 4226/3494/3117 4227/3493/3116 4265/3567/3143
f 4262/3579/3152 4243/3525/3121 4244/3529/3125 4253/3580/3153
f 4268/3551/3132 4224/3487/3094 4225/3491/3094 4256/3581/3154
f 4260/3582/3155 4153/3583/3093 4410/3584/3093 4409/3585/3093 4272/3586/3156
f 4274/3587/3157 4242/3526/3122 4243/3525/3121 4262/3579/3152
f 4254/3588/3158 4142/3589/3093 4425/3590/3093 4424/3591/3093 4266/3548/3130
f 4260/3582/3155 4251/3592/3159 4416/3593/3093 4420/3594/3093 4153/3583/3093
f 4247/3545/3127 4266/3548/3130 4424/3591/3093 4429/3595/3093 4418/3596/3093 4417/3597/3093
f 4142/3589/3093 4259/3561/3138 4159/3598/3093 5052/3599/3093
f 4259/3561/3138 4263/3564/3141 4157/3600/3093 5053/3598/3093
f 4263/3564/3141 4374/3601/3160 4373/3602/3093 4161/3603/3093 5047/3600/3093
f 4269/3604/3161 4277/3605/3162 4197/3606/3093 4400/3607/3093 4399/3608/3093
f 4228/3499/3095 4229/3498/3095 4276/3609/3096 4271/3610/3163
f 4240/3522/3095 4241/3524/3095 4250/3553/3133 4278/3556/3106
f 4168/3611/3093 4280/3559/3137 4248/3558/3136 4408/3612/3093 4412/3613/3093
f 4275/3614/3164 4276/3615/3164 4229/3616/3164 4201/3617/3164 4197/3618/3164 4277/3619/3164
f 4168/3620/3165 4212/3620/3165 4240/3620/3165 4278/3620/3165 4279/3620/3165 4280/3620/3165
f 4281/3569/3164 4282/3394/3164 4239/3393/3164 4211/3532/3164 4167/3399/3164 4283/3398/3164
f 4174/3396/3166 4210/3534/3166 4238/3392/3166 4284/3395/3166 4285/3570/3166 4286/3397/3166
f 4287/3571/3167 4288/3402/3167 4237/3401/3167 4209/3535/3167 4173/3407/3167 4289/3406/3167
f 4180/3404/3166 4208/3536/3166 4236/3400/3166 4290/3403/3166 4291/3572/3166 4292/3405/3166
f 4293/3573/3168 4294/3410/3168 4235/3409/3168 4207/3537/3168 4179/3415/3168 4295/3414/3168
f 4186/3412/3169 4206/3538/3169 4234/3408/3169 4296/3411/3169 4297/3574/3169 4298/3413/3169
f 4299/3575/3168 4300/3418/3168 4233/3417/3168 4205/3539/3168 4185/3423/3168 4301/3422/3168
f 4192/3420/3170 4204/3540/3170 4232/3416/3170 4302/3419/3170 4303/3576/3170 4304/3421/3170
f 4305/3577/3167 4306/3426/3167 4231/3425/3167 4203/3541/3167 4191/3431/3167 4307/3430/3167
f 4198/3428/3166 4202/3543/3166 4230/3424/3166 4308/3427/3166 4309/3578/3166 4310/3429/3166
f 4253/3580/3153 4252/3621/3171 4261/3622/3172 4262/3579/3152
f 4252/3623/3171 4251/3592/3159 4260/3582/3155 4261/3624/3172
f 4256/3581/3154 4255/3625/3173 4267/3552/3129 4268/3551/3132
f 4255/3626/3173 4254/3588/3158 4266/3548/3130 4267/3547/3129
f 4269/3604/3161 4270/3627/3174 4275/3628/3148 4277/3605/3162
f 4270/3629/3174 4271/3610/3163 4276/3609/3096 4275/3630/3148
f 4262/3579/3152 4261/3622/3172 4273/3631/3175 4274/3587/3157
f 4261/3624/3172 4260/3582/3155 4272/3586/3156 4273/3632/3175
f 4373/3602/3093 4376/3633/3176 4398/3634/3177 4397/3635/3093 4160/3636/3093 5059/3603/3093
f 4311/3637/3178 4313/3638/3179 4315/3639/3180 4314/3640/3181
f 4313/3641/3179 4312/3642/3182 4316/3643/3183 4315/3644/3180
f 4319/3645/3184 4318/3646/3185 4321/3647/3186 4320/3648/3187
f 4318/3646/3185 4317/3649/3188 4322/3650/3189 4321/3647/3186
f 4324/3651/3190 4323/3652/3191 4327/3653/3192 4326/3654/3193
f 4323/3652/3191 4325/3655/3194 4328/3656/3195 4327/3653/3192
f 4330/3657/3196 4329/3658/3197 4333/3659/3198 4332/3660/3199
f 4329/3658/3197 4331/3661/3200 4334/3662/3201 4333/3659/3198
f 4336/3663/3202 4335/3664/3203 4339/3665/3204 4338/3666/3205
f 4335/3664/3203 4337/3667/3206 4340/3668/3207 4339/3665/3204
f 4343/3669/3208 4342/3670/3209 4347/3671/3210 4251/3592/3159
f 4342/3670/3209 4341/3672/3211 4348/3673/3212 4347/3671/3210
f 4351/3674/3213 4350/3675/3214 4356/3676/3215 4355/3677/3216
f 4350/3675/3214 4349/3678/3217 4357/3679/3218 4356/3676/3215
f 4360/3680/3219 4359/3681/3220 4362/3682/3221 4361/3683/3222
f 4359/3681/3220 4358/3684/3223 4363/3685/3224 4362/3682/3221
f 4372/3686/3225 4371/3687/3220 4375/3688/3226 4374/3601/3160
f 4371/3687/3220 4370/3689/3227 4376/3633/3176 4375/3688/3226
f 4381/3690/3228 4380/3691/3229 4383/3692/3230 4382/3693/3231
f 4380/3691/3229 4379/3694/3232 4384/3695/3233 4383/3692/3230
f 4316/3643/3183 4312/3642/3182 4146/3489/3094 4223/3488/3094
f 4320/3648/3187 4225/3491/3094 4140/3492/3094 4319/3645/3184
f 4322/3650/3189 4317/3649/3188 4143/3495/3118 4226/3494/3117
f 4326/3654/3193 4227/3493/3116 4151/3496/3119 4324/3651/3190
f 4149/3500/3095 4228/3499/3095 4334/3662/3201 4331/3661/3200
f 4338/3666/3205 4241/3524/3095 4147/3523/3095 4336/3663/3202
f 4340/3668/3207 4337/3667/3206 4141/3527/3123 4242/3526/3122
f 4314/3640/3181 4244/3529/3125 4145/3530/3126 4311/3637/3178
f 4340/3668/3207 4242/3526/3122 4274/3587/3157 4352/3696/3234
f 4256/3581/3154 4225/3491/3094 4320/3648/3187 4384/3695/3233
f 4322/3650/3189 4226/3494/3117 4257/3566/3142 4382/3693/3231
f 4253/3580/3153 4244/3529/3125 4314/3640/3181 4346/3697/3235
f 4354/3698/3236 4250/3553/3133 4241/3524/3095 4338/3666/3205
f 4316/3643/3183 4223/3488/3094 4245/3550/3131 4344/3699/3237
f 4334/3662/3201 4228/3499/3095 4271/3610/3163 4361/3683/3222
f 4265/3567/3143 4227/3493/3116 4326/3654/3193 4369/3700/3238
f 4348/3673/3212 4341/3672/3211 4246/3546/3128 4247/3545/3127
f 4341/3701/3211 4344/3699/3237 4245/3550/3131 4246/3549/3128
f 4357/3679/3218 4349/3678/3217 4273/3632/3175 4272/3586/3156
f 4349/3702/3217 4352/3696/3234 4274/3587/3157 4273/3631/3175
f 4354/3698/3236 4351/3703/3213 4249/3554/3134 4250/3553/3133
f 4351/3674/3213 4355/3677/3216 4248/3558/3136 4249/3557/3134
f 4346/3697/3235 4343/3704/3208 4252/3621/3171 4253/3580/3153
f 4343/3669/3208 4251/3592/3159 4252/3623/3171
f 4366/3705/3239 4360/3706/3219 4270/3627/3174 4269/3604/3161
f 4360/3680/3219 4361/3683/3222 4271/3610/3163 4270/3629/3174
f 4254/3588/3158 4255/3626/3173 4379/3707/3232 4377/3708/3240
f 4255/3625/3173 4256/3581/3154 4384/3695/3233 4379/3694/3232
f 4259/3561/3138 4381/3709/3228 4258/3562/3139
f 4381/3690/3228 4382/3693/3231 4257/3566/3142 4258/3565/3139
f 4369/3700/3238 4372/3710/3225 4264/3568/3140 4265/3567/3143
f 4372/3686/3225 4374/3601/3160 4263/3564/3141 4264/3563/3140
f 4311/3711/3092 4145/3322/3092 4446/3321/3092 4445/3313/3092 4146/3312/3092 4312/3712/3092 4313/3713/3092
f 4140/3324/3092 4144/3309/3092 4143/3308/3092 4317/3714/3092 4318/3715/3092 4319/3716/3092
f 4323/3717/3092 4324/3718/3092 4151/3311/3092 4150/3310/3092 4387/3332/3092 4386/3719/3092 4325/3720/3092
f 4329/3721/3092 4330/3722/3092 4385/3723/3092 4388/3331/3092 4433/3330/3092 4437/3387/3092 4149/3386/3092 4331/3724/3092
f 4335/3725/3092 4336/3726/3092 4147/3391/3092 4441/3390/3092 4440/3326/3092 4141/3325/3092 4337/3727/3092
f 4247/3545/3127 4417/3597/3093 4416/3593/3093 4251/3592/3159 4347/3671/3210 4348/3673/3212
f 4272/3586/3156 4409/3585/3093 4408/3612/3093 4248/3558/3136 4355/3677/3216 4356/3676/3215 4357/3679/3218
f 4269/3604/3161 4399/3608/3093 4404/3728/3093 4396/3729/3093 4395/3730/3241 4364/3731/3242 4365/3732/3243 4366/3705/3239
f 4373/3602/3093 4374/3601/3160 4375/3688/3226
f 4373/3602/3093 4375/3688/3226 4376/3633/3176
f 4259/3561/3138 4142/3589/3093 4254/3588/3158 4377/3708/3240 4378/3733/3244
f 4341/3701/3211 4342/3734/3209 4345/3735/3245 4344/3699/3237
f 4342/3736/3209 4343/3704/3208 4346/3697/3235 4345/3737/3245
f 4314/3640/3181 4315/3639/3180 4345/3737/3245 4346/3697/3235
f 4315/3644/3180 4316/3643/3183 4344/3699/3237 4345/3735/3245
f 4349/3702/3217 4350/3738/3214 4353/3739/3246 4352/3696/3234
f 4350/3738/3214 4351/3703/3213 4354/3698/3236 4353/3739/3246
f 4338/3666/3205 4339/3665/3204 4353/3739/3246 4354/3698/3236
f 4339/3665/3204 4340/3668/3207 4352/3696/3234 4353/3739/3246
f 4358/3740/3223 4359/3741/3220 4365/3732/3243 4364/3731/3242
f 4359/3741/3220 4360/3706/3219 4366/3705/3239 4365/3732/3243
f 4332/3660/3199 4333/3659/3198 4362/3682/3221 4363/3685/3224
f 4333/3659/3198 4334/3662/3201 4361/3683/3222 4362/3682/3221
f 4326/3654/3193 4327/3653/3192 4368/3742/3247 4369/3700/3238
f 4327/3653/3192 4328/3656/3195 4367/3743/3248 4368/3742/3247
f 4369/3700/3238 4368/3742/3247 4371/3744/3220 4372/3710/3225
f 4368/3742/3247 4367/3743/3248 4370/3745/3227 4371/3744/3220
f 4259/3561/3138 4378/3733/3244 4380/3746/3229 4381/3709/3228
f 4378/3733/3244 4377/3708/3240 4379/3707/3232 4380/3746/3229
f 4320/3648/3187 4321/3647/3186 4383/3692/3230 4384/3695/3233
f 4321/3647/3186 4322/3650/3189 4382/3693/3231 4383/3692/3230
f 4397/3635/3093 4396/3729/3093 4404/3728/3093 4403/3747/3093 4163/3748/3093 5056/3636/3093
f 4386/3749/3249 4385/3750/3250 4390/3751/3251 4389/3752/3252
f 4389/3752/3252 4390/3751/3251 4391/3753/3253 4392/3754/3254
f 4392/3754/3254 4391/3753/3253 4393/3755/3255 4394/3756/3256
f 4394/3757/3256 4393/3758/3255 4395/3730/3241 4398/3634/3177
f 4386/3759/3249 4389/3760/3252 4328/3656/3195 4325/3655/3194
f 4390/3751/3251 4385/3750/3250 4330/3657/3196 4332/3660/3199
f 4363/3685/3224 4358/3684/3223 4393/3755/3255 4391/3753/3253
f 4358/3740/3223 4364/3731/3242 4395/3730/3241 4393/3758/3255
f 4363/3685/3224 4391/3753/3253 4390/3751/3251 4332/3660/3199
f 4328/3656/3195 4389/3760/3252 4392/3761/3254 4367/3743/3248
f 4392/3761/3254 4394/3762/3256 4370/3745/3227 4367/3743/3248
f 4394/3757/3256 4398/3634/3177 4376/3633/3176 4370/3689/3227
f 4385/3723/3092 4386/3719/3092 4387/3332/3092 4388/3331/3092
f 4395/3730/3241 4396/3729/3093 4397/3635/3093 4398/3634/3177
f 4403/3747/3093 4402/3763/3093 4152/3333/3093 5064/3337/3093 5065/3748/3093
f 4426/3335/3093 4425/3590/3093 4142/3589/3093 5051/3599/3093 5068/3336/3093
f 4450/3323/3092 4449/3764/3092 4156/3328/3092 4150/3310/3092 4144/3309/3092
f 4407/3765/3257 4406/3766/3258 4435/3767/3259 4434/3768/3260
f 4406/3766/3258 4405/3769/3261 4436/3770/3262 4435/3767/3259
f 4412/3771/3263 4411/3772/3264 4414/3773/3265 4413/3774/3266
f 4411/3772/3264 4410/3775/3267 4415/3776/3268 4414/3773/3265
f 4420/3777/3269 4419/3778/3270 4422/3779/3271 4421/3780/3272
f 4419/3778/3270 4418/3781/3273 4423/3782/3274 4422/3779/3271
f 4429/3783/3275 4428/3784/3276 4431/3785/3277 4430/3786/3278
f 4428/3784/3276 4427/3787/3279 4432/3788/3280 4431/3785/3277
f 4415/3776/3268 4213/3789/3281 4155/3790/3282 4439/3791/3283
f 4213/3789/3281 4421/3780/3272 4447/3792/3284 4155/3790/3282
f 4423/3782/3274 4430/3793/3278 4452/3794/3285 4444/3795/3286
f 4432/3788/3280 4214/3796/3287 4156/3797/3288 4449/3798/3280
f 4214/3796/3287 4407/3765/3257 4434/3768/3260 4156/3797/3288
f 4405/3769/3261 4201/3382/3094 4199/3385/3094 4436/3770/3262
f 4169/3344/3094 4212/3343/3094 4413/3774/3266 4442/3799/3289
f 4405/3769/3261 4400/3800/3290 4197/3801/3094 4201/3382/3094
f 4413/3774/3266 4212/3343/3094 4168/3802/3094 4412/3771/3263
f 4415/3776/3268 4410/3775/3267 4153/3803/3291 4213/3789/3281
f 4153/3803/3291 4420/3777/3269 4421/3780/3272 4213/3789/3281
f 4423/3782/3274 4418/3781/3273 4429/3804/3275 4430/3793/3278
f 4432/3788/3280 4427/3787/3279 4152/3805/3292 4214/3796/3287
f 4152/3805/3292 4402/3806/3293 4407/3765/3257 4214/3796/3287
f 4402/3806/3293 4401/3807/3294 4406/3766/3258 4407/3765/3257
f 4401/3807/3294 4400/3800/3290 4405/3769/3261 4406/3766/3258
f 4413/3774/3266 4414/3773/3265 4438/3808/3295 4442/3799/3289
f 4414/3773/3265 4415/3776/3268 4439/3791/3283 4438/3808/3295
f 4421/3780/3272 4422/3779/3271 4443/3809/3296 4447/3792/3284
f 4422/3779/3271 4423/3782/3274 4444/3795/3286 4443/3809/3296
f 4430/3786/3278 4431/3785/3277 4448/3810/3297 4452/3811/3285
f 4431/3785/3277 4432/3788/3280 4449/3798/3280 4448/3810/3297
f 4400/3607/3093 4401/3812/3093 4453/3813/3093 4399/3608/3093
f 4399/3608/3093 4453/3813/3093 4404/3728/3093
f 4404/3728/3093 4453/3813/3093 4403/3747/3093
f 4403/3747/3093 4453/3813/3093 4401/3812/3093 4402/3763/3093
f 4410/3584/3093 4411/3814/3093 4454/3815/3093 4409/3585/3093
f 4409/3585/3093 4454/3815/3093 4408/3612/3093
f 4408/3612/3093 4454/3815/3093 4411/3814/3093 4412/3613/3093
f 4418/3596/3093 4419/3816/3093 4455/3817/3093 4417/3597/3093
f 4417/3597/3093 4455/3817/3093 4416/3593/3093
f 4416/3593/3093 4455/3817/3093 4419/3816/3093 4420/3594/3093
f 4427/3334/3093 4428/3818/3093 4456/3819/3093 4426/3335/3093
f 4426/3335/3093 4456/3819/3093 4425/3590/3093
f 4425/3590/3093 4456/3819/3093 4424/3591/3093
f 4424/3591/3093 4456/3819/3093 4428/3818/3093 4429/3595/3093
f 4434/3329/3092 4435/3820/3092 4457/3821/3092 4433/3330/3092
f 4433/3330/3092 4457/3821/3092 4437/3387/3092
f 4437/3387/3092 4457/3821/3092 4435/3820/3092 4436/3388/3092
f 4442/3389/3092 4438/3822/3092 4458/3823/3092 4441/3390/3092
f 4441/3390/3092 4458/3823/3092 4440/3326/3092
f 4440/3326/3092 4458/3823/3092 4438/3822/3092 4439/3327/3092
f 4447/3320/3092 4443/3824/3092 4459/3825/3092 4446/3321/3092
f 4446/3321/3092 4459/3825/3092 4445/3313/3092
f 4445/3313/3092 4459/3825/3092 4443/3824/3092 4444/3314/3092
f 4452/3315/3092 4448/3826/3092 4460/3827/3092 4451/3316/3092
f 4451/3316/3092 4460/3827/3092 4450/3323/3092
f 4450/3323/3092 4460/3827/3092 4448/3826/3092 4449/3764/3092
f 4216/3828/3093 4217/3829/3093 4218/3830/3093 4219/3831/3093 4221/3832/3093 4220/3833/3093 4222/3834/3093 4215/3835/3093
f 4469/3836/3026 4517/3837/3026 4518/3838/3026 4467/3839/3026
f 4518/3840/3298 4512/3841/3298 4461/3842/3299 4467/3843/3299
f 4463/3844/3087 4515/3845/3300 4516/3846/3300 4468/3847/3087
f 4516/3848/3026 4517/3837/3026 4469/3836/3026 4468/3849/3026
f 4469/3850/3031 4467/3851/3301 4478/3852/3302 4477/3853/3031 4472/3854/3031
f 4467/3851/3301 4461/3855/3034 4471/3856/3035 4479/3857/3036 4478/3852/3302
f 4463/3858/3303 4468/3859/3038 4483/3860/3038 4482/3861/3304 4473/3862/3040
f 4468/3859/3038 4469/3850/3031 4472/3854/3031 4484/3863/3031 4483/3860/3038
f 4472/3864/3041 4477/3865/3042 4481/3866/3043 4475/3867/3041
f 4480/3868/3305 4479/3869/3306 4471/3870/3307 4474/3871/3308
f 4473/3872/3048 4482/3873/3049 4486/3874/3309 4476/3875/3051
f 4485/3876/3052 4484/3877/3053 4472/3864/3041 4475/3867/3041
f 4477/3878/3042 4479/3869/3306 4480/3868/3305 4481/3879/3043
f 4482/3873/3049 4484/3880/3053 4485/3881/3052 4486/3874/3309
f 4477/3853/3031 4478/3852/3302 4479/3857/3036
f 4482/3861/3304 4483/3860/3038 4484/3863/3031
f 4474/3882/3310 4510/3883/3055 4509/3884/3311 4488/3885/3312 4487/3886/3058
f 4475/3887/3031 4481/3888/3031 4490/3889/3031 4489/3890/3031
f 4481/3888/3031 4480/3891/3059 4491/3892/3060 4490/3889/3031
f 4480/3891/3059 4474/3882/3310 4487/3886/3058 4491/3892/3060
f 4476/3893/3061 4486/3894/3062 4493/3895/3063 4492/3896/3313
f 4486/3894/3062 4485/3897/3031 4494/3898/3031 4493/3895/3063
f 4485/3897/3031 4475/3887/3031 4489/3890/3031 4494/3898/3031
f 4487/3899/3314 4488/3900/3315 4496/3901/3316 4495/3902/3317
f 4489/3903/3069 4490/3904/3318 4498/3905/3319 4497/3906/3320
f 4490/3904/3318 4491/3907/3321 4499/3908/3322 4498/3905/3319
f 4491/3907/3321 4487/3909/3314 4495/3910/3317 4499/3908/3322
f 4488/3900/3315 4492/3911/3323 4500/3912/3323 4496/3901/3316
f 4492/3911/3323 4493/3913/3324 4501/3914/3325 4500/3912/3323
f 4493/3913/3324 4494/3915/3079 4502/3916/3080 4501/3914/3325
f 4494/3915/3079 4489/3903/3069 4497/3906/3320 4502/3916/3080
f 4509/3884/3311 4511/3917/3081 4476/3893/3061 4492/3896/3313 4488/3885/3312
f 4512/3918/3041 4513/3919/3041 4505/3920/3041 4461/3921/3041
f 4506/3922/3041 4514/3923/3041 4515/3924/3041 4463/3925/3041
f 4461/3855/3034 4505/3926/3031 4507/3927/3031 4471/3856/3035
f 4506/3928/3031 4463/3858/3303 4473/3862/3040 4508/3929/3031
f 4471/3870/3307 4507/3930/3326 4510/3931/3327 4474/3871/3308
f 4508/3932/3084 4473/3872/3048 4476/3875/3051 4511/3933/3085
f 4509/3884/3086 4510/3883/3086 4511/3917/3086
f 4462/3934/3041 4504/3935/3041 4513/3919/3041 4512/3918/3041
f 4504/3935/3041 4503/3936/3041 4514/3923/3041 4513/3919/3041
f 4515/3924/3041 4514/3923/3041 4503/3936/3041 4464/3937/3041
f 4516/3846/3300 4515/3845/3300 4464/3938/3328 4465/3939/3328
f 4465/3940/3026 4470/3941/3026 4517/3837/3026 4516/3848/3026
f 4518/3838/3026 4517/3837/3026 4470/3941/3026 4466/3942/3026
f 4462/3943/3329 4512/3841/3298 4518/3840/3298 4466/3944/3329
f 4508/3932/3084 4511/3933/3085 4514/3945/3089 4506/3946/3089
f 4505/3947/3330 4513/3948/3330 4510/3931/3327 4507/3930/3326
f 4510/3883/3091 4513/3949/3091 4514/3950/3091 4511/3917/3091
f 4496/3951/3031 4500/3952/3031 4501/3953/3031 4502/3954/3031 4497/3955/3031 4498/3956/3031 4499/3957/3031 4495/3958/3031
f 4531/3959/3331 4532/3960/3332 4533/3961/3333 4534/3962/3334
f 4535/3963/3335 4533/3961/3333 4532/3960/3332 4536/3964/3336
f 4520/3965/3337 4526/3966/3337 4525/3967/3337 4519/3968/3337
f 4519/3969/3338 4525/3970/3338 4527/3971/3338 4521/3972/3338
f 4522/3973/3339 4528/3974/3339 4526/3966/3339 4520/3965/3339
f 4524/3975/3340 4530/3976/3340 4529/3977/3340 4523/3978/3340
f 4523/3978/3341 4529/3977/3341 4528/3974/3341 4522/3973/3341
f 4521/3972/3342 4527/3971/3342 4530/3976/3342 4524/3975/3342
f 4537/3979/3343 4538/3980/3343 4539/3981/3344 4540/3979/3345
f 4542/3982/3346 4541/3983/3346 4543/3983/3347 4544/3982/3348
f 4541/3983/3349 4537/3979/3349 4540/3979/3345 4543/3983/3347
f 4545/3984/3350 4542/3982/3351 4544/3982/3348 4546/3985/3352
f 4538/3980/3353 4547/3986/3353 4548/3987/3354 4539/3981/3344
f 4547/3986/3355 4545/3984/3350 4546/3985/3352 4548/3987/3354
f 4526/3988/3120 4528/3989/3095 4538/3980/3095 4537/3979/3120
f 4532/3960/3332 4531/3959/3331 4540/3979/3345 4539/3981/3344
f 4527/3990/3095 4525/3991/3120 4541/3983/3120 4542/3982/3095
f 4534/3962/3334 4533/3961/3333 4544/3982/3348 4543/3983/3347
f 4525/3991/3120 4526/3988/3120 4537/3979/3120 4541/3983/3120
f 4531/3959/3331 4534/3962/3334 4543/3983/3347 4540/3979/3345
f 4530/3992/3120 4527/3990/3095 4542/3982/3095 4545/3984/3120
f 4533/3961/3333 4535/3963/3335 4546/3985/3352 4544/3982/3348
f 4528/3989/3095 4529/3993/3120 4547/3986/3120 4538/3980/3095
f 4536/3964/3336 4532/3960/3332 4539/3981/3344 4548/3987/3354
f 4529/3993/3120 4530/3992/3120 4545/3984/3120 4547/3986/3120
f 4535/3963/3335 4536/3964/3336 4548/3987/3354 4546/3985/3352
f 4557/3994/3026 4605/3995/3026 4606/3996/3026 4555/3997/3026
f 4606/3998/3298 4600/3999/3298 4549/4000/3299 4555/4001/3299
f 4551/4002/3087 4603/3845/3356 4604/4003/3356 4556/4004/3087
f 4604/4005/3026 4605/3995/3026 4557/3994/3026 4556/4006/3026
f 4557/4007/3031 4555/4008/3033 4566/4009/3033 4565/4010/3031 4560/4011/3031
f 4555/4008/3033 4549/4012/3357 4559/4013/3358 4567/4014/3036 4566/4009/3033
f 4551/4015/3303 4556/4016/3038 4571/4017/3038 4570/4018/3039 4561/4019/3359
f 4556/4016/3038 4557/4007/3031 4560/4011/3031 4572/4020/3031 4571/4017/3038
f 4560/4021/3041 4565/4022/3042 4569/4023/3043 4563/4024/3041
f 4568/4025/3360 4567/4026/3361 4559/4027/3362 4562/4028/3363
f 4561/4029/3364 4570/4030/3365 4574/4031/3366 4564/4032/3367
f 4573/4033/3052 4572/4034/3053 4560/4021/3041 4563/4024/3041
f 4565/4035/3042 4567/4026/3361 4568/4025/3360 4569/4036/3043
f 4570/4030/3365 4572/4037/3053 4573/4038/3052 4574/4031/3366
f 4565/4010/3031 4566/4009/3033 4567/4014/3036
f 4570/4018/3039 4571/4017/3038 4572/4020/3031
f 4562/4039/3054 4598/4040/3055 4597/4041/3311 4576/4042/3368 4575/4043/3058
f 4563/4044/3031 4569/4045/3031 4578/4046/3031 4577/4047/3031
f 4569/4045/3031 4568/4048/3059 4579/4049/3060 4578/4046/3031
f 4568/4048/3059 4562/4039/3054 4575/4043/3058 4579/4049/3060
f 4564/4050/3369 4574/4051/3370 4581/4052/3063 4580/4053/3064
f 4574/4051/3370 4573/4054/3031 4582/4055/3031 4581/4052/3063
f 4573/4054/3031 4563/4044/3031 4577/4047/3031 4582/4055/3031
f 4575/4056/3371 4576/4057/3315 4584/4058/3316 4583/4059/3317
f 4577/4060/3372 4578/4061/3373 4586/4062/3374 4585/4063/3375
f 4578/4061/3373 4579/4064/3074 4587/4065/3073 4586/4062/3374
f 4579/4064/3074 4575/4056/3371 4583/4059/3317 4587/4065/3073
f 4576/4057/3315 4580/4066/3376 4588/4067/3377 4584/4058/3316
f 4580/4066/3376 4581/4068/3378 4589/4069/3379 4588/4067/3377
f 4581/4068/3378 4582/4070/3380 4590/4071/3381 4589/4069/3379
f 4582/4070/3380 4577/4072/3372 4585/4073/3375 4590/4071/3381
f 4597/4041/3311 4599/4074/3369 4564/4050/3369 4580/4053/3064 4576/4042/3368
f 4600/4075/3041 4601/4076/3041 4593/4077/3041 4549/4078/3041
f 4594/4079/3041 4602/4080/3041 4603/4081/3041 4551/4082/3041
f 4549/4012/3357 4593/4083/3031 4595/4084/3031 4559/4013/3358
f 4594/4085/3031 4551/4015/3303 4561/4019/3359 4596/4086/3031
f 4559/4027/3362 4595/4087/3326 4598/4088/3382 4562/4028/3363
f 4596/4089/3383 4561/4029/3364 4564/4032/3367 4599/4090/3384
f 4597/4041/3086 4598/4040/3086 4599/4074/3086
f 4550/4091/3041 4592/4092/3041 4601/4076/3041 4600/4075/3041
f 4592/4092/3041 4591/4093/3041 4602/4080/3041 4601/4076/3041
f 4603/4081/3041 4602/4080/3041 4591/4093/3041 4552/4094/3041
f 4604/4003/3356 4603/3845/3356 4552/4095/3385 4553/3939/3385
f 4553/4096/3026 4558/4097/3026 4605/3995/3026 4604/4005/3026
f 4606/3996/3026 4605/3995/3026 4558/4097/3026 4554/4098/3026
f 4550/3943/3329 4600/3999/3298 4606/3998/3298 4554/4099/3329
f 4596/4089/3383 4599/4090/3384 4602/4100/3386 4594/4101/3386
f 4593/4102/3090 4601/4103/3090 4598/4088/3382 4595/4087/3326
f 4598/4040/3387 4601/4104/3387 4602/4105/3387 4599/4074/3387
f 4584/4106/3031 4588/4107/3031 4589/4108/3031 4590/4109/3031 4585/4110/3031 4586/4111/3031 4587/4112/3031 4583/4113/3031
f 4619/4114/3388 4620/3960/3389 4621/4115/3390 4622/4116/3334
f 4623/4117/3391 4621/4115/3390 4620/3960/3389 4624/4118/3392
f 4608/4119/3337 4614/4120/3337 4613/4121/3337 4607/4122/3337
f 4607/4122/3338 4613/4121/3338 4615/4123/3338 4609/4124/3338
f 4610/4125/3339 4616/4126/3339 4614/4120/3339 4608/4119/3339
f 4612/4127/3340 4618/4128/3340 4617/4129/3340 4611/4130/3340
f 4611/4130/3341 4617/4129/3341 4616/4126/3341 4610/4125/3341
f 4609/4131/3342 4615/4132/3342 4618/4128/3342 4612/4127/3342
f 4625/4133/3393 4626/3980/3343 4627/4134/3394 4628/3979/3395
f 4630/4135/3396 4629/4136/3397 4631/3983/3398 4632/4137/3399
f 4629/4136/3400 4625/4133/3393 4628/3979/3395 4631/3983/3398
f 4633/3984/3351 4630/4135/3396 4632/4137/3399 4634/3984/3401
f 4626/3980/3402 4635/3987/3402 4636/3987/3403 4627/4134/3394
f 4635/3987/3404 4633/3984/3404 4634/3984/3401 4636/3987/3403
f 4614/4138/3095 4616/3989/3405 4626/3980/3405 4625/4133/3095
f 4620/3960/3389 4619/4114/3388 4628/3979/3395 4627/4134/3394
f 4615/4139/3095 4613/4140/3095 4629/4136/3095 4630/4135/3095
f 4622/4116/3334 4621/4115/3390 4632/4137/3399 4631/3983/3398
f 4613/4140/3095 4614/4138/3095 4625/4133/3095 4629/4136/3095
f 4619/4114/3388 4622/4116/3334 4631/3983/3398 4628/3979/3395
f 4618/4141/3095 4615/4139/3095 4630/4135/3095 4633/3984/3095
f 4621/4115/3390 4623/4117/3391 4634/3984/3401 4632/4137/3399
f 4616/3989/3405 4617/4142/3095 4635/3987/3095 4626/3980/3405
f 4624/4118/3392 4620/3960/3389 4627/4134/3394 4636/3987/3403
f 4617/4142/3095 4618/4141/3095 4633/3984/3095 4635/3987/3095
f 4623/4117/3391 4624/4118/3392 4636/3987/3403 4634/3984/3401
f 4649/4143/3406 4650/4144/3407 4651/4145/3408 4652/4146/3409
f 4653/4147/3410 4651/4145/3408 4650/4144/3407 4654/4118/3411
f 4638/4148/3412 4644/4149/3412 4643/4150/3412 4637/4151/3412
f 4637/4152/3413 4643/4153/3413 4645/4154/3413 4639/4155/3413
f 4640/4156/3339 4646/4157/3339 4644/4149/3339 4638/4148/3339
f 4642/4158/3414 4648/4159/3414 4647/4160/3414 4641/4161/3414
f 4641/4161/3415 4647/4160/3415 4646/4157/3415 4640/4156/3415
f 4639/4155/3342 4645/4154/3342 4648/4159/3342 4642/4158/3342
f 4655/4162/3343 4656/4163/3416 4657/4163/3417 4658/4164/3418
f 4660/4135/3397 4659/4165/3397 4661/4166/3419 4662/4167/3420
f 4659/4165/3400 4655/4162/3400 4658/4164/3418 4661/4166/3419
f 4663/4168/3421 4660/4135/3351 4662/4167/3420 4664/4169/3422
f 4656/4163/3416 4665/4170/3423 4666/4171/3424 4657/4163/3417
f 4665/4170/3425 4663/4168/3421 4664/4169/3422 4666/4171/3424
f 4644/4172/3095 4646/4173/3095 4656/4163/3095 4655/4162/3095
f 4650/4144/3407 4649/4143/3406 4658/4164/3418 4657/4163/3417
f 4645/4174/3095 4643/4140/3095 4659/4165/3095 4660/4135/3095
f 4652/4146/3409 4651/4145/3408 4662/4167/3420 4661/4166/3419
f 4643/4140/3095 4644/4172/3095 4655/4162/3095 4659/4165/3095
f 4649/4143/3406 4652/4146/3409 4661/4166/3419 4658/4164/3418
f 4648/4175/3095 4645/4174/3095 4660/4135/3095 4663/4168/3095
f 4651/4145/3408 4653/4147/3410 4664/4169/3422 4662/4167/3420
f 4646/4173/3095 4647/4176/3095 4665/4170/3095 4656/4163/3095
f 4654/4118/3411 4650/4144/3407 4657/4163/3417 4666/4171/3424
f 4647/4176/3095 4648/4175/3095 4663/4168/3095 4665/4170/3095
f 4653/4147/3410 4654/4118/3411 4666/4171/3424 4664/4169/3422
f 4675/4177/3026 4723/4178/3026 4724/4179/3026 4673/4180/3026
f 4724/4181/3298 4718/4182/3298 4667/4183/3299 4673/4184/3299
f 4669/4185/3087 4721/4186/3356 4722/4187/3356 4674/4188/3087
f 4722/4189/3026 4723/4178/3026 4675/4177/3026 4674/4190/3026
f 4675/4191/3031 4673/4192/3032 4684/4193/3032 4683/4194/3031 4678/4195/3031
f 4673/4192/3032 4667/4196/3034 4677/4197/3035 4685/4198/3036 4684/4193/3032
f 4669/4199/3303 4674/4200/3038 4689/4201/3038 4688/4202/3039 4679/4203/3426
f 4674/4200/3038 4675/4191/3031 4678/4195/3031 4690/4204/3031 4689/4201/3038
f 4678/4205/3041 4683/4206/3427 4687/4207/3428 4681/4208/3041
f 4686/4209/3429 4685/4210/3430 4677/4211/3431 4680/4212/3432
f 4679/4213/3364 4688/4214/3433 4692/4215/3434 4682/4216/3435
f 4691/4217/3436 4690/4218/3437 4678/4205/3041 4681/4208/3041
f 4683/4219/3427 4685/4210/3430 4686/4209/3429 4687/4220/3428
f 4688/4214/3433 4690/4221/3437 4691/4222/3436 4692/4215/3434
f 4683/4194/3031 4684/4193/3032 4685/4198/3036
f 4688/4202/3039 4689/4201/3038 4690/4204/3031
f 4680/4223/3438 4716/4224/3055 4715/4225/3439 4694/4226/3057 4693/4227/3058
f 4681/4228/3031 4687/4229/3031 4696/4230/3031 4695/4231/3031
f 4687/4229/3031 4686/4232/3059 4697/4233/3060 4696/4230/3031
f 4686/4232/3059 4680/4223/3438 4693/4227/3058 4697/4233/3060
f 4682/4234/3081 4692/4235/3440 4699/4236/3441 4698/4237/3313
f 4692/4235/3440 4691/4238/3031 4700/4239/3031 4699/4236/3441
f 4691/4238/3031 4681/4228/3031 4695/4231/3031 4700/4239/3031
f 4693/4240/3442 4694/4241/3443 4702/4242/3444 4701/4243/3445
f 4695/4244/3446 4696/4245/3071 4704/4246/3071 4703/4247/3447
f 4696/4245/3071 4697/4248/3448 4705/4249/3449 4704/4246/3071
f 4697/4248/3448 4693/4250/3442 4701/4251/3445 4705/4249/3449
f 4694/4241/3443 4698/4252/3450 4706/4253/3450 4702/4242/3444
f 4698/4252/3450 4699/4254/3451 4707/4255/3077 4706/4253/3450
f 4699/4254/3451 4700/4256/3452 4708/4257/3453 4707/4255/3077
f 4700/4256/3452 4695/4244/3446 4703/4247/3447 4708/4257/3453
f 4715/4225/3439 4717/4258/3081 4682/4234/3081 4698/4237/3313 4694/4226/3057
f 4718/4259/3041 4719/4260/3041 4711/4261/3041 4667/4262/3041
f 4712/4263/3041 4720/4264/3041 4721/4265/3041 4669/4266/3041
f 4667/4196/3034 4711/4267/3031 4713/4268/3031 4677/4197/3035
f 4712/4269/3031 4669/4199/3303 4679/4203/3426 4714/4270/3031
f 4677/4211/3431 4713/4271/3454 4716/4272/3455 4680/4212/3432
f 4714/4273/3456 4679/4213/3364 4682/4216/3435 4717/4274/3457
f 4715/4225/3086 4716/4224/3086 4717/4258/3086
f 4668/4275/3041 4710/4276/3041 4719/4260/3041 4718/4259/3041
f 4710/4276/3041 4709/4277/3041 4720/4264/3041 4719/4260/3041
f 4721/4265/3041 4720/4264/3041 4709/4277/3041 4670/4278/3041
f 4722/4187/3356 4721/4186/3356 4670/4279/3385 4671/4280/3385
f 4671/4281/3026 4676/4282/3026 4723/4178/3026 4722/4189/3026
f 4724/4179/3026 4723/4178/3026 4676/4282/3026 4672/4283/3026
f 4668/4284/3329 4718/4182/3298 4724/4181/3298 4672/4285/3329
f 4714/4273/3456 4717/4274/3457 4720/4286/3089 4712/4287/3089
f 4711/4288/3458 4719/4289/3458 4716/4272/3455 4713/4271/3454
f 4716/4224/3387 4719/4290/3387 4720/4291/3387 4717/4258/3387
f 4702/4292/3031 4706/4293/3031 4707/4294/3031 4708/4295/3031 4703/4296/3031 4704/4297/3031 4705/4298/3031 4701/4299/3031
f 4737/4300/3331 4738/4301/3332 4739/3961/3390 4740/4302/3334
f 4741/4303/3391 4739/3961/3390 4738/4301/3332 4742/4118/3459
f 4726/4304/3337 4732/4305/3337 4731/4306/3337 4725/4307/3337
f 4725/4307/3338 4731/4306/3338 4733/4308/3338 4727/4309/3338
f 4728/4310/3339 4734/4311/3339 4732/4305/3339 4726/4304/3339
f 4730/4312/3340 4736/4313/3340 4735/4314/3340 4729/4315/3340
f 4729/4315/3341 4735/4314/3341 4734/4311/3341 4728/4310/3341
f 4727/4316/3460 4733/4317/3460 4736/4313/3460 4730/4312/3460
f 4743/4318/3343 4744/4134/3461 4745/3980/3344 4746/4133/3345
f 4748/3982/3346 4747/3983/3346 4749/4136/3347 4750/4137/3462
f 4747/3983/3349 4743/4318/3349 4746/4133/3345 4749/4136/3347
f 4751/3984/3350 4748/3982/3351 4750/4137/3462 4752/4169/3463
f 4744/4134/3461 4753/4319/3353 4754/3987/3464 4745/3980/3344
f 4753/4319/3355 4751/3984/3350 4752/4169/3463 4754/3987/3464
f 4732/4320/3120 4734/4321/3095 4744/4134/3095 4743/4318/3120
f 4738/4301/3332 4737/4300/3331 4746/4133/3345 4745/3980/3344
f 4733/4139/3095 4731/3991/3095 4747/3983/3095 4748/3982/3095
f 4740/4302/3334 4739/3961/3390 4750/4137/3462 4749/4136/3347
f 4731/3991/3095 4732/4320/3120 4743/4318/3120 4747/3983/3095
f 4737/4300/3331 4740/4302/3334 4749/4136/3347 4746/4133/3345
f 4736/3992/3095 4733/4139/3095 4748/3982/3095 4751/3984/3095
f 4739/3961/3390 4741/4303/3391 4752/4169/3463 4750/4137/3462
f 4734/4321/3095 4735/4322/3095 4753/4319/3095 4744/4134/3095
f 4742/4118/3459 4738/4301/3332 4745/3980/3344 4754/3987/3464
f 4735/4322/3095 4736/3992/3095 4751/3984/3095 4753/4319/3095
f 4741/4303/3391 4742/4118/3459 4754/3987/3464 4752/4169/3463
f 4763/4323/3026 4811/4324/3026 4812/4325/3026 4761/4326/3026
f 4812/4327/3465 4806/4328/3465 4755/4329/3299 4761/4330/3299
f 4757/4331/3087 4809/4332/3356 4810/4003/3356 4762/4333/3087
f 4810/4334/3026 4811/4324/3026 4763/4323/3026 4762/4335/3026
f 4763/4336/3031 4761/4337/3033 4772/4338/3032 4771/4339/3031 4766/4340/3031
f 4761/4337/3033 4755/4341/3034 4765/4342/3466 4773/4343/3036 4772/4338/3032
f 4757/4344/3303 4762/4345/3038 4777/4346/3038 4776/4347/3304 4767/4348/3359
f 4762/4345/3038 4763/4336/3031 4766/4340/3031 4778/4349/3031 4777/4346/3038
f 4766/4350/3041 4771/4351/3467 4775/4352/3468 4769/4353/3041
f 4774/4354/3469 4773/4355/3470 4765/4356/3471 4768/4357/3472
f 4767/4358/3473 4776/4359/3365 4780/4360/3366 4770/4361/3474
f 4779/4362/3052 4778/4363/3053 4766/4350/3041 4769/4353/3041
f 4771/4364/3467 4773/4355/3470 4774/4354/3469 4775/4365/3468
f 4776/4359/3365 4778/4366/3053 4779/4367/3052 4780/4360/3366
f 4771/4339/3031 4772/4338/3032 4773/4343/3036
f 4776/4347/3304 4777/4346/3038 4778/4349/3031
f 4768/4368/3310 4804/4369/3055 4803/4370/3311 4782/4371/3312 4781/4372/3058
f 4769/4373/3031 4775/4374/3031 4784/4375/3031 4783/4376/3031
f 4775/4374/3031 4774/4377/3059 4785/4378/3060 4784/4375/3031
f 4774/4377/3059 4768/4368/3310 4781/4372/3058 4785/4378/3060
f 4770/4379/3061 4780/4380/3062 4787/4381/3063 4786/4382/3475
f 4780/4380/3062 4779/4383/3031 4788/4384/3031 4787/4381/3063
f 4779/4383/3031 4769/4373/3031 4783/4376/3031 4788/4384/3031
f 4781/4385/3442 4782/4386/3443 4790/4387/3444 4789/4388/3476
f 4783/4389/3446 4784/4390/3071 4792/4391/3070 4791/4392/3447
f 4784/4390/3071 4785/4393/3448 4793/4394/3449 4792/4391/3070
f 4785/4393/3448 4781/4395/3442 4789/4396/3476 4793/4394/3449
f 4782/4397/3443 4786/4398/3450 4794/4399/3450 4790/4400/3444
f 4786/4398/3450 4787/4401/3451 4795/4402/3477 4794/4399/3450
f 4787/4401/3451 4788/4403/3452 4796/4404/3478 4795/4402/3477
f 4788/4403/3452 4783/4389/3446 4791/4392/3447 4796/4404/3478
f 4803/4370/3311 4805/4405/3081 4770/4379/3061 4786/4382/3475 4782/4371/3312
f 4806/4406/3041 4807/4407/3041 4799/4408/3041 4755/4409/3041
f 4800/4410/3041 4808/4411/3041 4809/4412/3041 4757/4413/3041
f 4755/4341/3034 4799/4414/3031 4801/4415/3031 4765/4342/3466
f 4800/4416/3031 4757/4344/3303 4767/4348/3359 4802/4417/3031
f 4765/4356/3471 4801/4418/3454 4804/4419/3455 4768/4357/3472
f 4802/4420/3479 4767/4358/3473 4770/4361/3474 4805/4421/3480
f 4803/4370/3086 4804/4369/3086 4805/4405/3086
f 4756/4422/3041 4798/4423/3041 4807/4407/3041 4806/4406/3041
f 4798/4423/3041 4797/4424/3041 4808/4411/3041 4807/4407/3041
f 4809/4412/3041 4808/4411/3041 4797/4424/3041 4758/4425/3041
f 4810/4003/3356 4809/4332/3356 4758/4095/3385 4759/4426/3385
f 4759/4427/3026 4764/4428/3026 4811/4324/3026 4810/4334/3026
f 4812/4325/3026 4811/4324/3026 4764/4428/3026 4760/4429/3026
f 4756/4430/3028 4806/4328/3465 4812/4327/3465 4760/4431/3028
f 4802/4420/3479 4805/4421/3480 4808/4432/3089 4800/4433/3089
f 4799/4434/3458 4807/4435/3458 4804/4419/3455 4801/4418/3454
f 4804/4369/3091 4807/4436/3091 4808/4437/3091 4805/4405/3091
f 4790/4438/3031 4794/4439/3031 4795/4440/3031 4796/4441/3031 4791/4442/3031 4792/4443/3031 4793/4444/3031 4789/4445/3031
f 4825/4446/3481 4826/4447/3482 4827/4448/3408 4828/4449/3409
f 4829/4450/3483 4827/4448/3408 4826/4447/3482 4830/4451/3484
f 4814/4452/3412 4820/4453/3412 4819/4454/3412 4813/4455/3412
f 4813/4455/3413 4819/4454/3413 4821/4456/3413 4815/4457/3413
f 4816/4458/3485 4822/4459/3485 4820/4453/3485 4814/4452/3485
f 4818/4460/3486 4824/4461/3486 4823/4462/3486 4817/4463/3486
f 4817/4463/3487 4823/4462/3487 4822/4459/3487 4816/4458/3487
f 4815/4464/3488 4821/4465/3488 4824/4461/3488 4818/4460/3488
f 4831/4466/3489 4832/4467/3490 4833/4467/3491 4834/4468/3492
f 4836/4469/3493 4835/4470/3494 4837/4470/3495 4838/4469/3496
f 4835/4470/3494 4831/4466/3400 4834/4468/3492 4837/4470/3495
f 4839/4471/3497 4836/4469/3351 4838/4469/3496 4840/4471/3498
f 4832/4467/3490 4841/4472/3353 4842/4473/3499 4833/4467/3491
f 4841/4472/3355 4839/4471/3497 4840/4471/3498 4842/4473/3499
f 4820/4474/3095 4822/4475/3095 4832/4467/3095 4831/4466/3095
f 4826/4447/3482 4825/4446/3481 4834/4468/3492 4833/4467/3491
f 4821/4476/3500 4819/4477/3095 4835/4470/3095 4836/4469/3500
f 4828/4449/3409 4827/4448/3408 4838/4469/3496 4837/4470/3495
f 4819/4477/3095 4820/4474/3095 4831/4466/3095 4835/4470/3095
f 4825/4446/3481 4828/4449/3409 4837/4470/3495 4834/4468/3492
f 4824/4478/3095 4821/4476/3500 4836/4469/3500 4839/4471/3095
f 4827/4448/3408 4829/4450/3483 4840/4471/3498 4838/4469/3496
f 4822/4475/3095 4823/4479/3095 4841/4472/3095 4832/4467/3095
f 4830/4451/3484 4826/4447/3482 4833/4467/3491 4842/4473/3499
f 4823/4479/3095 4824/4478/3095 4839/4471/3095 4841/4472/3095
f 4829/4450/3483 4830/4451/3484 4842/4473/3499 4840/4471/3498
f 4851/4480/3026 4899/4481/3026 4900/4482/3026 4849/4483/3026
f 4900/4484/3501 4894/4485/3501 4843/4486/3028 4849/4487/3028
f 4845/4488/3029 4897/4489/3124 4898/4490/3124 4850/4491/3029
f 4898/4492/3026 4899/4481/3026 4851/4480/3026 4850/4493/3026
f 4851/4494/3031 4849/4495/3033 4860/4496/3032 4859/4497/3031 4854/4498/3031
f 4849/4495/3033 4843/4499/3357 4853/4500/3035 4861/4501/3036 4860/4496/3032
f 4845/4502/3037 4850/4503/3038 4865/4504/3038 4864/4505/3039 4855/4506/3359
f 4850/4503/3038 4851/4494/3031 4854/4498/3031 4866/4507/3031 4865/4504/3038
f 4854/4508/3041 4859/4509/3502 4863/4510/3503 4857/4511/3041
f 4862/4512/3504 4861/4513/3505 4853/4514/3431 4856/4515/3432
f 4855/4516/3048 4864/4517/3506 4868/4518/3507 4858/4519/3051
f 4867/4520/3508 4866/4521/3509 4854/4508/3041 4857/4511/3041
f 4859/4522/3502 4861/4513/3505 4862/4512/3504 4863/4523/3503
f 4864/4517/3506 4866/4524/3509 4867/4525/3508 4868/4518/3507
f 4859/4497/3031 4860/4496/3032 4861/4501/3036
f 4864/4505/3039 4865/4504/3038 4866/4507/3031
f 4856/4526/3310 4892/4527/3055 4891/4528/3311 4870/4529/3057 4869/4530/3058
f 4857/4531/3031 4863/4532/3031 4872/4533/3031 4871/4534/3031
f 4863/4532/3031 4862/4535/3059 4873/4536/3060 4872/4533/3031
f 4862/4535/3059 4856/4526/3310 4869/4530/3058 4873/4536/3060
f 4858/4537/3081 4868/4538/3062 4875/4539/3063 4874/4540/3510
f 4868/4538/3062 4867/4541/3031 4876/4542/3031 4875/4539/3063
f 4867/4541/3031 4857/4531/3031 4871/4534/3031 4876/4542/3031
f 4869/4543/3511 4870/4544/3512 4878/4545/3513 4877/4546/3514
f 4871/4547/3515 4872/4548/3516 4880/4549/3516 4879/4550/3517
f 4872/4548/3516 4873/4551/3073 4881/4552/3074 4880/4549/3516
f 4873/4551/3073 4869/4553/3511 4877/4554/3514 4881/4552/3074
f 4870/4544/3512 4874/4555/3376 4882/4556/3376 4878/4545/3513
f 4874/4555/3376 4875/4557/3518 4883/4558/3519 4882/4556/3376
f 4875/4557/3518 4876/4559/3520 4884/4560/3521 4883/4558/3519
f 4876/4559/3520 4871/4547/3515 4879/4550/3517 4884/4560/3521
f 4891/4528/3311 4893/4561/3081 4858/4537/3081 4874/4540/3510 4870/4529/3057
f 4894/4562/3041 4895/4563/3041 4887/4564/3041 4843/4565/3041
f 4888/4566/3041 4896/4567/3041 4897/4568/3041 4845/4569/3041
f 4843/4499/3357 4887/4570/3031 4889/4571/3031 4853/4500/3035
f 4888/4572/3031 4845/4502/3037 4855/4506/3359 4890/4573/3031
f 4853/4514/3431 4889/4574/3454 4892/4575/3455 4856/4515/3432
f 4890/4576/3522 4855/4516/3048 4858/4519/3051 4893/4577/3523
f 4891/4528/3086 4892/4527/3086 4893/4561/3086
f 4844/4578/3041 4886/4579/3041 4895/4563/3041 4894/4562/3041
f 4886/4579/3041 4885/4580/3041 4896/4567/3041 4895/4563/3041
f 4897/4568/3041 4896/4567/3041 4885/4580/3041 4846/4581/3041
f 4898/4490/3124 4897/4489/3124 4846/4582/3328 4847/4583/3328
f 4847/4584/3026 4852/4585/3026 4899/4481/3026 4898/4492/3026
f 4900/4482/3026 4899/4481/3026 4852/4585/3026 4848/4586/3026
f 4844/4587/3329 4894/4485/3501 4900/4484/3501 4848/4588/3329
f 4890/4576/3522 4893/4577/3523 4896/4589/3524 4888/4590/3524
f 4887/4591/3458 4895/4592/3458 4892/4575/3455 4889/4574/3454
f 4892/4527/3091 4895/4593/3091 4896/4594/3091 4893/4561/3091
f 4878/4595/3031 4882/4596/3031 4883/4597/3031 4884/4598/3031 4879/4599/3031 4880/4600/3031 4881/4601/3031 4877/4602/3031
f 4913/4603/3525 4914/4604/3526 4915/4605/3333 4916/4606/3334
f 4917/4607/3527 4915/4605/3333 4914/4604/3526 4918/4608/3411
f 4902/4609/3528 4908/4610/3528 4907/4611/3528 4901/4612/3528
f 4901/4612/3529 4907/4611/3529 4909/4613/3529 4903/4614/3529
f 4904/4615/3530 4910/4616/3530 4908/4610/3530 4902/4609/3530
f 4906/4617/3486 4912/4618/3486 4911/4619/3486 4905/4620/3486
f 4905/4620/3487 4911/4619/3487 4910/4616/3487 4904/4615/3487
f 4903/4621/3531 4909/4622/3531 4912/4618/3531 4906/4617/3531
f 4919/4623/3532 4920/4624/3532 4921/4624/3533 4922/4625/3534
f 4924/4626/3346 4923/4627/3346 4925/4628/3347 4926/4629/3535
f 4923/4627/3349 4919/4623/3349 4922/4625/3534 4925/4628/3347
f 4927/4630/3536 4924/4626/3537 4926/4629/3535 4928/4631/3538
f 4920/4624/3423 4929/4632/3423 4930/4473/3539 4921/4624/3533
f 4929/4632/3425 4927/4630/3536 4928/4631/3538 4930/4473/3539
f 4908/4633/3095 4910/4634/3405 4920/4624/3405 4919/4623/3095
f 4914/4604/3526 4913/4603/3525 4922/4625/3534 4921/4624/3533
f 4909/4635/3095 4907/4636/3095 4923/4627/3095 4924/4626/3095
f 4916/4606/3334 4915/4605/3333 4926/4629/3535 4925/4628/3347
f 4907/4636/3095 4908/4633/3095 4919/4623/3095 4923/4627/3095
f 4913/4603/3525 4916/4606/3334 4925/4628/3347 4922/4625/3534
f 4912/4637/3095 4909/4635/3095 4924/4626/3095 4927/4630/3095
f 4915/4605/3333 4917/4607/3527 4928/4631/3538 4926/4629/3535
f 4910/4634/3405 4911/4638/3095 4929/4632/3095 4920/4624/3405
f 4918/4608/3411 4914/4604/3526 4921/4624/3533 4930/4473/3539
f 4911/4638/3095 4912/4637/3095 4927/4630/3095 4929/4632/3095
f 4917/4607/3527 4918/4608/3411 4930/4473/3539 4928/4631/3538
f 4931/4639/3540 4935/4640/3541 4936/4641/3542 4932/4642/3543
f 4933/4643/3544 4937/4644/3545 4938/4645/3546 4934/4646/3547
f 4945/4647/3548 4944/4648/3549 4947/4649/3549 4946/4650/3550
f 4944/4648/3549 4943/4651/3551 4948/4652/3552 4947/4649/3549
f 4951/4653/3553 4950/4654/3554 4953/4655/3554 4952/4656/3555
f 4950/4654/3554 4949/4657/3556 4954/4658/3556 4953/4655/3554
f 4957/4659/3557 4956/4660/3558 4959/4661/3558 4958/4662/3559
f 4956/4660/3558 4955/4663/3560 4960/4664/3561 4959/4661/3558
f 4963/4665/3562 4962/4666/3563 4965/4667/3564 4964/4668/3565
f 4962/4666/3563 4961/4669/3566 4966/4670/3567 4965/4667/3564
f 4945/4647/3548 4946/4650/3550 4935/4671/3541 4931/4672/3540
f 4936/4673/3542 4954/4658/3556 4949/4657/3556 4932/4674/3543
f 4957/4659/3557 4958/4662/3559 4937/4675/3545 4933/4676/3544
f 4963/4665/3562 4964/4668/3565 4939/4677/3568 4940/4678/3568
f 4940/4678/3569 4939/4677/3569 4948/4652/3552 4943/4651/3551
f 4941/4679/3570 4942/4680/3570 4960/4664/3561 4955/4663/3560
f 4951/4653/3553 4952/4656/3555 4942/4680/3571 4941/4679/3571
f 4938/4681/3546 4966/4670/3567 4961/4669/3566 4934/4682/3547
f 4949/4683/113 4945/4684/113 4931/4685/113 4932/4686/113
f 4961/4687/113 4957/4688/113 4933/4689/113 4934/4690/113
f 4943/4691/113 4944/4692/113 4950/4693/113 4951/4694/113
f 4944/4692/113 4945/4684/113 4949/4683/113 4950/4693/113
f 4955/4695/113 4956/4696/113 4962/4697/113 4963/4698/113
f 4956/4696/113 4957/4688/113 4961/4687/113 4962/4697/113
f 4968/4699/113 4967/4700/113 4969/4701/113 4970/4702/113 4971/4703/113 4972/4704/113 4973/4705/113 4974/4706/113 4975/4707/113 4976/4708/113 4977/4709/113 4978/4710/113 4979/4711/113 4980/4712/113 4981/4713/113 4982/4714/113
f 4968/4715/3572 4984/4716/3572 4983/4717/3573 4967/4718/3573
f 4967/4718/3573 4983/4717/3573 4985/4719/3574 4969/4720/3574
f 4969/4720/3574 4985/4719/3574 4986/4721/3575 4970/4722/3575
f 4970/4722/3575 4986/4721/3575 4987/4723/3576 4971/4724/3576
f 4971/4724/3576 4987/4723/3576 4988/4725/3577 4972/4726/3577
f 4972/4726/3577 4988/4725/3577 4989/4727/3578 4973/4728/3578
f 4973/4728/3578 4989/4727/3578 4990/4729/3579 4974/4730/3579
f 4974/4730/3579 4990/4729/3579 4991/4731/3580 4975/4732/3580
f 4975/4732/3580 4991/4731/3580 4992/4733/3581 4976/4734/3581
f 4976/4734/3581 4992/4733/3581 4993/4735/3582 4977/4736/3582
f 4977/4736/3582 4993/4735/3582 4994/4737/3583 4978/4738/3583
f 4978/4738/3583 4994/4737/3583 4995/4739/3584 4979/4740/3584
f 4979/4740/3584 4995/4739/3584 4996/4741/3585 4980/4742/3585
f 4980/4742/3585 4996/4741/3585 4997/4743/3586 4981/4744/3586
f 4981/4744/3586 4997/4743/3586 4998/4745/3587 4982/4746/3587
f 4982/4746/3587 4998/4745/3587 4984/4716/3572 4968/4715/3572
f 5000/4747/113 4999/4748/113 5001/4749/113 5002/4750/113 5003/4751/113 5004/4752/113 5005/4753/113 5006/4754/113 5007/4755/113 5008/4756/113 5009/4757/113 5010/4758/113 5011/4759/113 5012/4760/113 5013/4761/113 5014/4762/113
f 5000/4763/3572 5016/4764/3572 5015/4765/3573 4999/4766/3573
f 4999/4766/3573 5015/4765/3573 5017/4767/3574 5001/4768/3574
f 5001/4768/3574 5017/4767/3574 5018/4769/3575 5002/4770/3575
f 5002/4770/3575 5018/4769/3575 5019/4771/3576 5003/4772/3576
f 5003/4772/3576 5019/4771/3576 5020/4773/3588 5004/4774/3589
f 5004/4774/3589 5020/4773/3588 5021/4775/3578 5005/4776/3578
f 5005/4776/3578 5021/4775/3578 5022/4777/3579 5006/4778/3579
f 5006/4778/3579 5022/4777/3579 5023/4779/3580 5007/4780/3580
f 5007/4780/3580 5023/4779/3580 5024/4781/3581 5008/4782/3581
f 5008/4782/3581 5024/4781/3581 5025/4783/3590 5009/4784/3590
f 5009/4784/3590 5025/4783/3590 5026/4785/3583 5010/4786/3583
f 5010/4786/3583 5026/4785/3583 5027/4787/3584 5011/4788/3584
f 5011/4788/3584 5027/4787/3584 5028/4789/3585 5012/4790/3585
f 5012/4790/3585 5028/4789/3585 5029/4791/3586 5013/4792/3586
f 5013/4792/3586 5029/4791/3586 5030/4793/3591 5014/4794/3591
f 5014/4794/3591 5030/4793/3591 5016/4764/3572 5000/4763/3572
f 5031/4795/3592 5032/4796/151 5040/4797/151 5039/4798/3592
f 5032/4796/151 5033/4799/3593 5041/4800/3593 5040/4797/151
f 5033/4799/3593 5034/4801/3594 5042/4802/3594 5041/4800/3593
f 5034/4801/3594 5035/4803/201 5043/4804/201 5042/4802/3594
f 5035/4803/201 5036/4805/3595 5044/4806/3595 5043/4804/201
f 5036/4805/3595 5037/4807/3596 5045/4808/3596 5044/4806/3595
f 5037/4807/3596 5038/4809/3597 5046/4810/3597 5045/4808/3596
f 4940/4811/113 4941/4812/113 4955/4695/113 4963/4698/113
f 4943/4691/113 4951/4694/113 4941/4812/113 4940/4811/113
f 5040/4813/190 5041/4814/190 5042/4815/190 5043/4816/190 5044/4817/190 5045/4818/190 5046/4819/190 5039/4820/190
f 5032/4821/150 5031/4822/150 5038/4823/150 5037/4824/150 5036/4825/150 5035/4826/150 5034/4827/150 5033/4828/150
f 5127/4829/3598 5128/4830/3599 5110/4831/3600 5109/4832/3601
f 5128/4833/3599 5129/4834/3602 5111/4835/3603 5110/4836/3600
f 5129/4834/3602 5130/4837/3604 5112/4838/3605 5111/4835/3603
f 5130/4837/3604 5131/4839/3606 5113/4840/3607 5112/4838/3605
f 5131/4839/3606 5132/4841/3608 5114/4842/3609 5113/4840/3607
f 5132/4841/3608 5127/4829/3598 5109/4832/3601 5114/4842/3609
f 5104/4843/3610 5103/4844/3611 5115/4845/3612 5116/4846/3613
f 5105/4847/3614 5104/4848/3610 5116/4849/3613 5117/4850/3615
f 5106/4851/3616 5105/4847/3614 5117/4850/3615 5118/4852/3617
f 5107/4853/3618 5106/4851/3616 5118/4852/3617 5119/4854/3619
f 5108/4855/3620 5107/4853/3618 5119/4854/3619 5120/4856/3621
f 5103/4844/3611 5108/4855/3620 5120/4856/3621 5115/4845/3612
f 5116/4846/3613 5115/4845/3612 5121/4857/3622 5122/4858/3623
f 5117/4850/3615 5116/4849/3613 5122/4859/3623 5123/4860/3624
f 5118/4852/3617 5117/4850/3615 5123/4860/3624 5124/4861/3625
f 5119/4854/3619 5118/4852/3617 5124/4861/3625 5125/4862/3626
f 5120/4856/3621 5119/4854/3619 5125/4862/3626 5126/4863/3627
f 5115/4845/3612 5120/4856/3621 5126/4863/3627 5121/4857/3622
f 5103/4844/3611 5104/4843/3610 5128/4830/3599 5127/4829/3598
f 5104/4848/3610 5105/4847/3614 5129/4834/3602 5128/4833/3599
f 5105/4847/3614 5106/4851/3616 5130/4837/3604 5129/4834/3602
f 5106/4851/3616 5107/4853/3618 5131/4839/3606 5130/4837/3604
f 5107/4853/3618 5108/4855/3620 5132/4841/3608 5131/4839/3606
f 5108/4855/3620 5103/4844/3611 5127/4829/3598 5132/4841/3608
f 5157/4864/3628 5158/4865/3629 5140/4866/3630 5139/4867/3631
f 5158/4865/3629 5159/4868/3632 5141/4869/3633 5140/4866/3630
f 5159/4868/3632 5160/4870/3634 5142/4871/3635 5141/4869/3633
f 5160/4870/3634 5161/4872/3636 5143/4873/3637 5142/4871/3635
f 5161/4872/3636 5162/4874/3638 5144/4875/3639 5143/4873/3637
f 5162/4874/3638 5157/4876/3628 5139/4877/3631 5144/4875/3639
f 5134/4878/3640 5133/4879/3641 5145/4880/3642 5146/4881/3643
f 5135/4882/3644 5134/4878/3640 5146/4881/3643 5147/4883/3645
f 5136/4884/3646 5135/4882/3644 5147/4883/3645 5148/4885/3647
f 5137/4886/3648 5136/4884/3646 5148/4885/3647 5149/4887/3649
f 5138/4888/3650 5137/4886/3648 5149/4887/3649 5150/4889/3651
f 5133/4890/3641 5138/4888/3650 5150/4889/3651 5145/4891/3642
f 5146/4881/3643 5145/4880/3642 5151/4892/3652 5152/4893/3653
f 5147/4883/3645 5146/4881/3643 5152/4893/3653 5153/4894/3654
f 5148/4885/3647 5147/4883/3645 5153/4894/3654 5154/4895/3655
f 5149/4887/3649 5148/4885/3647 5154/4895/3655 5155/4896/3656
f 5150/4889/3651 5149/4887/3649 5155/4896/3656 5156/4897/3657
f 5145/4891/3642 5150/4889/3651 5156/4897/3657 5151/4898/3652
f 5133/4879/3641 5134/4878/3640 5158/4865/3629 5157/4864/3628
f 5134/4878/3640 5135/4882/3644 5159/4868/3632 5158/4865/3629
f 5135/4882/3644 5136/4884/3646 5160/4870/3634 5159/4868/3632
f 5136/4884/3646 5137/4886/3648 5161/4872/3636 5160/4870/3634
f 5137/4886/3648 5138/4888/3650 5162/4874/3638 5161/4872/3636
f 5138/4888/3650 5133/4890/3641 5157/4876/3628 5162/4874/3638
f 5187/4899/3658 5188/4900/3659 5170/4901/3660 5169/4902/3661
f 5188/4903/3659 5189/4904/3662 5171/4905/3663 5170/4906/3660
f 5189/4904/3662 5190/4907/3664 5172/4908/3665 5171/4905/3663
f 5190/4907/3664 5191/4909/3666 5173/4910/3667 5172/4908/3665
f 5191/4909/3666 5192/4911/3668 5174/4912/3669 5173/4910/3667
f 5192/4911/3668 5187/4899/3658 5169/4902/3661 5174/4912/3669
f 5164/4913/3670 5163/4914/3671 5175/4915/3642 5176/4916/3643
f 5165/4917/3672 5164/4918/3670 5176/4919/3643 5177/4920/3673
f 5166/4921/3674 5165/4917/3672 5177/4920/3673 5178/4922/3647
f 5167/4923/3675 5166/4921/3674 5178/4922/3647 5179/4924/3649
f 5168/4925/3676 5167/4923/3675 5179/4924/3649 5180/4926/3651
f 5163/4914/3671 5168/4925/3676 5180/4926/3651 5175/4915/3642
f 5176/4916/3643 5175/4915/3642 5181/4927/3652 5182/4928/3653
f 5177/4920/3673 5176/4919/3643 5182/4929/3653 5183/4930/3654
f 5178/4922/3647 5177/4920/3673 5183/4930/3654 5184/4931/3655
f 5179/4924/3649 5178/4922/3647 5184/4931/3655 5185/4932/3656
f 5180/4926/3651 5179/4924/3649 5185/4932/3656 5186/4933/3657
f 5175/4915/3642 5180/4926/3651 5186/4933/3657 5181/4927/3652
f 5163/4914/3671 5164/4913/3670 5188/4900/3659 5187/4899/3658
f 5164/4918/3670 5165/4917/3672 5189/4904/3662 5188/4903/3659
f 5165/4917/3672 5166/4921/3674 5190/4907/3664 5189/4904/3662
f 5166/4921/3674 5167/4923/3675 5191/4909/3666 5190/4907/3664
f 5167/4923/3675 5168/4925/3676 5192/4911/3668 5191/4909/3666
f 5168/4925/3676 5163/4914/3671 5187/4899/3658 5192/4911/3668
f 5217/4934/3677 5218/4935/3678 5200/4936/3679 5199/4937/3680
f 5218/4935/3678 5219/4938/3681 5201/4939/3682 5200/4936/3679
f 5219/4940/3681 5220/4941/3683 5202/4942/3684 5201/4943/3682
f 5220/4941/3683 5221/4944/3685 5203/4945/3686 5202/4942/3684
f 5221/4944/3685 5222/4946/3687 5204/4947/3688 5203/4945/3686
f 5222/4946/3687 5217/4934/3677 5199/4937/3680 5204/4947/3688
f 5194/4948/3689 5193/4949/3690 5205/4950/3691 5206/4951/3692
f 5195/4952/3693 5194/4948/3689 5206/4951/3692 5207/4953/3694
f 5196/4954/3695 5195/4955/3693 5207/4956/3694 5208/4957/3696
f 5197/4958/3697 5196/4954/3695 5208/4957/3696 5209/4959/3698
f 5198/4960/3699 5197/4958/3697 5209/4959/3698 5210/4961/3700
f 5193/4949/3690 5198/4960/3699 5210/4961/3700 5205/4950/3691
f 5206/4951/3692 5205/4950/3691 5211/4962/3701 5212/4963/3702
f 5207/4953/3694 5206/4951/3692 5212/4963/3702 5213/4964/3703
f 5208/4957/3696 5207/4956/3694 5213/4965/3703 5214/4966/3704
f 5209/4959/3698 5208/4957/3696 5214/4966/3704 5215/4967/3705
f 5210/4961/3700 5209/4959/3698 5215/4967/3705 5216/4968/3706
f 5205/4950/3691 5210/4961/3700 5216/4968/3706 5211/4962/3701
f 5193/4949/3690 5194/4948/3689 5218/4935/3678 5217/4934/3677
f 5194/4948/3689 5195/4952/3693 5219/4938/3681 5218/4935/3678
f 5195/4955/3693 5196/4954/3695 5220/4941/3683 5219/4940/3681
f 5196/4954/3695 5197/4958/3697 5221/4944/3685 5220/4941/3683
f 5197/4958/3697 5198/4960/3699 5222/4946/3687 5221/4944/3685
f 5198/4960/3699 5193/4949/3690 5217/4934/3677 5222/4946/3687
f 5247/4969/3707 5248/4970/3708 5230/4971/3709 5229/4972/3710
f 5248/4970/3708 5249/4973/3711 5231/4974/3712 5230/4971/3709
f 5249/4975/3711 5250/4976/3713 5232/4977/3714 5231/4978/3712
f 5250/4976/3713 5251/4979/3715 5233/4980/3716 5232/4977/3714
f 5251/4979/3715 5252/4981/3717 5234/4982/3718 5233/4980/3716
f 5252/4981/3717 5247/4969/3707 5229/4972/3710 5234/4982/3718
f 5224/4983/3719 5223/4984/3720 5235/4985/3721 5236/4986/3722
f 5225/4987/3723 5224/4983/3719 5236/4986/3722 5237/4988/3724
f 5226/4989/3725 5225/4990/3723 5237/4991/3724 5238/4992/3726
f 5227/4993/3727 5226/4989/3725 5238/4992/3726 5239/4994/3728
f 5228/4995/3729 5227/4993/3727 5239/4994/3728 5240/4996/3730
f 5223/4984/3720 5228/4995/3729 5240/4996/3730 5235/4985/3721
f 5236/4986/3722 5235/4985/3721 5241/4997/3731 5242/4998/3732
f 5237/4988/3724 5236/4986/3722 5242/4998/3732 5243/4999/3733
f 5238/4992/3726 5237/4991/3724 5243/5000/3733 5244/5001/3704
f 5239/4994/3728 5238/4992/3726 5244/5001/3704 5245/5002/3734
f 5240/4996/3730 5239/4994/3728 5245/5002/3734 5246/5003/3735
f 5235/4985/3721 5240/4996/3730 5246/5003/3735 5241/4997/3731
f 5223/4984/3720 5224/4983/3719 5248/4970/3708 5247/4969/3707
f 5224/4983/3719 5225/4987/3723 5249/4973/3711 5248/4970/3708
f 5225/4990/3723 5226/4989/3725 5250/4976/3713 5249/4975/3711
f 5226/4989/3725 5227/4993/3727 5251/4979/3715 5250/4976/3713
f 5227/4993/3727 5228/4995/3729 5252/4981/3717 5251/4979/3715
f 5228/4995/3729 5223/4984/3720 5247/4969/3707 5252/4981/3717
f 5277/5004/3736 5278/5005/3737 5260/5006/3738 5259/5007/3739
f 5278/5005/3737 5279/5008/3740 5261/5009/3741 5260/5006/3738
f 5279/5010/3740 5280/5011/3742 5262/5012/3743 5261/5013/3741
f 5280/5011/3742 5281/5014/3744 5263/5015/3745 5262/5012/3743
f 5281/5014/3744 5282/5016/3746 5264/5017/3747 5263/5015/3745
f 5282/5016/3746 5277/5004/3736 5259/5007/3739 5264/5017/3747
f 5254/5018/3748 5253/5019/3749 5265/5020/3750 5266/5021/3751
f 5255/5022/3752 5254/5018/3748 5266/5021/3751 5267/5023/3753
f 5256/5024/3754 5255/5025/3752 5267/5026/3753 5268/5027/3755
f 5257/5028/3756 5256/5024/3754 5268/5027/3755 5269/5029/3757
f 5258/5030/3758 5257/5028/3756 5269/5029/3757 5270/5031/3759
f 5253/5019/3749 5258/5030/3758 5270/5031/3759 5265/5020/3750
f 5266/5021/3751 5265/5020/3750 5271/5032/3760 5272/5033/3761
f 5267/5023/3753 5266/5021/3751 5272/5033/3761 5273/5034/3762
f 5268/5027/3755 5267/5026/3753 5273/5035/3762 5274/5036/3763
f 5269/5029/3757 5268/5027/3755 5274/5036/3763 5275/5037/3764
f 5270/5031/3759 5269/5029/3757 5275/5037/3764 5276/5038/3765
f 5265/5020/3750 5270/5031/3759 5276/5038/3765 5271/5032/3760
f 5253/5019/3749 5254/5018/3748 5278/5005/3737 5277/5004/3736
f 5254/5018/3748 5255/5022/3752 5279/5008/3740 5278/5005/3737
f 5255/5025/3752 5256/5024/3754 5280/5011/3742 5279/5010/3740
f 5256/5024/3754 5257/5028/3756 5281/5014/3744 5280/5011/3742
f 5257/5028/3756 5258/5030/3758 5282/5016/3746 5281/5014/3744
f 5258/5030/3758 5253/5019/3749 5277/5004/3736 5282/5016/3746
f 5283/5039/3766 5284/5040/3767 5285/5041/3768 5286/5042/3769
f 5287/5043/3770 5283/5039/3766 5286/5042/3769 5288/5044/3771
f 5289/5045/3772 5287/5043/3770 5288/5044/3771 5290/5046/3773
f 5291/5047/3774 5289/5045/3772 5290/5046/3773 5292/5048/3775
f 5293/5049/3776 5291/5047/3774 5292/5048/3775 5294/5050/3777
f 5295/5051/3778 5293/5049/3776 5294/5050/3777 5296/5052/3779
f 5297/5053/3780 5295/5051/3778 5296/5052/3779 5298/5054/3781
f 5299/5055/3782 5297/5053/3780 5298/5054/3781 5300/5056/3783
f 5301/5057/3784 5302/5058/3785 5303/5059/3786 5304/5060/3787
f 5305/5061/3788 5301/5057/3784 5304/5060/3787 5306/5062/3789
f 5307/5063/3790 5305/5061/3788 5306/5062/3789 5308/5064/3791
f 5284/5040/3767 5307/5063/3790 5308/5064/3791 5285/5041/3768
f 5286/5042/3769 5285/5041/3768 5309/5065/3792 5310/5066/3793
f 5288/5044/3771 5286/5042/3769 5310/5066/3793 5311/5067/3794
f 5290/5046/3773 5288/5044/3771 5311/5067/3794 5312/5068/3795
f 5292/5048/3775 5290/5046/3773 5312/5068/3795 5313/5069/3796
f 5294/5050/3777 5292/5048/3775 5313/5069/3796 5314/5070/3797
f 5296/5052/3779 5294/5050/3777 5314/5070/3797 5315/5071/3798
f 5298/5054/3781 5296/5052/3779 5315/5071/3798 5316/5072/3799
f 5300/5056/3783 5298/5054/3781 5316/5072/3799 5317/5073/3800
f 5304/5060/3787 5303/5059/3786 5318/5074/3801 5319/5075/3802
f 5306/5062/3789 5304/5060/3787 5319/5075/3802 5320/5076/3803
f 5308/5064/3791 5306/5062/3789 5320/5076/3803 5321/5077/3804
f 5285/5041/3768 5308/5064/3791 5321/5077/3804 5309/5065/3792
f 5322/5078/3805 5323/5079/3806 5324/5080/3807 5325/5081/3808
f 5326/5082/3809 5322/5078/3805 5325/5081/3808 5327/5083/3810
f 5328/5084/3811 5326/5082/3809 5327/5083/3810 5329/5085/3812
f 5330/5086/3813 5328/5084/3811 5329/5085/3812 5331/5087/3814
f 5332/5088/3815 5330/5086/3813 5331/5087/3814 5333/5089/3816
f 5334/5090/3817 5332/5088/3815 5333/5089/3816 5335/5091/3818
f 5336/5092/3819 5334/5090/3817 5335/5091/3818 5337/5093/3820
f 5338/5094/3821 5336/5092/3819 5337/5093/3820 5339/5095/3822
f 5340/5096/3823 5341/5097/3824 5342/5098/3825 5343/5099/3826
f 5344/5100/3827 5340/5096/3823 5343/5099/3826 5345/5101/3828
f 5346/5102/3829 5344/5100/3827 5345/5101/3828 5347/5103/3830
f 5323/5079/3806 5346/5102/3829 5347/5103/3830 5324/5080/3807
f 5348/5104/3831 5349/5105/3832 5350/5106/3833 5351/5107/3834
f 5352/5108/3835 5348/5104/3831 5351/5107/3834 5353/5109/3836
f 5354/5110/3837 5352/5108/3835 5353/5109/3836 5355/5111/3838
f 5356/5112/3839 5354/5110/3837 5355/5111/3838 5357/5113/3840
f 5358/5114/3841 5356/5112/3839 5357/5113/3840 5359/5115/3842
f 5360/5116/3843 5358/5114/3841 5359/5115/3842 5361/5117/3844
f 5362/5118/3845 5360/5116/3843 5361/5117/3844 5363/5119/3846
f 5364/5120/3847 5362/5118/3845 5363/5119/3846 5365/5121/3848
f 5366/5122/3849 5367/5123/3850 5368/5124/3851 5369/5125/3852
f 5370/5126/3853 5366/5122/3849 5369/5125/3852 5371/5127/3854
f 5372/5128/3855 5370/5126/3853 5371/5127/3854 5373/5129/3856
f 5349/5105/3832 5372/5128/3855 5373/5129/3856 5350/5106/3833
f 5351/5107/3834 5350/5106/3833 5374/5130/3857 5375/5131/3858
f 5353/5109/3836 5351/5107/3834 5375/5131/3858 5376/5132/3859
f 5355/5111/3838 5353/5109/3836 5376/5132/3859 5377/5133/3860
f 5357/5113/3840 5355/5111/3838 5377/5133/3860 5378/5134/3861
f 5359/5115/3842 5357/5113/3840 5378/5134/3861 5379/5135/3862
f 5361/5117/3844 5359/5115/3842 5379/5135/3862 5380/5136/3863
f 5363/5119/3846 5361/5117/3844 5380/5136/3863 5381/5137/3864
f 5365/5121/3848 5363/5119/3846 5381/5137/3864 5382/5138/3865
f 5369/5125/3852 5368/5124/3851 5383/5139/3866 5384/5140/3867
f 5371/5127/3854 5369/5125/3852 5384/5140/3867 5385/5141/3868
f 5373/5129/3856 5371/5127/3854 5385/5141/3868 5386/5142/3869
f 5350/5106/3833 5373/5129/3856 5386/5142/3869 5374/5130/3857
f 5375/5131/3858 5374/5130/3857 5387/5143/3870 5388/5144/3871
f 5376/5132/3859 5375/5131/3858 5388/5144/3871 5389/5145/3872
f 5377/5133/3860 5376/5132/3859 5389/5145/3872 5390/5146/3873
f 5378/5134/3861 5377/5133/3860 5390/5146/3873 5391/5147/3874
f 5379/5135/3862 5378/5134/3861 5391/5147/3874 5392/5148/3875
f 5380/5136/3863 5379/5135/3862 5392/5148/3875 5393/5149/3876
f 5381/5137/3864 5380/5136/3863 5393/5149/3876 5394/5150/3877
f 5382/5138/3865 5381/5137/3864 5394/5150/3877 5395/5151/3878
f 5384/5140/3867 5383/5139/3866 5396/5152/3879 5397/5153/3880
f 5385/5141/3868 5384/5140/3867 5397/5153/3880 5398/5154/3881
f 5386/5142/3869 5385/5141/3868 5398/5154/3881 5399/5155/3882
f 5374/5130/3857 5386/5142/3869 5399/5155/3882 5387/5143/3870
f 5388/5144/3871 5387/5143/3870 5400/5156/3883 5401/5157/3884
f 5389/5145/3872 5388/5144/3871 5401/5157/3884 5402/5158/3885
f 5390/5146/3873 5389/5145/3872 5402/5158/3885 5403/5159/3886
f 5391/5147/3874 5390/5146/3873 5403/5159/3886 5404/5160/3887
f 5392/5148/3875 5391/5147/3874 5404/5160/3887 5405/5161/3888
f 5393/5149/3876 5392/5148/3875 5405/5161/3888 5406/5162/3889
f 5394/5150/3877 5393/5149/3876 5406/5162/3889 5407/5163/3890
f 5395/5151/3878 5394/5150/3877 5407/5163/3890 5408/5164/3891
f 5397/5153/3880 5396/5152/3879 5409/5165/3892 5410/5166/3893
f 5398/5154/3881 5397/5153/3880 5410/5166/3893 5411/5167/3894
f 5399/5155/3882 5398/5154/3881 5411/5167/3894 5412/5168/3895
f 5387/5143/3870 5399/5155/3882 5412/5168/3895 5400/5156/3883
f 5401/5157/3884 5400/5156/3883 5284/5040/3767 5283/5039/3766
f 5402/5158/3885 5401/5157/3884 5283/5039/3766 5287/5043/3770
f 5403/5159/3886 5402/5158/3885 5287/5043/3770 5289/5045/3772
f 5404/5160/3887 5403/5159/3886 5289/5045/3772 5291/5047/3774
f 5405/5161/3888 5404/5160/3887 5291/5047/3774 5293/5049/3776
f 5406/5162/3889 5405/5161/3888 5293/5049/3776 5295/5051/3778
f 5407/5163/3890 5406/5162/3889 5295/5051/3778 5297/5053/3780
f 5408/5164/3891 5407/5163/3890 5297/5053/3780 5299/5055/3782
f 5410/5166/3893 5409/5165/3892 5302/5058/3785 5301/5057/3784
f 5411/5167/3894 5410/5166/3893 5301/5057/3784 5305/5061/3788
f 5412/5168/3895 5411/5167/3894 5305/5061/3788 5307/5063/3790
f 5400/5156/3883 5412/5168/3895 5307/5063/3790 5284/5040/3767
f 5413/5169/3896 5414/5170/3897 5415/5171/3898 5416/5172/3899
f 5417/5173/3900 5413/5169/3896 5416/5172/3899 5418/5174/3901
f 5419/5175/3902 5417/5173/3900 5418/5174/3901 5420/5176/3903
f 5421/5177/3904 5419/5175/3902 5420/5176/3903 5422/5178/3905
f 5423/5179/3906 5421/5177/3904 5422/5178/3905 5424/5180/3907
f 5425/5181/3908 5423/5179/3906 5424/5180/3907 5426/5182/3909
f 5427/5183/3910 5425/5181/3908 5426/5182/3909 5428/5184/3911
f 5414/5170/3897 5427/5183/3910 5428/5184/3911 5415/5171/3898
f 5416/5172/3899 5415/5171/3898 5429/5185/3912 5430/5186/3913
f 5418/5174/3901 5416/5172/3899 5430/5186/3913 5431/5187/3914
f 5420/5176/3903 5418/5174/3901 5431/5187/3914 5432/5188/3915
f 5422/5178/3905 5420/5176/3903 5432/5188/3915 5433/5189/3916
f 5424/5180/3907 5422/5178/3905 5433/5189/3916 5434/5190/3917
f 5426/5182/3909 5424/5180/3907 5434/5190/3917 5435/5191/3918
f 5428/5184/3911 5426/5182/3909 5435/5191/3918 5436/5192/3919
f 5415/5171/3898 5428/5184/3911 5436/5192/3919 5429/5185/3912
f 5303/5059/3786 5302/5058/3785 5437/5193/3920 5438/5194/3921
f 5318/5074/3801 5303/5059/3786 5438/5194/3921 5439/5195/3922
f 5342/5098/3825 5341/5097/3824 5440/5196/3923 5441/5197/3924
f 5368/5124/3851 5367/5123/3850 5442/5198/3925 5443/5199/3926
f 5383/5139/3866 5368/5124/3851 5443/5199/3926 5444/5200/3927
f 5396/5152/3879 5383/5139/3866 5444/5200/3927 5445/5201/3928
f 5409/5165/3892 5396/5152/3879 5445/5201/3928 5446/5202/3929
f 5302/5058/3785 5409/5165/3892 5446/5202/3929 5437/5193/3920
f 5447/5203/3930 5448/5204/3931 5414/5170/3897 5413/5169/3896
f 5449/5205/3932 5447/5203/3930 5413/5169/3896 5417/5173/3900
f 5450/5206/3933 5449/5205/3932 5417/5173/3900 5419/5175/3902
f 5451/5207/3934 5450/5206/3933 5419/5175/3902 5421/5177/3904
f 5452/5208/3935 5451/5207/3934 5421/5177/3904 5423/5179/3906
f 5453/5209/3936 5452/5208/3935 5423/5179/3906 5425/5181/3908
f 5454/5210/3937 5453/5209/3936 5425/5181/3908 5427/5183/3910
f 5448/5204/3931 5454/5210/3937 5427/5183/3910 5414/5170/3897
f 5437/5193/3920 5455/5211/3938 5456/5212/3939 5438/5194/3921
f 5455/5211/3938 5448/5204/3931 5447/5203/3930 5456/5212/3939
f 5438/5194/3921 5456/5212/3939 5457/5213/3940 5439/5195/3922
f 5456/5212/3939 5447/5203/3930 5449/5205/3932 5457/5213/3940
f 5440/5196/3923 5458/5214/3941 5459/5215/3942 5441/5197/3924
f 5458/5214/3941 5460/5216/3943 5461/5217/3944 5459/5215/3942
f 5442/5198/3925 5462/5218/3945 5463/5219/3946 5443/5199/3926
f 5462/5218/3945 5450/5206/3933 5451/5207/3934 5463/5219/3946
f 5443/5199/3926 5463/5219/3946 5464/5220/3947 5444/5200/3927
f 5463/5219/3946 5451/5207/3934 5452/5208/3935 5464/5220/3947
f 5444/5200/3927 5464/5220/3947 5465/5221/3948 5445/5201/3928
f 5464/5220/3947 5452/5208/3935 5453/5209/3936 5465/5221/3948
f 5445/5201/3928 5465/5221/3948 5466/5222/3949 5446/5202/3929
f 5465/5221/3948 5453/5209/3936 5454/5210/3937 5466/5222/3949
f 5448/5204/3931 5455/5211/3938 5466/5222/3949 5454/5210/3937
f 5455/5211/3938 5437/5193/3920 5446/5202/3929 5466/5222/3949
f 5310/5066/3793 5309/5065/3792 5323/5079/3806 5322/5078/3805
f 5349/5105/3832 5348/5104/3831 5325/5081/3808 5324/5080/3807
f 5311/5067/3794 5310/5066/3793 5322/5078/3805 5326/5082/3809
f 5348/5104/3831 5352/5108/3835 5327/5083/3810 5325/5081/3808
f 5312/5068/3795 5311/5067/3794 5326/5082/3809 5328/5084/3811
f 5352/5108/3835 5354/5110/3837 5329/5085/3812 5327/5083/3810
f 5313/5069/3796 5312/5068/3795 5328/5084/3811 5330/5086/3813
f 5354/5110/3837 5356/5112/3839 5331/5087/3814 5329/5085/3812
f 5314/5070/3797 5313/5069/3796 5330/5086/3813 5332/5088/3815
f 5356/5112/3839 5358/5114/3841 5333/5089/3816 5331/5087/3814
f 5315/5071/3798 5314/5070/3797 5332/5088/3815 5334/5090/3817
f 5358/5114/3841 5360/5116/3843 5335/5091/3818 5333/5089/3816
f 5316/5072/3799 5315/5071/3798 5334/5090/3817 5336/5092/3819
f 5360/5116/3843 5362/5118/3845 5337/5093/3820 5335/5091/3818
f 5317/5073/3800 5316/5072/3799 5336/5092/3819 5338/5094/3821
f 5362/5118/3845 5364/5120/3847 5339/5095/3822 5337/5093/3820
f 5364/5120/3847 5317/5073/3800 5338/5094/3821 5339/5095/3822
f 5319/5075/3802 5318/5074/3801 5341/5097/3824 5340/5096/3823
f 5367/5123/3850 5366/5122/3849 5343/5099/3826 5342/5098/3825
f 5320/5076/3803 5319/5075/3802 5340/5096/3823 5344/5100/3827
f 5366/5122/3849 5370/5126/3853 5345/5101/3828 5343/5099/3826
f 5321/5077/3804 5320/5076/3803 5344/5100/3827 5346/5102/3829
f 5370/5126/3853 5372/5128/3855 5347/5103/3830 5345/5101/3828
f 5309/5065/3792 5321/5077/3804 5346/5102/3829 5323/5079/3806
f 5372/5128/3855 5349/5105/3832 5324/5080/3807 5347/5103/3830
f 5318/5074/3801 5439/5195/3922 5440/5196/3923 5341/5097/3824
f 5442/5198/3925 5367/5123/3850 5342/5098/3825 5441/5197/3924
f 5439/5195/3922 5457/5213/3940 5458/5214/3941 5440/5196/3923
f 5462/5218/3945 5442/5198/3925 5441/5197/3924 5459/5215/3942
f 5457/5213/3940 5449/5205/3932 5460/5216/3943 5458/5214/3941
f 5449/5205/3932 5450/5206/3933 5461/5217/3944 5460/5216/3943
f 5450/5206/3933 5462/5218/3945 5459/5215/3942 5461/5217/3944
f 5467/5223/3950 5468/5224/3951 5469/5225/3952 5470/5226/3953
f 5471/5227/3954 5467/5223/3950 5470/5226/3953 5472/5228/3955
f 5473/5229/3956 5471/5227/3954 5472/5228/3955 5474/5230/3957
f 5475/5231/3958 5473/5229/3956 5474/5230/3957 5476/5232/3959
f 5477/5233/3960 5475/5231/3958 5476/5232/3959 5478/5234/3961
f 5479/5235/3962 5477/5233/3960 5478/5234/3961 5480/5236/3963
f 5481/5237/3964 5479/5235/3962 5480/5236/3963 5482/5238/3965
f 5483/5239/3966 5481/5237/3964 5482/5238/3965 5484/5240/3967
f 5485/5241/3968 5486/5242/3969 5487/5243/3970 5488/5244/3971
f 5489/5245/3788 5485/5241/3968 5488/5244/3971 5490/5246/3972
f 5491/5247/3973 5489/5245/3788 5490/5246/3972 5492/5248/3974
f 5468/5224/3951 5491/5247/3973 5492/5248/3974 5469/5225/3952
f 5470/5226/3953 5469/5225/3952 5493/5249/3975 5494/5250/3976
f 5472/5228/3955 5470/5226/3953 5494/5250/3976 5495/5251/3977
f 5474/5230/3957 5472/5228/3955 5495/5251/3977 5496/5252/3978
f 5476/5232/3959 5474/5230/3957 5496/5252/3978 5497/5253/3979
f 5478/5234/3961 5476/5232/3959 5497/5253/3979 5498/5254/3980
f 5480/5236/3963 5478/5234/3961 5498/5254/3980 5499/5255/3981
f 5482/5238/3965 5480/5236/3963 5499/5255/3981 5500/5256/3982
f 5484/5240/3967 5482/5238/3965 5500/5256/3982 5501/5257/3983
f 5488/5244/3971 5487/5243/3970 5502/5258/3984 5503/5259/3985
f 5490/5246/3972 5488/5244/3971 5503/5259/3985 5504/5260/3986
f 5492/5248/3974 5490/5246/3972 5504/5260/3986 5505/5261/3987
f 5469/5225/3952 5492/5248/3974 5505/5261/3987 5493/5249/3975
f 5506/5262/3988 5507/5263/3989 5508/5264/3990 5509/5265/3991
f 5510/5266/3992 5506/5262/3988 5509/5265/3991 5511/5267/3993
f 5512/5268/3994 5510/5266/3992 5511/5267/3993 5513/5269/3995
f 5514/5270/3996 5512/5268/3994 5513/5269/3995 5515/5271/3997
f 5516/5272/3998 5514/5270/3996 5515/5271/3997 5517/5273/3999
f 5518/5274/4000 5516/5272/3998 5517/5273/3999 5519/5275/4001
f 5520/5276/4002 5518/5274/4000 5519/5275/4001 5521/5277/4003
f 5522/5278/4004 5520/5276/4002 5521/5277/4003 5523/5279/4005
f 5524/5280/4006 5525/5281/4007 5526/5282/4008 5527/5099/4009
f 5528/5283/4010 5524/5280/4006 5527/5099/4009 5529/5284/4011
f 5530/5285/4012 5528/5283/4010 5529/5284/4011 5531/5286/4013
f 5507/5263/3989 5530/5285/4012 5531/5286/4013 5508/5264/3990
f 5532/5287/4014 5533/5288/4015 5534/5289/4016 5535/5290/4017
f 5536/5291/4018 5532/5287/4014 5535/5290/4017 5537/5292/4019
f 5538/5293/4020 5536/5291/4018 5537/5292/4019 5539/5294/4021
f 5540/5295/4022 5538/5293/4020 5539/5294/4021 5541/5296/4023
f 5542/5297/4024 5540/5295/4022 5541/5296/4023 5543/5298/4025
f 5544/5299/4026 5542/5297/4024 5543/5298/4025 5545/5300/4027
f 5546/5301/4028 5544/5299/4026 5545/5300/4027 5547/5302/4029
f 5548/5303/4030 5546/5301/4028 5547/5302/4029 5549/5304/4031
f 5550/5305/4032 5551/5306/4033 5552/5307/4034 5553/5308/4035
f 5554/5309/4036 5550/5305/4032 5553/5308/4035 5555/5310/4037
f 5556/5311/4038 5554/5309/4036 5555/5310/4037 5557/5312/4039
f 5533/5288/4015 5556/5311/4038 5557/5312/4039 5534/5289/4016
f 5535/5290/4017 5534/5289/4016 5558/5313/4040 5559/5314/4041
f 5537/5292/4019 5535/5290/4017 5559/5314/4041 5560/5315/4042
f 5539/5294/4021 5537/5292/4019 5560/5315/4042 5561/5316/4043
f 5541/5296/4023 5539/5294/4021 5561/5316/4043 5562/5317/4044
f 5543/5298/4025 5541/5296/4023 5562/5317/4044 5563/5318/4045
f 5545/5300/4027 5543/5298/4025 5563/5318/4045 5564/5319/4046
f 5547/5302/4029 5545/5300/4027 5564/5319/4046 5565/5320/4047
f 5549/5304/4031 5547/5302/4029 5565/5320/4047 5566/5321/4048
f 5553/5308/4035 5552/5307/4034 5567/5322/4049 5568/5140/4050
f 5555/5310/4037 5553/5308/4035 5568/5140/4050 5569/5323/4051
f 5557/5312/4039 5555/5310/4037 5569/5323/4051 5570/5324/4052
f 5534/5289/4016 5557/5312/4039 5570/5324/4052 5558/5313/4040
f 5559/5314/4041 5558/5313/4040 5571/5325/4053 5572/5326/4054
f 5560/5315/4042 5559/5314/4041 5572/5326/4054 5573/5327/4055
f 5561/5316/4043 5560/5315/4042 5573/5327/4055 5574/5328/4056
f 5562/5317/4044 5561/5316/4043 5574/5328/4056 5575/5329/4057
f 5563/5318/4045 5562/5317/4044 5575/5329/4057 5576/5330/4058
f 5564/5319/4046 5563/5318/4045 5576/5330/4058 5577/5331/4059
f 5565/5320/4047 5564/5319/4046 5577/5331/4059 5578/5332/4060
f 5566/5321/4048 5565/5320/4047 5578/5332/4060 5579/5151/4061
f 5568/5140/4050 5567/5322/4049 5580/5333/4062 5581/5334/4063
f 5569/5323/4051 5568/5140/4050 5581/5334/4063 5582/5335/4064
f 5570/5324/4052 5569/5323/4051 5582/5335/4064 5583/5336/4065
f 5558/5313/4040 5570/5324/4052 5583/5336/4065 5571/5325/4053
f 5572/5326/4054 5571/5325/4053 5584/5337/4066 5585/5338/4067
f 5573/5327/4055 5572/5326/4054 5585/5338/4067 5586/5339/4068
f 5574/5328/4056 5573/5327/4055 5586/5339/4068 5587/5340/4069
f 5575/5329/4057 5574/5328/4056 5587/5340/4069 5588/5341/4070
f 5576/5330/4058 5575/5329/4057 5588/5341/4070 5589/5342/4071
f 5577/5331/4059 5576/5330/4058 5589/5342/4071 5590/5343/4072
f 5578/5332/4060 5577/5331/4059 5590/5343/4072 5591/5344/4073
f 5579/5151/4061 5578/5332/4060 5591/5344/4073 5592/5345/4074
f 5581/5334/4063 5580/5333/4062 5593/5346/4075 5594/5347/4076
f 5582/5335/4064 5581/5334/4063 5594/5347/4076 5595/5348/4077
f 5583/5336/4065 5582/5335/4064 5595/5348/4077 5596/5349/4078
f 5571/5325/4053 5583/5336/4065 5596/5349/4078 5584/5337/4066
f 5585/5338/4067 5584/5337/4066 5468/5224/3951 5467/5223/3950
f 5586/5339/4068 5585/5338/4067 5467/5223/3950 5471/5227/3954
f 5587/5340/4069 5586/5339/4068 5471/5227/3954 5473/5229/3956
f 5588/5341/4070 5587/5340/4069 5473/5229/3956 5475/5231/3958
f 5589/5342/4071 5588/5341/4070 5475/5231/3958 5477/5233/3960
f 5590/5343/4072 5589/5342/4071 5477/5233/3960 5479/5235/3962
f 5591/5344/4073 5590/5343/4072 5479/5235/3962 5481/5237/3964
f 5592/5345/4074 5591/5344/4073 5481/5237/3964 5483/5239/3966
f 5594/5347/4076 5593/5346/4075 5486/5242/3969 5485/5241/3968
f 5595/5348/4077 5594/5347/4076 5485/5241/3968 5489/5245/3788
f 5596/5349/4078 5595/5348/4077 5489/5245/3788 5491/5247/3973
f 5584/5337/4066 5596/5349/4078 5491/5247/3973 5468/5224/3951
f 5597/5350/4079 5598/5351/4080 5599/5352/4081 5600/5353/4082
f 5601/5354/4083 5597/5350/4079 5600/5353/4082 5602/5355/4084
f 5603/5356/4085 5601/5354/4083 5602/5355/4084 5604/5357/4086
f 5605/5358/4087 5603/5356/4085 5604/5357/4086 5606/5359/4088
f 5607/5360/4089 5605/5358/4087 5606/5359/4088 5608/5361/4090
f 5609/5362/4091 5607/5360/4089 5608/5361/4090 5610/5363/4092
f 5611/5364/4093 5609/5362/4091 5610/5363/4092 5612/5365/4094
f 5598/5351/4080 5611/5364/4093 5612/5365/4094 5599/5352/4081
f 5600/5353/4082 5599/5352/4081 5613/5366/4095 5614/5367/4096
f 5602/5355/4084 5600/5353/4082 5614/5367/4096 5615/5368/4097
f 5604/5357/4086 5602/5355/4084 5615/5368/4097 5616/5369/4098
f 5606/5359/4088 5604/5357/4086 5616/5369/4098 5617/5370/4099
f 5608/5361/4090 5606/5359/4088 5617/5370/4099 5618/5371/4100
f 5610/5363/4092 5608/5361/4090 5618/5371/4100 5619/5372/4101
f 5612/5365/4094 5610/5363/4092 5619/5372/4101 5620/5373/4102
f 5599/5352/4081 5612/5365/4094 5620/5373/4102 5613/5366/4095
f 5487/5243/3970 5486/5242/3969 5621/5374/4103 5622/5375/4104
f 5502/5258/3984 5487/5243/3970 5622/5375/4104 5623/5376/4105
f 5526/5282/4008 5525/5281/4007 5624/5377/4106 5625/5378/4107
f 5552/5307/4034 5551/5306/4033 5626/5379/4108 5627/5380/4109
f 5567/5322/4049 5552/5307/4034 5627/5380/4109 5628/5381/4110
f 5580/5333/4062 5567/5322/4049 5628/5381/4110 5629/5382/4111
f 5593/5346/4075 5580/5333/4062 5629/5382/4111 5630/5383/4112
f 5486/5242/3969 5593/5346/4075 5630/5383/4112 5621/5374/4103
f 5631/5384/4113 5632/5385/4114 5598/5351/4080 5597/5350/4079
f 5633/5386/3932 5631/5384/4113 5597/5350/4079 5601/5354/4083
f 5634/5387/4115 5633/5386/3932 5601/5354/4083 5603/5356/4085
f 5635/5388/4116 5634/5387/4115 5603/5356/4085 5605/5358/4087
f 5636/5389/4117 5635/5388/4116 5605/5358/4087 5607/5360/4089
f 5637/5390/4118 5636/5389/4117 5607/5360/4089 5609/5362/4091
f 5638/5391/4119 5637/5390/4118 5609/5362/4091 5611/5364/4093
f 5632/5385/4114 5638/5391/4119 5611/5364/4093 5598/5351/4080
f 5621/5374/4103 5639/5392/4120 5640/5393/4121 5622/5375/4104
f 5639/5392/4120 5632/5385/4114 5631/5384/4113 5640/5393/4121
f 5622/5375/4104 5640/5393/4121 5641/5394/4122 5623/5376/4105
f 5640/5393/4121 5631/5384/4113 5633/5386/3932 5641/5394/4122
f 5624/5377/4106 5642/5395/4123 5643/5396/4124 5625/5378/4107
f 5642/5395/4123 5644/5216/3943 5645/5397/3944 5643/5396/4124
f 5626/5379/4108 5646/5398/4125 5647/5399/4126 5627/5380/4109
f 5646/5398/4125 5634/5387/4115 5635/5388/4116 5647/5399/4126
f 5627/5380/4109 5647/5399/4126 5648/5400/4127 5628/5381/4110
f 5647/5399/4126 5635/5388/4116 5636/5389/4117 5648/5400/4127
f 5628/5381/4110 5648/5400/4127 5649/5401/4128 5629/5382/4111
f 5648/5400/4127 5636/5389/4117 5637/5390/4118 5649/5401/4128
f 5629/5382/4111 5649/5401/4128 5650/5402/4129 5630/5383/4112
f 5649/5401/4128 5637/5390/4118 5638/5391/4119 5650/5402/4129
f 5632/5385/4114 5639/5392/4120 5650/5402/4129 5638/5391/4119
f 5639/5392/4120 5621/5374/4103 5630/5383/4112 5650/5402/4129
f 5494/5250/3976 5493/5249/3975 5507/5263/3989 5506/5262/3988
f 5533/5288/4015 5532/5287/4014 5509/5265/3991 5508/5264/3990
f 5495/5251/3977 5494/5250/3976 5506/5262/3988 5510/5266/3992
f 5532/5287/4014 5536/5291/4018 5511/5267/3993 5509/5265/3991
f 5496/5252/3978 5495/5251/3977 5510/5266/3992 5512/5268/3994
f 5536/5291/4018 5538/5293/4020 5513/5269/3995 5511/5267/3993
f 5497/5253/3979 5496/5252/3978 5512/5268/3994 5514/5270/3996
f 5538/5293/4020 5540/5295/4022 5515/5271/3997 5513/5269/3995
f 5498/5254/3980 5497/5253/3979 5514/5270/3996 5516/5272/3998
f 5540/5295/4022 5542/5297/4024 5517/5273/3999 5515/5271/3997
f 5499/5255/3981 5498/5254/3980 5516/5272/3998 5518/5274/4000
f 5542/5297/4024 5544/5299/4026 5519/5275/4001 5517/5273/3999
f 5500/5256/3982 5499/5255/3981 5518/5274/4000 5520/5276/4002
f 5544/5299/4026 5546/5301/4028 5521/5277/4003 5519/5275/4001
f 5501/5257/3983 5500/5256/3982 5520/5276/4002 5522/5278/4004
f 5546/5301/4028 5548/5303/4030 5523/5279/4005 5521/5277/4003
f 5548/5303/4030 5501/5257/3983 5522/5278/4004 5523/5279/4005
f 5503/5259/3985 5502/5258/3984 5525/5281/4007 5524/5280/4006
f 5551/5306/4033 5550/5305/4032 5527/5099/4009 5526/5282/4008
f 5504/5260/3986 5503/5259/3985 5524/5280/4006 5528/5283/4010
f 5550/5305/4032 5554/5309/4036 5529/5284/4011 5527/5099/4009
f 5505/5261/3987 5504/5260/3986 5528/5283/4010 5530/5285/4012
f 5554/5309/4036 5556/5311/4038 5531/5286/4013 5529/5284/4011
f 5493/5249/3975 5505/5261/3987 5530/5285/4012 5507/5263/3989
f 5556/5311/4038 5533/5288/4015 5508/5264/3990 5531/5286/4013
f 5502/5258/3984 5623/5376/4105 5624/5377/4106 5525/5281/4007
f 5626/5379/4108 5551/5306/4033 5526/5282/4008 5625/5378/4107
f 5623/5376/4105 5641/5394/4122 5642/5395/4123 5624/5377/4106
f 5646/5398/4125 5626/5379/4108 5625/5378/4107 5643/5396/4124
f 5641/5394/4122 5633/5386/3932 5644/5216/3943 5642/5395/4123
f 5633/5386/3932 5634/5387/4115 5645/5397/3944 5644/5216/3943
f 5634/5387/4115 5646/5398/4125 5643/5396/4124 5645/5397/3944
f 5651/5403/3766 5652/5404/4130 5653/5405/4131 5654/5406/4132
f 5655/5407/3770 5651/5403/3766 5654/5406/4132 5656/5408/4133
f 5657/5409/3772 5655/5407/3770 5656/5408/4133 5658/5410/4134
f 5659/5411/3774 5657/5409/3772 5658/5410/4134 5660/5412/4135
f 5661/5413/3776 5659/5411/3774 5660/5412/4135 5662/5414/4136
f 5663/5415/3778 5661/5413/3776 5662/5414/4136 5664/5416/4137
f 5665/5417/4138 5663/5415/3778 5664/5416/4137 5666/5418/4139
f 5667/5419/4140 5665/5417/4138 5666/5418/4139 5668/5420/4141
f 5669/5421/3784 5670/5422/3785 5671/5423/3786 5672/5424/3787
f 5673/5425/4142 5669/5421/3784 5672/5424/3787 5674/5426/4143
f 5675/5427/4144 5673/5425/4142 5674/5426/4143 5676/5428/4145
f 5652/5404/4130 5675/5427/4144 5676/5428/4145 5653/5405/4131
f 5654/5406/4132 5653/5405/4131 5677/5429/4146 5678/5430/4147
f 5656/5408/4133 5654/5406/4132 5678/5430/4147 5679/5431/4148
f 5658/5410/4134 5656/5408/4133 5679/5431/4148 5680/5432/4149
f 5660/5412/4135 5658/5410/4134 5680/5432/4149 5681/5433/4150
f 5662/5414/4136 5660/5412/4135 5681/5433/4150 5682/5434/3797
f 5664/5416/4137 5662/5414/4136 5682/5434/3797 5683/5435/4151
f 5666/5418/4139 5664/5416/4137 5683/5435/4151 5684/5436/4152
f 5668/5420/4141 5666/5418/4139 5684/5436/4152 5685/5437/4153
f 5672/5424/3787 5671/5423/3786 5686/5438/3801 5687/5439/3802
f 5674/5426/4143 5672/5424/3787 5687/5439/3802 5688/5440/3803
f 5676/5428/4145 5674/5426/4143 5688/5440/3803 5689/5441/3804
f 5653/5405/4131 5676/5428/4145 5689/5441/3804 5677/5429/4146
f 5690/5442/4154 5691/5443/4155 5692/5444/4156 5693/5445/4157
f 5694/5446/4158 5690/5442/4154 5693/5445/4157 5695/5447/4159
f 5696/5448/4160 5694/5446/4158 5695/5447/4159 5697/5449/4161
f 5698/5450/4162 5696/5448/4160 5697/5449/4161 5699/5451/4163
f 5700/5452/4164 5698/5450/4162 5699/5451/4163 5701/5453/4165
f 5702/5454/4166 5700/5452/4164 5701/5453/4165 5703/5455/4167
f 5704/5456/3819 5702/5454/4166 5703/5455/4167 5705/5457/4168
f 5706/5458/3821 5704/5456/3819 5705/5457/4168 5707/5459/3822
f 5708/5460/4169 5709/5461/4170 5710/5462/4171 5711/5463/4172
f 5712/5464/3827 5708/5460/4169 5711/5463/4172 5713/5465/3828
f 5714/5466/3829 5712/5464/3827 5713/5465/3828 5715/5467/3830
f 5691/5443/4155 5714/5466/3829 5715/5467/3830 5692/5444/4156
f 5716/5468/4173 5717/5469/3832 5718/5470/3833 5719/5471/3834
f 5720/5472/4174 5716/5468/4173 5719/5471/3834 5721/5473/4019
f 5722/5474/4175 5720/5472/4174 5721/5473/4019 5723/5475/4176
f 5724/5476/4177 5722/5474/4175 5723/5475/4176 5725/5477/4178
f 5726/5478/4179 5724/5476/4177 5725/5477/4178 5727/5479/4180
f 5728/5480/4181 5726/5478/4179 5727/5479/4180 5729/5481/4182
f 5730/5482/4183 5728/5480/4181 5729/5481/4182 5731/5483/4184
f 5732/5484/3847 5730/5482/4183 5731/5483/4184 5733/5485/3848
f 5734/5486/4185 5735/5487/4186 5736/5488/4187 5737/5489/4188
f 5738/5490/4189 5734/5486/4185 5737/5489/4188 5739/5491/4190
f 5740/5492/3855 5738/5490/4189 5739/5491/4190 5741/5493/4191
f 5717/5469/3832 5740/5492/3855 5741/5493/4191 5718/5470/3833
f 5719/5471/3834 5718/5470/3833 5742/5494/4192 5743/5495/4193
f 5721/5473/4019 5719/5471/3834 5743/5495/4193 5744/5496/4194
f 5723/5475/4176 5721/5473/4019 5744/5496/4194 5745/5497/4195
f 5725/5477/4178 5723/5475/4176 5745/5497/4195 5746/5498/4196
f 5727/5479/4180 5725/5477/4178 5746/5498/4196 5747/5499/4197
f 5729/5481/4182 5727/5479/4180 5747/5499/4197 5748/5500/4198
f 5731/5483/4184 5729/5481/4182 5748/5500/4198 5749/5501/4199
f 5733/5485/3848 5731/5483/4184 5749/5501/4199 5750/5502/3865
f 5737/5489/4188 5736/5488/4187 5751/5503/4200 5752/5504/4201
f 5739/5491/4190 5737/5489/4188 5752/5504/4201 5753/5505/4202
f 5741/5493/4191 5739/5491/4190 5753/5505/4202 5754/5506/3869
f 5718/5470/3833 5741/5493/4191 5754/5506/3869 5742/5494/4192
f 5743/5495/4193 5742/5494/4192 5755/5507/4203 5756/5508/4204
f 5744/5496/4194 5743/5495/4193 5756/5508/4204 5757/5509/4205
f 5745/5497/4195 5744/5496/4194 5757/5509/4205 5758/5510/4206
f 5746/5498/4196 5745/5497/4195 5758/5510/4206 5759/5511/4207
f 5747/5499/4197 5746/5498/4196 5759/5511/4207 5760/5512/4208
f 5748/5500/4198 5747/5499/4197 5760/5512/4208 5761/5513/4209
f 5749/5501/4199 5748/5500/4198 5761/5513/4209 5762/5514/4210
f 5750/5502/3865 5749/5501/4199 5762/5514/4210 5763/5515/4211
f 5752/5504/4201 5751/5503/4200 5764/5516/4212 5765/5517/4213
f 5753/5505/4202 5752/5504/4201 5765/5517/4213 5766/5518/3881
f 5754/5506/3869 5753/5505/4202 5766/5518/3881 5767/5519/3882
f 5742/5494/4192 5754/5506/3869 5767/5519/3882 5755/5507/4203
f 5756/5508/4204 5755/5507/4203 5768/5520/4214 5769/5521/4215
f 5757/5509/4205 5756/5508/4204 5769/5521/4215 5770/5522/4216
f 5758/5510/4206 5757/5509/4205 5770/5522/4216 5771/5523/4217
f 5759/5511/4207 5758/5510/4206 5771/5523/4217 5772/5524/4218
f 5760/5512/4208 5759/5511/4207 5772/5524/4218 5773/5525/4219
f 5761/5513/4209 5760/5512/4208 5773/5525/4219 5774/5526/4220
f 5762/5514/4210 5761/5513/4209 5774/5526/4220 5775/5527/4221
f 5763/5515/4211 5762/5514/4210 5775/5527/4221 5776/5528/4222
f 5765/5517/4213 5764/5516/4212 5777/5529/3892 5778/5530/3893
f 5766/5518/3881 5765/5517/4213 5778/5530/3893 5779/5531/4223
f 5767/5519/3882 5766/5518/3881 5779/5531/4223 5780/5532/4224
f 5755/5507/4203 5767/5519/3882 5780/5532/4224 5768/5520/4214
f 5769/5521/4215 5768/5520/4214 5652/5404/4130 5651/5403/3766
f 5770/5522/4216 5769/5521/4215 5651/5403/3766 5655/5407/3770
f 5771/5523/4217 5770/5522/4216 5655/5407/3770 5657/5409/3772
f 5772/5524/4218 5771/5523/4217 5657/5409/3772 5659/5411/3774
f 5773/5525/4219 5772/5524/4218 5659/5411/3774 5661/5413/3776
f 5774/5526/4220 5773/5525/4219 5661/5413/3776 5663/5415/3778
f 5775/5527/4221 5774/5526/4220 5663/5415/3778 5665/5417/4138
f 5776/5528/4222 5775/5527/4221 5665/5417/4138 5667/5419/4140
f 5778/5530/3893 5777/5529/3892 5670/5422/3785 5669/5421/3784
f 5779/5531/4223 5778/5530/3893 5669/5421/3784 5673/5425/4142
f 5780/5532/4224 5779/5531/4223 5673/5425/4142 5675/5427/4144
f 5768/5520/4214 5780/5532/4224 5675/5427/4144 5652/5404/4130
f 5781/5533/3896 5782/5534/3897 5783/5535/3898 5784/5536/4225
f 5785/5537/4226 5781/5533/3896 5784/5536/4225 5786/5538/4227
f 5787/5539/4228 5785/5537/4226 5786/5538/4227 5788/5540/4229
f 5789/5541/4087 5787/5539/4228 5788/5540/4229 5790/5542/4230
f 5791/5543/4231 5789/5541/4087 5790/5542/4230 5792/5544/4232
f 5793/5545/4233 5791/5543/4231 5792/5544/4232 5794/5546/4234
f 5795/5547/3910 5793/5545/4233 5794/5546/4234 5796/5548/3911
f 5782/5534/3897 5795/5547/3910 5796/5548/3911 5783/5535/3898
f 5784/5536/4225 5783/5535/3898 5797/5549/3912 5798/5550/4235
f 5786/5538/4227 5784/5536/4225 5798/5550/4235 5799/5551/4236
f 5788/5540/4229 5786/5538/4227 5799/5551/4236 5800/5552/4237
f 5790/5542/4230 5788/5540/4229 5800/5552/4237 5801/5553/3916
f 5792/5544/4232 5790/5542/4230 5801/5553/3916 5802/5554/4238
f 5794/5546/4234 5792/5544/4232 5802/5554/4238 5803/5555/3918
f 5796/5548/3911 5794/5546/4234 5803/5555/3918 5804/5556/3919
f 5783/5535/3898 5796/5548/3911 5804/5556/3919 5797/5549/3912
f 5671/5423/3786 5670/5422/3785 5805/5557/4239 5806/5558/4240
f 5686/5438/3801 5671/5423/3786 5806/5558/4240 5807/5559/3922
f 5710/5462/4171 5709/5461/4170 5808/5560/4241 5809/5561/4242
f 5736/5488/4187 5735/5487/4186 5810/5562/4243 5811/5563/4244
f 5751/5503/4200 5736/5488/4187 5811/5563/4244 5812/5564/4245
f 5764/5516/4212 5751/5503/4200 5812/5564/4245 5813/5565/4246
f 5777/5529/3892 5764/5516/4212 5813/5565/4246 5814/5566/4247
f 5670/5422/3785 5777/5529/3892 5814/5566/4247 5805/5557/4239
f 5815/5567/4248 5816/5568/4249 5782/5534/3897 5781/5533/3896
f 5817/5569/4250 5815/5567/4248 5781/5533/3896 5785/5537/4226
f 5818/5570/4251 5817/5569/4250 5785/5537/4226 5787/5539/4228
f 5819/5571/4252 5818/5570/4251 5787/5539/4228 5789/5541/4087
f 5820/5572/4253 5819/5571/4252 5789/5541/4087 5791/5543/4231
f 5821/5573/4254 5820/5572/4253 5791/5543/4231 5793/5545/4233
f 5822/5574/4255 5821/5573/4254 5793/5545/4233 5795/5547/3910
f 5816/5568/4249 5822/5574/4255 5795/5547/3910 5782/5534/3897
f 5805/5557/4239 5823/5575/4256 5824/5576/4257 5806/5558/4240
f 5823/5575/4256 5816/5568/4249 5815/5567/4248 5824/5576/4257
f 5806/5558/4240 5824/5576/4257 5825/5577/3940 5807/5559/3922
f 5824/5576/4257 5815/5567/4248 5817/5569/4250 5825/5577/3940
f 5808/5560/4241 5826/5578/4258 5827/5579/4259 5809/5561/4242
f 5826/5578/4258 5828/5580/4260 5829/5581/4261 5827/5579/4259
f 5810/5562/4243 5830/5582/4262 5831/5583/4263 5811/5563/4244
f 5830/5582/4262 5818/5570/4251 5819/5571/4252 5831/5583/4263
f 5811/5563/4244 5831/5583/4263 5832/5584/4264 5812/5564/4245
f 5831/5583/4263 5819/5571/4252 5820/5572/4253 5832/5584/4264
f 5812/5564/4245 5832/5584/4264 5833/5585/4265 5813/5565/4246
f 5832/5584/4264 5820/5572/4253 5821/5573/4254 5833/5585/4265
f 5813/5565/4246 5833/5585/4265 5834/5586/4266 5814/5566/4247
f 5833/5585/4265 5821/5573/4254 5822/5574/4255 5834/5586/4266
f 5816/5568/4249 5823/5575/4256 5834/5586/4266 5822/5574/4255
f 5823/5575/4256 5805/5557/4239 5814/5566/4247 5834/5586/4266
f 5678/5430/4147 5677/5429/4146 5691/5443/4155 5690/5442/4154
f 5717/5469/3832 5716/5468/4173 5693/5445/4157 5692/5444/4156
f 5679/5431/4148 5678/5430/4147 5690/5442/4154 5694/5446/4158
f 5716/5468/4173 5720/5472/4174 5695/5447/4159 5693/5445/4157
f 5680/5432/4149 5679/5431/4148 5694/5446/4158 5696/5448/4160
f 5720/5472/4174 5722/5474/4175 5697/5449/4161 5695/5447/4159
f 5681/5433/4150 5680/5432/4149 5696/5448/4160 5698/5450/4162
f 5722/5474/4175 5724/5476/4177 5699/5451/4163 5697/5449/4161
f 5682/5434/3797 5681/5433/4150 5698/5450/4162 5700/5452/4164
f 5724/5476/4177 5726/5478/4179 5701/5453/4165 5699/5451/4163
f 5683/5435/4151 5682/5434/3797 5700/5452/4164 5702/5454/4166
f 5726/5478/4179 5728/5480/4181 5703/5455/4167 5701/5453/4165
f 5684/5436/4152 5683/5435/4151 5702/5454/4166 5704/5456/3819
f 5728/5480/4181 5730/5482/4183 5705/5457/4168 5703/5455/4167
f 5685/5437/4153 5684/5436/4152 5704/5456/3819 5706/5458/3821
f 5730/5482/4183 5732/5484/3847 5707/5459/3822 5705/5457/4168
f 5732/5484/3847 5685/5437/4153 5706/5458/3821 5707/5459/3822
f 5687/5439/3802 5686/5438/3801 5709/5461/4170 5708/5460/4169
f 5735/5487/4186 5734/5486/4185 5711/5463/4172 5710/5462/4171
f 5688/5440/3803 5687/5439/3802 5708/5460/4169 5712/5464/3827
f 5734/5486/4185 5738/5490/4189 5713/5465/3828 5711/5463/4172
f 5689/5441/3804 5688/5440/3803 5712/5464/3827 5714/5466/3829
f 5738/5490/4189 5740/5492/3855 5715/5467/3830 5713/5465/3828
f 5677/5429/4146 5689/5441/3804 5714/5466/3829 5691/5443/4155
f 5740/5492/3855 5717/5469/3832 5692/5444/4156 5715/5467/3830
f 5686/5438/3801 5807/5559/3922 5808/5560/4241 5709/5461/4170
f 5810/5562/4243 5735/5487/4186 5710/5462/4171 5809/5561/4242
f 5807/5559/3922 5825/5577/3940 5826/5578/4258 5808/5560/4241
f 5830/5582/4262 5810/5562/4243 5809/5561/4242 5827/5579/4259
f 5825/5577/3940 5817/5569/4250 5828/5580/4260 5826/5578/4258
f 5817/5569/4250 5818/5570/4251 5829/5581/4261 5828/5580/4260
f 5818/5570/4251 5830/5582/4262 5827/5579/4259 5829/5581/4261
f 5835/5587/3950 5836/5588/3951 5837/5041/4267 5838/5589/4268
f 5839/5590/4269 5835/5587/3950 5838/5589/4268 5840/5591/3955
f 5841/5592/3956 5839/5590/4269 5840/5591/3955 5842/5593/4270
f 5843/5594/4271 5841/5592/3956 5842/5593/4270 5844/5595/4272
f 5845/5596/4273 5843/5594/4271 5844/5595/4272 5846/5597/4274
f 5847/5598/4275 5845/5596/4273 5846/5597/4274 5848/5599/4276
f 5849/5600/4277 5847/5598/4275 5848/5599/4276 5850/5601/4278
f 5851/5602/4279 5849/5600/4277 5850/5601/4278 5852/5603/4280
f 5853/5604/4281 5854/5058/3969 5855/5605/4282 5856/5606/4283
f 5857/5607/4284 5853/5604/4281 5856/5606/4283 5858/5608/4285
f 5859/5609/3790 5857/5607/4284 5858/5608/4285 5860/5248/4286
f 5836/5588/3951 5859/5609/3790 5860/5248/4286 5837/5041/4267
f 5838/5589/4268 5837/5041/4267 5861/5610/4287 5862/5611/4288
f 5840/5591/3955 5838/5589/4268 5862/5611/4288 5863/5612/3977
f 5842/5593/4270 5840/5591/3955 5863/5612/3977 5864/5613/4289
f 5844/5595/4272 5842/5593/4270 5864/5613/4289 5865/5614/4290
f 5846/5597/4274 5844/5595/4272 5865/5614/4290 5866/5615/4291
f 5848/5599/4276 5846/5597/4274 5866/5615/4291 5867/5616/4292
f 5850/5601/4278 5848/5599/4276 5867/5616/4292 5868/5617/4293
f 5852/5603/4280 5850/5601/4278 5868/5617/4293 5869/5618/4294
f 5856/5606/4283 5855/5605/4282 5870/5619/4295 5871/5620/4296
f 5858/5608/4285 5856/5606/4283 5871/5620/4296 5872/5621/4297
f 5860/5248/4286 5858/5608/4285 5872/5621/4297 5873/5622/4298
f 5837/5041/4267 5860/5248/4286 5873/5622/4298 5861/5610/4287
f 5874/5623/4299 5875/5624/4300 5876/5625/4301 5877/5626/4302
f 5878/5627/3992 5874/5623/4299 5877/5626/4302 5879/5628/3993
f 5880/5629/4303 5878/5627/3992 5879/5628/3993 5881/5630/4304
f 5882/5631/4305 5880/5629/4303 5881/5630/4304 5883/5632/4306
f 5884/5633/4307 5882/5631/4305 5883/5632/4306 5885/5634/4308
f 5886/5635/4309 5884/5633/4307 5885/5634/4308 5887/5636/4310
f 5888/5637/4311 5886/5635/4309 5887/5636/4310 5889/5638/4003
f 5890/5639/4312 5888/5637/4311 5889/5638/4003 5891/5640/4313
f 5892/5641/4006 5893/5642/4314 5894/5643/4008 5895/5644/4009
f 5896/5645/4010 5892/5641/4006 5895/5644/4009 5897/5646/4011
f 5898/5647/4315 5896/5645/4010 5897/5646/4011 5899/5648/4316
f 5875/5624/4300 5898/5647/4315 5899/5648/4316 5876/5625/4301
f 5900/5649/4014 5901/5650/4015 5902/5651/4317 5903/5652/4017
f 5904/5653/4018 5900/5649/4014 5903/5652/4017 5905/5654/4019
f 5906/5110/4318 5904/5653/4018 5905/5654/4019 5907/5655/4319
f 5908/5656/4320 5906/5110/4318 5907/5655/4319 5909/5657/4321
f 5910/5658/4322 5908/5656/4320 5909/5657/4321 5911/5659/4323
f 5912/5660/3843 5910/5658/4322 5911/5659/4323 5913/5661/4324
f 5914/5662/4325 5912/5660/3843 5913/5661/4324 5915/5663/4326
f 5916/5664/4327 5914/5662/4325 5915/5663/4326 5917/5665/4328
f 5918/5666/4032 5919/5667/4329 5920/5668/4330 5921/5669/4035
f 5922/5670/4036 5918/5666/4032 5921/5669/4035 5923/5671/4037
f 5924/5672/4038 5922/5670/4036 5923/5671/4037 5925/5673/4039
f 5901/5650/4015 5924/5672/4038 5925/5673/4039 5902/5651/4317
f 5903/5652/4017 5902/5651/4317 5926/5674/4331 5927/5675/4332
f 5905/5654/4019 5903/5652/4017 5927/5675/4332 5928/5676/4042
f 5907/5655/4319 5905/5654/4019 5928/5676/4042 5929/5677/4333
f 5909/5657/4321 5907/5655/4319 5929/5677/4333 5930/5678/4334
f 5911/5659/4323 5909/5657/4321 5930/5678/4334 5931/5679/4335
f 5913/5661/4324 5911/5659/4323 5931/5679/4335 5932/5680/4336
f 5915/5663/4326 5913/5661/4324 5932/5680/4336 5933/5681/4337
f 5917/5665/4328 5915/5663/4326 5933/5681/4337 5934/5682/4338
f 5921/5669/4035 5920/5668/4330 5935/5683/4339 5936/5684/4050
f 5923/5671/4037 5921/5669/4035 5936/5684/4050 5937/5685/4051
f 5925/5673/4039 5923/5671/4037 5937/5685/4051 5938/5686/4340
f 5902/5651/4317 5925/5673/4039 5938/5686/4340 5926/5674/4331
f 5927/5675/4332 5926/5674/4331 5939/5687/4341 5940/5688/4342
f 5928/5676/4042 5927/5675/4332 5940/5688/4342 5941/5689/4055
f 5929/5677/4333 5928/5676/4042 5941/5689/4055 5942/5690/4343
f 5930/5678/4334 5929/5677/4333 5942/5690/4343 5943/5691/4344
f 5931/5679/4335 5930/5678/4334 5943/5691/4344 5944/5692/4345
f 5932/5680/4336 5931/5679/4335 5944/5692/4345 5945/5693/4346
f 5933/5681/4337 5932/5680/4336 5945/5693/4346 5946/5694/4347
f 5934/5682/4338 5933/5681/4337 5946/5694/4347 5947/5151/4348
f 5936/5684/4050 5935/5683/4339 5948/5695/4062 5949/5696/4349
f 5937/5685/4051 5936/5684/4050 5949/5696/4349 5950/5335/4350
f 5938/5686/4340 5937/5685/4051 5950/5335/4350 5951/5697/4351
f 5926/5674/4331 5938/5686/4340 5951/5697/4351 5939/5687/4341
f 5940/5688/4342 5939/5687/4341 5952/5156/4352 5953/5698/4353
f 5941/5689/4055 5940/5688/4342 5953/5698/4353 5954/5699/4068
f 5942/5690/4343 5941/5689/4055 5954/5699/4068 5955/5700/4354
f 5943/5691/4344 5942/5690/4343 5955/5700/4354 5956/5160/4355
f 5944/5692/4345 5943/5691/4344 5956/5160/4355 5957/5701/4356
f 5945/5693/4346 5944/5692/4345 5957/5701/4356 5958/5702/4357
f 5946/5694/4347 5945/5693/4346 5958/5702/4357 5959/5703/4358
f 5947/5151/4348 5946/5694/4347 5959/5703/4358 5960/5704/4359
f 5949/5696/4349 5948/5695/4062 5961/5705/4360 5962/5706/4361
f 5950/5335/4350 5949/5696/4349 5962/5706/4361 5963/5707/4362
f 5951/5697/4351 5950/5335/4350 5963/5707/4362 5964/5708/4363
f 5939/5687/4341 5951/5697/4351 5964/5708/4363 5952/5156/4352
f 5953/5698/4353 5952/5156/4352 5836/5588/3951 5835/5587/3950
f 5954/5699/4068 5953/5698/4353 5835/5587/3950 5839/5590/4269
f 5955/5700/4354 5954/5699/4068 5839/5590/4269 5841/5592/3956
f 5956/5160/4355 5955/5700/4354 5841/5592/3956 5843/5594/4271
f 5957/5701/4356 5956/5160/4355 5843/5594/4271 5845/5596/4273
f 5958/5702/4357 5957/5701/4356 5845/5596/4273 5847/5598/4275
f 5959/5703/4358 5958/5702/4357 5847/5598/4275 5849/5600/4277
f 5960/5704/4359 5959/5703/4358 5849/5600/4277 5851/5602/4279
f 5962/5706/4361 5961/5705/4360 5854/5058/3969 5853/5604/4281
f 5963/5707/4362 5962/5706/4361 5853/5604/4281 5857/5607/4284
f 5964/5708/4363 5963/5707/4362 5857/5607/4284 5859/5609/3790
f 5952/5156/4352 5964/5708/4363 5859/5609/3790 5836/5588/3951
f 5965/5709/4364 5966/5710/4365 5967/5711/4366 5968/5712/4367
f 5969/5173/4368 5965/5709/4364 5968/5712/4367 5970/5713/4084
f 5971/5175/4369 5969/5173/4368 5970/5713/4084 5972/5714/4086
f 5973/5715/4087 5971/5175/4369 5972/5714/4086 5974/5716/4088
f 5975/5717/4089 5973/5715/4087 5974/5716/4088 5976/5718/4090
f 5977/5719/4091 5975/5717/4089 5976/5718/4090 5978/5720/4370
f 5979/5721/4371 5977/5719/4091 5978/5720/4370 5980/5722/4372
f 5966/5710/4365 5979/5721/4371 5980/5722/4372 5967/5711/4366
f 5968/5712/4367 5967/5711/4366 5981/5723/4373 5982/5367/4096
f 5970/5713/4084 5968/5712/4367 5982/5367/4096 5983/5187/4097
f 5972/5714/4086 5970/5713/4084 5983/5187/4097 5984/5724/4098
f 5974/5716/4088 5972/5714/4086 5984/5724/4098 5985/5725/4099
f 5976/5718/4090 5974/5716/4088 5985/5725/4099 5986/5726/4374
f 5978/5720/4370 5976/5718/4090 5986/5726/4374 5987/5727/4101
f 5980/5722/4372 5978/5720/4370 5987/5727/4101 5988/5728/4375
f 5967/5711/4366 5980/5722/4372 5988/5728/4375 5981/5723/4373
f 5855/5605/4282 5854/5058/3969 5989/5729/4376 5990/5730/4377
f 5870/5619/4295 5855/5605/4282 5990/5730/4377 5991/5731/4105
f 5894/5643/4008 5893/5642/4314 5992/5732/4378 5993/5733/4379
f 5920/5668/4330 5919/5667/4329 5994/5734/4380 5995/5735/4381
f 5935/5683/4339 5920/5668/4330 5995/5735/4381 5996/5736/4382
f 5948/5695/4062 5935/5683/4339 5996/5736/4382 5997/5737/4111
f 5961/5705/4360 5948/5695/4062 5997/5737/4111 5998/5738/4112
f 5854/5058/3969 5961/5705/4360 5998/5738/4112 5989/5729/4376
f 5999/5739/4383 6000/5740/4384 5966/5710/4365 5965/5709/4364
f 6001/5741/4385 5999/5739/4383 5965/5709/4364 5969/5173/4368
f 6002/5742/4386 6001/5741/4385 5969/5173/4368 5971/5175/4369
f 6003/5388/4387 6002/5742/4386 5971/5175/4369 5973/5715/4087
f 6004/5743/4388 6003/5388/4387 5973/5715/4087 5975/5717/4089
f 6005/5744/4118 6004/5743/4388 5975/5717/4089 5977/5719/4091
f 6006/5745/4389 6005/5744/4118 5977/5719/4091 5979/5721/4371
f 6000/5740/4384 6006/5745/4389 5979/5721/4371 5966/5710/4365
f 5989/5729/4376 6007/5746/4390 6008/5747/4391 5990/5730/4377
f 6007/5746/4390 6000/5740/4384 5999/5739/4383 6008/5747/4391
f 5990/5730/4377 6008/5747/4391 6009/5748/4392 5991/5731/4105
f 6008/5747/4391 5999/5739/4383 6001/5741/4385 6009/5748/4392
f 5992/5732/4378 6010/5749/4393 6011/5750/4124 5993/5733/4379
f 6010/5749/4393 6012/5751/4394 6013/5752/4395 6011/5750/4124
f 5994/5734/4380 6014/5753/4125 6015/5754/4396 5995/5735/4381
f 6014/5753/4125 6002/5742/4386 6003/5388/4387 6015/5754/4396
f 5995/5735/4381 6015/5754/4396 6016/5755/4397 5996/5736/4382
f 6015/5754/4396 6003/5388/4387 6004/5743/4388 6016/5755/4397
f 5996/5736/4382 6016/5755/4397 6017/5756/4128 5997/5737/4111
f 6016/5755/4397 6004/5743/4388 6005/5744/4118 6017/5756/4128
f 5997/5737/4111 6017/5756/4128 6018/5757/4398 5998/5738/4112
f 6017/5756/4128 6005/5744/4118 6006/5745/4389 6018/5757/4398
f 6000/5740/4384 6007/5746/4390 6018/5757/4398 6006/5745/4389
f 6007/5746/4390 5989/5729/4376 5998/5738/4112 6018/5757/4398
f 5862/5611/4288 5861/5610/4287 5875/5624/4300 5874/5623/4299
f 5901/5650/4015 5900/5649/4014 5877/5626/4302 5876/5625/4301
f 5863/5612/3977 5862/5611/4288 5874/5623/4299 5878/5627/3992
f 5900/5649/4014 5904/5653/4018 5879/5628/3993 5877/5626/4302
f 5864/5613/4289 5863/5612/3977 5878/5627/3992 5880/5629/4303
f 5904/5653/4018 5906/5110/4318 5881/5630/4304 5879/5628/3993
f 5865/5614/4290 5864/5613/4289 5880/5629/4303 5882/5631/4305
f 5906/5110/4318 5908/5656/4320 5883/5632/4306 5881/5630/4304
f 5866/5615/4291 5865/5614/4290 5882/5631/4305 5884/5633/4307
f 5908/5656/4320 5910/5658/4322 5885/5634/4308 5883/5632/4306
f 5867/5616/4292 5866/5615/4291 5884/5633/4307 5886/5635/4309
f 5910/5658/4322 5912/5660/3843 5887/5636/4310 5885/5634/4308
f 5868/5617/4293 5867/5616/4292 5886/5635/4309 5888/5637/4311
f 5912/5660/3843 5914/5662/4325 5889/5638/4003 5887/5636/4310
f 5869/5618/4294 5868/5617/4293 5888/5637/4311 5890/5639/4312
f 5914/5662/4325 5916/5664/4327 5891/5640/4313 5889/5638/4003
f 5916/5664/4327 5869/5618/4294 5890/5639/4312 5891/5640/4313
f 5871/5620/4296 5870/5619/4295 5893/5642/4314 5892/5641/4006
f 5919/5667/4329 5918/5666/4032 5895/5644/4009 5894/5643/4008
f 5872/5621/4297 5871/5620/4296 5892/5641/4006 5896/5645/4010
f 5918/5666/4032 5922/5670/4036 5897/5646/4011 5895/5644/4009
f 5873/5622/4298 5872/5621/4297 5896/5645/4010 5898/5647/4315
f 5922/5670/4036 5924/5672/4038 5899/5648/4316 5897/5646/4011
f 5861/5610/4287 5873/5622/4298 5898/5647/4315 5875/5624/4300
f 5924/5672/4038 5901/5650/4015 5876/5625/4301 5899/5648/4316
f 5870/5619/4295 5991/5731/4105 5992/5732/4378 5893/5642/4314
f 5994/5734/4380 5919/5667/4329 5894/5643/4008 5993/5733/4379
f 5991/5731/4105 6009/5748/4392 6010/5749/4393 5992/5732/4378
f 6014/5753/4125 5994/5734/4380 5993/5733/4379 6011/5750/4124
f 6009/5748/4392 6001/5741/4385 6012/5751/4394 6010/5749/4393
f 6001/5741/4385 6002/5742/4386 6013/5752/4395 6012/5751/4394
f 6002/5742/4386 6014/5753/4125 6011/5750/4124 6013/5752/4395
f 6019/5758/4399 6020/5759/3767 6021/5041/4400 6022/5760/4401
f 6023/5761/4402 6019/5758/4399 6022/5760/4401 6024/5591/4403
f 6025/5762/3956 6023/5761/4402 6024/5591/4403 6026/5763/4270
f 6027/5594/4271 6025/5762/3956 6026/5763/4270 6028/5595/4404
f 6029/5764/4273 6027/5594/4271 6028/5595/4404 6030/5765/4405
f 6031/5766/4275 6029/5764/4273 6030/5765/4405 6032/5767/4406
f 6033/5768/4277 6031/5766/4275 6032/5767/4406 6034/5769/4407
f 6035/5770/4279 6033/5768/4277 6034/5769/4407 6036/5771/4408
f 6037/5772/4409 6038/5422/4410 6039/5773/4411 6040/5774/4412
f 6041/5775/4413 6037/5772/4409 6040/5774/4412 6042/5776/4414
f 6043/5777/3790 6041/5775/4413 6042/5776/4414 6044/5778/4286
f 6020/5759/3767 6043/5777/3790 6044/5778/4286 6021/5041/4400
f 6022/5760/4401 6021/5041/4400 6045/5779/4415 6046/5780/4416
f 6024/5591/4403 6022/5760/4401 6046/5780/4416 6047/5781/4417
f 6026/5763/4270 6024/5591/4403 6047/5781/4417 6048/5782/4289
f 6028/5595/4404 6026/5763/4270 6048/5782/4289 6049/5783/4418
f 6030/5765/4405 6028/5595/4404 6049/5783/4418 6050/5784/4419
f 6032/5767/4406 6030/5765/4405 6050/5784/4419 6051/5785/4420
f 6034/5769/4407 6032/5767/4406 6051/5785/4420 6052/5786/4421
f 6036/5771/4408 6034/5769/4407 6052/5786/4421 6053/5787/4422
f 6040/5774/4412 6039/5773/4411 6054/5788/4423 6055/5789/3802
f 6042/5776/4414 6040/5774/4412 6055/5789/3802 6056/5790/4424
f 6044/5778/4286 6042/5776/4414 6056/5790/4424 6057/5791/4298
f 6021/5041/4400 6044/5778/4286 6057/5791/4298 6045/5779/4415
f 6058/5792/4425 6059/5793/4426 6060/5794/4427 6061/5795/4428
f 6062/5796/3992 6058/5792/4425 6061/5795/4428 6063/5797/3993
f 6064/5798/4429 6062/5796/3992 6063/5797/3993 6065/5799/4430
f 6066/5800/4431 6064/5798/4429 6065/5799/4430 6067/5801/4432
f 6068/5802/4433 6066/5800/4431 6067/5801/4432 6069/5803/4434
f 6070/5635/4435 6068/5802/4433 6069/5803/4434 6071/5804/4436
f 6072/5805/4437 6070/5635/4435 6071/5804/4436 6073/5806/4438
f 6074/5807/4439 6072/5805/4437 6073/5806/4438 6075/5808/4440
f 6076/5809/4441 6077/5810/4442 6078/5811/4443 6079/5812/4444
f 6080/5813/4445 6076/5809/4441 6079/5812/4444 6081/5814/4446
f 6082/5815/4447 6080/5813/4445 6081/5814/4446 6083/5816/4448
f 6059/5793/4426 6082/5815/4447 6083/5816/4448 6060/5794/4427
f 6084/5817/4449 6085/5818/3832 6086/5651/3833 6087/5819/4450
f 6088/5820/4451 6084/5817/4449 6087/5819/4450 6089/5821/4452
f 6090/5110/4453 6088/5820/4451 6089/5821/4452 6091/5822/4454
f 6092/5823/4455 6090/5110/4453 6091/5822/4454 6093/5824/4456
f 6094/5825/4457 6092/5823/4455 6093/5824/4456 6095/5826/4458
f 6096/5827/4459 6094/5825/4457 6095/5826/4458 6097/5828/4460
f 6098/5829/4325 6096/5827/4459 6097/5828/4460 6099/5663/4326
f 6100/5830/4327 6098/5829/4325 6099/5663/4326 6101/5831/4328
f 6102/5832/4461 6103/5833/4462 6104/5834/4463 6105/5835/4464
f 6106/5836/4465 6102/5832/4461 6105/5835/4464 6107/5837/4466
f 6108/5838/3855 6106/5836/4465 6107/5837/4466 6109/5839/3856
f 6085/5818/3832 6108/5838/3855 6109/5839/3856 6086/5651/3833
f 6087/5819/4450 6086/5651/3833 6110/5840/4467 6111/5841/4468
f 6089/5821/4452 6087/5819/4450 6111/5841/4468 6112/5842/4469
f 6091/5822/4454 6089/5821/4452 6112/5842/4469 6113/5677/4470
f 6093/5824/4456 6091/5822/4454 6113/5677/4470 6114/5843/4471
f 6095/5826/4458 6093/5824/4456 6114/5843/4471 6115/5844/4472
f 6097/5828/4460 6095/5826/4458 6115/5844/4472 6116/5845/4473
f 6099/5663/4326 6097/5828/4460 6116/5845/4473 6117/5846/4474
f 6101/5831/4328 6099/5663/4326 6117/5846/4474 6118/5847/4475
f 6105/5835/4464 6104/5834/4463 6119/5848/4476 6120/5849/4477
f 6107/5837/4466 6105/5835/4464 6120/5849/4477 6121/5850/4478
f 6109/5839/3856 6107/5837/4466 6121/5850/4478 6122/5851/4479
f 6086/5651/3833 6109/5839/3856 6122/5851/4479 6110/5840/4467
f 6111/5841/4468 6110/5840/4467 6123/5852/4480 6124/5853/4481
f 6112/5842/4469 6111/5841/4468 6124/5853/4481 6125/5854/4482
f 6113/5677/4470 6112/5842/4469 6125/5854/4482 6126/5855/4483
f 6114/5843/4471 6113/5677/4470 6126/5855/4483 6127/5856/4484
f 6115/5844/4472 6114/5843/4471 6127/5856/4484 6128/5857/4485
f 6116/5845/4473 6115/5844/4472 6128/5857/4485 6129/5858/4486
f 6117/5846/4474 6116/5845/4473 6129/5858/4486 6130/5859/4487
f 6118/5847/4475 6117/5846/4474 6130/5859/4487 6131/5860/4488
f 6120/5849/4477 6119/5848/4476 6132/5861/4489 6133/5862/4490
f 6121/5850/4478 6120/5849/4477 6133/5862/4490 6134/5863/4491
f 6122/5851/4479 6121/5850/4478 6134/5863/4491 6135/5864/4492
f 6110/5840/4467 6122/5851/4479 6135/5864/4492 6123/5852/4480
f 6124/5853/4481 6123/5852/4480 6136/5865/4493 6137/5866/4494
f 6125/5854/4482 6124/5853/4481 6137/5866/4494 6138/5867/4068
f 6126/5855/4483 6125/5854/4482 6138/5867/4068 6139/5868/4354
f 6127/5856/4484 6126/5855/4483 6139/5868/4354 6140/5869/4495
f 6128/5857/4485 6127/5856/4484 6140/5869/4495 6141/5870/4496
f 6129/5858/4486 6128/5857/4485 6141/5870/4496 6142/5871/4497
f 6130/5859/4487 6129/5858/4486 6142/5871/4497 6143/5872/4498
f 6131/5860/4488 6130/5859/4487 6143/5872/4498 6144/5873/4499
f 6133/5862/4490 6132/5861/4489 6145/5874/4500 6146/5875/4501
f 6134/5863/4491 6133/5862/4490 6146/5875/4501 6147/5876/4502
f 6135/5864/4492 6134/5863/4491 6147/5876/4502 6148/5877/4363
f 6123/5852/4480 6135/5864/4492 6148/5877/4363 6136/5865/4493
f 6137/5866/4494 6136/5865/4493 6020/5759/3767 6019/5758/4399
f 6138/5867/4068 6137/5866/4494 6019/5758/4399 6023/5761/4402
f 6139/5868/4354 6138/5867/4068 6023/5761/4402 6025/5762/3956
f 6140/5869/4495 6139/5868/4354 6025/5762/3956 6027/5594/4271
f 6141/5870/4496 6140/5869/4495 6027/5594/4271 6029/5764/4273
f 6142/5871/4497 6141/5870/4496 6029/5764/4273 6031/5766/4275
f 6143/5872/4498 6142/5871/4497 6031/5766/4275 6033/5768/4277
f 6144/5873/4499 6143/5872/4498 6033/5768/4277 6035/5770/4279
f 6146/5875/4501 6145/5874/4500 6038/5422/4410 6037/5772/4409
f 6147/5876/4502 6146/5875/4501 6037/5772/4409 6041/5775/4413
f 6148/5877/4363 6147/5876/4502 6041/5775/4413 6043/5777/3790
f 6136/5865/4493 6148/5877/4363 6043/5777/3790 6020/5759/3767
f 6149/5878/4503 6150/5710/4504 6151/5879/4505 6152/5880/4506
f 6153/5881/3900 6149/5878/4503 6152/5880/4506 6154/5713/4507
f 6155/5175/4508 6153/5881/3900 6154/5713/4507 6156/5882/4509
f 6157/5883/4510 6155/5175/4508 6156/5882/4509 6158/5884/4511
f 6159/5885/4512 6157/5883/4510 6158/5884/4511 6160/5886/4513
f 6161/5887/3908 6159/5885/4512 6160/5886/4513 6162/5888/4514
f 6163/5547/4515 6161/5887/3908 6162/5888/4514 6164/5889/4516
f 6150/5710/4504 6163/5547/4515 6164/5889/4516 6151/5879/4505
f 6152/5880/4506 6151/5879/4505 6165/5890/4517 6166/5891/4235
f 6154/5713/4507 6152/5880/4506 6166/5891/4235 6167/5187/3914
f 6156/5882/4509 6154/5713/4507 6167/5187/3914 6168/5892/3915
f 6158/5884/4511 6156/5882/4509 6168/5892/3915 6169/5893/3916
f 6160/5886/4513 6158/5884/4511 6169/5893/3916 6170/5894/4518
f 6162/5888/4514 6160/5886/4513 6170/5894/4518 6171/5895/4519
f 6164/5889/4516 6162/5888/4514 6171/5895/4519 6172/5896/4520
f 6151/5879/4505 6164/5889/4516 6172/5896/4520 6165/5890/4517
f 6039/5773/4411 6038/5422/4410 6173/5897/4521 6174/5898/4522
f 6054/5788/4423 6039/5773/4411 6174/5898/4522 6175/5731/4523
f 6078/5811/4443 6077/5810/4442 6176/5899/4524 6177/5900/4525
f 6104/5834/4463 6103/5833/4462 6178/5901/3925 6179/5902/4526
f 6119/5848/4476 6104/5834/4463 6179/5902/4526 6180/5903/4527
f 6132/5861/4489 6119/5848/4476 6180/5903/4527 6181/5904/3928
f 6145/5874/4500 6132/5861/4489 6181/5904/3928 6182/5905/4528
f 6038/5422/4410 6145/5874/4500 6182/5905/4528 6173/5897/4521
f 6183/5906/4383 6184/5907/4529 6150/5710/4504 6149/5878/4503
f 6185/5908/4385 6183/5906/4383 6149/5878/4503 6153/5881/3900
f 6186/5909/4386 6185/5908/4385 6153/5881/3900 6155/5175/4508
f 6187/5910/4387 6186/5909/4386 6155/5175/4508 6157/5883/4510
f 6188/5911/4388 6187/5910/4387 6157/5883/4510 6159/5885/4512
f 6189/5912/3936 6188/5911/4388 6159/5885/4512 6161/5887/3908
f 6190/5913/3937 6189/5912/3936 6161/5887/3908 6163/5547/4515
f 6184/5907/4529 6190/5913/3937 6163/5547/4515 6150/5710/4504
f 6173/5897/4521 6191/5914/4530 6192/5915/4391 6174/5898/4522
f 6191/5914/4530 6184/5907/4529 6183/5906/4383 6192/5915/4391
f 6174/5898/4522 6192/5915/4391 6193/5916/4392 6175/5731/4523
f 6192/5915/4391 6183/5906/4383 6185/5908/4385 6193/5916/4392
f 6176/5899/4524 6194/5917/4393 6195/5918/4124 6177/5900/4525
f 6194/5917/4393 6196/5919/4394 6197/5920/4531 6195/5918/4124
f 6178/5901/3925 6198/5921/3945 6199/5922/4532 6179/5902/4526
f 6198/5921/3945 6186/5909/4386 6187/5910/4387 6199/5922/4532
f 6179/5902/4526 6199/5922/4532 6200/5923/4533 6180/5903/4527
f 6199/5922/4532 6187/5910/4387 6188/5911/4388 6200/5923/4533
f 6180/5903/4527 6200/5923/4533 6201/5924/3948 6181/5904/3928
f 6200/5923/4533 6188/5911/4388 6189/5912/3936 6201/5924/3948
f 6181/5904/3928 6201/5924/3948 6202/5925/4534 6182/5905/4528
f 6201/5924/3948 6189/5912/3936 6190/5913/3937 6202/5925/4534
f 6184/5907/4529 6191/5914/4530 6202/5925/4534 6190/5913/3937
f 6191/5914/4530 6173/5897/4521 6182/5905/4528 6202/5925/4534
f 6046/5780/4416 6045/5779/4415 6059/5793/4426 6058/5792/4425
f 6085/5818/3832 6084/5817/4449 6061/5795/4428 6060/5794/4427
f 6047/5781/4417 6046/5780/4416 6058/5792/4425 6062/5796/3992
f 6084/5817/4449 6088/5820/4451 6063/5797/3993 6061/5795/4428
f 6048/5782/4289 6047/5781/4417 6062/5796/3992 6064/5798/4429
f 6088/5820/4451 6090/5110/4453 6065/5799/4430 6063/5797/3993
f 6049/5783/4418 6048/5782/4289 6064/5798/4429 6066/5800/4431
f 6090/5110/4453 6092/5823/4455 6067/5801/4432 6065/5799/4430
f 6050/5784/4419 6049/5783/4418 6066/5800/4431 6068/5802/4433
f 6092/5823/4455 6094/5825/4457 6069/5803/4434 6067/5801/4432
f 6051/5785/4420 6050/5784/4419 6068/5802/4433 6070/5635/4435
f 6094/5825/4457 6096/5827/4459 6071/5804/4436 6069/5803/4434
f 6052/5786/4421 6051/5785/4420 6070/5635/4435 6072/5805/4437
f 6096/5827/4459 6098/5829/4325 6073/5806/4438 6071/5804/4436
f 6053/5787/4422 6052/5786/4421 6072/5805/4437 6074/5807/4439
f 6098/5829/4325 6100/5830/4327 6075/5808/4440 6073/5806/4438
f 6100/5830/4327 6053/5787/4422 6074/5807/4439 6075/5808/4440
f 6055/5789/3802 6054/5788/4423 6077/5810/4442 6076/5809/4441
f 6103/5833/4462 6102/5832/4461 6079/5812/4444 6078/5811/4443
f 6056/5790/4424 6055/5789/3802 6076/5809/4441 6080/5813/4445
f 6102/5832/4461 6106/5836/4465 6081/5814/4446 6079/5812/4444
f 6057/5791/4298 6056/5790/4424 6080/5813/4445 6082/5815/4447
f 6106/5836/4465 6108/5838/3855 6083/5816/4448 6081/5814/4446
f 6045/5779/4415 6057/5791/4298 6082/5815/4447 6059/5793/4426
f 6108/5838/3855 6085/5818/3832 6060/5794/4427 6083/5816/4448
f 6054/5788/4423 6175/5731/4523 6176/5899/4524 6077/5810/4442
f 6178/5901/3925 6103/5833/4462 6078/5811/4443 6177/5900/4525
f 6175/5731/4523 6193/5916/4392 6194/5917/4393 6176/5899/4524
f 6198/5921/3945 6178/5901/3925 6177/5900/4525 6195/5918/4124
f 6193/5916/4392 6185/5908/4385 6196/5919/4394 6194/5917/4393
f 6185/5908/4385 6186/5909/4386 6197/5920/4531 6196/5919/4394
f 6186/5909/4386 6198/5921/3945 6195/5918/4124 6197/5920/4531
