# Blender 4.2.4 LTS
# www.blender.org
mtllib MicroPhone.mtl
o MicroPhone
v -0.025060 -0.115250 0.023523
v -0.033934 -0.116005 0.000000
v -0.025191 -0.009571 0.023628
v -0.025388 -0.022795 0.023496
v -0.025385 -0.036435 0.023498
v -0.025384 -0.050076 0.023499
v -0.025382 -0.063716 0.023500
v -0.025382 -0.077357 0.023500
v -0.025381 -0.090998 0.023500
v -0.025381 -0.104487 0.023501
v -0.031689 -0.050076 0.013126
v -0.031689 -0.063716 0.013126
v -0.031689 -0.077357 0.013126
v -0.031689 -0.090998 0.013126
v -0.031689 -0.104638 0.013126
v -0.034309 -0.008254 -0.000000
v -0.034309 -0.038417 0.000000
v -0.034300 -0.050076 0.000000
v -0.034300 -0.063716 0.000000
v -0.034300 -0.077357 0.000000
v -0.034300 -0.090998 0.000000
v -0.034300 -0.104638 0.000000
v -0.009229 0.107939 0.028256
v -0.007857 0.086028 0.028888
v -0.007857 0.072689 0.028888
v -0.007857 0.059049 0.028888
v -0.007857 0.045408 0.028888
v -0.007857 0.031998 0.028888
v -0.010087 0.018927 0.027677
v -0.022867 0.109502 0.020312
v -0.020125 0.005667 0.021177
v -0.028700 0.109502 0.011279
v -0.027239 0.000202 0.011397
v -0.030972 0.109502 0.000000
v -0.029578 -0.000507 0.000000
v 0.000000 0.004486 0.032777
v 0.000000 -0.009154 0.029335
v 0.000000 -0.112379 0.028064
v 0.000000 -0.063716 0.028700
v 0.000000 0.031768 0.037908
v 0.000000 0.085804 0.037908
v 0.000000 0.045408 0.037908
v -0.000000 0.018127 0.037009
v 0.000000 0.072689 0.037908
v -0.000000 -0.050076 0.028700
v -0.000000 -0.036435 0.028700
v -0.000000 -0.022795 0.028700
v -0.000000 -0.103732 0.028700
v -0.000000 -0.090998 0.028700
v 0.000000 -0.077357 0.028700
v 0.000000 0.114252 0.000000
v -0.015857 0.109584 0.025092
v -0.000000 0.059049 0.037908
v -0.017836 0.114252 -0.000000
v -0.016785 0.114252 0.013933
v 0.000000 0.114252 0.014122
v 0.000000 0.113093 0.028508
v 0.000000 0.106711 0.036566
v -0.024818 0.113825 0.023052
v -0.025971 0.112621 0.023760
v -0.029943 0.113964 0.013284
v -0.033074 0.112611 0.013126
v -0.035684 0.112608 0.000000
v -0.032270 0.113963 0.000000
v -0.015263 0.004278 0.031216
v -0.010404 0.004486 0.032643
v -0.015318 -0.050076 0.028580
v -0.020632 -0.050076 0.027587
v -0.015317 -0.036435 0.028579
v -0.020638 -0.036435 0.027582
v -0.015315 -0.022795 0.028578
v -0.020646 -0.022795 0.027576
v -0.015320 -0.103732 0.028582
v -0.020621 -0.103883 0.027595
v -0.014521 -0.009156 0.029211
v -0.019857 -0.009221 0.028102
v -0.015320 -0.090998 0.028582
v -0.020622 -0.090998 0.027594
v -0.015320 -0.077357 0.028582
v -0.020624 -0.077357 0.027592
v -0.016017 -0.112379 0.027966
v -0.020835 -0.111923 0.027365
v -0.020627 -0.063716 0.027590
v -0.015319 -0.063716 0.028581
v -0.004872 0.031775 0.037745
v -0.007443 0.031827 0.036663
v -0.004848 0.085792 0.037737
v -0.007461 0.085719 0.036629
v -0.004870 0.045408 0.037743
v -0.007449 0.045408 0.036654
v -0.004865 0.059049 0.037741
v -0.007454 0.059049 0.036646
v -0.008843 0.018299 0.035687
v -0.005819 0.018156 0.036853
v -0.004858 0.072689 0.037739
v -0.007458 0.072689 0.036637
v -0.013925 0.113232 0.028350
v -0.016840 0.111576 0.029971
v -0.009024 0.105679 0.035447
v -0.006135 0.106554 0.036418
v 0.000000 -0.118279 -0.000000
v -0.027118 -0.118279 0.000000
v 0.000000 -0.118279 0.013543
v -0.025139 -0.118279 0.013272
v -0.031372 -0.116005 0.013138
v 0.000000 -0.117372 0.023724
v -0.019870 -0.117372 0.023636
v -0.009132 0.085597 0.034572
v -0.009316 0.085667 0.031603
v -0.009688 0.085564 0.033133
v -0.009309 0.072689 0.031591
v -0.009131 0.072689 0.034571
v -0.009685 0.072689 0.033126
v -0.009309 0.059049 0.031592
v -0.009131 0.059049 0.034572
v -0.009686 0.059049 0.033126
v -0.009310 0.045408 0.031592
v -0.009129 0.045408 0.034575
v -0.009686 0.045408 0.033126
v -0.009310 0.031995 0.031593
v -0.009126 0.031926 0.034579
v -0.009685 0.031977 0.033128
v -0.011669 0.018904 0.030269
v -0.011410 0.018491 0.033180
v -0.012128 0.018759 0.031711
v -0.025119 0.109648 0.022363
v -0.026253 0.111349 0.023657
v -0.026045 0.110382 0.023296
v -0.022764 0.002821 0.025395
v -0.022319 0.005607 0.023158
v -0.023179 0.005224 0.024145
v -0.031514 0.109649 0.012416
v -0.033157 0.111360 0.013099
v -0.032739 0.110389 0.012922
v -0.031577 -0.002411 0.013130
v -0.029962 0.000130 0.012460
v -0.031169 -0.000331 0.012949
v -0.033986 0.109649 -0.000000
v -0.035762 0.111363 0.000000
v -0.035308 0.110391 -0.000000
v -0.034228 -0.003016 0.000000
v -0.032457 -0.000580 0.000000
v -0.033766 -0.001047 0.000000
v -0.010816 0.104709 0.031002
v -0.010623 0.104357 0.033680
v -0.011186 0.103900 0.032421
v -0.017959 0.110244 0.029353
v -0.017748 0.108981 0.027489
v -0.018312 0.109378 0.028658
v -0.007857 0.098161 0.028888
v 0.000000 0.096815 0.037908
v -0.004839 0.096741 0.037735
v -0.007463 0.096306 0.036624
v -0.009348 0.095992 0.031661
v -0.009703 0.095373 0.033163
v -0.009133 0.095571 0.034577
v 0.025060 -0.115250 0.023523
v 0.033934 -0.116005 0.000000
v 0.025191 -0.009571 0.023628
v 0.025388 -0.022795 0.023496
v 0.025385 -0.036435 0.023498
v 0.025384 -0.050076 0.023499
v 0.025382 -0.063716 0.023500
v 0.025382 -0.077357 0.023500
v 0.025381 -0.090998 0.023500
v 0.025381 -0.104487 0.023501
v 0.031678 -0.010114 0.013133
v 0.031689 -0.022795 0.013126
v 0.031689 -0.036435 0.013126
v 0.031689 -0.050076 0.013126
v 0.031689 -0.063716 0.013126
v 0.031689 -0.077357 0.013126
v 0.031689 -0.090998 0.013126
v 0.031689 -0.104638 0.013126
v 0.034300 -0.010235 0.000000
v 0.034300 -0.022795 0.000000
v 0.034300 -0.036435 0.000000
v 0.034300 -0.050076 0.000000
v 0.034300 -0.063716 0.000000
v 0.034300 -0.077357 0.000000
v 0.034300 -0.090998 0.000000
v 0.034300 -0.104638 0.000000
v 0.009229 0.107939 0.028256
v 0.007857 0.086028 0.028888
v 0.007857 0.072689 0.028888
v 0.007857 0.059049 0.028888
v 0.007857 0.045408 0.028888
v 0.007857 0.031998 0.028888
v 0.010087 0.018927 0.027677
v 0.022867 0.109502 0.020312
v 0.020125 0.005667 0.021177
v 0.028700 0.109502 0.011279
v 0.027239 0.000202 0.011397
v 0.030972 0.109502 0.000000
v 0.029578 -0.000507 0.000000
v 0.015857 0.109584 0.025092
v 0.017836 0.114252 -0.000000
v 0.016785 0.114252 0.013933
v 0.024818 0.113825 0.023052
v 0.025971 0.112621 0.023760
v 0.029943 0.113964 0.013284
v 0.033074 0.112611 0.013126
v 0.035684 0.112608 0.000000
v 0.032270 0.113963 -0.000000
v 0.015263 0.004278 0.031216
v 0.010404 0.004486 0.032643
v 0.015318 -0.050076 0.028580
v 0.020632 -0.050076 0.027587
v 0.015317 -0.036435 0.028579
v 0.020638 -0.036435 0.027582
v 0.015315 -0.022795 0.028578
v 0.020646 -0.022795 0.027576
v 0.015320 -0.103732 0.028582
v 0.020621 -0.103883 0.027595
v 0.014521 -0.009156 0.029211
v 0.019857 -0.009221 0.028102
v 0.015320 -0.090998 0.028582
v 0.020622 -0.090998 0.027594
v 0.015320 -0.077357 0.028582
v 0.020624 -0.077357 0.027592
v 0.016017 -0.112379 0.027966
v 0.020835 -0.111923 0.027365
v 0.020627 -0.063716 0.027590
v 0.015319 -0.063716 0.028581
v 0.004872 0.031775 0.037745
v 0.007443 0.031827 0.036663
v 0.004848 0.085792 0.037737
v 0.007461 0.085719 0.036629
v 0.004870 0.045408 0.037743
v 0.007449 0.045408 0.036654
v 0.004865 0.059049 0.037741
v 0.007454 0.059049 0.036646
v 0.008843 0.018299 0.035687
v 0.005819 0.018156 0.036853
v 0.004858 0.072689 0.037739
v 0.007458 0.072689 0.036637
v 0.013925 0.113232 0.028350
v 0.016840 0.111576 0.029971
v 0.009024 0.105679 0.035447
v 0.006135 0.106554 0.036418
v 0.027118 -0.118279 0.000000
v 0.025139 -0.118279 0.013272
v 0.031372 -0.116005 0.013138
v 0.019870 -0.117372 0.023636
v 0.009132 0.085597 0.034572
v 0.009316 0.085667 0.031603
v 0.009688 0.085564 0.033133
v 0.009309 0.072689 0.031591
v 0.009131 0.072689 0.034571
v 0.009685 0.072689 0.033126
v 0.009309 0.059049 0.031592
v 0.009131 0.059049 0.034572
v 0.009686 0.059049 0.033126
v 0.009310 0.045408 0.031592
v 0.009129 0.045408 0.034575
v 0.009686 0.045408 0.033126
v 0.009310 0.031995 0.031593
v 0.009126 0.031926 0.034579
v 0.009685 0.031977 0.033128
v 0.011669 0.018904 0.030269
v 0.011410 0.018491 0.033180
v 0.012128 0.018759 0.031711
v 0.025119 0.109648 0.022363
v 0.026253 0.111349 0.023657
v 0.026045 0.110382 0.023296
v 0.022764 0.002821 0.025395
v 0.022319 0.005607 0.023158
v 0.023179 0.005224 0.024145
v 0.031514 0.109649 0.012416
v 0.033157 0.111360 0.013099
v 0.032739 0.110389 0.012922
v 0.031577 -0.002411 0.013130
v 0.029962 0.000130 0.012460
v 0.031169 -0.000331 0.012949
v 0.033986 0.109649 0.000000
v 0.035762 0.111363 0.000000
v 0.035308 0.110391 -0.000000
v 0.034228 -0.003016 0.000000
v 0.032457 -0.000580 -0.000000
v 0.033766 -0.001047 -0.000000
v 0.010816 0.104709 0.031002
v 0.010623 0.104357 0.033680
v 0.011186 0.103900 0.032421
v 0.017959 0.110244 0.029353
v 0.017748 0.108981 0.027489
v 0.018312 0.109378 0.028658
v 0.007857 0.098161 0.028888
v 0.004839 0.096741 0.037735
v 0.007463 0.096306 0.036624
v 0.009348 0.095992 0.031661
v 0.009703 0.095373 0.033163
v 0.009133 0.095571 0.034577
v -0.025060 -0.115250 -0.023523
v -0.025191 -0.009571 -0.023628
v -0.025388 -0.022795 -0.023496
v -0.025385 -0.036435 -0.023498
v -0.025384 -0.050076 -0.023499
v -0.025382 -0.063716 -0.023500
v -0.025382 -0.077357 -0.023500
v -0.025381 -0.090998 -0.023500
v -0.025381 -0.104487 -0.023501
v -0.031689 -0.050076 -0.013126
v -0.031689 -0.063716 -0.013126
v -0.031689 -0.077357 -0.013126
v -0.031689 -0.090998 -0.013126
v -0.031689 -0.104638 -0.013126
v -0.009229 0.107939 -0.028256
v -0.007857 0.086028 -0.028888
v -0.007857 0.072689 -0.028888
v -0.007857 0.059049 -0.028888
v -0.007857 0.045408 -0.028888
v -0.007857 0.031998 -0.028888
v -0.010087 0.018927 -0.027677
v -0.022867 0.109502 -0.020312
v -0.020125 0.005667 -0.021177
v -0.028700 0.109502 -0.011279
v -0.027239 0.000202 -0.011397
v 0.000000 0.004486 -0.032777
v 0.000000 -0.009154 -0.029335
v 0.000000 -0.112379 -0.028064
v 0.000000 -0.063716 -0.028700
v 0.000000 0.031768 -0.037908
v 0.000000 0.085804 -0.037908
v 0.000000 0.045408 -0.037908
v 0.000000 0.018127 -0.037009
v 0.000000 0.072689 -0.037908
v 0.000000 -0.050076 -0.028700
v -0.000000 -0.036435 -0.028700
v 0.000000 -0.022795 -0.028700
v -0.000000 -0.103732 -0.028700
v 0.000000 -0.090998 -0.028700
v 0.000000 -0.077357 -0.028700
v -0.015857 0.109584 -0.025092
v 0.000000 0.059049 -0.037908
v -0.016785 0.114252 -0.013933
v 0.000000 0.114252 -0.014122
v -0.000000 0.113093 -0.028508
v 0.000000 0.106711 -0.036566
v -0.024818 0.113825 -0.023052
v -0.025971 0.112621 -0.023760
v -0.029943 0.113964 -0.013284
v -0.033074 0.112611 -0.013126
v -0.015263 0.004278 -0.031216
v -0.010404 0.004486 -0.032643
v -0.015318 -0.050076 -0.028580
v -0.020632 -0.050076 -0.027587
v -0.015317 -0.036435 -0.028579
v -0.020638 -0.036435 -0.027582
v -0.015315 -0.022795 -0.028578
v -0.020646 -0.022795 -0.027576
v -0.015320 -0.103732 -0.028582
v -0.020621 -0.103883 -0.027595
v -0.014521 -0.009156 -0.029211
v -0.019857 -0.009221 -0.028102
v -0.015320 -0.090998 -0.028582
v -0.020622 -0.090998 -0.027594
v -0.015320 -0.077357 -0.028582
v -0.020624 -0.077357 -0.027592
v -0.016017 -0.112379 -0.027966
v -0.020835 -0.111923 -0.027365
v -0.020627 -0.063716 -0.027590
v -0.015319 -0.063716 -0.028581
v -0.004872 0.031775 -0.037745
v -0.007443 0.031827 -0.036663
v -0.004848 0.085792 -0.037737
v -0.007461 0.085719 -0.036629
v -0.004870 0.045408 -0.037743
v -0.007449 0.045408 -0.036654
v -0.004865 0.059049 -0.037741
v -0.007454 0.059049 -0.036646
v -0.008843 0.018299 -0.035687
v -0.005819 0.018156 -0.036853
v -0.004858 0.072689 -0.037739
v -0.007458 0.072689 -0.036637
v -0.013925 0.113232 -0.028350
v -0.016840 0.111576 -0.029971
v -0.009024 0.105679 -0.035447
v -0.006135 0.106554 -0.036418
v 0.000000 -0.118279 -0.013543
v -0.025139 -0.118279 -0.013272
v -0.031372 -0.116005 -0.013138
v -0.000000 -0.117372 -0.023724
v -0.019870 -0.117372 -0.023636
v -0.009132 0.085597 -0.034572
v -0.009316 0.085667 -0.031603
v -0.009688 0.085564 -0.033133
v -0.009309 0.072689 -0.031591
v -0.009131 0.072689 -0.034571
v -0.009685 0.072689 -0.033126
v -0.009309 0.059049 -0.031592
v -0.009131 0.059049 -0.034572
v -0.009686 0.059049 -0.033126
v -0.009310 0.045408 -0.031592
v -0.009129 0.045408 -0.034575
v -0.009686 0.045408 -0.033126
v -0.009310 0.031995 -0.031593
v -0.009126 0.031926 -0.034579
v -0.009685 0.031977 -0.033128
v -0.011669 0.018904 -0.030269
v -0.011410 0.018491 -0.033180
v -0.012128 0.018759 -0.031711
v -0.025119 0.109648 -0.022363
v -0.026253 0.111349 -0.023657
v -0.026045 0.110382 -0.023296
v -0.022764 0.002821 -0.025395
v -0.022319 0.005607 -0.023158
v -0.023179 0.005224 -0.024145
v -0.031514 0.109649 -0.012416
v -0.033157 0.111360 -0.013099
v -0.032739 0.110389 -0.012922
v -0.031577 -0.002411 -0.013130
v -0.029962 0.000130 -0.012460
v -0.031169 -0.000331 -0.012949
v -0.010816 0.104709 -0.031002
v -0.010623 0.104357 -0.033680
v -0.011186 0.103900 -0.032421
v -0.017959 0.110244 -0.029353
v -0.017748 0.108981 -0.027489
v -0.018312 0.109378 -0.028658
v -0.007857 0.098161 -0.028888
v -0.000000 0.096815 -0.037908
v -0.004839 0.096741 -0.037735
v -0.007463 0.096306 -0.036624
v -0.009348 0.095992 -0.031661
v -0.009703 0.095373 -0.033163
v -0.009133 0.095571 -0.034577
v 0.025060 -0.115250 -0.023523
v 0.025191 -0.009571 -0.023628
v 0.025388 -0.022795 -0.023496
v 0.025385 -0.036435 -0.023498
v 0.025384 -0.050076 -0.023499
v 0.025382 -0.063716 -0.023500
v 0.025382 -0.077357 -0.023500
v 0.025381 -0.090998 -0.023500
v 0.025381 -0.104487 -0.023501
v 0.031678 -0.010114 -0.013133
v 0.031689 -0.022795 -0.013126
v 0.031689 -0.036435 -0.013126
v 0.031689 -0.050076 -0.013126
v 0.031689 -0.063716 -0.013126
v 0.031689 -0.077357 -0.013126
v 0.031689 -0.090998 -0.013126
v 0.031689 -0.104638 -0.013126
v 0.009229 0.107939 -0.028256
v 0.007857 0.086028 -0.028888
v 0.007857 0.072689 -0.028888
v 0.007857 0.059049 -0.028888
v 0.007857 0.045408 -0.028888
v 0.007857 0.031998 -0.028888
v 0.010087 0.018927 -0.027677
v 0.022867 0.109502 -0.020312
v 0.020125 0.005667 -0.021177
v 0.028700 0.109502 -0.011279
v 0.027239 0.000202 -0.011397
v 0.015857 0.109584 -0.025092
v 0.016785 0.114252 -0.013933
v 0.024818 0.113825 -0.023052
v 0.025971 0.112621 -0.023760
v 0.029943 0.113964 -0.013284
v 0.033074 0.112611 -0.013126
v 0.015263 0.004278 -0.031216
v 0.010404 0.004486 -0.032643
v 0.015318 -0.050076 -0.028580
v 0.020632 -0.050076 -0.027587
v 0.015317 -0.036435 -0.028579
v 0.020638 -0.036435 -0.027582
v 0.015315 -0.022795 -0.028578
v 0.020646 -0.022795 -0.027576
v 0.015320 -0.103732 -0.028582
v 0.020621 -0.103883 -0.027595
v 0.014521 -0.009156 -0.029211
v 0.019857 -0.009221 -0.028102
v 0.015320 -0.090998 -0.028582
v 0.020622 -0.090998 -0.027594
v 0.015320 -0.077357 -0.028582
v 0.020624 -0.077357 -0.027592
v 0.016017 -0.112379 -0.027966
v 0.020835 -0.111923 -0.027365
v 0.020627 -0.063716 -0.027590
v 0.015319 -0.063716 -0.028581
v 0.004872 0.031775 -0.037745
v 0.007443 0.031827 -0.036663
v 0.004848 0.085792 -0.037737
v 0.007461 0.085719 -0.036629
v 0.004870 0.045408 -0.037743
v 0.007449 0.045408 -0.036654
v 0.004865 0.059049 -0.037741
v 0.007454 0.059049 -0.036646
v 0.008843 0.018299 -0.035687
v 0.005819 0.018156 -0.036853
v 0.004858 0.072689 -0.037739
v 0.007458 0.072689 -0.036637
v 0.013925 0.113232 -0.028350
v 0.016840 0.111576 -0.029971
v 0.009024 0.105679 -0.035447
v 0.006135 0.106554 -0.036418
v 0.025139 -0.118279 -0.013272
v 0.031372 -0.116005 -0.013138
v 0.019870 -0.117372 -0.023636
v 0.009132 0.085597 -0.034572
v 0.009316 0.085667 -0.031603
v 0.009688 0.085564 -0.033133
v 0.009309 0.072689 -0.031591
v 0.009131 0.072689 -0.034571
v 0.009685 0.072689 -0.033126
v 0.009309 0.059049 -0.031592
v 0.009131 0.059049 -0.034572
v 0.009686 0.059049 -0.033126
v 0.009310 0.045408 -0.031592
v 0.009129 0.045408 -0.034575
v 0.009686 0.045408 -0.033126
v 0.009310 0.031995 -0.031593
v 0.009126 0.031926 -0.034579
v 0.009685 0.031977 -0.033128
v 0.011669 0.018904 -0.030269
v 0.011410 0.018491 -0.033180
v 0.012128 0.018759 -0.031711
v 0.025119 0.109648 -0.022363
v 0.026253 0.111349 -0.023657
v 0.026045 0.110382 -0.023296
v 0.022764 0.002821 -0.025395
v 0.022319 0.005607 -0.023158
v 0.023179 0.005224 -0.024145
v 0.031514 0.109649 -0.012416
v 0.033157 0.111360 -0.013099
v 0.032739 0.110389 -0.012922
v 0.031577 -0.002411 -0.013130
v 0.029962 0.000130 -0.012460
v 0.031169 -0.000331 -0.012949
v 0.010816 0.104709 -0.031002
v 0.010623 0.104357 -0.033680
v 0.011186 0.103900 -0.032421
v 0.017959 0.110244 -0.029353
v 0.017748 0.108981 -0.027489
v 0.018312 0.109378 -0.028658
v 0.007857 0.098161 -0.028888
v 0.004839 0.096741 -0.037735
v 0.007463 0.096306 -0.036624
v 0.009348 0.095992 -0.031661
v 0.009703 0.095373 -0.033163
v 0.009133 0.095571 -0.034577
v -0.031986 -0.010187 0.012899
v -0.031324 -0.022795 0.015106
v -0.031993 -0.036093 0.012894
v -0.031986 -0.010187 -0.012899
v -0.031324 -0.022795 -0.015106
v -0.031993 -0.036093 -0.012894
v -0.023705 -0.012309 0.000000
v -0.023705 -0.033281 0.000000
v -0.023705 -0.022795 0.010486
v -0.023705 -0.022795 -0.010486
v -0.023705 -0.015380 0.007415
v -0.023705 -0.030209 0.007415
v -0.023705 -0.015380 -0.007415
v -0.023705 -0.030209 -0.007415
v -0.033449 -0.013894 0.008857
v -0.030819 -0.015355 0.007439
v -0.033373 -0.014804 0.007977
v -0.032851 -0.015190 0.007601
v -0.030806 -0.022795 0.010517
v -0.032949 -0.022795 0.012026
v -0.032753 -0.022795 0.010726
v -0.033077 -0.022795 0.011213
v -0.030819 -0.030234 0.007439
v -0.033449 -0.031695 0.008857
v -0.032851 -0.030400 0.007601
v -0.033373 -0.030786 0.007977
v -0.030819 -0.015355 -0.007439
v -0.033449 -0.013894 -0.008857
v -0.032851 -0.015190 -0.007601
v -0.033373 -0.014804 -0.007977
v -0.032949 -0.022795 -0.012026
v -0.030806 -0.022795 -0.010517
v -0.033077 -0.022795 -0.011213
v -0.032753 -0.022795 -0.010726
v -0.033449 -0.031695 -0.008857
v -0.030819 -0.030234 -0.007439
v -0.033373 -0.030786 -0.007977
v -0.032851 -0.030400 -0.007601
v -0.030837 -0.033312 0.000000
v -0.034257 -0.034858 0.000000
v -0.032985 -0.033523 -0.000000
v -0.033780 -0.034013 -0.000000
v -0.034257 -0.010732 0.000000
v -0.030837 -0.012277 -0.000000
v -0.033780 -0.011577 0.000000
v -0.032985 -0.012067 -0.000000
v -0.025341 -0.110721 0.023504
v -0.034254 -0.111174 0.000000
v -0.025364 -0.016027 0.023512
v -0.025386 -0.029615 0.023497
v -0.025384 -0.043256 0.023498
v -0.025383 -0.056896 0.023499
v -0.025382 -0.070537 0.023500
v -0.025381 -0.084177 0.023500
v -0.025381 -0.097799 0.023501
v -0.031408 -0.016391 0.014799
v -0.031409 -0.029266 0.014798
v -0.031721 -0.043267 0.013102
v -0.031689 -0.056896 0.013126
v -0.031689 -0.070537 0.013126
v -0.031689 -0.084177 0.013126
v -0.031689 -0.097818 0.013126
v -0.034301 -0.043503 0.000000
v -0.034300 -0.056896 -0.000000
v -0.034300 -0.070537 -0.000000
v -0.034300 -0.084177 -0.000000
v -0.034300 -0.097818 -0.000000
v -0.033639 -0.104638 0.006691
v -0.033639 -0.090998 0.006691
v -0.033639 -0.077357 0.006691
v -0.033639 -0.063716 0.006691
v -0.033639 -0.050076 0.006691
v -0.033735 -0.038098 0.006370
v -0.033734 -0.008527 0.006371
v -0.028658 -0.104619 0.018961
v -0.028658 -0.090998 0.018961
v -0.028658 -0.077357 0.018961
v -0.028659 -0.063716 0.018960
v -0.028659 -0.050076 0.018960
v -0.028683 -0.036400 0.018983
v -0.028614 -0.022795 0.019208
v -0.028634 -0.009869 0.019015
v -0.008508 0.114252 0.014091
v -0.007857 0.092208 0.028888
v -0.007857 0.079472 0.028888
v -0.007857 0.065869 0.028888
v -0.007857 0.052228 0.028888
v -0.007857 0.038617 0.028888
v -0.008136 0.025595 0.028737
v -0.028980 -0.000419 0.005808
v -0.030388 0.109502 0.005758
v -0.024366 0.001950 0.016563
v -0.026062 0.109502 0.016283
v -0.019475 0.109513 0.023071
v -0.014686 0.011797 0.025048
v 0.000000 0.024947 0.037796
v 0.000000 0.038588 0.037908
v 0.000000 0.079444 0.037908
v -0.000000 0.011307 0.035132
v 0.000000 -0.002334 0.030719
v -0.000000 -0.043256 0.028700
v -0.000000 -0.097705 0.028700
v -0.000000 -0.029615 0.028700
v 0.000000 -0.084177 0.028700
v 0.000000 0.114252 0.006910
v -0.008987 0.114252 0.000000
v 0.000000 -0.056896 0.028700
v -0.000000 -0.108568 0.028620
v 0.000000 -0.015974 0.028779
v -0.000000 -0.070537 0.028700
v 0.000000 0.052228 0.037908
v -0.000000 0.065869 0.037908
v -0.017569 0.114252 0.006856
v -0.012115 0.109501 0.026911
v 0.000000 0.110557 0.033546
v 0.000000 0.101984 0.037741
v 0.000000 0.114107 0.021669
v -0.032461 0.113363 0.013145
v -0.029945 0.112615 0.018990
v -0.025507 0.113354 0.023653
v -0.027277 0.113941 0.019255
v -0.035035 0.113360 -0.000000
v -0.035023 0.112609 0.006692
v -0.031679 0.113963 0.006725
v -0.018803 -0.063716 0.028280
v -0.015318 -0.056896 0.028581
v -0.018805 -0.050076 0.028277
v -0.020629 -0.056896 0.027589
v -0.019540 -0.112304 0.027733
v -0.015407 -0.108568 0.028505
v -0.018800 -0.103751 0.028283
v -0.020657 -0.108890 0.027556
v -0.015317 -0.043256 0.028580
v -0.018807 -0.036435 0.028274
v -0.020634 -0.043256 0.027585
v -0.015320 -0.097705 0.028582
v -0.018800 -0.090998 0.028282
v -0.020621 -0.097723 0.027594
v -0.015316 -0.029615 0.028578
v -0.018811 -0.022795 0.028270
v -0.020641 -0.029615 0.027579
v -0.015320 -0.084177 0.028582
v -0.018801 -0.077357 0.028281
v -0.020623 -0.084177 0.027593
v -0.015215 -0.015975 0.028656
v -0.017906 -0.009168 0.028885
v -0.020551 -0.015983 0.027639
v -0.015319 -0.070537 0.028581
v -0.020626 -0.070537 0.027591
v -0.006378 0.031794 0.037365
v -0.007616 0.025111 0.036545
v -0.007539 0.018218 0.036473
v -0.004990 0.024969 0.037635
v -0.006380 0.045408 0.037359
v -0.007447 0.038595 0.036658
v -0.004871 0.038589 0.037744
v -0.006380 0.059049 0.037353
v -0.007452 0.052228 0.036650
v -0.004868 0.052228 0.037742
v -0.006378 0.072689 0.037347
v -0.007456 0.065869 0.036642
v -0.004862 0.065869 0.037740
v -0.006375 0.085765 0.037341
v -0.007460 0.079433 0.036633
v -0.004853 0.079442 0.037738
v -0.011754 0.011286 0.033652
v -0.013105 0.004459 0.032263
v -0.007814 0.011323 0.034986
v -0.018088 -0.002519 0.029290
v -0.012818 -0.002339 0.030592
v -0.015875 0.112337 0.029990
v -0.012341 0.109252 0.033003
v -0.007904 0.106220 0.036067
v -0.009003 0.110388 0.033490
v -0.004998 0.101872 0.037570
v -0.007462 0.091242 0.036626
v -0.020878 0.113870 0.025131
v -0.021514 0.112497 0.027139
v -0.015553 0.114146 0.021255
v -0.024377 0.114216 0.013605
v -0.026124 0.114216 0.000000
v -0.005804 0.004486 0.032761
v -0.008170 -0.009154 0.029320
v -0.003190 0.018131 0.036990
v -0.022193 -0.009351 0.026534
v -0.022677 -0.050076 0.026212
v -0.022681 -0.036435 0.026208
v -0.008631 -0.036435 0.028684
v -0.008633 -0.050076 0.028685
v -0.022673 -0.063716 0.026214
v -0.008634 -0.063716 0.028685
v -0.022688 -0.022795 0.026204
v -0.008629 -0.022795 0.028684
v -0.022668 -0.104185 0.026217
v -0.022669 -0.090998 0.026217
v -0.008636 -0.090998 0.028685
v -0.008636 -0.103732 0.028685
v -0.022387 -0.113674 0.026237
v -0.009042 -0.112379 0.028052
v -0.022671 -0.077357 0.026216
v -0.008635 -0.077357 0.028685
v -0.002648 0.045408 0.037888
v -0.002650 0.031769 0.037888
v -0.002630 0.085802 0.037887
v -0.002638 0.072689 0.037887
v -0.003365 0.106689 0.036549
v -0.002644 0.059049 0.037888
v -0.006794 0.113109 0.028499
v -0.015428 -0.118279 0.000000
v 0.000000 -0.115389 0.026569
v -0.026642 -0.118279 0.006792
v 0.000000 -0.118279 0.006977
v -0.022651 -0.118165 0.019078
v -0.030117 -0.117995 0.013173
v -0.014312 -0.118279 0.013444
v 0.000000 -0.118165 0.019276
v -0.017543 -0.115389 0.026501
v -0.011281 -0.117372 0.023696
v -0.028351 -0.115911 0.018972
v -0.031649 -0.111174 0.013128
v -0.033291 -0.116005 0.006699
v -0.032532 -0.117995 0.000000
v -0.023931 -0.117107 0.023571
v -0.009634 0.085587 0.032480
v -0.009310 0.079427 0.031593
v -0.009629 0.072689 0.032470
v -0.009685 0.079414 0.033127
v -0.009542 0.085567 0.033772
v -0.009542 0.072689 0.033768
v -0.009132 0.079418 0.034571
v -0.009309 0.065869 0.031592
v -0.009630 0.059049 0.032470
v -0.009686 0.065869 0.033126
v -0.009542 0.059049 0.033767
v -0.009131 0.065869 0.034571
v -0.009310 0.052228 0.031592
v -0.009630 0.045408 0.032470
v -0.009686 0.052228 0.033126
v -0.009542 0.045408 0.033768
v -0.009130 0.052228 0.034573
v -0.009310 0.038616 0.031593
v -0.009630 0.031989 0.032472
v -0.009686 0.038614 0.033127
v -0.009540 0.031958 0.033770
v -0.009127 0.038608 0.034577
v -0.009605 0.025585 0.031428
v -0.012035 0.018852 0.031101
v -0.009990 0.025524 0.032952
v -0.011992 0.018627 0.032315
v -0.009410 0.025368 0.034406
v -0.030735 -0.000035 0.012768
v -0.031825 -0.000491 0.006350
v -0.033287 -0.000748 0.000000
v -0.033111 -0.000958 0.006595
v -0.031428 -0.000905 0.013067
v -0.034062 -0.001612 -0.000000
v -0.033562 -0.002941 0.006682
v -0.033007 0.110854 0.013035
v -0.035102 0.111362 0.006677
v -0.035599 0.110857 0.000000
v -0.034657 0.110391 0.006588
v -0.032301 0.109961 0.012739
v -0.034834 0.109961 0.000000
v -0.033358 0.109649 0.006333
v -0.022903 0.005470 0.023756
v -0.026865 0.001881 0.018111
v -0.027925 0.001439 0.018844
v -0.023232 0.004702 0.024520
v -0.028233 -0.000907 0.019190
v -0.026205 0.110842 0.023519
v -0.030057 0.111356 0.018946
v -0.029697 0.110387 0.018683
v -0.025731 0.109957 0.022953
v -0.028601 0.109648 0.017941
v -0.016539 0.011755 0.027392
v -0.017174 0.011487 0.028637
v -0.016224 0.010947 0.030142
v -0.011026 0.104002 0.032985
v -0.013772 0.107877 0.031788
v -0.018227 0.109761 0.029021
v -0.014280 0.107203 0.030797
v -0.011147 0.104045 0.031836
v -0.018189 0.109077 0.028201
v -0.013840 0.107449 0.029495
v -0.009329 0.091078 0.031628
v -0.009896 0.099830 0.033084
v -0.009320 0.100134 0.034467
v -0.022188 0.111203 0.026879
v -0.022260 0.110252 0.026389
v -0.021523 0.109564 0.025329
v -0.008398 0.072689 0.035617
v -0.008401 0.085655 0.035612
v -0.008674 0.072689 0.030349
v -0.008678 0.085825 0.030356
v -0.010126 0.106108 0.029753
v -0.009930 0.104985 0.034574
v -0.008394 0.059049 0.035622
v -0.008674 0.059049 0.030349
v -0.008674 0.045408 0.030350
v -0.008390 0.045408 0.035629
v -0.008384 0.031877 0.035636
v -0.008674 0.031998 0.030350
v -0.010236 0.018386 0.034443
v -0.010973 0.018924 0.029080
v -0.021337 0.005660 0.022257
v -0.018377 0.003802 0.029095
v -0.016916 0.109191 0.026401
v -0.024110 0.109520 0.021436
v -0.030247 0.109521 0.011903
v -0.017504 0.110864 0.029679
v -0.026192 0.111936 0.023729
v -0.033195 0.111936 0.013123
v -0.024632 -0.003589 0.024019
v -0.031682 -0.005434 0.013119
v -0.028733 0.000193 0.011979
v -0.032628 0.109521 0.000000
v -0.035805 0.111936 -0.000000
v -0.034292 -0.005591 -0.000000
v -0.031155 -0.000516 0.000000
v -0.008029 0.103820 0.028809
v 0.000000 0.091507 0.037908
v -0.004843 0.091468 0.037736
v -0.007658 0.101219 0.036475
v -0.009546 0.100705 0.031605
v -0.009694 0.090755 0.033146
v -0.009133 0.090859 0.034574
v -0.009548 0.095391 0.033787
v -0.009663 0.095515 0.032531
v -0.006371 0.096583 0.037337
v -0.008403 0.095921 0.035610
v -0.002623 0.096804 0.037887
v -0.008699 0.096939 0.030394
v 0.025341 -0.110721 0.023504
v 0.034254 -0.111174 0.000000
v 0.025364 -0.016027 0.023512
v 0.025386 -0.029615 0.023497
v 0.025384 -0.043256 0.023498
v 0.025383 -0.056896 0.023499
v 0.025382 -0.070537 0.023500
v 0.025381 -0.084177 0.023500
v 0.025381 -0.097799 0.023501
v 0.031688 -0.016094 0.013127
v 0.031689 -0.029615 0.013126
v 0.031689 -0.043256 0.013126
v 0.031689 -0.056896 0.013126
v 0.031689 -0.070537 0.013126
v 0.031689 -0.084177 0.013126
v 0.031689 -0.097818 0.013126
v 0.034300 -0.016110 0.000000
v 0.034300 -0.029615 0.000000
v 0.034300 -0.043256 0.000000
v 0.034300 -0.056896 0.000000
v 0.034300 -0.070537 0.000000
v 0.034300 -0.084177 0.000000
v 0.034300 -0.097818 0.000000
v 0.033639 -0.104638 0.006691
v 0.033639 -0.090998 0.006691
v 0.033639 -0.077357 0.006691
v 0.033639 -0.063716 0.006691
v 0.033639 -0.050076 0.006691
v 0.033639 -0.036435 0.006691
v 0.033639 -0.022795 0.006691
v 0.033637 -0.010220 0.006692
v 0.028658 -0.104619 0.018961
v 0.028658 -0.090998 0.018961
v 0.028658 -0.077357 0.018961
v 0.028659 -0.063716 0.018960
v 0.028659 -0.050076 0.018960
v 0.028659 -0.036435 0.018960
v 0.028659 -0.022795 0.018960
v 0.028610 -0.009864 0.018993
v 0.008508 0.114252 0.014091
v 0.007857 0.092208 0.028888
v 0.007857 0.079472 0.028888
v 0.007857 0.065869 0.028888
v 0.007857 0.052228 0.028888
v 0.007857 0.038617 0.028888
v 0.008136 0.025595 0.028737
v 0.028980 -0.000419 0.005808
v 0.030388 0.109502 0.005758
v 0.024366 0.001950 0.016563
v 0.026062 0.109502 0.016283
v 0.019475 0.109513 0.023071
v 0.014686 0.011797 0.025048
v 0.008987 0.114252 0.000000
v 0.017569 0.114252 0.006856
v 0.012115 0.109501 0.026911
v 0.032461 0.113363 0.013145
v 0.029945 0.112615 0.018990
v 0.025507 0.113354 0.023653
v 0.027277 0.113941 0.019255
v 0.035035 0.113360 0.000000
v 0.035023 0.112609 0.006692
v 0.031679 0.113963 0.006725
v 0.018803 -0.063716 0.028280
v 0.015318 -0.056896 0.028581
v 0.018805 -0.050076 0.028277
v 0.020629 -0.056896 0.027589
v 0.019540 -0.112304 0.027733
v 0.015407 -0.108568 0.028505
v 0.018800 -0.103751 0.028283
v 0.020657 -0.108890 0.027556
v 0.015317 -0.043256 0.028580
v 0.018807 -0.036435 0.028274
v 0.020634 -0.043256 0.027585
v 0.015320 -0.097705 0.028582
v 0.018800 -0.090998 0.028282
v 0.020621 -0.097724 0.027594
v 0.015316 -0.029615 0.028578
v 0.018811 -0.022795 0.028270
v 0.020641 -0.029615 0.027579
v 0.015320 -0.084177 0.028582
v 0.018801 -0.077357 0.028281
v 0.020623 -0.084177 0.027593
v 0.015215 -0.015975 0.028656
v 0.017906 -0.009168 0.028885
v 0.020551 -0.015983 0.027639
v 0.015319 -0.070537 0.028581
v 0.020626 -0.070537 0.027591
v 0.006378 0.031794 0.037365
v 0.007616 0.025111 0.036545
v 0.007539 0.018218 0.036473
v 0.004990 0.024969 0.037635
v 0.006380 0.045408 0.037359
v 0.007447 0.038595 0.036658
v 0.004871 0.038589 0.037744
v 0.006380 0.059049 0.037353
v 0.007452 0.052228 0.036650
v 0.004868 0.052228 0.037742
v 0.006378 0.072689 0.037347
v 0.007456 0.065869 0.036642
v 0.004862 0.065869 0.037740
v 0.006375 0.085765 0.037341
v 0.007460 0.079433 0.036633
v 0.004853 0.079442 0.037738
v 0.011754 0.011286 0.033652
v 0.013105 0.004459 0.032263
v 0.007814 0.011323 0.034986
v 0.018088 -0.002519 0.029290
v 0.012818 -0.002339 0.030592
v 0.015875 0.112337 0.029990
v 0.012341 0.109252 0.033003
v 0.007904 0.106220 0.036067
v 0.009003 0.110388 0.033490
v 0.004998 0.101872 0.037570
v 0.007462 0.091242 0.036626
v 0.020878 0.113870 0.025131
v 0.021514 0.112497 0.027139
v 0.015553 0.114146 0.021255
v 0.024377 0.114216 0.013605
v 0.026124 0.114216 0.000000
v 0.005804 0.004486 0.032761
v 0.008170 -0.009154 0.029320
v 0.003190 0.018131 0.036990
v 0.022193 -0.009351 0.026534
v 0.022677 -0.050076 0.026212
v 0.022681 -0.036435 0.026208
v 0.008631 -0.036435 0.028684
v 0.008633 -0.050076 0.028685
v 0.022673 -0.063716 0.026214
v 0.008634 -0.063716 0.028685
v 0.022688 -0.022795 0.026204
v 0.008629 -0.022795 0.028684
v 0.022668 -0.104185 0.026217
v 0.022669 -0.090998 0.026217
v 0.008636 -0.090998 0.028685
v 0.008636 -0.103732 0.028685
v 0.022387 -0.113674 0.026237
v 0.009042 -0.112379 0.028052
v 0.022671 -0.077357 0.026216
v 0.008635 -0.077357 0.028685
v 0.002648 0.045408 0.037888
v 0.002650 0.031769 0.037888
v 0.002630 0.085802 0.037887
v 0.002638 0.072689 0.037887
v 0.003365 0.106689 0.036549
v 0.002644 0.059049 0.037887
v 0.006794 0.113109 0.028499
v 0.015428 -0.118279 0.000000
v 0.026642 -0.118279 0.006792
v 0.022651 -0.118165 0.019078
v 0.030117 -0.117995 0.013173
v 0.014312 -0.118279 0.013444
v 0.017543 -0.115388 0.026501
v 0.011281 -0.117372 0.023696
v 0.028351 -0.115911 0.018972
v 0.031649 -0.111174 0.013128
v 0.033291 -0.116005 0.006699
v 0.032532 -0.117995 -0.000000
v 0.023931 -0.117107 0.023571
v 0.009634 0.085587 0.032480
v 0.009310 0.079427 0.031593
v 0.009629 0.072689 0.032470
v 0.009685 0.079414 0.033127
v 0.009542 0.085567 0.033772
v 0.009542 0.072689 0.033768
v 0.009132 0.079418 0.034571
v 0.009309 0.065869 0.031592
v 0.009630 0.059049 0.032470
v 0.009686 0.065869 0.033126
v 0.009542 0.059049 0.033767
v 0.009131 0.065869 0.034571
v 0.009310 0.052228 0.031592
v 0.009630 0.045408 0.032470
v 0.009686 0.052228 0.033126
v 0.009542 0.045408 0.033768
v 0.009130 0.052228 0.034573
v 0.009310 0.038616 0.031593
v 0.009630 0.031989 0.032472
v 0.009686 0.038614 0.033127
v 0.009540 0.031958 0.033770
v 0.009127 0.038608 0.034577
v 0.009605 0.025585 0.031428
v 0.012035 0.018852 0.031101
v 0.009990 0.025524 0.032952
v 0.011992 0.018627 0.032315
v 0.009410 0.025368 0.034406
v 0.030735 -0.000035 0.012768
v 0.031825 -0.000491 0.006350
v 0.033287 -0.000748 0.000000
v 0.033111 -0.000958 0.006595
v 0.031428 -0.000905 0.013067
v 0.034062 -0.001612 -0.000000
v 0.033562 -0.002941 0.006682
v 0.033007 0.110854 0.013035
v 0.035102 0.111362 0.006677
v 0.035599 0.110857 0.000000
v 0.034657 0.110391 0.006588
v 0.032301 0.109961 0.012739
v 0.034834 0.109961 -0.000000
v 0.033358 0.109649 0.006333
v 0.022903 0.005470 0.023756
v 0.026865 0.001881 0.018111
v 0.027925 0.001439 0.018844
v 0.023232 0.004702 0.024520
v 0.028233 -0.000907 0.019190
v 0.026205 0.110842 0.023519
v 0.030057 0.111356 0.018946
v 0.029697 0.110387 0.018683
v 0.025731 0.109957 0.022953
v 0.028601 0.109648 0.017941
v 0.016539 0.011755 0.027392
v 0.017174 0.011487 0.028637
v 0.016224 0.010947 0.030142
v 0.011026 0.104002 0.032985
v 0.013772 0.107877 0.031788
v 0.018227 0.109761 0.029021
v 0.014280 0.107203 0.030797
v 0.011147 0.104045 0.031836
v 0.018189 0.109077 0.028201
v 0.013840 0.107449 0.029495
v 0.009329 0.091078 0.031628
v 0.009896 0.099830 0.033084
v 0.009320 0.100134 0.034467
v 0.022188 0.111203 0.026879
v 0.022260 0.110252 0.026389
v 0.021523 0.109564 0.025329
v 0.008398 0.072689 0.035617
v 0.008401 0.085655 0.035612
v 0.008674 0.072689 0.030349
v 0.008678 0.085825 0.030356
v 0.010126 0.106108 0.029753
v 0.009930 0.104985 0.034574
v 0.008394 0.059049 0.035622
v 0.008674 0.059049 0.030349
v 0.008674 0.045408 0.030350
v 0.008390 0.045408 0.035629
v 0.008384 0.031877 0.035636
v 0.008674 0.031998 0.030350
v 0.010236 0.018386 0.034443
v 0.010973 0.018924 0.029080
v 0.021337 0.005660 0.022257
v 0.018377 0.003802 0.029095
v 0.016916 0.109192 0.026401
v 0.024110 0.109521 0.021436
v 0.030247 0.109521 0.011903
v 0.017504 0.110864 0.029679
v 0.026192 0.111936 0.023729
v 0.033195 0.111936 0.013123
v 0.024632 -0.003589 0.024019
v 0.031650 -0.005475 0.013143
v 0.028733 0.000193 0.011979
v 0.032628 0.109521 -0.000000
v 0.035805 0.111936 0.000000
v 0.034291 -0.005839 0.000000
v 0.031155 -0.000516 0.000000
v 0.008029 0.103820 0.028809
v 0.004843 0.091468 0.037736
v 0.007658 0.101219 0.036475
v 0.009546 0.100705 0.031605
v 0.009694 0.090755 0.033146
v 0.009133 0.090859 0.034574
v 0.009548 0.095391 0.033787
v 0.009663 0.095515 0.032531
v 0.006371 0.096583 0.037337
v 0.008403 0.095921 0.035610
v 0.002623 0.096804 0.037887
v 0.008699 0.096939 0.030394
v -0.025341 -0.110721 -0.023504
v -0.025364 -0.016027 -0.023512
v -0.025386 -0.029615 -0.023497
v -0.025384 -0.043256 -0.023498
v -0.025383 -0.056896 -0.023499
v -0.025382 -0.070537 -0.023500
v -0.025381 -0.084177 -0.023500
v -0.025381 -0.097799 -0.023501
v -0.031408 -0.016391 -0.014799
v -0.031409 -0.029266 -0.014798
v -0.031721 -0.043267 -0.013102
v -0.031689 -0.056896 -0.013126
v -0.031689 -0.070537 -0.013126
v -0.031689 -0.084177 -0.013126
v -0.031689 -0.097818 -0.013126
v -0.033639 -0.104638 -0.006691
v -0.033639 -0.090998 -0.006691
v -0.033639 -0.077357 -0.006691
v -0.033639 -0.063716 -0.006691
v -0.033639 -0.050076 -0.006691
v -0.033735 -0.038098 -0.006370
v -0.033734 -0.008527 -0.006371
v -0.028658 -0.104619 -0.018961
v -0.028658 -0.090998 -0.018961
v -0.028658 -0.077357 -0.018961
v -0.028659 -0.063716 -0.018960
v -0.028659 -0.050076 -0.018960
v -0.028683 -0.036400 -0.018983
v -0.028614 -0.022795 -0.019208
v -0.028634 -0.009869 -0.019015
v -0.008508 0.114252 -0.014091
v -0.007857 0.092208 -0.028888
v -0.007857 0.079472 -0.028888
v -0.007857 0.065869 -0.028888
v -0.007857 0.052228 -0.028888
v -0.007857 0.038617 -0.028888
v -0.008136 0.025595 -0.028737
v -0.028980 -0.000419 -0.005808
v -0.030388 0.109502 -0.005758
v -0.024366 0.001950 -0.016563
v -0.026062 0.109502 -0.016283
v -0.019475 0.109513 -0.023071
v -0.014686 0.011797 -0.025048
v 0.000000 0.024947 -0.037796
v 0.000000 0.038588 -0.037908
v 0.000000 0.079444 -0.037908
v 0.000000 0.011307 -0.035132
v 0.000000 -0.002334 -0.030719
v -0.000000 -0.043256 -0.028700
v 0.000000 -0.097705 -0.028700
v 0.000000 -0.029615 -0.028700
v 0.000000 -0.084177 -0.028700
v -0.000000 0.114252 -0.006910
v 0.000000 -0.056896 -0.028700
v -0.000000 -0.108568 -0.028620
v 0.000000 -0.015974 -0.028779
v 0.000000 -0.070537 -0.028700
v 0.000000 0.052228 -0.037908
v 0.000000 0.065869 -0.037908
v -0.017569 0.114252 -0.006856
v -0.012115 0.109501 -0.026911
v 0.000000 0.110557 -0.033546
v -0.000000 0.101984 -0.037741
v 0.000000 0.114107 -0.021669
v -0.032461 0.113363 -0.013145
v -0.029945 0.112615 -0.018990
v -0.025507 0.113354 -0.023653
v -0.027277 0.113941 -0.019255
v -0.035023 0.112609 -0.006692
v -0.031679 0.113963 -0.006725
v -0.018803 -0.063716 -0.028280
v -0.015318 -0.056896 -0.028581
v -0.018805 -0.050076 -0.028277
v -0.020629 -0.056896 -0.027589
v -0.019540 -0.112304 -0.027733
v -0.015407 -0.108568 -0.028505
v -0.018800 -0.103751 -0.028283
v -0.020657 -0.108890 -0.027556
v -0.015317 -0.043256 -0.028580
v -0.018807 -0.036435 -0.028274
v -0.020634 -0.043256 -0.027585
v -0.015320 -0.097705 -0.028582
v -0.018800 -0.090998 -0.028282
v -0.020621 -0.097724 -0.027594
v -0.015316 -0.029615 -0.028578
v -0.018811 -0.022795 -0.028270
v -0.020641 -0.029615 -0.027579
v -0.015320 -0.084177 -0.028582
v -0.018801 -0.077357 -0.028281
v -0.020623 -0.084177 -0.027593
v -0.015215 -0.015975 -0.028656
v -0.017906 -0.009168 -0.028885
v -0.020551 -0.015983 -0.027639
v -0.015319 -0.070537 -0.028581
v -0.020626 -0.070537 -0.027591
v -0.006378 0.031794 -0.037365
v -0.007616 0.025111 -0.036545
v -0.007539 0.018218 -0.036473
v -0.004990 0.024969 -0.037635
v -0.006380 0.045408 -0.037359
v -0.007447 0.038595 -0.036658
v -0.004871 0.038589 -0.037744
v -0.006380 0.059049 -0.037353
v -0.007452 0.052228 -0.036650
v -0.004868 0.052228 -0.037742
v -0.006378 0.072689 -0.037347
v -0.007456 0.065869 -0.036642
v -0.004862 0.065869 -0.037740
v -0.006375 0.085765 -0.037341
v -0.007460 0.079433 -0.036633
v -0.004853 0.079442 -0.037738
v -0.011754 0.011286 -0.033652
v -0.013105 0.004459 -0.032263
v -0.007814 0.011323 -0.034986
v -0.018088 -0.002519 -0.029290
v -0.012818 -0.002339 -0.030592
v -0.015875 0.112337 -0.029990
v -0.012341 0.109252 -0.033003
v -0.007904 0.106220 -0.036067
v -0.009003 0.110388 -0.033490
v -0.004998 0.101872 -0.037570
v -0.007462 0.091242 -0.036626
v -0.020878 0.113870 -0.025131
v -0.021514 0.112497 -0.027139
v -0.015553 0.114146 -0.021255
v -0.024377 0.114216 -0.013605
v -0.005804 0.004486 -0.032761
v -0.008170 -0.009154 -0.029320
v -0.003190 0.018131 -0.036990
v -0.022193 -0.009351 -0.026534
v -0.022677 -0.050076 -0.026212
v -0.022681 -0.036435 -0.026208
v -0.008631 -0.036435 -0.028684
v -0.008633 -0.050076 -0.028685
v -0.022673 -0.063716 -0.026214
v -0.008634 -0.063716 -0.028685
v -0.022688 -0.022795 -0.026204
v -0.008629 -0.022795 -0.028684
v -0.022668 -0.104185 -0.026217
v -0.022669 -0.090998 -0.026217
v -0.008636 -0.090998 -0.028685
v -0.008636 -0.103732 -0.028685
v -0.022387 -0.113674 -0.026237
v -0.009042 -0.112379 -0.028052
v -0.022671 -0.077357 -0.026216
v -0.008635 -0.077357 -0.028685
v -0.002648 0.045408 -0.037888
v -0.002650 0.031769 -0.037888
v -0.002630 0.085802 -0.037887
v -0.002638 0.072689 -0.037887
v -0.003365 0.106689 -0.036549
v -0.002644 0.059049 -0.037887
v -0.006794 0.113109 -0.028499
v 0.000000 -0.115388 -0.026569
v -0.026642 -0.118279 -0.006792
v -0.000000 -0.118279 -0.006977
v -0.022651 -0.118165 -0.019078
v -0.030117 -0.117995 -0.013173
v -0.014312 -0.118279 -0.013444
v -0.000000 -0.118165 -0.019276
v -0.017543 -0.115388 -0.026501
v -0.011281 -0.117372 -0.023696
v -0.028351 -0.115911 -0.018972
v -0.031649 -0.111174 -0.013128
v -0.033291 -0.116005 -0.006699
v -0.023931 -0.117107 -0.023571
v -0.009634 0.085587 -0.032480
v -0.009310 0.079427 -0.031593
v -0.009629 0.072689 -0.032470
v -0.009685 0.079414 -0.033127
v -0.009542 0.085567 -0.033772
v -0.009542 0.072689 -0.033768
v -0.009132 0.079418 -0.034571
v -0.009309 0.065869 -0.031592
v -0.009630 0.059049 -0.032470
v -0.009686 0.065869 -0.033126
v -0.009542 0.059049 -0.033767
v -0.009131 0.065869 -0.034571
v -0.009310 0.052228 -0.031592
v -0.009630 0.045408 -0.032470
v -0.009686 0.052228 -0.033126
v -0.009542 0.045408 -0.033768
v -0.009130 0.052228 -0.034573
v -0.009310 0.038616 -0.031593
v -0.009630 0.031989 -0.032472
v -0.009686 0.038614 -0.033127
v -0.009540 0.031958 -0.033770
v -0.009127 0.038608 -0.034577
v -0.009605 0.025585 -0.031428
v -0.012035 0.018852 -0.031101
v -0.009990 0.025524 -0.032952
v -0.011992 0.018627 -0.032315
v -0.009410 0.025368 -0.034406
v -0.030735 -0.000035 -0.012768
v -0.031825 -0.000491 -0.006350
v -0.033111 -0.000958 -0.006595
v -0.031428 -0.000905 -0.013067
v -0.033562 -0.002941 -0.006682
v -0.033007 0.110854 -0.013035
v -0.035102 0.111362 -0.006677
v -0.034657 0.110391 -0.006588
v -0.032301 0.109961 -0.012739
v -0.033358 0.109649 -0.006333
v -0.022903 0.005470 -0.023756
v -0.026865 0.001881 -0.018111
v -0.027925 0.001439 -0.018844
v -0.023232 0.004702 -0.024520
v -0.028233 -0.000907 -0.019190
v -0.026205 0.110842 -0.023519
v -0.030057 0.111356 -0.018946
v -0.029697 0.110387 -0.018683
v -0.025731 0.109957 -0.022953
v -0.028601 0.109648 -0.017941
v -0.016539 0.011755 -0.027392
v -0.017174 0.011487 -0.028637
v -0.016224 0.010947 -0.030142
v -0.011026 0.104002 -0.032985
v -0.013772 0.107877 -0.031788
v -0.018227 0.109761 -0.029021
v -0.014280 0.107203 -0.030797
v -0.011147 0.104045 -0.031836
v -0.018189 0.109077 -0.028201
v -0.013840 0.107449 -0.029495
v -0.009329 0.091078 -0.031628
v -0.009896 0.099830 -0.033084
v -0.009320 0.100134 -0.034467
v -0.022188 0.111203 -0.026879
v -0.022260 0.110252 -0.026389
v -0.021523 0.109564 -0.025329
v -0.008398 0.072689 -0.035617
v -0.008401 0.085655 -0.035612
v -0.008674 0.072689 -0.030349
v -0.008678 0.085825 -0.030356
v -0.010126 0.106108 -0.029753
v -0.009930 0.104985 -0.034574
v -0.008394 0.059049 -0.035622
v -0.008674 0.059049 -0.030349
v -0.008674 0.045408 -0.030350
v -0.008390 0.045408 -0.035629
v -0.008384 0.031877 -0.035636
v -0.008674 0.031998 -0.030350
v -0.010236 0.018386 -0.034443
v -0.010973 0.018924 -0.029080
v -0.021337 0.005660 -0.022257
v -0.018377 0.003802 -0.029095
v -0.016916 0.109192 -0.026401
v -0.024110 0.109521 -0.021436
v -0.030247 0.109521 -0.011903
v -0.017504 0.110864 -0.029679
v -0.026192 0.111936 -0.023729
v -0.033195 0.111936 -0.013123
v -0.024632 -0.003589 -0.024019
v -0.031682 -0.005434 -0.013119
v -0.028733 0.000193 -0.011979
v -0.008029 0.103820 -0.028809
v 0.000000 0.091507 -0.037908
v -0.004843 0.091468 -0.037736
v -0.007658 0.101219 -0.036475
v -0.009546 0.100705 -0.031605
v -0.009694 0.090755 -0.033146
v -0.009133 0.090859 -0.034574
v -0.009548 0.095391 -0.033787
v -0.009663 0.095515 -0.032531
v -0.006371 0.096583 -0.037337
v -0.008403 0.095921 -0.035610
v -0.002623 0.096804 -0.037887
v -0.008699 0.096939 -0.030394
v 0.025341 -0.110721 -0.023504
v 0.025364 -0.016027 -0.023512
v 0.025386 -0.029615 -0.023497
v 0.025384 -0.043256 -0.023498
v 0.025383 -0.056896 -0.023499
v 0.025382 -0.070537 -0.023500
v 0.025381 -0.084177 -0.023500
v 0.025381 -0.097799 -0.023501
v 0.031688 -0.016094 -0.013127
v 0.031689 -0.029615 -0.013126
v 0.031689 -0.043256 -0.013126
v 0.031689 -0.056896 -0.013126
v 0.031689 -0.070537 -0.013126
v 0.031689 -0.084177 -0.013126
v 0.031689 -0.097818 -0.013126
v 0.033639 -0.104638 -0.006691
v 0.033639 -0.090998 -0.006691
v 0.033639 -0.077357 -0.006691
v 0.033639 -0.063716 -0.006691
v 0.033639 -0.050076 -0.006691
v 0.033639 -0.036435 -0.006691
v 0.033639 -0.022795 -0.006691
v 0.033637 -0.010220 -0.006692
v 0.028658 -0.104619 -0.018961
v 0.028658 -0.090998 -0.018961
v 0.028658 -0.077357 -0.018961
v 0.028659 -0.063716 -0.018960
v 0.028659 -0.050076 -0.018960
v 0.028659 -0.036435 -0.018960
v 0.028659 -0.022795 -0.018960
v 0.028610 -0.009864 -0.018993
v 0.008508 0.114252 -0.014091
v 0.007857 0.092208 -0.028888
v 0.007857 0.079472 -0.028888
v 0.007857 0.065869 -0.028888
v 0.007857 0.052228 -0.028888
v 0.007857 0.038617 -0.028888
v 0.008136 0.025595 -0.028737
v 0.028980 -0.000419 -0.005808
v 0.030388 0.109502 -0.005758
v 0.024366 0.001950 -0.016563
v 0.026062 0.109502 -0.016283
v 0.019475 0.109513 -0.023071
v 0.014686 0.011797 -0.025048
v 0.017569 0.114252 -0.006856
v 0.012115 0.109501 -0.026911
v 0.032461 0.113363 -0.013145
v 0.029945 0.112615 -0.018990
v 0.025507 0.113354 -0.023653
v 0.027277 0.113941 -0.019255
v 0.035023 0.112609 -0.006692
v 0.031679 0.113963 -0.006725
v 0.018803 -0.063716 -0.028280
v 0.015318 -0.056896 -0.028581
v 0.018805 -0.050076 -0.028277
v 0.020629 -0.056896 -0.027589
v 0.019540 -0.112304 -0.027733
v 0.015407 -0.108568 -0.028505
v 0.018800 -0.103751 -0.028283
v 0.020657 -0.108890 -0.027556
v 0.015317 -0.043256 -0.028580
v 0.018807 -0.036435 -0.028274
v 0.020634 -0.043256 -0.027585
v 0.015320 -0.097705 -0.028582
v 0.018800 -0.090998 -0.028282
v 0.020621 -0.097723 -0.027594
v 0.015316 -0.029615 -0.028578
v 0.018811 -0.022795 -0.028270
v 0.020641 -0.029615 -0.027579
v 0.015320 -0.084177 -0.028582
v 0.018801 -0.077357 -0.028281
v 0.020623 -0.084177 -0.027593
v 0.015215 -0.015975 -0.028656
v 0.017906 -0.009168 -0.028885
v 0.020551 -0.015983 -0.027639
v 0.015319 -0.070537 -0.028581
v 0.020626 -0.070537 -0.027591
v 0.006378 0.031794 -0.037365
v 0.007616 0.025111 -0.036545
v 0.007539 0.018218 -0.036473
v 0.004990 0.024969 -0.037635
v 0.006380 0.045408 -0.037359
v 0.007447 0.038595 -0.036658
v 0.004871 0.038589 -0.037744
v 0.006380 0.059049 -0.037353
v 0.007452 0.052228 -0.036650
v 0.004868 0.052228 -0.037742
v 0.006378 0.072689 -0.037347
v 0.007456 0.065869 -0.036642
v 0.004862 0.065869 -0.037740
v 0.006375 0.085765 -0.037341
v 0.007460 0.079433 -0.036633
v 0.004853 0.079442 -0.037738
v 0.011754 0.011286 -0.033652
v 0.013105 0.004459 -0.032263
v 0.007814 0.011323 -0.034986
v 0.018088 -0.002519 -0.029290
v 0.012818 -0.002339 -0.030592
v 0.015875 0.112337 -0.029990
v 0.012341 0.109252 -0.033003
v 0.007904 0.106220 -0.036067
v 0.009003 0.110388 -0.033490
v 0.004998 0.101872 -0.037570
v 0.007462 0.091242 -0.036626
v 0.020878 0.113870 -0.025131
v 0.021514 0.112497 -0.027139
v 0.015553 0.114146 -0.021255
v 0.024377 0.114216 -0.013605
v 0.005804 0.004486 -0.032761
v 0.008170 -0.009154 -0.029320
v 0.003190 0.018131 -0.036990
v 0.022193 -0.009351 -0.026534
v 0.022677 -0.050076 -0.026212
v 0.022681 -0.036435 -0.026208
v 0.008631 -0.036435 -0.028684
v 0.008633 -0.050076 -0.028685
v 0.022673 -0.063716 -0.026214
v 0.008634 -0.063716 -0.028685
v 0.022688 -0.022795 -0.026204
v 0.008629 -0.022795 -0.028684
v 0.022668 -0.104185 -0.026217
v 0.022669 -0.090998 -0.026217
v 0.008636 -0.090998 -0.028685
v 0.008636 -0.103732 -0.028685
v 0.022387 -0.113674 -0.026237
v 0.009042 -0.112379 -0.028052
v 0.022671 -0.077357 -0.026216
v 0.008635 -0.077357 -0.028685
v 0.002648 0.045408 -0.037888
v 0.002650 0.031769 -0.037888
v 0.002630 0.085802 -0.037887
v 0.002638 0.072689 -0.037887
v 0.003365 0.106689 -0.036549
v 0.002644 0.059049 -0.037888
v 0.006794 0.113109 -0.028499
v 0.026642 -0.118279 -0.006792
v 0.022651 -0.118165 -0.019078
v 0.030117 -0.117995 -0.013173
v 0.014312 -0.118279 -0.013444
v 0.017543 -0.115389 -0.026501
v 0.011281 -0.117372 -0.023696
v 0.028351 -0.115911 -0.018972
v 0.031649 -0.111174 -0.013128
v 0.033291 -0.116005 -0.006699
v 0.023931 -0.117107 -0.023571
v 0.009634 0.085587 -0.032480
v 0.009310 0.079427 -0.031593
v 0.009629 0.072689 -0.032470
v 0.009685 0.079414 -0.033127
v 0.009542 0.085567 -0.033772
v 0.009542 0.072689 -0.033768
v 0.009132 0.079418 -0.034571
v 0.009309 0.065869 -0.031592
v 0.009630 0.059049 -0.032470
v 0.009686 0.065869 -0.033126
v 0.009542 0.059049 -0.033767
v 0.009131 0.065869 -0.034571
v 0.009310 0.052228 -0.031592
v 0.009630 0.045408 -0.032470
v 0.009686 0.052228 -0.033126
v 0.009542 0.045408 -0.033768
v 0.009130 0.052228 -0.034573
v 0.009310 0.038616 -0.031593
v 0.009630 0.031989 -0.032472
v 0.009686 0.038614 -0.033127
v 0.009540 0.031958 -0.033770
v 0.009127 0.038608 -0.034577
v 0.009605 0.025585 -0.031428
v 0.012035 0.018852 -0.031101
v 0.009990 0.025524 -0.032952
v 0.011992 0.018627 -0.032315
v 0.009410 0.025368 -0.034406
v 0.030735 -0.000035 -0.012768
v 0.031825 -0.000491 -0.006350
v 0.033111 -0.000958 -0.006595
v 0.031428 -0.000905 -0.013067
v 0.033562 -0.002941 -0.006682
v 0.033007 0.110854 -0.013035
v 0.035102 0.111362 -0.006677
v 0.034657 0.110391 -0.006588
v 0.032301 0.109961 -0.012739
v 0.033358 0.109649 -0.006333
v 0.022903 0.005470 -0.023756
v 0.026865 0.001881 -0.018111
v 0.027925 0.001439 -0.018844
v 0.023232 0.004702 -0.024520
v 0.028233 -0.000907 -0.019190
v 0.026205 0.110842 -0.023519
v 0.030057 0.111356 -0.018946
v 0.029697 0.110387 -0.018683
v 0.025731 0.109957 -0.022953
v 0.028601 0.109648 -0.017941
v 0.016539 0.011755 -0.027392
v 0.017174 0.011487 -0.028637
v 0.016224 0.010947 -0.030142
v 0.011026 0.104002 -0.032985
v 0.013772 0.107877 -0.031788
v 0.018227 0.109761 -0.029021
v 0.014280 0.107203 -0.030797
v 0.011147 0.104045 -0.031836
v 0.018189 0.109077 -0.028201
v 0.013840 0.107449 -0.029495
v 0.009329 0.091078 -0.031628
v 0.009896 0.099830 -0.033084
v 0.009320 0.100134 -0.034467
v 0.022188 0.111203 -0.026879
v 0.022260 0.110252 -0.026389
v 0.021523 0.109564 -0.025329
v 0.008398 0.072689 -0.035617
v 0.008401 0.085655 -0.035612
v 0.008674 0.072689 -0.030349
v 0.008678 0.085825 -0.030356
v 0.010126 0.106108 -0.029753
v 0.009930 0.104985 -0.034574
v 0.008394 0.059049 -0.035622
v 0.008674 0.059049 -0.030349
v 0.008674 0.045408 -0.030350
v 0.008390 0.045408 -0.035629
v 0.008384 0.031877 -0.035636
v 0.008674 0.031998 -0.030350
v 0.010236 0.018386 -0.034443
v 0.010973 0.018924 -0.029080
v 0.021337 0.005660 -0.022257
v 0.018377 0.003802 -0.029095
v 0.016916 0.109191 -0.026401
v 0.024110 0.109520 -0.021436
v 0.030247 0.109521 -0.011903
v 0.017504 0.110864 -0.029679
v 0.026192 0.111936 -0.023729
v 0.033195 0.111936 -0.013123
v 0.024632 -0.003589 -0.024019
v 0.031650 -0.005475 -0.013143
v 0.028733 0.000193 -0.011979
v 0.008029 0.103820 -0.028809
v 0.004843 0.091468 -0.037736
v 0.007658 0.101219 -0.036475
v 0.009546 0.100705 -0.031605
v 0.009694 0.090755 -0.033146
v 0.009133 0.090859 -0.034574
v 0.009548 0.095391 -0.033787
v 0.009663 0.095515 -0.032531
v 0.006371 0.096583 -0.037337
v 0.008403 0.095921 -0.035610
v 0.002623 0.096804 -0.037887
v 0.008699 0.096939 -0.030394
v -0.023705 -0.018787 0.009677
v -0.023705 -0.026803 0.009677
v -0.023705 -0.032471 0.004008
v -0.023705 -0.013118 0.004008
v -0.023705 -0.018787 -0.009677
v -0.023705 -0.026803 -0.009677
v -0.023705 -0.032471 -0.004008
v -0.023705 -0.013118 -0.004008
v -0.032324 -0.015298 0.007495
v -0.030810 -0.018773 0.009706
v -0.032282 -0.022795 0.010590
v -0.032780 -0.018679 0.009905
v -0.033155 -0.015022 0.007764
v -0.032971 -0.022795 0.010938
v -0.033159 -0.018462 0.010369
v -0.033483 -0.014502 0.008271
v -0.033065 -0.022795 0.011552
v -0.033076 -0.017899 0.011256
v -0.030810 -0.026817 0.009706
v -0.032324 -0.030292 0.007495
v -0.032780 -0.026910 0.009905
v -0.033155 -0.030567 0.007764
v -0.033159 -0.027128 0.010369
v -0.033483 -0.031088 0.008271
v -0.033076 -0.027691 0.011256
v -0.030831 -0.032501 0.004022
v -0.032382 -0.033385 0.000000
v -0.032940 -0.032703 0.004112
v -0.033408 -0.033736 0.000000
v -0.033643 -0.033173 0.004323
v -0.034074 -0.034358 -0.000000
v -0.033975 -0.034092 0.004868
v -0.033975 -0.011497 0.004868
v -0.034074 -0.011232 0.000000
v -0.033643 -0.012416 0.004323
v -0.033408 -0.011854 0.000000
v -0.032940 -0.012886 0.004112
v -0.032382 -0.012204 0.000000
v -0.030831 -0.013088 0.004022
v -0.033483 -0.014502 -0.008271
v -0.033076 -0.017899 -0.011256
v -0.033065 -0.022795 -0.011552
v -0.033159 -0.018462 -0.010369
v -0.033155 -0.015022 -0.007764
v -0.032971 -0.022795 -0.010938
v -0.032780 -0.018679 -0.009905
v -0.032324 -0.015298 -0.007495
v -0.032282 -0.022795 -0.010590
v -0.030810 -0.018773 -0.009706
v -0.033076 -0.027691 -0.011256
v -0.033483 -0.031088 -0.008271
v -0.033159 -0.027128 -0.010369
v -0.033155 -0.030567 -0.007764
v -0.032780 -0.026910 -0.009905
v -0.032324 -0.030292 -0.007495
v -0.030810 -0.026817 -0.009706
v -0.033975 -0.034092 -0.004868
v -0.033643 -0.033173 -0.004323
v -0.032940 -0.032703 -0.004112
v -0.030831 -0.032501 -0.004022
v -0.030831 -0.013088 -0.004022
v -0.032940 -0.012886 -0.004112
v -0.033643 -0.012416 -0.004323
v -0.033975 -0.011497 -0.004868
v -0.033152 -0.012686 0.010070
v -0.032604 -0.022795 0.012896
v -0.027734 -0.015377 0.007418
v -0.027736 -0.012305 0.000000
v -0.034315 -0.009896 0.000000
v -0.027733 -0.022795 0.010490
v -0.027734 -0.030213 0.007418
v -0.033153 -0.032978 0.010070
v -0.034315 -0.035828 0.000000
v -0.027736 -0.033285 0.000000
v -0.027734 -0.015377 -0.007418
v -0.027733 -0.022795 -0.010490
v -0.033152 -0.012686 -0.010070
v -0.032604 -0.022795 -0.012896
v -0.027734 -0.030213 -0.007418
v -0.033153 -0.032978 -0.010070
v -0.008387 0.038602 0.035632
v -0.030079 0.111936 0.018985
v -0.020612 0.109479 0.024306
v -0.033595 -0.111174 0.006692
v -0.033639 -0.097818 0.006691
v -0.033639 -0.084177 0.006691
v -0.033639 -0.070537 0.006691
v -0.033639 -0.056896 0.006691
v -0.033650 -0.043448 0.006659
v -0.027733 -0.026805 0.009680
v -0.027736 -0.013114 -0.004010
v -0.030539 -0.000428 0.006105
v -0.015717 0.011792 0.026321
v -0.025680 0.114216 0.006788
v -0.008613 0.025239 0.035490
v -0.028620 -0.111118 0.018962
v -0.028658 -0.097816 0.018961
v -0.028658 -0.084177 0.018961
v -0.028659 -0.070537 0.018961
v -0.028659 -0.056896 0.018960
v -0.028667 -0.043249 0.018956
v -0.028630 -0.029579 0.019155
v -0.028624 -0.016091 0.019159
v -0.025741 0.001941 0.017409
v -0.032020 0.109521 0.006073
v -0.021944 0.111802 0.027029
v -0.008392 0.052228 0.035625
v -0.013165 0.108524 0.032409
v -0.035144 0.111936 0.006689
v -0.022679 -0.043256 0.026210
v -0.008674 0.052228 0.030349
v -0.014057 0.011090 0.031958
v -0.008887 0.102063 0.030331
v -0.008634 -0.056896 0.028685
v -0.008687 -0.108568 0.028606
v -0.008632 -0.043256 0.028685
v -0.008636 -0.097705 0.028685
v -0.008630 -0.029615 0.028684
v -0.008636 -0.084177 0.028685
v -0.008570 -0.015974 0.028764
v -0.008635 -0.070537 0.028685
v -0.002718 0.024950 0.037776
v -0.002649 0.038588 0.037888
v -0.002646 0.052228 0.037888
v -0.002641 0.065869 0.037887
v -0.002634 0.079444 0.037887
v -0.007189 -0.002335 0.030703
v -0.008674 0.065869 0.030349
v -0.022672 -0.070537 0.026215
v -0.022668 -0.097761 0.026217
v -0.004933 0.110540 0.033537
v -0.008674 0.038617 0.030350
v -0.022684 -0.029615 0.026206
v -0.002714 0.101967 0.037719
v -0.022670 -0.084177 0.026216
v -0.028483 -0.004672 0.019076
v -0.008396 0.065869 0.035620
v -0.022675 -0.056896 0.026213
v -0.004326 0.011309 0.035114
v -0.022639 -0.109805 0.026216
v -0.008962 0.025594 0.030192
v -0.022629 -0.015999 0.026243
v -0.008865 0.114252 0.006897
v -0.020977 -0.002890 0.027349
v -0.033637 -0.005594 0.006660
v -0.008595 0.100651 0.035480
v -0.013087 0.108313 0.028321
v -0.007899 0.114112 0.021626
v -0.008674 0.079446 0.030350
v -0.027459 0.109521 0.017192
v -0.029392 0.113362 0.019005
v -0.034382 0.113361 0.006697
v -0.018804 -0.056896 0.028278
v -0.018889 -0.108597 0.028215
v -0.018806 -0.043256 0.028276
v -0.018800 -0.097707 0.028283
v -0.018809 -0.029615 0.028272
v -0.018801 -0.084177 0.028282
v -0.018700 -0.015976 0.028344
v -0.018802 -0.070537 0.028280
v -0.006522 0.025020 0.037256
v -0.006379 0.038591 0.037362
v -0.006381 0.052228 0.037356
v -0.006380 0.065869 0.037350
v -0.006377 0.079439 0.037344
v -0.009981 0.011343 0.034601
v -0.015942 -0.002369 0.030237
v -0.011204 0.109910 0.033395
v -0.006561 0.101633 0.037176
v -0.020935 0.113250 0.026969
v -0.022426 0.114169 0.020205
v -0.015163 -0.118279 0.006910
v -0.031939 -0.117995 0.006723
v -0.021252 -0.115180 0.026374
v -0.009931 -0.115389 0.026558
v -0.012886 -0.118165 0.019204
v -0.027177 -0.117884 0.019002
v -0.009630 0.079417 0.032471
v -0.009541 0.079414 0.033769
v -0.009630 0.065869 0.032470
v -0.009542 0.065869 0.033767
v -0.009630 0.052228 0.032470
v -0.009542 0.052228 0.033768
v -0.009630 0.038616 0.032471
v -0.009541 0.038612 0.033769
v -0.009931 0.025563 0.032301
v -0.009846 0.025462 0.033590
v -0.032642 -0.000659 0.006505
v -0.033400 -0.001524 0.006651
v -0.034943 0.110856 0.006645
v -0.034192 0.109961 0.006496
v -0.027558 0.001722 0.018566
v -0.028115 0.000851 0.019053
v -0.029931 0.110850 0.018851
v -0.029308 0.109959 0.018414
v -0.017001 0.011659 0.028126
v -0.017083 0.011218 0.029154
v -0.014136 0.107446 0.031266
v -0.014215 0.107134 0.030272
v -0.009646 0.090830 0.032502
v -0.009544 0.090765 0.033779
v -0.022295 0.110698 0.026672
v -0.022044 0.109845 0.025989
v -0.008400 0.079425 0.035614
v -0.009736 0.099865 0.033693
v -0.009861 0.100026 0.032467
v -0.006373 0.091386 0.037339
v -0.008402 0.091041 0.035611
v -0.002627 0.091501 0.037887
v -0.008687 0.091571 0.030372
v 0.008387 0.038602 0.035632
v 0.030079 0.111936 0.018985
v 0.020612 0.109479 0.024306
v 0.033595 -0.111174 0.006692
v 0.033639 -0.097818 0.006691
v 0.033639 -0.084177 0.006691
v 0.033639 -0.070537 0.006691
v 0.033639 -0.056896 0.006691
v 0.033639 -0.043256 0.006691
v 0.033639 -0.029615 0.006691
v 0.033638 -0.016108 0.006691
v 0.030539 -0.000428 0.006105
v 0.015717 0.011792 0.026321
v 0.025680 0.114216 0.006788
v 0.008613 0.025239 0.035490
v 0.028620 -0.111118 0.018962
v 0.028658 -0.097816 0.018961
v 0.028658 -0.084177 0.018961
v 0.028659 -0.070537 0.018961
v 0.028659 -0.056896 0.018960
v 0.028659 -0.043256 0.018960
v 0.028659 -0.029615 0.018960
v 0.028653 -0.016063 0.018964
v 0.025741 0.001941 0.017409
v 0.032020 0.109521 0.006073
v 0.021944 0.111802 0.027029
v 0.008392 0.052228 0.035625
v 0.013165 0.108524 0.032409
v 0.035144 0.111936 0.006689
v 0.022679 -0.043256 0.026210
v 0.008674 0.052228 0.030349
v 0.014057 0.011090 0.031958
v 0.008887 0.102063 0.030331
v 0.008634 -0.056896 0.028685
v 0.008687 -0.108568 0.028606
v 0.008632 -0.043256 0.028685
v 0.008636 -0.097705 0.028685
v 0.008630 -0.029615 0.028684
v 0.008636 -0.084177 0.028685
v 0.008570 -0.015974 0.028764
v 0.008635 -0.070537 0.028685
v 0.002718 0.024950 0.037776
v 0.002649 0.038588 0.037888
v 0.002646 0.052228 0.037888
v 0.002641 0.065869 0.037887
v 0.002634 0.079444 0.037887
v 0.007189 -0.002335 0.030703
v 0.008674 0.065869 0.030349
v 0.022672 -0.070537 0.026215
v 0.022668 -0.097761 0.026217
v 0.004933 0.110540 0.033537
v 0.008674 0.038617 0.030350
v 0.022684 -0.029615 0.026206
v 0.002714 0.101967 0.037719
v 0.022670 -0.084177 0.026216
v 0.028475 -0.004673 0.019080
v 0.008396 0.065869 0.035620
v 0.022675 -0.056896 0.026213
v 0.004326 0.011309 0.035114
v 0.022639 -0.109805 0.026216
v 0.008962 0.025594 0.030192
v 0.022629 -0.015999 0.026243
v 0.008865 0.114252 0.006897
v 0.020977 -0.002890 0.027349
v 0.033626 -0.005794 0.006692
v 0.008595 0.100651 0.035480
v 0.013087 0.108313 0.028321
v 0.007899 0.114112 0.021626
v 0.008674 0.079446 0.030350
v 0.027459 0.109521 0.017192
v 0.029392 0.113362 0.019005
v 0.034382 0.113361 0.006697
v 0.018804 -0.056896 0.028278
v 0.018889 -0.108597 0.028215
v 0.018806 -0.043256 0.028276
v 0.018800 -0.097707 0.028283
v 0.018809 -0.029615 0.028272
v 0.018801 -0.084177 0.028282
v 0.018700 -0.015976 0.028344
v 0.018802 -0.070537 0.028280
v 0.006522 0.025020 0.037256
v 0.006379 0.038591 0.037362
v 0.006381 0.052228 0.037356
v 0.006380 0.065869 0.037350
v 0.006377 0.079439 0.037344
v 0.009981 0.011343 0.034601
v 0.015942 -0.002369 0.030237
v 0.011204 0.109910 0.033395
v 0.006561 0.101633 0.037176
v 0.020935 0.113250 0.026969
v 0.022426 0.114169 0.020205
v 0.015163 -0.118279 0.006910
v 0.031939 -0.117995 0.006723
v 0.021252 -0.115180 0.026374
v 0.009931 -0.115388 0.026558
v 0.012886 -0.118166 0.019204
v 0.027177 -0.117884 0.019002
v 0.009630 0.079417 0.032471
v 0.009541 0.079414 0.033769
v 0.009630 0.065869 0.032470
v 0.009542 0.065869 0.033767
v 0.009630 0.052228 0.032470
v 0.009542 0.052228 0.033768
v 0.009630 0.038616 0.032471
v 0.009541 0.038612 0.033769
v 0.009931 0.025563 0.032301
v 0.009846 0.025462 0.033590
v 0.032642 -0.000659 0.006505
v 0.033400 -0.001524 0.006651
v 0.034943 0.110856 0.006645
v 0.034192 0.109961 0.006496
v 0.027558 0.001722 0.018566
v 0.028115 0.000851 0.019053
v 0.029931 0.110850 0.018851
v 0.029308 0.109959 0.018414
v 0.017001 0.011659 0.028126
v 0.017083 0.011218 0.029154
v 0.014136 0.107446 0.031266
v 0.014215 0.107134 0.030272
v 0.009646 0.090830 0.032502
v 0.009544 0.090765 0.033779
v 0.022295 0.110698 0.026672
v 0.022044 0.109845 0.025989
v 0.008400 0.079425 0.035614
v 0.009736 0.099865 0.033693
v 0.009861 0.100026 0.032467
v 0.006373 0.091386 0.037339
v 0.008402 0.091041 0.035611
v 0.002627 0.091501 0.037887
v 0.008687 0.091571 0.030372
v -0.008387 0.038602 -0.035632
v -0.030079 0.111936 -0.018985
v -0.020612 0.109479 -0.024306
v -0.033595 -0.111174 -0.006692
v -0.033639 -0.097818 -0.006691
v -0.033639 -0.084177 -0.006691
v -0.033639 -0.070537 -0.006691
v -0.033639 -0.056896 -0.006691
v -0.033650 -0.043448 -0.006659
v -0.033914 -0.010458 -0.005572
v -0.033914 -0.035257 -0.005572
v -0.030539 -0.000428 -0.006105
v -0.015717 0.011792 -0.026321
v -0.025680 0.114216 -0.006788
v -0.008613 0.025239 -0.035490
v -0.028620 -0.111118 -0.018962
v -0.028658 -0.097816 -0.018961
v -0.028658 -0.084177 -0.018961
v -0.028659 -0.070537 -0.018961
v -0.028659 -0.056896 -0.018960
v -0.028667 -0.043249 -0.018956
v -0.028630 -0.029579 -0.019155
v -0.028624 -0.016091 -0.019159
v -0.025741 0.001941 -0.017409
v -0.032020 0.109521 -0.006073
v -0.021944 0.111802 -0.027029
v -0.008392 0.052228 -0.035625
v -0.013165 0.108524 -0.032409
v -0.035144 0.111936 -0.006689
v -0.022679 -0.043256 -0.026210
v -0.008674 0.052228 -0.030349
v -0.014057 0.011090 -0.031958
v -0.008887 0.102063 -0.030331
v -0.008634 -0.056896 -0.028685
v -0.008687 -0.108568 -0.028606
v -0.008632 -0.043256 -0.028685
v -0.008636 -0.097705 -0.028685
v -0.008630 -0.029615 -0.028684
v -0.008636 -0.084177 -0.028685
v -0.008570 -0.015974 -0.028764
v -0.008635 -0.070537 -0.028685
v -0.002718 0.024950 -0.037776
v -0.002649 0.038588 -0.037888
v -0.002646 0.052228 -0.037888
v -0.002641 0.065869 -0.037887
v -0.002634 0.079444 -0.037887
v -0.007189 -0.002335 -0.030703
v -0.008674 0.065869 -0.030349
v -0.022672 -0.070537 -0.026215
v -0.022668 -0.097761 -0.026217
v -0.004933 0.110540 -0.033537
v -0.008674 0.038617 -0.030350
v -0.022684 -0.029615 -0.026206
v -0.002714 0.101967 -0.037719
v -0.022670 -0.084177 -0.026216
v -0.028483 -0.004672 -0.019076
v -0.008396 0.065869 -0.035620
v -0.022675 -0.056896 -0.026213
v -0.004326 0.011309 -0.035114
v -0.022639 -0.109805 -0.026216
v -0.008962 0.025594 -0.030192
v -0.022629 -0.015999 -0.026243
v -0.008865 0.114252 -0.006897
v -0.020977 -0.002890 -0.027349
v -0.033637 -0.005594 -0.006660
v -0.008595 0.100651 -0.035480
v -0.013087 0.108313 -0.028321
v -0.007899 0.114112 -0.021626
v -0.008674 0.079446 -0.030350
v -0.027459 0.109521 -0.017192
v -0.029392 0.113362 -0.019005
v -0.034382 0.113361 -0.006697
v -0.018804 -0.056896 -0.028278
v -0.018889 -0.108597 -0.028215
v -0.018806 -0.043256 -0.028276
v -0.018800 -0.097707 -0.028283
v -0.018809 -0.029615 -0.028272
v -0.018801 -0.084177 -0.028282
v -0.018700 -0.015976 -0.028344
v -0.018802 -0.070537 -0.028280
v -0.006522 0.025020 -0.037256
v -0.006379 0.038591 -0.037362
v -0.006381 0.052228 -0.037356
v -0.006380 0.065869 -0.037350
v -0.006377 0.079439 -0.037344
v -0.009981 0.011343 -0.034601
v -0.015942 -0.002369 -0.030237
v -0.011204 0.109910 -0.033395
v -0.006561 0.101633 -0.037176
v -0.020935 0.113250 -0.026969
v -0.022426 0.114169 -0.020205
v -0.015163 -0.118279 -0.006910
v -0.031939 -0.117995 -0.006723
v -0.021252 -0.115180 -0.026374
v -0.009931 -0.115388 -0.026558
v -0.012886 -0.118166 -0.019204
v -0.027177 -0.117884 -0.019002
v -0.009630 0.079417 -0.032471
v -0.009541 0.079414 -0.033769
v -0.009630 0.065869 -0.032470
v -0.009542 0.065869 -0.033767
v -0.009630 0.052228 -0.032470
v -0.009542 0.052228 -0.033768
v -0.009630 0.038616 -0.032471
v -0.009541 0.038612 -0.033769
v -0.009931 0.025563 -0.032301
v -0.009846 0.025462 -0.033590
v -0.032642 -0.000659 -0.006505
v -0.033400 -0.001524 -0.006651
v -0.034943 0.110856 -0.006645
v -0.034192 0.109961 -0.006496
v -0.027558 0.001722 -0.018566
v -0.028115 0.000851 -0.019053
v -0.029931 0.110850 -0.018851
v -0.029308 0.109959 -0.018414
v -0.017001 0.011659 -0.028126
v -0.017083 0.011218 -0.029154
v -0.014136 0.107446 -0.031266
v -0.014215 0.107134 -0.030272
v -0.009646 0.090830 -0.032502
v -0.009544 0.090765 -0.033779
v -0.022295 0.110698 -0.026672
v -0.022044 0.109845 -0.025989
v -0.008400 0.079425 -0.035614
v -0.009736 0.099865 -0.033693
v -0.009861 0.100026 -0.032467
v -0.006373 0.091386 -0.037339
v -0.008402 0.091041 -0.035611
v -0.002627 0.091501 -0.037887
v -0.008687 0.091571 -0.030372
v 0.008387 0.038602 -0.035632
v 0.030079 0.111936 -0.018985
v 0.020612 0.109479 -0.024306
v 0.033595 -0.111174 -0.006692
v 0.033639 -0.097818 -0.006691
v 0.033639 -0.084177 -0.006691
v 0.033639 -0.070537 -0.006691
v 0.033639 -0.056896 -0.006691
v 0.033639 -0.043256 -0.006691
v 0.033639 -0.029615 -0.006691
v 0.033638 -0.016108 -0.006691
v 0.030539 -0.000428 -0.006105
v 0.015717 0.011792 -0.026321
v 0.025680 0.114216 -0.006788
v 0.008613 0.025239 -0.035490
v 0.028620 -0.111118 -0.018962
v 0.028658 -0.097816 -0.018961
v 0.028658 -0.084177 -0.018961
v 0.028659 -0.070537 -0.018961
v 0.028659 -0.056896 -0.018960
v 0.028659 -0.043256 -0.018960
v 0.028659 -0.029615 -0.018960
v 0.028653 -0.016063 -0.018964
v 0.025741 0.001941 -0.017409
v 0.032020 0.109521 -0.006073
v 0.021944 0.111802 -0.027029
v 0.008392 0.052228 -0.035625
v 0.013165 0.108524 -0.032409
v 0.035144 0.111936 -0.006689
v 0.022679 -0.043256 -0.026210
v 0.008674 0.052228 -0.030349
v 0.014057 0.011090 -0.031958
v 0.008887 0.102063 -0.030331
v 0.008634 -0.056896 -0.028685
v 0.008687 -0.108568 -0.028606
v 0.008632 -0.043256 -0.028685
v 0.008636 -0.097705 -0.028685
v 0.008630 -0.029615 -0.028684
v 0.008636 -0.084177 -0.028685
v 0.008570 -0.015974 -0.028764
v 0.008635 -0.070537 -0.028685
v 0.002718 0.024950 -0.037776
v 0.002649 0.038588 -0.037888
v 0.002646 0.052228 -0.037888
v 0.002641 0.065869 -0.037887
v 0.002634 0.079444 -0.037887
v 0.007189 -0.002335 -0.030703
v 0.008674 0.065869 -0.030349
v 0.022672 -0.070537 -0.026215
v 0.022668 -0.097761 -0.026217
v 0.004933 0.110540 -0.033537
v 0.008674 0.038617 -0.030350
v 0.022684 -0.029615 -0.026206
v 0.002714 0.101967 -0.037719
v 0.022670 -0.084177 -0.026216
v 0.028475 -0.004673 -0.019080
v 0.008396 0.065869 -0.035620
v 0.022675 -0.056896 -0.026213
v 0.004326 0.011309 -0.035114
v 0.022639 -0.109805 -0.026216
v 0.008962 0.025594 -0.030192
v 0.022629 -0.015999 -0.026243
v 0.008865 0.114252 -0.006897
v 0.020977 -0.002890 -0.027349
v 0.033626 -0.005794 -0.006692
v 0.008595 0.100651 -0.035480
v 0.013087 0.108313 -0.028321
v 0.007899 0.114112 -0.021626
v 0.008674 0.079446 -0.030350
v 0.027459 0.109521 -0.017192
v 0.029392 0.113362 -0.019005
v 0.034382 0.113361 -0.006697
v 0.018804 -0.056896 -0.028278
v 0.018889 -0.108597 -0.028215
v 0.018806 -0.043256 -0.028276
v 0.018800 -0.097707 -0.028283
v 0.018809 -0.029615 -0.028272
v 0.018801 -0.084177 -0.028282
v 0.018700 -0.015976 -0.028344
v 0.018802 -0.070537 -0.028280
v 0.006522 0.025020 -0.037256
v 0.006379 0.038591 -0.037362
v 0.006381 0.052228 -0.037356
v 0.006380 0.065869 -0.037350
v 0.006377 0.079439 -0.037344
v 0.009981 0.011343 -0.034601
v 0.015942 -0.002369 -0.030237
v 0.011204 0.109910 -0.033395
v 0.006561 0.101633 -0.037176
v 0.020935 0.113250 -0.026969
v 0.022426 0.114169 -0.020205
v 0.015163 -0.118279 -0.006910
v 0.031939 -0.117995 -0.006723
v 0.021252 -0.115180 -0.026374
v 0.009931 -0.115389 -0.026558
v 0.012886 -0.118165 -0.019204
v 0.027177 -0.117884 -0.019002
v 0.009630 0.079417 -0.032471
v 0.009541 0.079414 -0.033769
v 0.009630 0.065869 -0.032470
v 0.009542 0.065869 -0.033767
v 0.009630 0.052228 -0.032470
v 0.009542 0.052228 -0.033768
v 0.009630 0.038616 -0.032471
v 0.009541 0.038612 -0.033769
v 0.009931 0.025563 -0.032301
v 0.009846 0.025462 -0.033590
v 0.032642 -0.000659 -0.006505
v 0.033400 -0.001524 -0.006651
v 0.034943 0.110856 -0.006645
v 0.034192 0.109961 -0.006496
v 0.027558 0.001722 -0.018566
v 0.028115 0.000851 -0.019053
v 0.029931 0.110850 -0.018851
v 0.029308 0.109959 -0.018414
v 0.017001 0.011659 -0.028126
v 0.017083 0.011218 -0.029154
v 0.014136 0.107446 -0.031266
v 0.014215 0.107134 -0.030272
v 0.009646 0.090830 -0.032502
v 0.009544 0.090765 -0.033779
v 0.022295 0.110698 -0.026672
v 0.022044 0.109845 -0.025989
v 0.008400 0.079425 -0.035614
v 0.009736 0.099865 -0.033693
v 0.009861 0.100026 -0.032467
v 0.006373 0.091386 -0.037339
v 0.008402 0.091041 -0.035611
v 0.002627 0.091501 -0.037887
v 0.008687 0.091571 -0.030372
v -0.027736 -0.013114 0.004010
v -0.033914 -0.035257 0.005572
v -0.027736 -0.032475 0.004010
v -0.027733 -0.018785 0.009680
v -0.027733 -0.026805 -0.009680
v -0.027736 -0.032475 -0.004010
v -0.032714 -0.017180 -0.012325
v -0.027733 -0.018785 -0.009680
v -0.032714 -0.028423 -0.012325
v -0.033914 -0.010458 0.005572
v -0.032714 -0.028423 0.012325
v -0.032293 -0.018740 0.009775
v -0.033022 -0.018585 0.010107
v -0.033179 -0.018285 0.010706
v -0.032293 -0.026849 0.009775
v -0.033022 -0.027005 0.010107
v -0.033179 -0.027304 0.010706
v -0.032363 -0.032572 0.004053
v -0.033322 -0.032907 0.004204
v -0.033873 -0.033517 0.004494
v -0.033873 -0.012072 0.004494
v -0.033322 -0.012682 0.004204
v -0.032363 -0.013018 0.004053
v -0.033179 -0.018285 -0.010706
v -0.033022 -0.018585 -0.010107
v -0.032293 -0.018740 -0.009775
v -0.033179 -0.027304 -0.010706
v -0.033022 -0.027005 -0.010107
v -0.032293 -0.026849 -0.009775
v -0.033873 -0.033517 -0.004494
v -0.033322 -0.032907 -0.004204
v -0.032363 -0.032572 -0.004053
v -0.032363 -0.013018 -0.004053
v -0.033322 -0.012682 -0.004204
v -0.033873 -0.012072 -0.004494
v -0.032714 -0.017180 0.012325
v -0.025338 -0.014056 -0.000000
v -0.025338 -0.031533 0.000000
v -0.025338 -0.022795 0.008738
v -0.025338 -0.022795 -0.008738
v -0.025976 -0.015923 0.006872
v -0.025976 -0.029667 0.006872
v -0.025976 -0.015923 -0.006872
v -0.025976 -0.029667 -0.006872
v -0.034824 -0.022795 0.000000
v -0.031265 -0.012382 0.000000
v -0.034290 -0.015131 0.000000
v -0.033587 -0.012853 -0.000000
v -0.034290 -0.030458 -0.000000
v -0.031265 -0.033207 -0.000000
v -0.033587 -0.032737 0.000000
v -0.034290 -0.022795 0.007663
v -0.031265 -0.022795 0.010413
v -0.033587 -0.022795 0.009942
v -0.031265 -0.022795 -0.010413
v -0.034290 -0.022795 -0.007663
v -0.033587 -0.022795 -0.009942
v -0.031261 -0.015432 0.007363
v -0.034117 -0.016722 0.006072
v -0.033562 -0.015766 0.007029
v -0.034117 -0.028867 0.006072
v -0.031261 -0.030157 0.007363
v -0.033562 -0.029823 0.007029
v -0.034117 -0.016722 -0.006072
v -0.031261 -0.015432 -0.007363
v -0.033562 -0.015766 -0.007029
v -0.031261 -0.030157 -0.007363
v -0.034117 -0.028867 -0.006072
v -0.033562 -0.029823 -0.007029
v -0.025421 -0.018630 0.008121
v -0.025421 -0.026959 0.008121
v -0.025421 -0.030916 0.004164
v -0.025421 -0.014673 0.004164
v -0.025421 -0.018630 -0.008121
v -0.025421 -0.026959 -0.008121
v -0.025421 -0.030916 -0.004164
v -0.025421 -0.014673 -0.004164
v -0.033899 -0.016133 0.006662
v -0.034223 -0.019150 0.007130
v -0.033954 -0.022795 0.009337
v -0.033574 -0.018996 0.009174
v -0.032933 -0.015552 0.007243
v -0.032944 -0.022795 0.010244
v -0.031263 -0.018815 0.009609
v -0.034223 -0.026440 0.007130
v -0.033899 -0.029457 0.006662
v -0.033574 -0.026594 0.009174
v -0.032933 -0.030038 0.007243
v -0.031263 -0.026775 0.009609
v -0.034223 -0.029924 0.003645
v -0.033954 -0.032132 -0.000000
v -0.033574 -0.031969 0.003799
v -0.032944 -0.033039 0.000000
v -0.031263 -0.032404 0.003980
v -0.031263 -0.013186 0.003980
v -0.032944 -0.012551 -0.000000
v -0.033574 -0.013621 0.003799
v -0.033954 -0.013458 0.000000
v -0.034223 -0.015665 0.003645
v -0.032933 -0.015552 -0.007243
v -0.031263 -0.018815 -0.009609
v -0.032944 -0.022795 -0.010244
v -0.033574 -0.018996 -0.009174
v -0.033899 -0.016133 -0.006662
v -0.033954 -0.022795 -0.009337
v -0.034223 -0.019150 -0.007130
v -0.031263 -0.026775 -0.009609
v -0.032933 -0.030038 -0.007243
v -0.033574 -0.026594 -0.009174
v -0.033899 -0.029457 -0.006662
v -0.034223 -0.026440 -0.007130
v -0.031263 -0.032404 -0.003980
v -0.033574 -0.031969 -0.003799
v -0.034223 -0.029924 -0.003645
v -0.034223 -0.015665 -0.003645
v -0.033574 -0.013621 -0.003799
v -0.031263 -0.013186 -0.003980
v -0.034646 -0.022795 -0.004327
v -0.034646 -0.018468 0.000000
v -0.028171 -0.012536 0.000000
v -0.028255 -0.015478 -0.007317
v -0.034646 -0.022795 0.004327
v -0.028255 -0.015478 0.007317
v -0.034646 -0.027122 0.000000
v -0.028255 -0.030112 -0.007317
v -0.028171 -0.033053 0.000000
v -0.028255 -0.030112 0.007317
v -0.028171 -0.022795 0.010258
v -0.028171 -0.022795 -0.010258
v -0.028189 -0.032272 -0.004013
v -0.028189 -0.013317 0.004013
v -0.034508 -0.026853 0.004058
v -0.028189 -0.013317 -0.004013
v -0.028189 -0.032272 0.004013
v -0.028189 -0.026807 -0.009477
v -0.028189 -0.018782 0.009477
v -0.028189 -0.026807 0.009477
v -0.034508 -0.018737 0.004058
v -0.034508 -0.026853 -0.004058
v -0.028189 -0.018782 -0.009477
v -0.033928 -0.019147 0.008626
v -0.032939 -0.018880 0.009453
v -0.033928 -0.026442 0.008626
v -0.032939 -0.026710 0.009453
v -0.033928 -0.031421 0.003647
v -0.032939 -0.032248 0.003915
v -0.032939 -0.013342 0.003915
v -0.033928 -0.014168 0.003647
v -0.032939 -0.018880 -0.009453
v -0.033928 -0.019147 -0.008626
v -0.032939 -0.026710 -0.009453
v -0.033928 -0.026442 -0.008626
v -0.032939 -0.032248 -0.003915
v -0.033928 -0.031421 -0.003647
v -0.033928 -0.014168 -0.003647
v -0.032939 -0.013342 -0.003915
v -0.034508 -0.018737 -0.004058
v 0.000000 -0.000852 -0.029723
v 0.000000 0.110298 -0.029723
v 0.011374 -0.000852 -0.027460
v 0.011374 0.110298 -0.027460
v 0.021017 -0.000852 -0.021017
v 0.021017 0.110298 -0.021017
v 0.027460 -0.000852 -0.011374
v 0.027460 0.110298 -0.011374
v 0.029723 -0.000852 0.000000
v 0.029723 0.110298 0.000000
v 0.027460 -0.000852 0.011374
v 0.027460 0.110298 0.011374
v 0.021017 -0.000852 0.021017
v 0.021017 0.110298 0.021017
v 0.011374 -0.000852 0.027460
v 0.011374 0.110298 0.027460
v 0.000000 -0.000852 0.029723
v 0.000000 0.110298 0.029723
v -0.011374 -0.000852 0.027460
v -0.011374 0.110298 0.027460
v -0.021017 -0.000852 0.021017
v -0.021017 0.110298 0.021017
v -0.027460 -0.000852 0.011374
v -0.027460 0.110298 0.011374
v -0.029723 -0.000852 0.000000
v -0.029723 0.110298 0.000000
v -0.027460 -0.000852 -0.011374
v -0.027460 0.110298 -0.011374
v -0.021017 -0.000852 -0.021017
v -0.021017 0.110298 -0.021017
v -0.011374 -0.000852 -0.027460
v -0.011374 0.110298 -0.027460
v 0.005798 -0.000852 -0.029150
v 0.005798 0.110298 -0.029150
v 0.000000 0.054723 -0.029723
v 0.011374 0.054723 -0.027460
v 0.016512 -0.000852 -0.024712
v 0.016512 0.110298 -0.024712
v 0.021017 0.054723 -0.021017
v 0.024712 -0.000852 -0.016512
v 0.024712 0.110298 -0.016512
v 0.027460 0.054723 -0.011374
v 0.029150 -0.000852 -0.005798
v 0.029150 0.110298 -0.005798
v 0.029723 0.054723 0.000000
v 0.029150 -0.000852 0.005798
v 0.029150 0.110298 0.005798
v 0.027460 0.054723 0.011374
v 0.024712 -0.000852 0.016512
v 0.024712 0.110298 0.016512
v 0.021017 0.054723 0.021017
v 0.016512 -0.000852 0.024712
v 0.016512 0.110298 0.024712
v 0.011374 0.054723 0.027460
v 0.005798 -0.000852 0.029150
v 0.005798 0.110298 0.029150
v -0.000000 0.054723 0.029723
v -0.005798 -0.000852 0.029150
v -0.005798 0.110298 0.029150
v -0.011374 0.054723 0.027460
v -0.016512 -0.000852 0.024712
v -0.016512 0.110298 0.024712
v -0.021017 0.054723 0.021017
v -0.024712 -0.000852 0.016512
v -0.024712 0.110298 0.016512
v -0.027460 0.054723 0.011374
v -0.029150 -0.000852 0.005798
v -0.029150 0.110298 0.005798
v -0.029723 0.054723 -0.000000
v -0.029150 -0.000852 -0.005798
v -0.029150 0.110298 -0.005798
v -0.027460 0.054723 -0.011374
v -0.024712 -0.000852 -0.016512
v -0.024712 0.110298 -0.016512
v -0.021017 0.054723 -0.021017
v -0.016512 -0.000852 -0.024712
v -0.016512 0.110298 -0.024712
v -0.011374 0.054723 -0.027460
v -0.005798 -0.000852 -0.029150
v -0.005798 0.110298 -0.029150
v 0.005798 0.054723 -0.029150
v 0.016512 0.054723 -0.024712
v 0.024712 0.054723 -0.016512
v 0.029150 0.054723 -0.005798
v 0.029150 0.054723 0.005798
v 0.024712 0.054723 0.016512
v 0.016512 0.054723 0.024712
v 0.005798 0.054723 0.029150
v -0.005798 0.054723 0.029150
v -0.016512 0.054723 0.024712
v -0.024712 0.054723 0.016512
v -0.029150 0.054723 0.005798
v -0.029150 0.054723 -0.005798
v -0.024712 0.054723 -0.016512
v -0.016512 0.054723 -0.024712
v -0.005798 0.054723 -0.029150
v 0.000000 -0.000855 -0.027672
v 0.000000 0.110730 -0.027672
v 0.010590 -0.000855 -0.025566
v 0.010590 0.110730 -0.025566
v 0.019567 -0.000855 -0.019567
v 0.019567 0.110730 -0.019567
v 0.025566 -0.000855 -0.010590
v 0.025566 0.110730 -0.010590
v 0.027672 -0.000855 0.000000
v 0.027672 0.110730 0.000000
v 0.025566 -0.000855 0.010590
v 0.025566 0.110730 0.010590
v 0.019567 -0.000855 0.019567
v 0.019567 0.110730 0.019567
v 0.010590 -0.000855 0.025566
v 0.010590 0.110730 0.025566
v 0.000000 -0.000855 0.027672
v 0.000000 0.110730 0.027672
v -0.010590 -0.000855 0.025566
v -0.010590 0.110730 0.025566
v -0.019567 -0.000855 0.019567
v -0.019567 0.110730 0.019567
v -0.025566 -0.000855 0.010590
v -0.025566 0.110730 0.010590
v -0.027672 -0.000855 0.000000
v -0.027672 0.110730 0.000000
v -0.025566 -0.000855 -0.010590
v -0.025566 0.110730 -0.010590
v -0.019567 -0.000855 -0.019567
v -0.019567 0.110730 -0.019567
v -0.010590 -0.000855 -0.025566
v -0.010590 0.110730 -0.025566
v 0.005398 -0.000855 -0.027139
v 0.005398 0.110730 -0.027139
v 0.000000 0.054937 -0.027672
v 0.010590 0.054937 -0.025566
v 0.015373 -0.000855 -0.023007
v 0.015373 0.110730 -0.023007
v 0.019567 0.054937 -0.019567
v 0.023007 -0.000855 -0.015373
v 0.023007 0.110730 -0.015373
v 0.025566 0.054937 -0.010590
v 0.027139 -0.000855 -0.005398
v 0.027139 0.110730 -0.005398
v 0.027672 0.054937 0.000000
v 0.027139 -0.000855 0.005398
v 0.027139 0.110730 0.005398
v 0.025566 0.054937 0.010590
v 0.023007 -0.000855 0.015373
v 0.023007 0.110730 0.015373
v 0.019567 0.054937 0.019567
v 0.015373 -0.000855 0.023007
v 0.015373 0.110730 0.023007
v 0.010590 0.054937 0.025566
v 0.005398 -0.000855 0.027139
v 0.005398 0.110730 0.027139
v -0.000000 0.054937 0.027672
v -0.005398 -0.000855 0.027139
v -0.005398 0.110730 0.027139
v -0.010590 0.054937 0.025566
v -0.015373 -0.000855 0.023007
v -0.015373 0.110730 0.023007
v -0.019567 0.054937 0.019567
v -0.023007 -0.000855 0.015373
v -0.023007 0.110730 0.015373
v -0.025566 0.054937 0.010590
v -0.027139 -0.000855 0.005398
v -0.027139 0.110730 0.005398
v -0.027672 0.054937 -0.000000
v -0.027139 -0.000855 -0.005398
v -0.027139 0.110730 -0.005398
v -0.025566 0.054937 -0.010590
v -0.023007 -0.000855 -0.015373
v -0.023007 0.110730 -0.015373
v -0.019567 0.054937 -0.019567
v -0.015373 -0.000855 -0.023007
v -0.015373 0.110730 -0.023007
v -0.010590 0.054937 -0.025566
v -0.005398 -0.000855 -0.027139
v -0.005398 0.110730 -0.027139
v 0.005398 0.054937 -0.027139
v 0.015373 0.054937 -0.023007
v 0.023007 0.054937 -0.015373
v 0.027139 0.054937 -0.005398
v 0.027139 0.054937 0.005398
v 0.023007 0.054937 0.015373
v 0.015373 0.054937 0.023007
v 0.005398 0.054937 0.027139
v -0.005398 0.054937 0.027139
v -0.015373 0.054937 0.023007
v -0.023007 0.054937 0.015373
v -0.027139 0.054937 0.005398
v -0.027139 0.054937 -0.005398
v -0.023007 0.054937 -0.015373
v -0.015373 0.054937 -0.023007
v -0.005398 0.054937 -0.027139
vn -0.7114 -0.2282 0.6647
vn -0.9462 -0.3236 -0.0000
vn -0.7501 0.0189 0.6611
vn -0.7558 0.0006 0.6548
vn -0.7596 -0.0017 0.6504
vn -0.7617 -0.0001 0.6479
vn -0.7617 -0.0000 0.6479
vn -0.7617 -0.0000 0.6480
vn -0.7616 -0.0000 0.6480
vn -0.7617 -0.0023 0.6480
vn -0.9262 -0.0009 0.3770
vn -0.9262 -0.0000 0.3771
vn -0.9262 -0.0028 0.3769
vn -0.9997 0.0241 -0.0000
vn -0.9999 -0.0138 -0.0000
vn -1.0000 -0.0004 -0.0000
vn -1.0000 -0.0000 -0.0000
vn -1.0000 -0.0034 -0.0000
vn -0.2671 -0.5767 -0.7721
vn -0.8729 -0.0000 -0.4879
vn -0.8718 0.0252 -0.4891
vn -0.7427 0.4649 -0.4819
vn -0.0040 -1.0000 0.0002
vn -0.4043 0.8039 -0.4363
vn -0.0101 -0.9999 0.0042
vn -0.0823 0.9814 -0.1737
vn -0.0110 -0.9999 -0.0000
vn -0.0071 1.0000 -0.0000
vn -0.0000 -0.3073 0.9516
vn -0.0000 -0.1402 0.9901
vn -0.0000 -0.2981 0.9545
vn -0.0000 -0.0000 1.0000
vn -0.0000 -0.0082 1.0000
vn -0.0000 -0.1902 0.9818
vn -0.0000 -0.0058 1.0000
vn -0.0000 1.0000 -0.0000
vn 0.0785 -0.9482 -0.3078
vn -0.0023 1.0000 -0.0000
vn -0.0013 1.0000 0.0070
vn -0.0000 1.0000 0.0094
vn -0.0000 0.9530 0.3029
vn -0.0000 0.4384 0.8988
vn -0.1761 0.9625 0.2065
vn -0.6464 0.3458 0.6801
vn -0.1506 0.9867 0.0608
vn -0.8537 0.3877 0.3477
vn -0.9063 0.4227 -0.0000
vn -0.1337 0.9910 -0.0000
vn -0.5020 -0.0402 0.8639
vn -0.0817 -0.2760 0.9577
vn -0.0511 0.0001 0.9987
vn -0.4588 0.0001 0.8885
vn -0.0515 0.0001 0.9987
vn -0.4588 0.0001 0.8886
vn -0.0522 -0.0052 0.9986
vn -0.4595 -0.0009 0.8882
vn -0.0500 -0.0073 0.9987
vn -0.4580 -0.0021 0.8889
vn -0.0592 -0.1282 0.9900
vn -0.4733 -0.0211 0.8806
vn -0.0506 -0.0000 0.9987
vn -0.4589 -0.0000 0.8885
vn -0.0507 -0.0000 0.9987
vn -0.0379 -0.2819 0.9587
vn -0.4309 -0.1027 0.8965
vn -0.4589 0.0001 0.8885
vn -0.0509 0.0001 0.9987
vn -0.1538 -0.0066 0.9881
vn -0.6455 0.0019 0.7638
vn -0.1600 0.0003 0.9871
vn -0.6459 0.0003 0.7634
vn -0.1564 0.0002 0.9877
vn -0.6486 0.0002 0.7611
vn -0.1576 0.0002 0.9875
vn -0.6481 0.0002 0.7616
vn -0.5827 -0.0004 0.8127
vn -0.1278 -0.1638 0.9782
vn -0.1588 0.0003 0.9873
vn -0.6472 0.0003 0.7624
vn -0.0249 0.9435 0.3305
vn -0.4613 0.2684 0.8457
vn -0.5715 0.0428 0.8195
vn -0.1315 0.3882 0.9121
vn -0.0000 -1.0000 -0.0000
vn -0.0277 -0.9996 -0.0000
vn -0.0000 -1.0000 0.0099
vn -0.0309 -0.9993 0.0216
vn -0.8904 -0.2857 0.3545
vn -0.0000 -0.9241 0.3821
vn -0.0345 -0.9163 0.3989
vn -0.8560 -0.0003 0.5170
vn -0.9168 -0.0003 -0.3994
vn -0.9974 -0.0009 0.0725
vn -0.9167 -0.0000 -0.3997
vn -0.8568 -0.0000 0.5157
vn -0.9977 -0.0000 0.0677
vn -0.9166 -0.0000 -0.3998
vn -0.8567 -0.0000 0.5159
vn -0.9977 -0.0000 0.0675
vn -0.9166 -0.0000 -0.3997
vn -0.8565 -0.0000 0.5161
vn -0.9977 -0.0000 0.0679
vn -0.9158 0.0261 -0.4007
vn -0.8528 0.0112 0.5221
vn -0.9973 0.0224 0.0704
vn -0.7831 0.4833 -0.3914
vn -0.7528 0.1452 0.6421
vn -0.9053 0.4058 0.1257
vn -0.1644 -0.9752 0.1479
vn -0.6998 -0.1280 0.7028
vn -0.5632 -0.6234 0.5424
vn -0.7147 0.0905 0.6935
vn -0.4593 0.8202 -0.3410
vn -0.7670 0.5961 0.2374
vn -0.2110 -0.9737 0.0865
vn -0.9081 -0.1885 0.3738
vn -0.7127 -0.6375 0.2927
vn -0.9226 0.0683 0.3795
vn -0.1876 0.9754 -0.1154
vn -0.7404 0.6436 0.1939
vn -0.2291 -0.9734 -0.0000
vn -0.9816 -0.1908 -0.0000
vn -0.7704 -0.6375 -0.0000
vn -0.9975 0.0709 -0.0000
vn -0.1295 0.9916 -0.0000
vn -0.7430 0.6693 -0.0000
vn -0.5240 -0.5216 -0.6734
vn -0.7440 -0.1836 0.6424
vn -0.8841 -0.4497 0.1269
vn -0.5535 -0.1680 0.8157
vn -0.1546 -0.9702 -0.1864
vn -0.5365 -0.6701 0.5129
vn -0.8614 -0.0246 -0.5073
vn -0.0000 0.0162 0.9999
vn -0.1592 0.0137 0.9872
vn -0.6413 -0.0014 0.7673
vn -0.9107 -0.0212 -0.4125
vn -0.9959 -0.0200 0.0883
vn -0.8502 -0.0112 0.5264
vn 0.7114 -0.2282 0.6647
vn 0.9462 -0.3236 -0.0000
vn 0.7523 0.0172 0.6586
vn 0.7618 0.0006 0.6478
vn 0.7619 -0.0000 0.6477
vn 0.7618 -0.0000 0.6478
vn 0.7617 -0.0000 0.6479
vn 0.7617 -0.0000 0.6480
vn 0.7616 -0.0000 0.6480
vn 0.7617 -0.0023 0.6480
vn 0.9252 0.0043 0.3796
vn 0.9262 0.0001 0.3771
vn 0.9262 -0.0000 0.3770
vn 0.9262 -0.0000 0.3771
vn 0.9262 -0.0028 0.3769
vn 1.0000 0.0012 -0.0000
vn 1.0000 -0.0000 -0.0000
vn 1.0000 -0.0034 -0.0000
vn 0.2671 -0.5767 -0.7721
vn 0.8729 -0.0000 -0.4879
vn 0.8718 0.0252 -0.4891
vn 0.7427 0.4649 -0.4819
vn 0.0040 -1.0000 0.0002
vn 0.4043 0.8039 -0.4363
vn 0.0101 -0.9999 0.0042
vn 0.0823 0.9814 -0.1737
vn 0.0110 -0.9999 -0.0000
vn 0.0071 1.0000 -0.0000
vn -0.0785 -0.9482 -0.3078
vn 0.0023 1.0000 -0.0000
vn 0.0013 1.0000 0.0070
vn 0.1761 0.9625 0.2065
vn 0.6464 0.3458 0.6801
vn 0.1506 0.9867 0.0608
vn 0.8537 0.3877 0.3477
vn 0.9063 0.4227 -0.0000
vn 0.1337 0.9910 -0.0000
vn 0.5020 -0.0402 0.8639
vn 0.0817 -0.2760 0.9577
vn 0.0511 0.0001 0.9987
vn 0.4588 0.0001 0.8885
vn 0.0515 0.0001 0.9987
vn 0.4588 0.0001 0.8886
vn 0.0522 -0.0052 0.9986
vn 0.4595 -0.0009 0.8882
vn 0.0500 -0.0073 0.9987
vn 0.4580 -0.0021 0.8889
vn 0.0592 -0.1282 0.9900
vn 0.4733 -0.0211 0.8806
vn 0.0506 -0.0000 0.9987
vn 0.4589 -0.0000 0.8885
vn 0.0507 -0.0000 0.9987
vn 0.0379 -0.2819 0.9587
vn 0.4309 -0.1027 0.8965
vn 0.4589 0.0001 0.8885
vn 0.0509 0.0001 0.9987
vn 0.1538 -0.0066 0.9881
vn 0.6455 0.0019 0.7638
vn 0.1600 0.0003 0.9871
vn 0.6459 0.0003 0.7634
vn 0.1564 0.0002 0.9877
vn 0.6486 0.0002 0.7611
vn 0.1576 0.0002 0.9875
vn 0.6481 0.0002 0.7616
vn 0.5827 -0.0004 0.8127
vn 0.1278 -0.1638 0.9782
vn 0.1588 0.0003 0.9873
vn 0.6472 0.0003 0.7624
vn 0.0249 0.9435 0.3305
vn 0.4613 0.2684 0.8457
vn 0.5715 0.0428 0.8195
vn 0.1315 0.3882 0.9121
vn 0.0277 -0.9996 -0.0000
vn 0.0309 -0.9993 0.0216
vn 0.8904 -0.2857 0.3545
vn 0.0345 -0.9163 0.3989
vn 0.8560 -0.0003 0.5170
vn 0.9168 -0.0003 -0.3994
vn 0.9974 -0.0009 0.0725
vn 0.9167 -0.0000 -0.3997
vn 0.8568 -0.0000 0.5157
vn 0.9977 -0.0000 0.0677
vn 0.9166 -0.0000 -0.3998
vn 0.8567 -0.0000 0.5159
vn 0.9977 -0.0000 0.0675
vn 0.9166 -0.0000 -0.3997
vn 0.8565 -0.0000 0.5161
vn 0.9977 -0.0000 0.0679
vn 0.9158 0.0261 -0.4007
vn 0.8528 0.0112 0.5221
vn 0.9973 0.0224 0.0704
vn 0.7831 0.4833 -0.3914
vn 0.7528 0.1452 0.6421
vn 0.9053 0.4058 0.1257
vn 0.1644 -0.9752 0.1479
vn 0.6998 -0.1280 0.7028
vn 0.5632 -0.6234 0.5424
vn 0.7147 0.0905 0.6935
vn 0.4593 0.8202 -0.3410
vn 0.7670 0.5961 0.2374
vn 0.2110 -0.9737 0.0865
vn 0.9081 -0.1885 0.3738
vn 0.7127 -0.6375 0.2927
vn 0.9228 0.0660 0.3795
vn 0.1876 0.9754 -0.1154
vn 0.7404 0.6436 0.1939
vn 0.2291 -0.9734 -0.0000
vn 0.9816 -0.1908 -0.0000
vn 0.7704 -0.6375 -0.0000
vn 0.9976 0.0691 -0.0000
vn 0.1295 0.9916 -0.0000
vn 0.7430 0.6693 -0.0000
vn 0.5240 -0.5216 -0.6734
vn 0.7440 -0.1836 0.6424
vn 0.8841 -0.4497 0.1269
vn 0.5535 -0.1680 0.8157
vn 0.1546 -0.9702 -0.1864
vn 0.5365 -0.6701 0.5129
vn 0.8614 -0.0246 -0.5073
vn 0.1592 0.0137 0.9872
vn 0.6413 -0.0014 0.7673
vn 0.9107 -0.0212 -0.4125
vn 0.9959 -0.0200 0.0883
vn 0.8502 -0.0112 0.5264
vn -0.7114 -0.2282 -0.6647
vn -0.7501 0.0189 -0.6611
vn -0.7558 0.0006 -0.6548
vn -0.7596 -0.0017 -0.6504
vn -0.7617 -0.0001 -0.6479
vn -0.7617 -0.0000 -0.6479
vn -0.7617 -0.0000 -0.6480
vn -0.7616 -0.0000 -0.6480
vn -0.7617 -0.0023 -0.6480
vn -0.9262 -0.0009 -0.3770
vn -0.9262 -0.0000 -0.3771
vn -0.9262 -0.0028 -0.3769
vn -0.2671 -0.5767 0.7721
vn -0.8729 -0.0000 0.4879
vn -0.8718 0.0252 0.4891
vn -0.7427 0.4649 0.4819
vn -0.0040 -1.0000 -0.0002
vn -0.4043 0.8039 0.4363
vn -0.0101 -0.9999 -0.0042
vn -0.0823 0.9814 0.1737
vn -0.0000 -0.3073 -0.9516
vn -0.0000 -0.1402 -0.9901
vn -0.0000 -0.2981 -0.9545
vn -0.0000 -0.0000 -1.0000
vn -0.0000 -0.0082 -1.0000
vn -0.0000 -0.1902 -0.9818
vn -0.0000 -0.0058 -1.0000
vn 0.0785 -0.9482 0.3078
vn -0.0013 1.0000 -0.0070
vn -0.0000 1.0000 -0.0094
vn -0.0000 0.9530 -0.3029
vn -0.0000 0.4384 -0.8988
vn -0.1761 0.9625 -0.2065
vn -0.6464 0.3458 -0.6801
vn -0.1506 0.9867 -0.0608
vn -0.8537 0.3877 -0.3477
vn -0.5020 -0.0402 -0.8639
vn -0.0817 -0.2760 -0.9577
vn -0.0511 0.0001 -0.9987
vn -0.4588 0.0001 -0.8885
vn -0.0515 0.0001 -0.9987
vn -0.4588 0.0001 -0.8886
vn -0.0522 -0.0052 -0.9986
vn -0.4595 -0.0009 -0.8882
vn -0.0500 -0.0073 -0.9987
vn -0.4580 -0.0021 -0.8889
vn -0.0592 -0.1282 -0.9900
vn -0.4733 -0.0211 -0.8806
vn -0.0506 -0.0000 -0.9987
vn -0.4589 -0.0000 -0.8885
vn -0.0507 -0.0000 -0.9987
vn -0.0379 -0.2819 -0.9587
vn -0.4309 -0.1027 -0.8965
vn -0.4589 0.0001 -0.8885
vn -0.0509 0.0001 -0.9987
vn -0.1538 -0.0066 -0.9881
vn -0.6455 0.0019 -0.7638
vn -0.1600 0.0003 -0.9871
vn -0.6459 0.0003 -0.7634
vn -0.1564 0.0002 -0.9877
vn -0.6486 0.0002 -0.7611
vn -0.1576 0.0002 -0.9875
vn -0.6481 0.0002 -0.7616
vn -0.5827 -0.0004 -0.8127
vn -0.1278 -0.1638 -0.9782
vn -0.1588 0.0003 -0.9873
vn -0.6472 0.0003 -0.7624
vn -0.0249 0.9435 -0.3305
vn -0.4613 0.2684 -0.8457
vn -0.5715 0.0428 -0.8195
vn -0.1315 0.3882 -0.9121
vn -0.0000 -1.0000 -0.0099
vn -0.0309 -0.9993 -0.0216
vn -0.8904 -0.2857 -0.3545
vn -0.0000 -0.9241 -0.3821
vn -0.0345 -0.9163 -0.3989
vn -0.8560 -0.0003 -0.5170
vn -0.9168 -0.0003 0.3994
vn -0.9974 -0.0009 -0.0725
vn -0.9167 -0.0000 0.3997
vn -0.8568 -0.0000 -0.5157
vn -0.9977 -0.0000 -0.0677
vn -0.9166 -0.0000 0.3998
vn -0.8567 -0.0000 -0.5159
vn -0.9977 -0.0000 -0.0675
vn -0.9166 -0.0000 0.3997
vn -0.8565 -0.0000 -0.5161
vn -0.9977 -0.0000 -0.0679
vn -0.9158 0.0261 0.4007
vn -0.8528 0.0112 -0.5221
vn -0.9973 0.0224 -0.0704
vn -0.7831 0.4833 0.3914
vn -0.7528 0.1452 -0.6421
vn -0.9053 0.4058 -0.1257
vn -0.1644 -0.9752 -0.1479
vn -0.6998 -0.1280 -0.7028
vn -0.5632 -0.6234 -0.5424
vn -0.7147 0.0905 -0.6935
vn -0.4593 0.8202 0.3410
vn -0.7670 0.5961 -0.2374
vn -0.2110 -0.9737 -0.0865
vn -0.9081 -0.1885 -0.3738
vn -0.7127 -0.6375 -0.2927
vn -0.9226 0.0683 -0.3795
vn -0.1876 0.9754 0.1154
vn -0.7404 0.6436 -0.1939
vn -0.5240 -0.5216 0.6734
vn -0.7440 -0.1836 -0.6424
vn -0.8841 -0.4497 -0.1269
vn -0.5535 -0.1680 -0.8157
vn -0.1546 -0.9702 0.1864
vn -0.5365 -0.6701 -0.5129
vn -0.8614 -0.0246 0.5073
vn -0.0000 0.0162 -0.9999
vn -0.1592 0.0137 -0.9872
vn -0.6413 -0.0014 -0.7673
vn -0.9107 -0.0212 0.4125
vn -0.9959 -0.0200 -0.0883
vn -0.8502 -0.0112 -0.5264
vn 0.7114 -0.2282 -0.6647
vn 0.7523 0.0172 -0.6586
vn 0.7618 0.0006 -0.6478
vn 0.7619 -0.0000 -0.6477
vn 0.7618 -0.0000 -0.6478
vn 0.7617 -0.0000 -0.6479
vn 0.7617 -0.0000 -0.6480
vn 0.7616 -0.0000 -0.6480
vn 0.7617 -0.0023 -0.6480
vn 0.9252 0.0043 -0.3796
vn 0.9262 0.0001 -0.3771
vn 0.9262 -0.0000 -0.3770
vn 0.9262 -0.0000 -0.3771
vn 0.9262 -0.0028 -0.3769
vn 0.2671 -0.5767 0.7721
vn 0.8729 -0.0000 0.4879
vn 0.8718 0.0252 0.4891
vn 0.7427 0.4649 0.4819
vn 0.0040 -1.0000 -0.0002
vn 0.4043 0.8039 0.4363
vn 0.0101 -0.9999 -0.0042
vn 0.0823 0.9814 0.1737
vn -0.0785 -0.9482 0.3078
vn 0.0013 1.0000 -0.0070
vn 0.1761 0.9625 -0.2065
vn 0.6464 0.3458 -0.6801
vn 0.1506 0.9867 -0.0608
vn 0.8537 0.3877 -0.3477
vn 0.5020 -0.0402 -0.8639
vn 0.0817 -0.2760 -0.9577
vn 0.0511 0.0001 -0.9987
vn 0.4588 0.0001 -0.8885
vn 0.0515 0.0001 -0.9987
vn 0.4588 0.0001 -0.8886
vn 0.0522 -0.0052 -0.9986
vn 0.4595 -0.0009 -0.8882
vn 0.0500 -0.0073 -0.9987
vn 0.4580 -0.0021 -0.8889
vn 0.0592 -0.1282 -0.9900
vn 0.4733 -0.0211 -0.8806
vn 0.0506 -0.0000 -0.9987
vn 0.4589 -0.0000 -0.8885
vn 0.0507 -0.0000 -0.9987
vn 0.0379 -0.2819 -0.9587
vn 0.4309 -0.1027 -0.8965
vn 0.4589 0.0001 -0.8885
vn 0.0509 0.0001 -0.9987
vn 0.1538 -0.0066 -0.9881
vn 0.6455 0.0019 -0.7638
vn 0.1600 0.0003 -0.9871
vn 0.6459 0.0003 -0.7634
vn 0.1564 0.0002 -0.9877
vn 0.6486 0.0002 -0.7611
vn 0.1576 0.0002 -0.9875
vn 0.6481 0.0002 -0.7616
vn 0.5827 -0.0004 -0.8127
vn 0.1278 -0.1638 -0.9782
vn 0.1588 0.0003 -0.9873
vn 0.6472 0.0003 -0.7624
vn 0.0249 0.9435 -0.3305
vn 0.4613 0.2684 -0.8457
vn 0.5715 0.0428 -0.8195
vn 0.1315 0.3882 -0.9121
vn 0.0309 -0.9993 -0.0216
vn 0.8904 -0.2857 -0.3545
vn 0.0345 -0.9163 -0.3989
vn 0.8560 -0.0003 -0.5170
vn 0.9168 -0.0003 0.3994
vn 0.9974 -0.0009 -0.0725
vn 0.9167 -0.0000 0.3997
vn 0.8568 -0.0000 -0.5157
vn 0.9977 -0.0000 -0.0677
vn 0.9166 -0.0000 0.3998
vn 0.8567 -0.0000 -0.5159
vn 0.9977 -0.0000 -0.0675
vn 0.9166 -0.0000 0.3997
vn 0.8565 -0.0000 -0.5161
vn 0.9977 -0.0000 -0.0679
vn 0.9158 0.0261 0.4007
vn 0.8528 0.0112 -0.5221
vn 0.9973 0.0224 -0.0704
vn 0.7831 0.4833 0.3914
vn 0.7528 0.1452 -0.6421
vn 0.9053 0.4058 -0.1257
vn 0.1644 -0.9752 -0.1479
vn 0.6998 -0.1280 -0.7028
vn 0.5632 -0.6234 -0.5424
vn 0.7147 0.0905 -0.6935
vn 0.4593 0.8202 0.3410
vn 0.7670 0.5961 -0.2374
vn 0.2110 -0.9737 -0.0865
vn 0.9081 -0.1885 -0.3738
vn 0.7127 -0.6375 -0.2927
vn 0.9228 0.0660 -0.3795
vn 0.1876 0.9754 0.1154
vn 0.7404 0.6436 -0.1939
vn 0.5240 -0.5216 0.6734
vn 0.7440 -0.1836 -0.6424
vn 0.8841 -0.4497 -0.1269
vn 0.5535 -0.1680 -0.8157
vn 0.1546 -0.9702 0.1864
vn 0.5365 -0.6701 -0.5129
vn 0.8614 -0.0246 0.5073
vn 0.1592 0.0137 -0.9872
vn 0.6413 -0.0014 -0.7673
vn 0.9107 -0.0212 0.4125
vn 0.9959 -0.0200 -0.0883
vn 0.8502 -0.0112 -0.5264
vn -0.9197 0.0474 0.3898
vn -0.8580 0.0001 0.5137
vn -0.9222 -0.0357 0.3851
vn -0.9197 0.0474 -0.3898
vn -0.8580 0.0001 -0.5137
vn -0.9222 -0.0357 -0.3851
vn -0.0010 -1.0000 -0.0000
vn -0.0010 1.0000 -0.0000
vn -0.0010 -0.0000 -1.0000
vn -0.0010 -0.0000 1.0000
vn -0.0010 -0.7071 -0.7071
vn -0.0010 0.7071 -0.7071
vn -0.0010 -0.7071 0.7071
vn -0.0010 0.7071 0.7071
vn -0.9878 -0.0054 0.1555
vn -0.0311 -0.7069 -0.7067
vn -0.9044 -0.3494 -0.2451
vn -0.4527 -0.6405 -0.6203
vn -0.0297 -0.0000 -0.9996
vn -0.9607 -0.0000 0.2776
vn -0.5083 -0.0000 -0.8612
vn -0.9834 -0.0000 -0.1815
vn -0.0311 0.7069 -0.7067
vn -0.9878 0.0059 0.1555
vn -0.4527 0.6405 -0.6203
vn -0.9044 0.3494 -0.2451
vn -0.0311 -0.7069 0.7067
vn -0.9878 -0.0054 -0.1555
vn -0.4527 -0.6405 0.6203
vn -0.9044 -0.3494 0.2451
vn -0.9607 -0.0000 -0.2776
vn -0.0297 -0.0000 0.9996
vn -0.9834 -0.0000 0.1815
vn -0.5083 -0.0000 0.8612
vn -0.9878 0.0059 -0.1555
vn -0.0311 0.7069 0.7067
vn -0.9044 0.3494 0.2451
vn -0.4527 0.6405 0.6203
vn -0.0289 0.9996 -0.0000
vn -0.9918 0.1274 -0.0000
vn -0.3624 0.9320 -0.0000
vn -0.7329 0.6804 -0.0000
vn -0.9917 -0.1288 -0.0000
vn -0.0289 -0.9996 -0.0000
vn -0.7329 -0.6804 -0.0000
vn -0.3624 -0.9320 -0.0000
vn -0.7595 -0.0249 0.6500
vn -0.9994 -0.0356 -0.0000
vn -0.7549 0.0065 0.6558
vn -0.7572 -0.0015 0.6532
vn -0.7613 -0.0006 0.6484
vn -0.7618 -0.0000 0.6479
vn -0.8757 0.0345 0.4817
vn -0.8769 -0.0314 0.4796
vn -0.9263 -0.0081 0.3767
vn -1.0000 -0.0035 -0.0000
vn -0.9808 -0.0032 0.1949
vn -0.9808 -0.0000 0.1951
vn -0.9809 -0.0007 0.1947
vn -0.9829 -0.0279 0.1820
vn -0.9816 0.0434 0.1858
vn -0.8514 -0.0025 0.5245
vn -0.8514 -0.0000 0.5245
vn -0.8513 -0.0005 0.5247
vn -0.8422 -0.0136 0.5390
vn -0.8198 0.0003 0.5726
vn -0.8378 0.0266 0.5454
vn 0.0005 1.0000 0.0088
vn -0.8497 0.1869 -0.4930
vn -0.0207 0.9982 -0.0561
vn -0.0108 -0.9999 0.0022
vn -0.2213 0.9180 -0.3292
vn -0.0091 -0.9999 0.0059
vn 0.0237 -0.9971 -0.0730
vn -0.5766 0.6713 -0.4658
vn -0.0000 -0.0655 0.9979
vn -0.0000 -0.2955 0.9553
vn -0.0000 -0.2439 0.9698
vn -0.0000 -0.0803 0.9968
vn -0.0000 -0.0465 0.9989
vn -0.0023 1.0000 0.0002
vn 0.0144 -0.7972 -0.6036
vn -0.0000 0.7726 0.6349
vn -0.0000 0.1374 0.9905
vn -0.0000 0.9966 0.0825
vn -0.5323 0.8171 0.2211
vn -0.7789 0.3575 0.5152
vn -0.4530 0.7336 0.5065
vn -0.1802 0.9752 0.1284
vn -0.5279 0.8493 -0.0000
vn -0.8933 0.4138 0.1755
vn -0.1373 0.9902 0.0262
vn -0.2220 0.0001 0.9751
vn -0.0510 0.0001 0.9987
vn -0.2222 0.0001 0.9750
vn -0.1908 -0.2256 0.9554
vn -0.0456 -0.0732 0.9963
vn -0.2198 -0.0048 0.9755
vn -0.4470 -0.0229 0.8942
vn -0.0513 0.0001 0.9987
vn -0.2224 0.0002 0.9750
vn -0.2217 -0.0000 0.9751
vn -0.0517 0.0001 0.9987
vn -0.2240 -0.0034 0.9746
vn -0.4587 0.0001 0.8886
vn -0.2218 0.0001 0.9751
vn -0.0544 -0.0426 0.9976
vn -0.2471 -0.0808 0.9656
vn -0.4646 -0.0077 0.8855
vn -0.0508 0.0001 0.9987
vn -0.4007 -0.0030 0.9162
vn -0.6242 0.0077 0.7812
vn -0.3562 -0.0957 0.9295
vn -0.1455 -0.0548 0.9878
vn -0.4041 0.0003 0.9147
vn -0.6487 0.0002 0.7611
vn -0.1557 0.0002 0.9878
vn -0.4047 0.0004 0.9145
vn -0.6484 0.0002 0.7613
vn -0.1570 0.0002 0.9876
vn -0.4049 0.0004 0.9144
vn -0.6477 0.0003 0.7619
vn -0.1582 0.0003 0.9874
vn -0.4048 0.0004 0.9144
vn -0.6465 0.0003 0.7629
vn -0.1594 0.0003 0.9872
vn -0.5360 -0.0238 0.8439
vn -0.2890 -0.1726 0.9417
vn -0.1043 -0.2599 0.9600
vn -0.4838 -0.0360 0.8744
vn -0.0671 -0.2219 0.9728
vn -0.2360 0.7010 0.6730
vn -0.5114 0.1504 0.8461
vn -0.3473 0.2517 0.9034
vn -0.0844 0.7204 0.6885
vn -0.1508 0.1172 0.9816
vn -0.6453 0.0003 0.7639
vn -0.0821 0.9708 0.2254
vn -0.5019 0.3318 0.7987
vn 0.0069 0.9979 0.0645
vn -0.0259 0.9996 0.0117
vn -0.0238 0.9997 -0.0000
vn -0.0143 -0.3036 0.9527
vn -0.0098 -0.1390 0.9902
vn -0.0277 -0.1865 0.9821
vn -0.6305 0.0105 0.7761
vn -0.6360 -0.0000 0.7717
vn -0.0088 -0.0000 1.0000
vn -0.0087 -0.0000 1.0000
vn -0.6359 -0.0000 0.7717
vn -0.0086 -0.0000 1.0000
vn -0.6360 0.0004 0.7717
vn -0.0089 -0.0057 0.9999
vn -0.6361 -0.0017 0.7716
vn -0.0085 -0.0000 1.0000
vn -0.0084 -0.0081 0.9999
vn -0.5602 -0.1746 0.8097
vn -0.0061 -0.2956 0.9553
vn -0.0364 0.0001 0.9993
vn -0.0356 -0.0080 0.9993
vn -0.0379 0.0001 0.9993
vn -0.0374 0.0001 0.9993
vn -0.0305 0.4311 0.9018
vn -0.0369 0.0001 0.9993
vn -0.0019 0.9510 0.3091
vn -0.0000 -0.6532 0.7571
vn -0.0286 -0.9996 0.0051
vn -0.0337 -0.9928 0.1148
vn -0.5034 -0.8377 0.2118
vn -0.0001 -1.0000 0.0099
vn -0.0000 -0.9952 0.0979
vn -0.0334 -0.6380 0.7693
vn -0.0021 -0.9242 0.3819
vn -0.8185 -0.2579 0.5133
vn -0.9263 -0.0296 0.3756
vn -0.9330 -0.3125 0.1784
vn -0.5060 -0.8625 -0.0000
vn -0.3800 -0.7399 0.5551
vn -0.9771 -0.0008 -0.2130
vn -0.9167 -0.0001 -0.3996
vn -0.9765 -0.0000 -0.2155
vn -0.9976 -0.0002 0.0688
vn -0.9394 -0.0006 0.3428
vn -0.9407 -0.0000 0.3393
vn -0.8566 -0.0001 0.5160
vn -0.9765 -0.0000 -0.2157
vn -0.9977 -0.0000 0.0674
vn -0.9406 -0.0000 0.3395
vn -0.8567 -0.0000 0.5158
vn -0.9977 -0.0000 0.0676
vn -0.9404 -0.0000 0.3400
vn -0.8566 -0.0000 0.5160
vn -0.9167 -0.0000 -0.3996
vn -0.9762 0.0256 -0.2154
vn -0.9977 -0.0000 0.0683
vn -0.9383 0.0169 0.3453
vn -0.8564 -0.0000 0.5163
vn -0.8939 0.1946 -0.4037
vn -0.8572 0.4747 -0.1998
vn -0.9824 0.1654 0.0865
vn -0.8479 0.2672 0.4580
vn -0.8232 0.0722 0.5631
vn -0.4160 0.9094 -0.0013
vn -0.1391 0.9899 -0.0282
vn -0.3813 0.9245 -0.0000
vn -0.7402 0.6628 0.1135
vn -0.9033 0.2647 0.3377
vn -0.9570 0.2901 -0.0000
vn -0.9786 0.0696 0.1938
vn -0.8408 -0.4165 0.3459
vn -0.9628 -0.1910 0.1913
vn -0.9083 -0.4184 -0.0000
vn -0.7555 -0.6377 0.1501
vn -0.4861 -0.8509 0.1994
vn -0.5263 -0.8503 -0.0000
vn -0.2243 -0.9735 0.0446
vn -0.5983 0.7885 -0.1426
vn -0.3022 0.9215 -0.2437
vn -0.7501 0.6153 0.2425
vn -0.7788 0.2716 0.5654
vn -0.8324 0.0778 0.5487
vn -0.6609 -0.3751 0.6500
vn -0.8227 -0.1687 0.5429
vn -0.6483 -0.6332 0.4227
vn -0.3826 -0.8509 0.3599
vn -0.1905 -0.9739 0.1235
vn -0.6174 0.6923 -0.3735
vn -0.8111 0.5545 0.1858
vn -0.6941 0.1500 0.7041
vn -0.8242 -0.2948 0.4836
vn -0.6355 -0.2215 0.7396
vn -0.5688 -0.3907 0.7237
vn -0.6823 -0.6716 0.2888
vn -0.7523 -0.5449 -0.3704
vn -0.3852 -0.9112 0.1459
vn -0.2215 -0.8176 -0.5315
vn -0.9169 -0.0006 -0.3992
vn -0.9841 -0.1506 0.0937
vn -0.8229 -0.0778 0.5629
vn -0.5749 -0.1165 0.8099
vn -0.4983 -0.6268 0.5990
vn -0.1495 -0.9854 0.0809
vn -0.7788 0.0001 0.6273
vn -0.7780 -0.0000 0.6282
vn -0.8818 -0.0000 -0.4717
vn -0.8817 -0.0001 -0.4717
vn -0.4154 -0.5029 -0.7580
vn -0.6828 -0.0951 0.7243
vn -0.7792 0.0001 0.6267
vn -0.7795 0.0001 0.6264
vn -0.7758 0.0065 0.6309
vn -0.8807 0.0256 -0.4730
vn -0.6864 0.0719 0.7237
vn -0.7484 0.4734 -0.4646
vn -0.4079 0.8132 -0.4151
vn -0.6135 0.0412 0.7886
vn 0.0099 -0.9577 -0.2876
vn -0.0372 -0.9989 0.0290
vn -0.0506 -0.9985 0.0208
vn -0.5289 0.0072 0.8486
vn -0.6964 0.0910 0.7119
vn -0.9241 0.0458 0.3794
vn -0.7385 0.0454 0.6728
vn -0.9234 0.0310 0.3826
vn -0.1003 0.9820 -0.1600
vn -0.0551 -0.9985 -0.0000
vn -0.9987 0.0509 -0.0000
vn -0.9998 0.0208 -0.0000
vn -0.0300 0.9996 -0.0000
vn -0.7033 -0.2278 -0.6734
vn -0.1604 0.0003 0.9871
vn -0.6172 -0.0030 0.7868
vn -0.8295 -0.1811 -0.5284
vn -0.9968 -0.0018 0.0796
vn -0.8546 -0.0005 0.5192
vn -0.9331 -0.0157 0.3593
vn -0.9769 -0.0217 -0.2125
vn -0.4012 0.0070 0.9160
vn -0.7735 -0.0072 0.6337
vn -0.0379 0.0159 0.9992
vn -0.8734 -0.0192 -0.4866
vn 0.7595 -0.0249 0.6500
vn 0.9994 -0.0356 -0.0000
vn 0.7597 0.0050 0.6503
vn 0.7619 -0.0001 0.6476
vn 0.7618 -0.0000 0.6479
vn 0.9260 0.0009 0.3776
vn 1.0000 0.0001 -0.0000
vn 0.9808 -0.0032 0.1949
vn 0.9808 -0.0000 0.1951
vn 0.9806 0.0017 0.1958
vn 0.8514 -0.0025 0.5245
vn 0.8514 -0.0000 0.5245
vn 0.8515 -0.0000 0.5244
vn 0.8514 0.0003 0.5245
vn 0.8470 0.0108 0.5314
vn -0.0005 1.0000 0.0088
vn 0.8497 0.1869 -0.4930
vn 0.0207 0.9982 -0.0561
vn 0.0108 -0.9999 0.0022
vn 0.2213 0.9180 -0.3292
vn 0.0091 -0.9999 0.0059
vn -0.0237 -0.9971 -0.0730
vn 0.5766 0.6713 -0.4658
vn 0.0023 1.0000 0.0002
vn -0.0144 -0.7972 -0.6036
vn 0.5323 0.8171 0.2211
vn 0.7789 0.3576 0.5152
vn 0.4530 0.7336 0.5065
vn 0.1802 0.9752 0.1284
vn 0.5279 0.8493 -0.0000
vn 0.8933 0.4138 0.1755
vn 0.1373 0.9902 0.0262
vn 0.2220 0.0001 0.9751
vn 0.0510 0.0001 0.9987
vn 0.2222 0.0001 0.9750
vn 0.1908 -0.2256 0.9553
vn 0.0456 -0.0732 0.9963
vn 0.2198 -0.0048 0.9755
vn 0.4470 -0.0229 0.8942
vn 0.0513 0.0001 0.9987
vn 0.2224 0.0002 0.9750
vn 0.2217 -0.0000 0.9751
vn 0.0517 0.0001 0.9987
vn 0.2240 -0.0034 0.9746
vn 0.4587 0.0001 0.8886
vn 0.2218 0.0001 0.9751
vn 0.0544 -0.0426 0.9976
vn 0.2471 -0.0808 0.9656
vn 0.4646 -0.0077 0.8855
vn 0.0508 0.0001 0.9987
vn 0.4007 -0.0030 0.9162
vn 0.6242 0.0077 0.7812
vn 0.3562 -0.0957 0.9295
vn 0.1455 -0.0548 0.9878
vn 0.4041 0.0003 0.9147
vn 0.6487 0.0002 0.7611
vn 0.1557 0.0002 0.9878
vn 0.4047 0.0004 0.9145
vn 0.6484 0.0002 0.7613
vn 0.1570 0.0002 0.9876
vn 0.4049 0.0004 0.9144
vn 0.6477 0.0003 0.7619
vn 0.1582 0.0003 0.9874
vn 0.4048 0.0004 0.9144
vn 0.6465 0.0003 0.7629
vn 0.1594 0.0003 0.9872
vn 0.5360 -0.0238 0.8439
vn 0.2890 -0.1726 0.9417
vn 0.1043 -0.2599 0.9600
vn 0.4838 -0.0360 0.8744
vn 0.0671 -0.2219 0.9728
vn 0.2360 0.7010 0.6730
vn 0.5114 0.1504 0.8461
vn 0.3473 0.2517 0.9034
vn 0.0844 0.7204 0.6885
vn 0.1508 0.1172 0.9816
vn 0.6453 0.0003 0.7639
vn 0.0821 0.9708 0.2254
vn 0.5019 0.3318 0.7987
vn -0.0069 0.9979 0.0645
vn 0.0259 0.9996 0.0117
vn 0.0238 0.9997 -0.0000
vn 0.0143 -0.3036 0.9527
vn 0.0098 -0.1390 0.9902
vn 0.0277 -0.1865 0.9821
vn 0.6305 0.0105 0.7761
vn 0.6360 -0.0000 0.7717
vn 0.0088 -0.0000 1.0000
vn 0.0087 -0.0000 1.0000
vn 0.6359 -0.0000 0.7717
vn 0.0086 -0.0000 1.0000
vn 0.6360 0.0004 0.7717
vn 0.0089 -0.0057 0.9999
vn 0.6361 -0.0017 0.7716
vn 0.0085 -0.0000 1.0000
vn 0.0084 -0.0081 0.9999
vn 0.5602 -0.1746 0.8097
vn 0.0061 -0.2956 0.9553
vn 0.0364 0.0001 0.9993
vn 0.0356 -0.0080 0.9993
vn 0.0379 0.0001 0.9993
vn 0.0374 0.0001 0.9993
vn 0.0305 0.4311 0.9018
vn 0.0369 0.0001 0.9993
vn 0.0019 0.9510 0.3091
vn 0.0286 -0.9996 0.0051
vn 0.0337 -0.9928 0.1148
vn 0.5034 -0.8377 0.2118
vn 0.0001 -1.0000 0.0099
vn 0.0334 -0.6380 0.7693
vn 0.0021 -0.9242 0.3819
vn 0.8185 -0.2579 0.5133
vn 0.9263 -0.0296 0.3756
vn 0.9330 -0.3125 0.1784
vn 0.5060 -0.8625 -0.0000
vn 0.3800 -0.7399 0.5551
vn 0.9771 -0.0008 -0.2130
vn 0.9167 -0.0001 -0.3996
vn 0.9765 -0.0000 -0.2155
vn 0.9976 -0.0002 0.0688
vn 0.9394 -0.0006 0.3428
vn 0.9407 -0.0000 0.3393
vn 0.8566 -0.0001 0.5160
vn 0.9765 -0.0000 -0.2157
vn 0.9977 -0.0000 0.0674
vn 0.9406 -0.0000 0.3395
vn 0.8567 -0.0000 0.5158
vn 0.9977 -0.0000 0.0676
vn 0.9404 -0.0000 0.3400
vn 0.8566 -0.0000 0.5160
vn 0.9167 -0.0000 -0.3996
vn 0.9762 0.0256 -0.2154
vn 0.9977 -0.0000 0.0683
vn 0.9383 0.0169 0.3453
vn 0.8564 -0.0000 0.5163
vn 0.8939 0.1946 -0.4037
vn 0.8572 0.4747 -0.1998
vn 0.9824 0.1654 0.0865
vn 0.8479 0.2672 0.4580
vn 0.8232 0.0722 0.5631
vn 0.4160 0.9094 -0.0013
vn 0.1391 0.9899 -0.0282
vn 0.3813 0.9245 -0.0000
vn 0.7402 0.6628 0.1135
vn 0.9033 0.2647 0.3377
vn 0.9570 0.2901 -0.0000
vn 0.9787 0.0673 0.1940
vn 0.8408 -0.4165 0.3459
vn 0.9628 -0.1910 0.1913
vn 0.9083 -0.4184 -0.0000
vn 0.7555 -0.6377 0.1501
vn 0.4861 -0.8509 0.1994
vn 0.5263 -0.8503 -0.0000
vn 0.2243 -0.9735 0.0446
vn 0.5983 0.7885 -0.1426
vn 0.3022 0.9215 -0.2437
vn 0.7501 0.6153 0.2425
vn 0.7788 0.2716 0.5654
vn 0.8326 0.0770 0.5485
vn 0.6609 -0.3751 0.6500
vn 0.8227 -0.1687 0.5429
vn 0.6483 -0.6332 0.4227
vn 0.3826 -0.8509 0.3599
vn 0.1905 -0.9739 0.1235
vn 0.6174 0.6923 -0.3735
vn 0.8111 0.5545 0.1858
vn 0.6941 0.1500 0.7041
vn 0.8242 -0.2948 0.4836
vn 0.6355 -0.2215 0.7396
vn 0.5688 -0.3907 0.7238
vn 0.6823 -0.6716 0.2888
vn 0.7523 -0.5449 -0.3704
vn 0.3852 -0.9112 0.1459
vn 0.2215 -0.8176 -0.5315
vn 0.9169 -0.0006 -0.3992
vn 0.9841 -0.1506 0.0937
vn 0.8229 -0.0778 0.5629
vn 0.5749 -0.1165 0.8099
vn 0.4983 -0.6268 0.5990
vn 0.1495 -0.9854 0.0809
vn 0.7788 0.0001 0.6273
vn 0.7780 -0.0000 0.6282
vn 0.8818 -0.0000 -0.4717
vn 0.8817 -0.0001 -0.4717
vn 0.4154 -0.5029 -0.7580
vn 0.6828 -0.0951 0.7243
vn 0.7792 0.0001 0.6267
vn 0.7795 0.0001 0.6264
vn 0.7758 0.0065 0.6309
vn 0.8807 0.0256 -0.4730
vn 0.6864 0.0719 0.7237
vn 0.7484 0.4734 -0.4646
vn 0.4079 0.8132 -0.4151
vn 0.6135 0.0412 0.7886
vn -0.0099 -0.9577 -0.2876
vn 0.0372 -0.9989 0.0290
vn 0.0506 -0.9985 0.0208
vn 0.5289 0.0072 0.8486
vn 0.6964 0.0910 0.7118
vn 0.9241 0.0458 0.3794
vn 0.7389 0.0448 0.6723
vn 0.9238 0.0176 0.3824
vn 0.1003 0.9820 -0.1600
vn 0.0551 -0.9985 -0.0000
vn 0.9987 0.0509 -0.0000
vn 0.9999 0.0124 -0.0000
vn 0.0300 0.9996 -0.0000
vn 0.7033 -0.2278 -0.6734
vn 0.1604 0.0003 0.9871
vn 0.6172 -0.0030 0.7868
vn 0.8295 -0.1811 -0.5284
vn 0.9968 -0.0018 0.0796
vn 0.8546 -0.0005 0.5192
vn 0.9331 -0.0157 0.3593
vn 0.9769 -0.0217 -0.2125
vn 0.4012 0.0070 0.9160
vn 0.7735 -0.0072 0.6337
vn 0.0379 0.0159 0.9992
vn 0.8734 -0.0192 -0.4866
vn -0.7595 -0.0249 -0.6500
vn -0.7549 0.0065 -0.6558
vn -0.7572 -0.0015 -0.6532
vn -0.7613 -0.0006 -0.6484
vn -0.7618 -0.0000 -0.6479
vn -0.8757 0.0345 -0.4817
vn -0.8769 -0.0314 -0.4796
vn -0.9263 -0.0081 -0.3767
vn -0.9808 -0.0032 -0.1949
vn -0.9808 -0.0000 -0.1951
vn -0.9809 -0.0007 -0.1947
vn -0.9829 -0.0279 -0.1820
vn -0.9816 0.0434 -0.1858
vn -0.8514 -0.0025 -0.5245
vn -0.8514 -0.0000 -0.5245
vn -0.8513 -0.0005 -0.5247
vn -0.8422 -0.0136 -0.5390
vn -0.8198 0.0003 -0.5726
vn -0.8378 0.0266 -0.5454
vn 0.0005 1.0000 -0.0088
vn -0.8497 0.1869 0.4930
vn -0.0207 0.9982 0.0561
vn -0.0108 -0.9999 -0.0022
vn -0.2213 0.9180 0.3292
vn -0.0091 -0.9999 -0.0059
vn 0.0237 -0.9971 0.0730
vn -0.5766 0.6713 0.4658
vn -0.0000 -0.0655 -0.9979
vn -0.0000 -0.2955 -0.9553
vn -0.0000 -0.2439 -0.9698
vn -0.0000 -0.0803 -0.9968
vn -0.0000 -0.0465 -0.9989
vn -0.0023 1.0000 -0.0002
vn 0.0144 -0.7972 0.6036
vn -0.0000 0.7726 -0.6349
vn -0.0000 0.1374 -0.9905
vn -0.0000 0.9966 -0.0825
vn -0.5323 0.8171 -0.2211
vn -0.7789 0.3576 -0.5152
vn -0.4530 0.7336 -0.5065
vn -0.1802 0.9752 -0.1284
vn -0.8933 0.4138 -0.1755
vn -0.1373 0.9902 -0.0262
vn -0.2220 0.0001 -0.9751
vn -0.0510 0.0001 -0.9987
vn -0.2222 0.0001 -0.9750
vn -0.1908 -0.2256 -0.9554
vn -0.0456 -0.0732 -0.9963
vn -0.2198 -0.0048 -0.9755
vn -0.4470 -0.0229 -0.8942
vn -0.0513 0.0001 -0.9987
vn -0.2224 0.0002 -0.9750
vn -0.2217 -0.0000 -0.9751
vn -0.0517 0.0001 -0.9987
vn -0.2240 -0.0034 -0.9746
vn -0.4587 0.0001 -0.8886
vn -0.2218 0.0001 -0.9751
vn -0.0544 -0.0426 -0.9976
vn -0.2471 -0.0808 -0.9656
vn -0.4646 -0.0077 -0.8855
vn -0.0508 0.0001 -0.9987
vn -0.4007 -0.0030 -0.9162
vn -0.6242 0.0077 -0.7812
vn -0.3562 -0.0957 -0.9295
vn -0.1455 -0.0548 -0.9878
vn -0.4041 0.0003 -0.9147
vn -0.6487 0.0002 -0.7611
vn -0.1557 0.0002 -0.9878
vn -0.4047 0.0004 -0.9145
vn -0.6484 0.0002 -0.7613
vn -0.1570 0.0002 -0.9876
vn -0.4049 0.0004 -0.9144
vn -0.6477 0.0003 -0.7619
vn -0.1582 0.0003 -0.9874
vn -0.4048 0.0004 -0.9144
vn -0.6465 0.0003 -0.7629
vn -0.1594 0.0003 -0.9872
vn -0.5360 -0.0238 -0.8439
vn -0.2890 -0.1726 -0.9417
vn -0.1043 -0.2599 -0.9600
vn -0.4838 -0.0360 -0.8744
vn -0.0671 -0.2219 -0.9728
vn -0.2360 0.7010 -0.6730
vn -0.5114 0.1504 -0.8461
vn -0.3473 0.2517 -0.9034
vn -0.0844 0.7204 -0.6885
vn -0.1508 0.1172 -0.9816
vn -0.6453 0.0003 -0.7639
vn -0.0821 0.9708 -0.2254
vn -0.5019 0.3318 -0.7987
vn 0.0069 0.9979 -0.0645
vn -0.0259 0.9996 -0.0117
vn -0.0143 -0.3036 -0.9527
vn -0.0098 -0.1390 -0.9902
vn -0.0277 -0.1865 -0.9821
vn -0.6305 0.0105 -0.7761
vn -0.6360 -0.0000 -0.7717
vn -0.0088 -0.0000 -1.0000
vn -0.0087 -0.0000 -1.0000
vn -0.6359 -0.0000 -0.7717
vn -0.0086 -0.0000 -1.0000
vn -0.6360 0.0004 -0.7717
vn -0.0089 -0.0057 -0.9999
vn -0.6361 -0.0017 -0.7716
vn -0.0085 -0.0000 -1.0000
vn -0.0084 -0.0081 -0.9999
vn -0.5602 -0.1746 -0.8097
vn -0.0061 -0.2956 -0.9553
vn -0.0364 0.0001 -0.9993
vn -0.0356 -0.0080 -0.9993
vn -0.0379 0.0001 -0.9993
vn -0.0374 0.0001 -0.9993
vn -0.0305 0.4311 -0.9018
vn -0.0369 0.0001 -0.9993
vn -0.0019 0.9510 -0.3091
vn -0.0000 -0.6532 -0.7571
vn -0.0286 -0.9996 -0.0051
vn -0.0337 -0.9928 -0.1148
vn -0.5034 -0.8377 -0.2118
vn -0.0001 -1.0000 -0.0099
vn -0.0000 -0.9952 -0.0979
vn -0.0334 -0.6380 -0.7693
vn -0.0021 -0.9242 -0.3819
vn -0.8185 -0.2579 -0.5133
vn -0.9263 -0.0296 -0.3756
vn -0.9330 -0.3125 -0.1784
vn -0.3800 -0.7399 -0.5551
vn -0.9771 -0.0008 0.2130
vn -0.9167 -0.0001 0.3996
vn -0.9765 -0.0000 0.2155
vn -0.9976 -0.0002 -0.0688
vn -0.9394 -0.0006 -0.3428
vn -0.9407 -0.0000 -0.3393
vn -0.8566 -0.0001 -0.5160
vn -0.9765 -0.0000 0.2157
vn -0.9977 -0.0000 -0.0674
vn -0.9406 -0.0000 -0.3395
vn -0.8567 -0.0000 -0.5158
vn -0.9977 -0.0000 -0.0676
vn -0.9404 -0.0000 -0.3400
vn -0.8566 -0.0000 -0.5160
vn -0.9167 -0.0000 0.3996
vn -0.9762 0.0256 0.2154
vn -0.9977 -0.0000 -0.0683
vn -0.9383 0.0169 -0.3453
vn -0.8564 -0.0000 -0.5163
vn -0.8939 0.1946 0.4037
vn -0.8572 0.4747 0.1998
vn -0.9824 0.1654 -0.0865
vn -0.8479 0.2672 -0.4580
vn -0.8232 0.0722 -0.5631
vn -0.4160 0.9094 0.0013
vn -0.1391 0.9899 0.0282
vn -0.7402 0.6628 -0.1135
vn -0.9033 0.2647 -0.3377
vn -0.9786 0.0696 -0.1938
vn -0.8408 -0.4165 -0.3459
vn -0.9628 -0.1910 -0.1913
vn -0.7555 -0.6377 -0.1501
vn -0.4861 -0.8509 -0.1994
vn -0.2243 -0.9735 -0.0446
vn -0.5983 0.7885 0.1426
vn -0.3022 0.9215 0.2437
vn -0.7501 0.6153 -0.2425
vn -0.7788 0.2716 -0.5654
vn -0.8324 0.0778 -0.5487
vn -0.6609 -0.3751 -0.6500
vn -0.8227 -0.1687 -0.5429
vn -0.6483 -0.6332 -0.4227
vn -0.3826 -0.8509 -0.3599
vn -0.1905 -0.9739 -0.1235
vn -0.6174 0.6923 0.3735
vn -0.8111 0.5545 -0.1858
vn -0.6941 0.1500 -0.7041
vn -0.8242 -0.2948 -0.4836
vn -0.6355 -0.2215 -0.7396
vn -0.5688 -0.3907 -0.7238
vn -0.6823 -0.6716 -0.2888
vn -0.7523 -0.5449 0.3704
vn -0.3852 -0.9112 -0.1459
vn -0.2215 -0.8176 0.5315
vn -0.9169 -0.0006 0.3992
vn -0.9841 -0.1506 -0.0937
vn -0.8229 -0.0778 -0.5629
vn -0.5749 -0.1165 -0.8099
vn -0.4983 -0.6268 -0.5990
vn -0.1495 -0.9854 -0.0809
vn -0.7788 0.0001 -0.6273
vn -0.7780 -0.0000 -0.6282
vn -0.8818 -0.0000 0.4717
vn -0.8817 -0.0001 0.4717
vn -0.4154 -0.5029 0.7580
vn -0.6828 -0.0951 -0.7243
vn -0.7792 0.0001 -0.6267
vn -0.7795 0.0001 -0.6264
vn -0.7758 0.0065 -0.6309
vn -0.8807 0.0256 0.4730
vn -0.6864 0.0719 -0.7237
vn -0.7484 0.4734 0.4646
vn -0.4079 0.8132 0.4151
vn -0.6135 0.0412 -0.7886
vn 0.0099 -0.9577 0.2876
vn -0.0372 -0.9989 -0.0290
vn -0.0506 -0.9985 -0.0208
vn -0.5289 0.0072 -0.8486
vn -0.6964 0.0910 -0.7118
vn -0.9241 0.0458 -0.3794
vn -0.7385 0.0454 -0.6728
vn -0.9234 0.0310 -0.3826
vn -0.1003 0.9820 0.1600
vn -0.7033 -0.2278 0.6734
vn -0.1604 0.0003 -0.9871
vn -0.6172 -0.0030 -0.7868
vn -0.8295 -0.1811 0.5284
vn -0.9968 -0.0018 -0.0796
vn -0.8546 -0.0005 -0.5192
vn -0.9331 -0.0157 -0.3593
vn -0.9769 -0.0217 0.2125
vn -0.4012 0.0070 -0.9160
vn -0.7735 -0.0072 -0.6337
vn -0.0379 0.0159 -0.9992
vn -0.8734 -0.0192 0.4866
vn 0.7595 -0.0249 -0.6500
vn 0.7597 0.0050 -0.6503
vn 0.7619 -0.0001 -0.6476
vn 0.7618 -0.0000 -0.6479
vn 0.9260 0.0009 -0.3776
vn 0.9808 -0.0032 -0.1949
vn 0.9808 -0.0000 -0.1951
vn 0.9806 0.0017 -0.1958
vn 0.8514 -0.0025 -0.5245
vn 0.8514 -0.0000 -0.5245
vn 0.8515 -0.0000 -0.5244
vn 0.8514 0.0003 -0.5245
vn 0.8470 0.0108 -0.5314
vn -0.0005 1.0000 -0.0088
vn 0.8497 0.1869 0.4930
vn 0.0207 0.9982 0.0561
vn 0.0108 -0.9999 -0.0022
vn 0.2213 0.9180 0.3292
vn 0.0091 -0.9999 -0.0059
vn -0.0237 -0.9971 0.0730
vn 0.5766 0.6713 0.4658
vn 0.0023 1.0000 -0.0002
vn -0.0144 -0.7972 0.6036
vn 0.5323 0.8171 -0.2211
vn 0.7789 0.3575 -0.5152
vn 0.4530 0.7336 -0.5065
vn 0.1802 0.9752 -0.1284
vn 0.8933 0.4138 -0.1755
vn 0.1373 0.9902 -0.0262
vn 0.2220 0.0001 -0.9751
vn 0.0510 0.0001 -0.9987
vn 0.2222 0.0001 -0.9750
vn 0.1908 -0.2256 -0.9554
vn 0.0456 -0.0732 -0.9963
vn 0.2198 -0.0048 -0.9755
vn 0.4470 -0.0229 -0.8942
vn 0.0513 0.0001 -0.9987
vn 0.2224 0.0002 -0.9750
vn 0.2217 -0.0000 -0.9751
vn 0.0517 0.0001 -0.9987
vn 0.2240 -0.0034 -0.9746
vn 0.4587 0.0001 -0.8886
vn 0.2218 0.0001 -0.9751
vn 0.0544 -0.0426 -0.9976
vn 0.2471 -0.0808 -0.9656
vn 0.4646 -0.0077 -0.8855
vn 0.0508 0.0001 -0.9987
vn 0.4007 -0.0030 -0.9162
vn 0.6242 0.0077 -0.7812
vn 0.3562 -0.0957 -0.9295
vn 0.1455 -0.0548 -0.9878
vn 0.4041 0.0003 -0.9147
vn 0.6487 0.0002 -0.7611
vn 0.1557 0.0002 -0.9878
vn 0.4047 0.0004 -0.9145
vn 0.6484 0.0002 -0.7613
vn 0.1570 0.0002 -0.9876
vn 0.4049 0.0004 -0.9144
vn 0.6477 0.0003 -0.7619
vn 0.1582 0.0003 -0.9874
vn 0.4048 0.0004 -0.9144
vn 0.6465 0.0003 -0.7629
vn 0.1594 0.0003 -0.9872
vn 0.5360 -0.0238 -0.8439
vn 0.2890 -0.1726 -0.9417
vn 0.1043 -0.2599 -0.9600
vn 0.4838 -0.0360 -0.8744
vn 0.0671 -0.2219 -0.9728
vn 0.2360 0.7010 -0.6730
vn 0.5114 0.1504 -0.8461
vn 0.3473 0.2517 -0.9034
vn 0.0844 0.7204 -0.6885
vn 0.1508 0.1172 -0.9816
vn 0.6453 0.0003 -0.7639
vn 0.0821 0.9708 -0.2254
vn 0.5019 0.3318 -0.7987
vn -0.0069 0.9979 -0.0645
vn 0.0259 0.9996 -0.0117
vn 0.0143 -0.3036 -0.9527
vn 0.0098 -0.1390 -0.9902
vn 0.0277 -0.1865 -0.9821
vn 0.6305 0.0105 -0.7761
vn 0.6360 -0.0000 -0.7717
vn 0.0088 -0.0000 -1.0000
vn 0.0087 -0.0000 -1.0000
vn 0.6359 -0.0000 -0.7717
vn 0.0086 -0.0000 -1.0000
vn 0.6360 0.0004 -0.7717
vn 0.0089 -0.0057 -0.9999
vn 0.6361 -0.0017 -0.7716
vn 0.0085 -0.0000 -1.0000
vn 0.0084 -0.0081 -0.9999
vn 0.5602 -0.1746 -0.8097
vn 0.0061 -0.2956 -0.9553
vn 0.0364 0.0001 -0.9993
vn 0.0356 -0.0080 -0.9993
vn 0.0379 0.0001 -0.9993
vn 0.0374 0.0001 -0.9993
vn 0.0305 0.4311 -0.9018
vn 0.0369 0.0001 -0.9993
vn 0.0019 0.9510 -0.3091
vn 0.0286 -0.9996 -0.0051
vn 0.0337 -0.9928 -0.1148
vn 0.5034 -0.8377 -0.2118
vn 0.0001 -1.0000 -0.0099
vn 0.0334 -0.6380 -0.7693
vn 0.0021 -0.9242 -0.3819
vn 0.8185 -0.2579 -0.5133
vn 0.9263 -0.0296 -0.3756
vn 0.9330 -0.3125 -0.1784
vn 0.3800 -0.7399 -0.5551
vn 0.9771 -0.0008 0.2130
vn 0.9167 -0.0001 0.3996
vn 0.9765 -0.0000 0.2155
vn 0.9976 -0.0002 -0.0688
vn 0.9394 -0.0006 -0.3428
vn 0.9407 -0.0000 -0.3393
vn 0.8566 -0.0001 -0.5160
vn 0.9765 -0.0000 0.2157
vn 0.9977 -0.0000 -0.0674
vn 0.9406 -0.0000 -0.3395
vn 0.8567 -0.0000 -0.5158
vn 0.9977 -0.0000 -0.0676
vn 0.9404 -0.0000 -0.3400
vn 0.8566 -0.0000 -0.5160
vn 0.9167 -0.0000 0.3996
vn 0.9762 0.0256 0.2154
vn 0.9977 -0.0000 -0.0683
vn 0.9383 0.0169 -0.3453
vn 0.8564 -0.0000 -0.5163
vn 0.8939 0.1946 0.4037
vn 0.8572 0.4747 0.1998
vn 0.9824 0.1654 -0.0865
vn 0.8479 0.2672 -0.4580
vn 0.8232 0.0722 -0.5631
vn 0.4160 0.9094 0.0013
vn 0.1391 0.9899 0.0282
vn 0.7402 0.6628 -0.1135
vn 0.9033 0.2647 -0.3377
vn 0.9787 0.0673 -0.1940
vn 0.8408 -0.4165 -0.3459
vn 0.9628 -0.1910 -0.1913
vn 0.7555 -0.6377 -0.1501
vn 0.4861 -0.8509 -0.1994
vn 0.2243 -0.9735 -0.0446
vn 0.5983 0.7885 0.1426
vn 0.3022 0.9215 0.2437
vn 0.7501 0.6153 -0.2425
vn 0.7788 0.2716 -0.5654
vn 0.8326 0.0770 -0.5485
vn 0.6609 -0.3751 -0.6500
vn 0.8227 -0.1687 -0.5429
vn 0.6483 -0.6332 -0.4227
vn 0.3826 -0.8509 -0.3599
vn 0.1905 -0.9739 -0.1235
vn 0.6174 0.6923 0.3735
vn 0.8111 0.5545 -0.1858
vn 0.6941 0.1500 -0.7041
vn 0.8242 -0.2948 -0.4836
vn 0.6355 -0.2215 -0.7396
vn 0.5688 -0.3907 -0.7237
vn 0.6823 -0.6716 -0.2888
vn 0.7523 -0.5449 0.3704
vn 0.3852 -0.9112 -0.1459
vn 0.2215 -0.8176 0.5315
vn 0.9169 -0.0006 0.3992
vn 0.9841 -0.1506 -0.0937
vn 0.8229 -0.0778 -0.5629
vn 0.5749 -0.1165 -0.8099
vn 0.4983 -0.6268 -0.5990
vn 0.1495 -0.9854 -0.0809
vn 0.7788 0.0001 -0.6273
vn 0.7780 -0.0000 -0.6282
vn 0.8818 -0.0000 0.4717
vn 0.8817 -0.0001 0.4717
vn 0.4154 -0.5029 0.7580
vn 0.6828 -0.0951 -0.7243
vn 0.7792 0.0001 -0.6267
vn 0.7795 0.0001 -0.6264
vn 0.7758 0.0065 -0.6309
vn 0.8807 0.0256 0.4730
vn 0.6864 0.0719 -0.7237
vn 0.7484 0.4734 0.4646
vn 0.4079 0.8132 0.4151
vn 0.6135 0.0412 -0.7886
vn -0.0099 -0.9577 0.2876
vn 0.0372 -0.9989 -0.0290
vn 0.0506 -0.9985 -0.0208
vn 0.5289 0.0072 -0.8486
vn 0.6964 0.0910 -0.7119
vn 0.9241 0.0458 -0.3794
vn 0.7389 0.0448 -0.6723
vn 0.9238 0.0176 -0.3824
vn 0.1003 0.9820 0.1600
vn 0.7033 -0.2278 0.6734
vn 0.1604 0.0003 -0.9871
vn 0.6172 -0.0030 -0.7868
vn 0.8295 -0.1811 0.5284
vn 0.9968 -0.0018 -0.0796
vn 0.8546 -0.0005 -0.5192
vn 0.9331 -0.0157 -0.3593
vn 0.9769 -0.0217 0.2125
vn 0.4012 0.0070 -0.9160
vn 0.7735 -0.0072 -0.6337
vn 0.0379 0.0159 -0.9992
vn 0.8734 -0.0192 0.4866
vn -0.0010 -0.3827 -0.9239
vn -0.0010 0.3827 -0.9239
vn -0.0010 0.9239 -0.3827
vn -0.0010 -0.9239 -0.3827
vn -0.0010 -0.3827 0.9239
vn -0.0010 0.3827 0.9239
vn -0.0010 0.9239 0.3827
vn -0.0010 -0.9239 0.3827
vn -0.1644 -0.6990 -0.6959
vn -0.0304 -0.3821 -0.9236
vn -0.1681 -0.0000 -0.9858
vn -0.4953 -0.3381 -0.8002
vn -0.7198 -0.5181 -0.4621
vn -0.8306 -0.0000 -0.5569
vn -0.9673 -0.1374 -0.2131
vn -0.9897 -0.1434 -0.0054
vn -0.9936 -0.0000 0.1126
vn -0.9715 0.0169 0.2365
vn -0.0304 0.3821 -0.9236
vn -0.1644 0.6990 -0.6959
vn -0.4953 0.3381 -0.8002
vn -0.7198 0.5181 -0.4621
vn -0.9673 0.1374 -0.2131
vn -0.9897 0.1434 -0.0054
vn -0.9715 -0.0167 0.2364
vn -0.0299 0.9237 -0.3819
vn -0.1425 0.9898 -0.0000
vn -0.3915 0.8552 -0.3396
vn -0.5615 0.8275 -0.0000
vn -0.7939 0.5823 -0.1753
vn -0.9106 0.4132 -0.0000
vn -0.9944 0.0753 0.0747
vn -0.9944 -0.0761 0.0740
vn -0.9106 -0.4132 -0.0000
vn -0.7939 -0.5823 -0.1753
vn -0.5615 -0.8275 -0.0000
vn -0.3915 -0.8552 -0.3396
vn -0.1425 -0.9898 -0.0000
vn -0.0299 -0.9237 -0.3819
vn -0.9897 -0.1434 0.0054
vn -0.9715 0.0169 -0.2365
vn -0.9936 -0.0000 -0.1126
vn -0.9673 -0.1374 0.2131
vn -0.7198 -0.5181 0.4621
vn -0.8306 -0.0000 0.5569
vn -0.4953 -0.3381 0.8002
vn -0.1644 -0.6990 0.6959
vn -0.1681 -0.0000 0.9858
vn -0.0304 -0.3821 0.9236
vn -0.9715 -0.0167 -0.2364
vn -0.9897 0.1434 0.0054
vn -0.9673 0.1374 0.2131
vn -0.7198 0.5181 0.4621
vn -0.4953 0.3381 0.8002
vn -0.1644 0.6990 0.6959
vn -0.0304 0.3821 0.9236
vn -0.9944 0.0753 -0.0747
vn -0.7939 0.5823 0.1753
vn -0.3915 0.8552 0.3396
vn -0.0299 0.9237 0.3819
vn -0.0299 -0.9237 0.3819
vn -0.3915 -0.8552 0.3396
vn -0.7939 -0.5823 0.1753
vn -0.9944 -0.0761 -0.0740
vn -0.9604 0.0586 0.2724
vn -0.9103 0.0001 0.4139
vn -0.0053 -0.7071 -0.7071
vn -0.0050 -1.0000 -0.0000
vn -1.0000 0.0076 -0.0000
vn -0.0050 -0.0000 -1.0000
vn -0.0053 0.7071 -0.7071
vn -0.9611 -0.0498 0.2715
vn -1.0000 -0.0027 -0.0000
vn -0.0050 1.0000 -0.0000
vn -0.0053 -0.7071 0.7071
vn -0.0050 -0.0000 1.0000
vn -0.9604 0.0586 -0.2724
vn -0.9103 0.0001 -0.4139
vn -0.0053 0.7071 0.7071
vn -0.9611 -0.0498 -0.2715
vn -0.7796 -0.0000 0.6263
vn -0.8322 0.0591 0.5513
vn -0.0209 -0.9987 -0.0470
vn -0.9805 -0.0336 0.1935
vn -0.9816 -0.0064 0.1911
vn -0.0052 0.3826 -0.9239
vn -0.0052 -0.9239 0.3826
vn -0.0425 0.9978 -0.0500
vn -0.5792 0.6814 -0.4474
vn -0.0244 0.9997 0.0038
vn -0.7473 0.0394 0.6633
vn -0.8508 -0.0267 0.5248
vn -0.8495 -0.0041 0.5275
vn -0.8280 -0.0127 0.5605
vn -0.8269 0.0164 0.5622
vn -0.2317 0.9226 -0.3084
vn -0.0539 -0.9985 0.0108
vn -0.5586 0.0832 0.8253
vn -0.7794 0.0001 0.6265
vn -0.5974 -0.0770 0.7982
vn -0.9798 0.0487 0.1939
vn -0.6294 0.0659 0.7743
vn -0.7720 -0.1714 -0.6121
vn -0.0078 -0.0793 0.9968
vn -0.0092 -0.0460 0.9989
vn -0.0332 -0.0639 0.9974
vn -0.0362 0.0001 0.9993
vn -0.0366 0.0001 0.9993
vn -0.0371 0.0001 0.9993
vn -0.0376 0.0001 0.9993
vn -0.0112 -0.2416 0.9703
vn -0.0175 0.7646 0.6442
vn -0.0361 0.1347 0.9902
vn -0.8383 0.0392 0.5438
vn -0.7791 0.0001 0.6270
vn -0.0204 -0.2909 0.9565
vn -0.6357 -0.0187 0.7717
vn -0.8583 0.1902 -0.4767
vn -0.6354 0.0032 0.7722
vn -0.6205 0.0218 0.7839
vn -0.9808 0.0258 0.1935
vn -0.7472 -0.0481 0.6628
vn -0.0491 -0.7947 -0.6050
vn 0.0023 0.9968 0.0796
vn -0.0456 -0.9985 0.0296
vn -0.5259 0.7727 0.3556
vn -0.5290 0.8420 0.1059
vn -0.2221 0.0001 0.9750
vn -0.2034 -0.0503 0.9778
vn -0.2223 0.0002 0.9750
vn -0.2226 0.0002 0.9749
vn -0.2319 -0.0277 0.9723
vn -0.2219 0.0001 0.9751
vn -0.3854 -0.0288 0.9223
vn -0.4036 0.0003 0.9149
vn -0.4044 0.0003 0.9146
vn -0.4049 0.0005 0.9144
vn -0.3219 -0.1588 0.9334
vn -0.2648 -0.1394 0.9542
vn -0.2799 0.5274 0.8022
vn -0.3819 0.0656 0.9219
vn -0.2927 0.7494 0.5939
vn -0.0244 0.9985 0.0488
vn -0.5087 -0.8552 0.0994
vn -0.2633 -0.5264 0.8084
vn -0.0040 -0.6515 0.7587
vn -0.0008 -0.9953 0.0973
vn -0.4651 -0.8142 0.3475
vn -0.9767 -0.0002 -0.2148
vn -0.9404 -0.0002 0.3401
vn -0.9405 -0.0000 0.3397
vn -0.9766 -0.0000 -0.2152
vn -0.9403 -0.0000 0.3404
vn -0.9580 0.1910 -0.2139
vn -0.9168 0.1178 0.3815
vn -0.3860 0.9221 0.0265
vn -0.9430 0.2828 0.1755
vn -0.8909 -0.4183 0.1771
vn -0.5159 -0.8505 0.1025
vn -0.4925 0.8672 -0.0734
vn -0.8382 0.2475 0.4859
vn -0.7651 -0.4034 0.5019
vn -0.4407 -0.8508 0.2861
vn -0.7145 0.6767 -0.1777
vn -0.7791 0.3136 0.5428
vn -0.6809 -0.4083 0.6080
vn -0.4953 -0.8437 -0.2069
vn -0.9778 -0.0015 -0.2094
vn -0.9374 -0.0012 0.3483
vn -0.5638 -0.3610 0.7428
vn -0.3477 -0.8690 0.3521
vn -0.7785 0.0001 0.6277
vn -0.9112 -0.1117 0.3965
vn -0.9447 -0.1775 -0.2759
vn -0.7774 -0.0001 0.6291
vn -0.0381 0.0001 0.9993
vn -0.8817 -0.0001 -0.4719
vn 0.7796 -0.0000 0.6263
vn 0.8322 0.0591 0.5513
vn 0.0209 -0.9987 -0.0470
vn 0.9805 -0.0336 0.1935
vn 0.9807 0.0002 0.1953
vn 0.0425 0.9978 -0.0500
vn 0.5792 0.6814 -0.4474
vn 0.0244 0.9997 0.0038
vn 0.7473 0.0394 0.6633
vn 0.8508 -0.0267 0.5248
vn 0.8505 0.0027 0.5260
vn 0.2317 0.9226 -0.3084
vn 0.0539 -0.9985 0.0108
vn 0.5586 0.0832 0.8253
vn 0.7794 0.0001 0.6265
vn 0.5974 -0.0770 0.7982
vn 0.9798 0.0487 0.1939
vn 0.6294 0.0659 0.7743
vn 0.7720 -0.1714 -0.6121
vn 0.0078 -0.0793 0.9968
vn 0.0092 -0.0460 0.9989
vn 0.0332 -0.0639 0.9974
vn 0.0362 0.0001 0.9993
vn 0.0366 0.0001 0.9993
vn 0.0371 0.0001 0.9993
vn 0.0376 0.0001 0.9993
vn 0.0112 -0.2416 0.9703
vn 0.0175 0.7646 0.6442
vn 0.0361 0.1347 0.9902
vn 0.8400 0.0337 0.5415
vn 0.7791 0.0001 0.6270
vn 0.0204 -0.2909 0.9565
vn 0.6357 -0.0187 0.7717
vn 0.8583 0.1902 -0.4767
vn 0.6354 0.0032 0.7722
vn 0.6205 0.0218 0.7839
vn 0.9805 0.0129 0.1963
vn 0.7472 -0.0481 0.6628
vn 0.0491 -0.7947 -0.6050
vn -0.0023 0.9968 0.0796
vn 0.0456 -0.9985 0.0296
vn 0.5259 0.7727 0.3556
vn 0.5290 0.8420 0.1059
vn 0.2221 0.0001 0.9750
vn 0.2034 -0.0503 0.9778
vn 0.2223 0.0002 0.9750
vn 0.2226 0.0002 0.9749
vn 0.2319 -0.0277 0.9723
vn 0.2219 0.0001 0.9751
vn 0.3854 -0.0288 0.9223
vn 0.4036 0.0003 0.9149
vn 0.4044 0.0003 0.9146
vn 0.4049 0.0005 0.9144
vn 0.3219 -0.1588 0.9334
vn 0.2648 -0.1394 0.9542
vn 0.2799 0.5274 0.8022
vn 0.3819 0.0656 0.9219
vn 0.2927 0.7494 0.5939
vn 0.0244 0.9985 0.0488
vn 0.5087 -0.8552 0.0994
vn 0.2633 -0.5264 0.8084
vn 0.0040 -0.6515 0.7587
vn 0.0008 -0.9953 0.0973
vn 0.4651 -0.8142 0.3475
vn 0.9767 -0.0002 -0.2148
vn 0.9404 -0.0002 0.3401
vn 0.9405 -0.0000 0.3397
vn 0.9766 -0.0000 -0.2152
vn 0.9403 -0.0000 0.3404
vn 0.9580 0.1910 -0.2139
vn 0.9168 0.1178 0.3815
vn 0.3860 0.9221 0.0265
vn 0.9430 0.2828 0.1755
vn 0.8909 -0.4183 0.1771
vn 0.5159 -0.8505 0.1025
vn 0.4925 0.8672 -0.0734
vn 0.8382 0.2475 0.4859
vn 0.7651 -0.4034 0.5019
vn 0.4407 -0.8508 0.2861
vn 0.7145 0.6767 -0.1777
vn 0.7791 0.3136 0.5428
vn 0.6809 -0.4083 0.6080
vn 0.4953 -0.8437 -0.2069
vn 0.9778 -0.0015 -0.2094
vn 0.9374 -0.0012 0.3483
vn 0.5638 -0.3610 0.7428
vn 0.3477 -0.8690 0.3521
vn 0.7785 0.0001 0.6277
vn 0.9112 -0.1117 0.3965
vn 0.9447 -0.1775 -0.2759
vn 0.7774 -0.0001 0.6291
vn 0.0381 0.0001 0.9993
vn 0.8817 -0.0001 -0.4719
vn -0.7796 -0.0000 -0.6263
vn -0.8322 0.0591 -0.5513
vn -0.0209 -0.9987 0.0470
vn -0.9805 -0.0336 -0.1935
vn -0.9816 -0.0064 -0.1911
vn -0.9889 0.0345 -0.1447
vn -0.9890 -0.0266 -0.1456
vn -0.0425 0.9978 0.0500
vn -0.5792 0.6814 0.4474
vn -0.0244 0.9997 -0.0038
vn -0.7473 0.0394 -0.6633
vn -0.8508 -0.0267 -0.5248
vn -0.8495 -0.0041 -0.5275
vn -0.8280 -0.0127 -0.5605
vn -0.8269 0.0164 -0.5622
vn -0.2317 0.9226 0.3084
vn -0.0539 -0.9985 -0.0108
vn -0.5586 0.0832 -0.8253
vn -0.7794 0.0001 -0.6265
vn -0.5974 -0.0770 -0.7982
vn -0.9798 0.0487 -0.1939
vn -0.6294 0.0659 -0.7743
vn -0.7720 -0.1714 0.6121
vn -0.0078 -0.0793 -0.9968
vn -0.0092 -0.0460 -0.9989
vn -0.0332 -0.0639 -0.9974
vn -0.0362 0.0001 -0.9993
vn -0.0366 0.0001 -0.9993
vn -0.0371 0.0001 -0.9993
vn -0.0376 0.0001 -0.9993
vn -0.0112 -0.2416 -0.9703
vn -0.0175 0.7646 -0.6442
vn -0.0361 0.1347 -0.9902
vn -0.8383 0.0392 -0.5438
vn -0.7791 0.0001 -0.6270
vn -0.0204 -0.2909 -0.9565
vn -0.6357 -0.0187 -0.7717
vn -0.8583 0.1902 0.4767
vn -0.6354 0.0032 -0.7722
vn -0.6205 0.0218 -0.7839
vn -0.9808 0.0258 -0.1935
vn -0.7472 -0.0481 -0.6628
vn -0.0491 -0.7947 0.6050
vn 0.0023 0.9968 -0.0796
vn -0.0456 -0.9985 -0.0296
vn -0.5259 0.7727 -0.3556
vn -0.5290 0.8420 -0.1059
vn -0.2221 0.0001 -0.9750
vn -0.2034 -0.0503 -0.9778
vn -0.2223 0.0002 -0.9750
vn -0.2226 0.0002 -0.9749
vn -0.2319 -0.0277 -0.9723
vn -0.2219 0.0001 -0.9751
vn -0.3854 -0.0288 -0.9223
vn -0.4036 0.0003 -0.9149
vn -0.4044 0.0003 -0.9146
vn -0.4049 0.0005 -0.9144
vn -0.3219 -0.1588 -0.9334
vn -0.2648 -0.1394 -0.9542
vn -0.2799 0.5274 -0.8022
vn -0.3819 0.0656 -0.9219
vn -0.2927 0.7494 -0.5939
vn -0.0244 0.9985 -0.0488
vn -0.5087 -0.8552 -0.0994
vn -0.2633 -0.5264 -0.8084
vn -0.0040 -0.6515 -0.7587
vn -0.0008 -0.9953 -0.0973
vn -0.4651 -0.8142 -0.3475
vn -0.9767 -0.0002 0.2148
vn -0.9404 -0.0002 -0.3401
vn -0.9405 -0.0000 -0.3397
vn -0.9766 -0.0000 0.2152
vn -0.9403 -0.0000 -0.3404
vn -0.9580 0.1910 0.2139
vn -0.9168 0.1178 -0.3815
vn -0.3860 0.9221 -0.0265
vn -0.9430 0.2828 -0.1755
vn -0.8909 -0.4183 -0.1771
vn -0.5159 -0.8505 -0.1025
vn -0.4925 0.8672 0.0734
vn -0.8382 0.2475 -0.4859
vn -0.7651 -0.4034 -0.5019
vn -0.4407 -0.8508 -0.2861
vn -0.7145 0.6767 0.1777
vn -0.7791 0.3136 -0.5428
vn -0.6809 -0.4083 -0.6080
vn -0.4953 -0.8437 0.2069
vn -0.9778 -0.0015 0.2094
vn -0.9374 -0.0012 -0.3483
vn -0.5638 -0.3610 -0.7428
vn -0.3477 -0.8690 -0.3521
vn -0.7785 0.0001 -0.6277
vn -0.9112 -0.1117 -0.3965
vn -0.9447 -0.1775 0.2759
vn -0.7774 -0.0001 -0.6291
vn -0.0381 0.0001 -0.9993
vn -0.8817 -0.0001 0.4719
vn 0.7796 -0.0000 -0.6263
vn 0.8322 0.0591 -0.5513
vn 0.0209 -0.9987 0.0470
vn 0.9805 -0.0336 -0.1935
vn 0.9807 0.0002 -0.1953
vn 0.0425 0.9978 0.0500
vn 0.5792 0.6814 0.4474
vn 0.0244 0.9997 -0.0038
vn 0.7473 0.0394 -0.6633
vn 0.8508 -0.0267 -0.5248
vn 0.8505 0.0027 -0.5260
vn 0.2317 0.9226 0.3084
vn 0.0539 -0.9985 -0.0108
vn 0.5586 0.0832 -0.8253
vn 0.7794 0.0001 -0.6265
vn 0.5974 -0.0770 -0.7982
vn 0.9798 0.0487 -0.1939
vn 0.6294 0.0659 -0.7743
vn 0.7720 -0.1714 0.6121
vn 0.0078 -0.0793 -0.9968
vn 0.0092 -0.0460 -0.9989
vn 0.0332 -0.0639 -0.9974
vn 0.0362 0.0001 -0.9993
vn 0.0366 0.0001 -0.9993
vn 0.0371 0.0001 -0.9993
vn 0.0376 0.0001 -0.9993
vn 0.0112 -0.2416 -0.9703
vn 0.0175 0.7646 -0.6442
vn 0.0361 0.1347 -0.9902
vn 0.8400 0.0337 -0.5415
vn 0.7791 0.0001 -0.6270
vn 0.0204 -0.2909 -0.9565
vn 0.6357 -0.0187 -0.7717
vn 0.8583 0.1902 0.4767
vn 0.6354 0.0032 -0.7722
vn 0.6205 0.0218 -0.7839
vn 0.9805 0.0129 -0.1963
vn 0.7472 -0.0481 -0.6628
vn 0.0491 -0.7947 0.6050
vn -0.0023 0.9968 -0.0796
vn 0.0456 -0.9985 -0.0296
vn 0.5259 0.7727 -0.3556
vn 0.5290 0.8420 -0.1059
vn 0.2221 0.0001 -0.9750
vn 0.2034 -0.0503 -0.9778
vn 0.2223 0.0002 -0.9750
vn 0.2226 0.0002 -0.9749
vn 0.2319 -0.0277 -0.9723
vn 0.2219 0.0001 -0.9751
vn 0.3854 -0.0288 -0.9223
vn 0.4036 0.0003 -0.9149
vn 0.4044 0.0003 -0.9146
vn 0.4049 0.0005 -0.9144
vn 0.3219 -0.1588 -0.9334
vn 0.2648 -0.1394 -0.9542
vn 0.2799 0.5274 -0.8022
vn 0.3819 0.0656 -0.9219
vn 0.2927 0.7494 -0.5939
vn 0.0244 0.9985 -0.0488
vn 0.5087 -0.8552 -0.0994
vn 0.2633 -0.5264 -0.8084
vn 0.0040 -0.6515 -0.7587
vn 0.0008 -0.9953 -0.0973
vn 0.4651 -0.8142 -0.3475
vn 0.9767 -0.0002 0.2148
vn 0.9404 -0.0002 -0.3401
vn 0.9405 -0.0000 -0.3397
vn 0.9766 -0.0000 0.2152
vn 0.9403 -0.0000 -0.3404
vn 0.9580 0.1910 0.2139
vn 0.9168 0.1178 -0.3815
vn 0.3860 0.9221 -0.0265
vn 0.9430 0.2828 -0.1755
vn 0.8909 -0.4183 -0.1771
vn 0.5159 -0.8505 -0.1025
vn 0.4925 0.8672 0.0734
vn 0.8382 0.2475 -0.4859
vn 0.7651 -0.4034 -0.5019
vn 0.4407 -0.8508 -0.2861
vn 0.7145 0.6767 0.1777
vn 0.7791 0.3136 -0.5428
vn 0.6809 -0.4083 -0.6080
vn 0.4953 -0.8437 0.2069
vn 0.9778 -0.0015 0.2094
vn 0.9374 -0.0012 -0.3483
vn 0.5638 -0.3610 -0.7428
vn 0.3477 -0.8690 -0.3521
vn 0.7785 0.0001 -0.6277
vn 0.9112 -0.1117 -0.3965
vn 0.9447 -0.1775 0.2759
vn 0.7774 -0.0001 -0.6291
vn 0.0381 0.0001 -0.9993
vn 0.8817 -0.0001 0.4719
vn -0.0052 -0.9239 -0.3826
vn -0.9890 -0.0266 0.1456
vn -0.0052 0.9239 -0.3826
vn -0.0052 -0.3826 -0.9239
vn -0.0052 0.3826 0.9239
vn -0.0052 0.9239 0.3826
vn -0.9289 0.0387 -0.3684
vn -0.0052 -0.3826 0.9239
vn -0.9295 -0.0366 -0.3670
vn -0.9889 0.0345 0.1447
vn -0.9295 -0.0366 0.3670
vn -0.1688 -0.3767 -0.9108
vn -0.8022 -0.2506 -0.5419
vn -0.9968 -0.0356 0.0712
vn -0.1688 0.3767 -0.9108
vn -0.8022 0.2506 -0.5419
vn -0.9968 0.0356 0.0712
vn -0.1505 0.9147 -0.3750
vn -0.6122 0.7421 -0.2730
vn -0.9459 0.3222 -0.0389
vn -0.9459 -0.3222 -0.0389
vn -0.6122 -0.7421 -0.2730
vn -0.1505 -0.9147 -0.3750
vn -0.9968 -0.0356 -0.0712
vn -0.8022 -0.2506 0.5419
vn -0.1688 -0.3767 0.9108
vn -0.9968 0.0356 -0.0712
vn -0.8022 0.2506 0.5419
vn -0.1688 0.3767 0.9108
vn -0.9459 0.3222 0.0389
vn -0.6122 0.7421 0.2730
vn -0.1505 0.9147 0.3750
vn -0.1505 -0.9147 0.3750
vn -0.6122 -0.7421 0.2730
vn -0.9459 -0.3222 0.0389
vn -0.9289 0.0387 0.3684
vn 0.4534 0.8913 -0.0000
vn 0.4534 -0.8913 -0.0000
vn 0.4534 -0.0000 0.8913
vn 0.4534 -0.0000 -0.8913
vn 0.3262 0.6684 0.6684
vn 0.3262 -0.6684 0.6684
vn 0.3262 0.6684 -0.6684
vn 0.3262 -0.6684 -0.6684
vn -0.0273 0.9996 -0.0000
vn -0.9882 0.1530 -0.0000
vn -0.6518 0.7584 -0.0000
vn -0.9882 -0.1530 -0.0000
vn -0.0273 -0.9996 -0.0000
vn -0.6518 -0.7584 -0.0000
vn -0.9882 -0.0000 0.1530
vn -0.0273 -0.0000 0.9996
vn -0.6518 -0.0000 0.7584
vn -0.0273 -0.0000 -0.9996
vn -0.9882 -0.0000 -0.1530
vn -0.6518 -0.0000 -0.7584
vn -0.0371 0.7066 0.7066
vn -0.9800 0.1408 0.1408
vn -0.6438 0.5411 0.5411
vn -0.9800 -0.1408 0.1408
vn -0.0371 -0.7066 0.7066
vn -0.6438 -0.5411 0.5411
vn -0.9800 0.1408 -0.1408
vn -0.0371 0.7066 -0.7066
vn -0.6438 0.5411 -0.5411
vn -0.0371 -0.7066 -0.7066
vn -0.9800 -0.1408 -0.1408
vn -0.6438 -0.5411 -0.5411
vn 0.3861 0.3384 0.8581
vn 0.3861 -0.3384 0.8581
vn 0.3861 -0.8581 0.3384
vn 0.3861 0.8581 0.3384
vn 0.3861 0.3384 -0.8581
vn 0.3861 -0.3384 -0.8581
vn 0.3861 -0.8581 -0.3384
vn 0.3861 0.8581 -0.3384
vn -0.9102 0.2928 0.2928
vn -0.9850 0.0797 0.1534
vn -0.9246 -0.0000 0.3808
vn -0.6482 0.2904 0.7039
vn -0.2645 0.6819 0.6819
vn -0.2623 -0.0000 0.9650
vn -0.0321 0.3795 0.9246
vn -0.9850 -0.0797 0.1534
vn -0.9102 -0.2928 0.2928
vn -0.6482 -0.2904 0.7039
vn -0.2645 -0.6819 0.6819
vn -0.0321 -0.3795 0.9246
vn -0.9850 -0.1534 0.0797
vn -0.9246 -0.3808 -0.0000
vn -0.6482 -0.7039 0.2904
vn -0.2623 -0.9650 -0.0000
vn -0.0321 -0.9246 0.3795
vn -0.0321 0.9246 0.3795
vn -0.2623 0.9650 -0.0000
vn -0.6482 0.7039 0.2904
vn -0.9246 0.3808 -0.0000
vn -0.9850 0.1534 0.0797
vn -0.2645 0.6819 -0.6819
vn -0.0321 0.3795 -0.9246
vn -0.2623 -0.0000 -0.9650
vn -0.6482 0.2904 -0.7039
vn -0.9102 0.2928 -0.2928
vn -0.9246 -0.0000 -0.3808
vn -0.9850 0.0797 -0.1534
vn -0.0321 -0.3795 -0.9246
vn -0.2645 -0.6819 -0.6819
vn -0.6482 -0.2904 -0.7039
vn -0.9102 -0.2928 -0.2928
vn -0.9850 -0.0797 -0.1534
vn -0.0321 -0.9246 -0.3795
vn -0.6482 -0.7039 -0.2904
vn -0.9850 -0.1534 -0.0797
vn -0.9850 0.1534 -0.0797
vn -0.6482 0.7039 -0.2904
vn -0.0321 0.9246 -0.3795
vn -0.9974 -0.0000 -0.0717
vn -0.9974 0.0717 -0.0000
vn 0.2495 0.9684 -0.0000
vn 0.1732 0.6964 -0.6964
vn -0.9974 -0.0000 0.0717
vn 0.1732 0.6964 0.6964
vn -0.9974 -0.0717 -0.0000
vn 0.1732 -0.6964 -0.6964
vn 0.2495 -0.9684 -0.0000
vn 0.1732 -0.6964 0.6964
vn 0.2495 -0.0000 0.9684
vn 0.2495 -0.0000 -0.9684
vn 0.2166 -0.9109 -0.3511
vn 0.2166 0.9109 0.3511
vn -0.9952 -0.0690 0.0690
vn 0.2166 0.9109 -0.3511
vn 0.2166 -0.9109 0.3511
vn 0.2166 -0.3511 -0.9109
vn 0.2166 0.3511 0.9109
vn 0.2166 -0.3511 0.9109
vn -0.9952 0.0690 0.0690
vn -0.9952 -0.0690 -0.0690
vn 0.2166 0.3511 -0.9109
vn -0.9184 0.1555 0.3639
vn -0.2633 0.3697 0.8911
vn -0.9184 -0.1555 0.3639
vn -0.2633 -0.3697 0.8911
vn -0.9184 -0.3639 0.1555
vn -0.2633 -0.8911 0.3697
vn -0.2633 0.8911 0.3697
vn -0.9184 0.3639 0.1555
vn -0.2633 0.3697 -0.8911
vn -0.9184 0.1555 -0.3639
vn -0.2633 -0.3697 -0.8911
vn -0.9184 -0.1555 -0.3639
vn -0.2633 -0.8911 -0.3697
vn -0.9184 -0.3639 -0.1555
vn -0.9184 0.3639 -0.1555
vn -0.2633 0.8911 -0.3697
vn -0.9952 0.0690 -0.0690
vn 0.3827 -0.0000 -0.9239
vn 0.7071 -0.0000 -0.7071
vn 0.9239 -0.0000 -0.3827
vn 0.9239 -0.0000 0.3827
vn 0.7071 -0.0000 0.7071
vn 0.3827 -0.0000 0.9239
vn -0.3827 -0.0000 0.9239
vn -0.7071 -0.0000 0.7071
vn -0.9239 -0.0000 0.3827
vn -0.9239 -0.0000 -0.3827
vn -0.7071 -0.0000 -0.7071
vn -0.3827 -0.0000 -0.9239
vn 0.1951 -0.0000 -0.9808
vn 0.5556 -0.0000 -0.8315
vn 0.8315 -0.0000 -0.5556
vn 0.8315 -0.0000 0.5556
vn 0.5556 -0.0000 0.8315
vn 0.1951 -0.0000 0.9808
vn -0.1951 -0.0000 0.9808
vn -0.5556 -0.0000 0.8315
vn -0.8315 -0.0000 0.5556
vn -0.8315 -0.0000 -0.5556
vn -0.5556 -0.0000 -0.8315
vn -0.1951 -0.0000 -0.9808
vt 0.215581 0.392019
vt 0.215500 0.409517
vt 0.211891 0.409523
vt 0.212006 0.392101
vt 0.215400 0.427262
vt 0.211777 0.427247
vt 0.208425 0.427231
vt 0.208548 0.409525
vt 0.208680 0.392186
vt 0.181050 0.617685
vt 0.181767 0.619010
vt 0.166801 0.623487
vt 0.166428 0.622060
vt 0.182803 0.620541
vt 0.167391 0.625159
vt 0.150302 0.627877
vt 0.150023 0.626126
vt 0.149882 0.624655
vt 0.014144 0.181876
vt 0.009747 0.181876
vt 0.009747 0.170932
vt 0.014144 0.170932
vt 0.006174 0.181876
vt 0.006174 0.170932
vt 0.006174 0.159321
vt 0.009747 0.159321
vt 0.014144 0.159321
vt 0.148515 0.003906
vt 0.148310 0.016390
vt 0.131012 0.016496
vt 0.131115 0.004006
vt 0.148382 0.033214
vt 0.131075 0.033310
vt 0.113774 0.033384
vt 0.113713 0.016578
vt 0.113668 0.004069
vt 0.148486 0.050779
vt 0.131158 0.050862
vt 0.148574 0.068357
vt 0.131233 0.068427
vt 0.113898 0.068489
vt 0.113836 0.050930
vt 0.148647 0.085942
vt 0.131300 0.085997
vt 0.148706 0.103526
vt 0.131359 0.103565
vt 0.114019 0.103616
vt 0.113959 0.086054
vt 0.148748 0.121104
vt 0.131408 0.121124
vt 0.148769 0.138667
vt 0.131446 0.138662
vt 0.114134 0.138695
vt 0.114078 0.121166
vt 0.148764 0.156206
vt 0.131468 0.156169
vt 0.148721 0.173710
vt 0.131468 0.173627
vt 0.114240 0.173624
vt 0.114188 0.156187
vt 0.148536 0.191138
vt 0.131347 0.190525
vt 0.147595 0.209397
vt 0.130499 0.204089
vt 0.114320 0.203196
vt 0.114286 0.190344
vt 0.958570 0.098629
vt 0.958570 0.088110
vt 0.966418 0.088110
vt 0.966418 0.098629
vt 0.958570 0.077574
vt 0.966418 0.077574
vt 0.976665 0.077574
vt 0.976665 0.088110
vt 0.976665 0.098629
vt 0.958570 0.035472
vt 0.958570 0.024941
vt 0.966418 0.024941
vt 0.966418 0.035472
vt 0.958570 0.014424
vt 0.966418 0.014424
vt 0.976665 0.014424
vt 0.976665 0.024941
vt 0.976665 0.035472
vt 0.592989 0.597430
vt 0.592989 0.581852
vt 0.596604 0.581852
vt 0.596604 0.597430
vt 0.592989 0.566176
vt 0.596604 0.566176
vt 0.600993 0.566176
vt 0.600993 0.581852
vt 0.600993 0.597430
vt 0.592989 0.530785
vt 0.592989 0.507443
vt 0.596604 0.507443
vt 0.596604 0.530785
vt 0.592989 0.484816
vt 0.596604 0.484816
vt 0.600993 0.484816
vt 0.600993 0.507443
vt 0.600993 0.530785
vt 0.827508 0.603175
vt 0.841737 0.602434
vt 0.838348 0.619792
vt 0.822994 0.619905
vt 0.861119 0.601579
vt 0.859085 0.619616
vt 0.858389 0.637089
vt 0.837192 0.637089
vt 0.821455 0.637089
vt 0.214442 0.357257
vt 0.215481 0.375029
vt 0.211737 0.375017
vt 0.209695 0.356641
vt 0.208195 0.375047
vt 0.205274 0.356156
vt 0.180063 0.005610
vt 0.179669 0.017307
vt 0.165236 0.016409
vt 0.165521 0.004023
vt 0.179754 0.033376
vt 0.165317 0.033149
vt 0.179893 0.050640
vt 0.165440 0.050690
vt 0.180004 0.068212
vt 0.165541 0.068282
vt 0.180088 0.085840
vt 0.165621 0.085888
vt 0.180147 0.103472
vt 0.165680 0.103495
vt 0.180181 0.121104
vt 0.165717 0.121100
vt 0.180184 0.138735
vt 0.165727 0.138697
vt 0.180150 0.156362
vt 0.165703 0.156280
vt 0.180065 0.173982
vt 0.165633 0.173842
vt 0.179909 0.191589
vt 0.165482 0.191389
vt 0.179649 0.209172
vt 0.165300 0.208928
vt 0.179221 0.226707
vt 0.165387 0.226288
vt 0.178517 0.244180
vt 0.164953 0.243406
vt 0.152693 0.242830
vt 0.152288 0.226738
vt 0.177471 0.261434
vt 0.163900 0.260135
vt 0.176388 0.277829
vt 0.162313 0.275501
vt 0.145682 0.273111
vt 0.151234 0.258467
vt 0.592989 0.549837
vt 0.596604 0.549837
vt 0.600993 0.549837
vt 0.006174 0.129996
vt 0.006174 0.114305
vt 0.009747 0.114305
vt 0.009747 0.129996
vt 0.006174 0.098591
vt 0.009747 0.098591
vt 0.014144 0.098591
vt 0.014144 0.114305
vt 0.014144 0.129996
vt 0.203633 0.604621
vt 0.205648 0.605509
vt 0.194402 0.613425
vt 0.193112 0.612307
vt 0.208143 0.606459
vt 0.196133 0.614688
vt 0.215268 0.445066
vt 0.211643 0.445049
vt 0.215140 0.462839
vt 0.211528 0.462854
vt 0.208186 0.462870
vt 0.208293 0.445033
vt 0.215658 0.594621
vt 0.218810 0.595419
vt 0.212927 0.593833
vt 0.218828 0.581489
vt 0.222143 0.582385
vt 0.225722 0.583260
vt 0.132591 0.626378
vt 0.132641 0.624876
vt 0.132596 0.628177
vt 0.114646 0.626741
vt 0.114744 0.624916
vt 0.114827 0.623374
vt 0.196347 0.174148
vt 0.196178 0.191853
vt 0.189802 0.191750
vt 0.189969 0.174083
vt 0.195898 0.209581
vt 0.189523 0.209421
vt 0.592989 0.417603
vt 0.592989 0.400564
vt 0.596604 0.400564
vt 0.596604 0.417603
vt 0.592989 0.383526
vt 0.596604 0.383526
vt 0.600993 0.383526
vt 0.600993 0.400564
vt 0.600993 0.417603
vt 0.194849 0.334254
vt 0.201892 0.336060
vt 0.179087 0.309807
vt 0.192780 0.315072
vt 0.201973 0.318215
vt 0.208973 0.338004
vt 0.592989 0.289743
vt 0.592989 0.277307
vt 0.596604 0.277307
vt 0.596604 0.289743
vt 0.592989 0.266640
vt 0.596604 0.266640
vt 0.600993 0.266640
vt 0.600993 0.277307
vt 0.600993 0.289743
vt 0.625106 0.425810
vt 0.625096 0.408400
vt 0.642158 0.408413
vt 0.642165 0.425830
vt 0.625087 0.390989
vt 0.642151 0.390998
vt 0.664187 0.391003
vt 0.664187 0.408420
vt 0.664187 0.425839
vt 0.625097 0.288832
vt 0.624884 0.276490
vt 0.642021 0.276479
vt 0.642154 0.288834
vt 0.623258 0.266676
vt 0.641089 0.266648
vt 0.664187 0.266640
vt 0.664187 0.276474
vt 0.664187 0.288830
vt 0.625120 0.460625
vt 0.625115 0.443219
vt 0.642172 0.443248
vt 0.642176 0.460668
vt 0.664187 0.443262
vt 0.664187 0.460688
vt 0.625072 0.321334
vt 0.625079 0.304213
vt 0.642147 0.304223
vt 0.642141 0.321346
vt 0.664187 0.304224
vt 0.664187 0.321350
vt 0.625080 0.495438
vt 0.625114 0.478030
vt 0.642171 0.478092
vt 0.642149 0.495519
vt 0.664187 0.478118
vt 0.664187 0.495549
vt 0.625074 0.356162
vt 0.625071 0.338748
vt 0.642140 0.338758
vt 0.642142 0.356171
vt 0.664187 0.338763
vt 0.664187 0.356175
vt 0.626954 0.530359
vt 0.625256 0.512859
vt 0.642253 0.512947
vt 0.643234 0.530429
vt 0.664187 0.512975
vt 0.664187 0.530442
vt 0.625080 0.373576
vt 0.642146 0.373584
vt 0.664187 0.373589
vt 0.651732 0.637596
vt 0.651480 0.620229
vt 0.657275 0.620213
vt 0.657419 0.637600
vt 0.649415 0.602748
vt 0.656096 0.602715
vt 0.664187 0.602694
vt 0.664187 0.620210
vt 0.664187 0.637607
vt 0.651735 0.672405
vt 0.651726 0.654992
vt 0.657417 0.654999
vt 0.657423 0.672408
vt 0.664187 0.655004
vt 0.664187 0.672410
vt 0.651751 0.707233
vt 0.651743 0.689819
vt 0.657430 0.689820
vt 0.657436 0.707233
vt 0.664187 0.689821
vt 0.664187 0.707233
vt 0.651766 0.742061
vt 0.651758 0.724647
vt 0.657443 0.724646
vt 0.657449 0.742059
vt 0.664187 0.724646
vt 0.664187 0.742059
vt 0.651768 0.775518
vt 0.651770 0.759303
vt 0.657454 0.759302
vt 0.657455 0.775529
vt 0.664187 0.759300
vt 0.664187 0.775524
vt 0.637549 0.566345
vt 0.631305 0.548157
vt 0.645737 0.548192
vt 0.649319 0.566347
vt 0.664187 0.548182
vt 0.664187 0.566318
vt 0.592989 0.366488
vt 0.596604 0.366488
vt 0.592989 0.349450
vt 0.596604 0.349450
vt 0.600993 0.349450
vt 0.600993 0.366488
vt 0.196451 0.103444
vt 0.196482 0.121109
vt 0.190100 0.121107
vt 0.190069 0.103455
vt 0.196481 0.138780
vt 0.190101 0.138763
vt 0.196052 0.034777
vt 0.196193 0.050715
vt 0.189812 0.050666
vt 0.189668 0.034063
vt 0.196307 0.068125
vt 0.189926 0.068159
vt 0.903896 0.563848
vt 0.886504 0.563980
vt 0.891129 0.549454
vt 0.903896 0.549363
vt 0.868276 0.564651
vt 0.880604 0.549507
vt 0.651375 0.841392
vt 0.640867 0.840718
vt 0.648665 0.828757
vt 0.655674 0.829078
vt 0.664187 0.841594
vt 0.664187 0.829191
vt 0.592989 0.451109
vt 0.592989 0.434569
vt 0.596604 0.434569
vt 0.596604 0.451109
vt 0.600993 0.434569
vt 0.600993 0.451109
vt 0.195438 0.227346
vt 0.189066 0.227097
vt 0.194679 0.245165
vt 0.188314 0.244777
vt 0.651801 0.803475
vt 0.657482 0.803565
vt 0.657325 0.816706
vt 0.651519 0.816543
vt 0.664187 0.803565
vt 0.664187 0.816743
vt 0.196392 0.085782
vt 0.190011 0.085805
vt 0.176091 0.293010
vt 0.161185 0.288234
vt 0.160373 0.297477
vt 0.144904 0.291465
vt 0.145539 0.284439
vt 0.215322 0.480417
vt 0.211709 0.480675
vt 0.217553 0.497745
vt 0.213998 0.498254
vt 0.210713 0.498726
vt 0.208315 0.480916
vt 0.196440 0.156458
vt 0.190061 0.156421
vt 0.644277 0.584729
vt 0.653163 0.584707
vt 0.664187 0.584674
vt 0.194975 0.014013
vt 0.195760 0.021832
vt 0.189555 0.019559
vt 0.189952 0.009572
vt 0.592989 0.467142
vt 0.596604 0.467142
vt 0.600993 0.467142
vt 0.193761 0.263028
vt 0.187306 0.262386
vt 0.194083 0.280956
vt 0.186886 0.279667
vt 0.882225 0.601086
vt 0.881302 0.619472
vt 0.903896 0.600965
vt 0.903896 0.619422
vt 0.903896 0.637089
vt 0.880985 0.637089
vt 0.188156 0.296708
vt 0.196796 0.299232
vt 0.130046 0.283042
vt 0.129581 0.276278
vt 0.129870 0.289045
vt 0.114998 0.288718
vt 0.114808 0.282938
vt 0.114686 0.276840
vt 0.226659 0.558593
vt 0.227904 0.571318
vt 0.224178 0.570453
vt 0.222950 0.558135
vt 0.220767 0.569639
vt 0.219556 0.557714
vt 0.009747 0.193280
vt 0.006174 0.193280
vt 0.014144 0.193280
vt 0.014144 0.203726
vt 0.009747 0.203726
vt 0.006174 0.203726
vt 0.883770 0.581796
vt 0.864266 0.582907
vt 0.903896 0.581610
vt 0.592989 0.332588
vt 0.596604 0.332588
vt 0.592989 0.316781
vt 0.596604 0.316781
vt 0.600993 0.316781
vt 0.600993 0.332588
vt 0.006174 0.145404
vt 0.009747 0.145404
vt 0.014144 0.145404
vt 0.818439 0.603085
vt 0.826493 0.587883
vt 0.828795 0.588452
vt 0.820896 0.603412
vt 0.836746 0.575481
vt 0.838682 0.576586
vt 0.840628 0.578342
vt 0.834395 0.587990
vt 0.811698 0.637089
vt 0.813401 0.619753
vt 0.815921 0.619919
vt 0.814232 0.637089
vt 0.616166 0.408392
vt 0.616160 0.390983
vt 0.616172 0.425799
vt 0.611186 0.425793
vt 0.611183 0.408388
vt 0.611180 0.390980
vt 0.615984 0.276403
vt 0.614217 0.266877
vt 0.616182 0.288763
vt 0.611214 0.288398
vt 0.611182 0.275588
vt 0.610755 0.267803
vt 0.616178 0.443201
vt 0.616179 0.460596
vt 0.611184 0.460580
vt 0.611188 0.443191
vt 0.616160 0.304191
vt 0.616152 0.321325
vt 0.611179 0.321319
vt 0.611188 0.304138
vt 0.616168 0.477984
vt 0.616125 0.495364
vt 0.611120 0.495311
vt 0.611168 0.477957
vt 0.616150 0.338741
vt 0.616152 0.356157
vt 0.611177 0.356154
vt 0.611177 0.338737
vt 0.616318 0.512743
vt 0.618253 0.530184
vt 0.612895 0.529816
vt 0.611263 0.512612
vt 0.616155 0.373571
vt 0.611178 0.373568
vt 0.644506 0.637678
vt 0.644129 0.620427
vt 0.647459 0.620289
vt 0.647764 0.637617
vt 0.641065 0.602729
vt 0.644941 0.602762
vt 0.644485 0.672401
vt 0.644488 0.654995
vt 0.647752 0.654990
vt 0.647755 0.672403
vt 0.644475 0.707234
vt 0.644481 0.689819
vt 0.647757 0.689819
vt 0.647757 0.707233
vt 0.644457 0.742064
vt 0.644467 0.724648
vt 0.647757 0.724647
vt 0.647755 0.742062
vt 0.644418 0.775356
vt 0.644441 0.759288
vt 0.647749 0.759299
vt 0.647735 0.775463
vt 0.633598 0.584022
vt 0.638683 0.584587
vt 0.624527 0.565129
vt 0.630586 0.566082
vt 0.617307 0.547133
vt 0.623260 0.547906
vt 0.860251 0.558801
vt 0.871312 0.548476
vt 0.874795 0.549116
vt 0.863150 0.560036
vt 0.631918 0.838274
vt 0.640683 0.827313
vt 0.644069 0.828243
vt 0.635190 0.839509
vt 0.647405 0.816111
vt 0.647748 0.803153
vt 0.644036 0.815263
vt 0.644405 0.802523
vt 0.850608 0.573102
vt 0.850347 0.568188
vt 0.848345 0.566753
vt 0.846764 0.585647
vt 0.905138 0.849066
vt 0.941446 0.849867
vt 0.943526 0.866576
vt 0.905022 0.865978
vt 0.969041 0.850759
vt 0.972887 0.867153
vt 0.974034 0.884391
vt 0.944109 0.884185
vt 0.904899 0.883915
vt 0.981774 0.850898
vt 0.986455 0.867305
vt 0.987681 0.849846
vt 0.992585 0.866880
vt 0.994080 0.884529
vt 0.987903 0.884486
vt 0.947585 0.806299
vt 0.957090 0.807244
vt 0.960224 0.815791
vt 0.950759 0.815056
vt 0.960860 0.807281
vt 0.964300 0.813216
vt 0.971029 0.822047
vt 0.966230 0.824677
vt 0.956012 0.824230
vt 0.905441 0.805154
vt 0.929132 0.805480
vt 0.931122 0.814126
vt 0.905382 0.813734
vt 0.934252 0.823164
vt 0.905320 0.822633
vt 0.938011 0.835016
vt 0.905240 0.834272
vt 0.962731 0.836098
vt 0.974234 0.836252
vt 0.979748 0.834378
vt 0.590660 0.332588
vt 0.590660 0.316781
vt 0.590660 0.349450
vt 0.207626 0.516939
vt 0.204984 0.499581
vt 0.206684 0.499321
vt 0.209319 0.516671
vt 0.210051 0.532822
vt 0.211728 0.532505
vt 0.211011 0.516412
vt 0.213416 0.532256
vt 0.208386 0.499066
vt 0.213329 0.516066
vt 0.215741 0.531981
vt 0.590660 0.366488
vt 0.590660 0.383526
vt 0.202309 0.481341
vt 0.202366 0.462870
vt 0.204095 0.462875
vt 0.204112 0.481214
vt 0.205891 0.481088
vt 0.205821 0.462876
vt 0.590660 0.400564
vt 0.590660 0.417603
vt 0.202499 0.445003
vt 0.202639 0.427199
vt 0.204353 0.427209
vt 0.204217 0.445012
vt 0.205933 0.445021
vt 0.206066 0.427218
vt 0.590660 0.434569
vt 0.590660 0.451109
vt 0.202778 0.409514
vt 0.202920 0.392338
vt 0.204624 0.392295
vt 0.204486 0.409520
vt 0.206194 0.409524
vt 0.206331 0.392250
vt 0.590660 0.467142
vt 0.590660 0.484816
vt 0.202222 0.375342
vt 0.199390 0.356800
vt 0.200944 0.356384
vt 0.203978 0.375208
vt 0.205728 0.375112
vt 0.202562 0.356111
vt 0.590660 0.581852
vt 0.590660 0.566176
vt 0.590660 0.597430
vt 0.129538 0.294929
vt 0.115296 0.294529
vt 0.115215 0.293267
vt 0.129634 0.293669
vt 0.143929 0.297620
vt 0.144216 0.296374
vt 0.129719 0.292242
vt 0.144467 0.294921
vt 0.115134 0.291841
vt 0.132699 0.623494
vt 0.149769 0.623310
vt 0.114903 0.621946
vt 0.114984 0.620457
vt 0.132766 0.622071
vt 0.149652 0.621931
vt 0.132854 0.620411
vt 0.149520 0.620326
vt 0.115079 0.618694
vt 0.003906 0.114305
vt 0.003906 0.098591
vt 0.003906 0.129996
vt 0.590660 0.549837
vt 0.590660 0.530785
vt 0.158525 0.304441
vt 0.159037 0.303227
vt 0.174149 0.316475
vt 0.174935 0.315388
vt 0.159520 0.301721
vt 0.175856 0.314064
vt 0.166109 0.620764
vt 0.180458 0.616493
vt 0.165781 0.619439
vt 0.179903 0.615269
vt 0.165402 0.617893
vt 0.179314 0.613800
vt 0.003906 0.145404
vt 0.003906 0.159321
vt 0.590660 0.507443
vt 0.188865 0.335799
vt 0.190062 0.334978
vt 0.191418 0.334318
vt 0.210971 0.593293
vt 0.216479 0.580992
vt 0.202112 0.603857
vt 0.200945 0.603068
vt 0.209580 0.592890
vt 0.214842 0.580894
vt 0.208252 0.592421
vt 0.213173 0.581088
vt 0.199898 0.602017
vt 0.003906 0.193280
vt 0.003906 0.181876
vt 0.003906 0.203726
vt 0.592989 0.302735
vt 0.590660 0.302735
vt 0.590660 0.289743
vt 0.212110 0.546317
vt 0.213746 0.545878
vt 0.213941 0.558356
vt 0.215525 0.557772
vt 0.215424 0.545652
vt 0.217189 0.557584
vt 0.217768 0.545549
vt 0.192095 0.611311
vt 0.191242 0.610263
vt 0.190442 0.608929
vt 0.003906 0.170932
vt 0.220172 0.515054
vt 0.216607 0.515581
vt 0.222629 0.531253
vt 0.219037 0.531633
vt 0.216745 0.569351
vt 0.218396 0.569270
vt 0.590660 0.277307
vt 0.590660 0.266640
vt 0.215161 0.569907
vt 0.651763 0.790015
vt 0.647719 0.789839
vt 0.644393 0.789499
vt 0.224751 0.545512
vt 0.221106 0.545530
vt 0.657455 0.790062
vt 0.664187 0.790057
vt 0.596604 0.302735
vt 0.600993 0.302735
vt 0.237817 0.391297
vt 0.241187 0.391129
vt 0.242551 0.407464
vt 0.239188 0.407729
vt 0.244310 0.390985
vt 0.245667 0.407217
vt 0.246981 0.423819
vt 0.243847 0.424024
vt 0.240471 0.424240
vt 0.281429 0.612252
vt 0.294545 0.619504
vt 0.293923 0.620790
vt 0.280550 0.613453
vt 0.309598 0.625033
vt 0.309229 0.626385
vt 0.308692 0.627976
vt 0.293056 0.622268
vt 0.279355 0.614800
vt 0.214832 0.003906
vt 0.214832 0.014893
vt 0.210593 0.014893
vt 0.210593 0.003906
vt 0.214832 0.026550
vt 0.210593 0.026550
vt 0.207119 0.026550
vt 0.207119 0.014893
vt 0.207119 0.003906
vt 0.304809 0.003906
vt 0.322432 0.004026
vt 0.322519 0.016663
vt 0.305001 0.016536
vt 0.340106 0.004115
vt 0.340039 0.016772
vt 0.339949 0.033782
vt 0.322429 0.033679
vt 0.304905 0.033563
vt 0.322316 0.051436
vt 0.304774 0.051332
vt 0.339855 0.051532
vt 0.339761 0.069289
vt 0.322211 0.069198
vt 0.304657 0.069108
vt 0.322112 0.086957
vt 0.304554 0.086884
vt 0.339667 0.087043
vt 0.339573 0.104786
vt 0.322020 0.104707
vt 0.304464 0.104653
vt 0.321937 0.122438
vt 0.304390 0.122407
vt 0.339480 0.122510
vt 0.339386 0.140202
vt 0.321864 0.140139
vt 0.304336 0.140138
vt 0.321804 0.157797
vt 0.304308 0.157832
vt 0.339292 0.157847
vt 0.339197 0.175428
vt 0.321762 0.175392
vt 0.304316 0.175475
vt 0.321746 0.192900
vt 0.304374 0.193045
vt 0.339102 0.192919
vt 0.339005 0.210290
vt 0.321763 0.210291
vt 0.304501 0.210516
vt 0.321825 0.227521
vt 0.304726 0.227849
vt 0.338901 0.227498
vt 0.338782 0.244488
vt 0.321944 0.244535
vt 0.305085 0.244998
vt 0.322130 0.260932
vt 0.305620 0.261617
vt 0.338631 0.260852
vt 0.338433 0.274911
vt 0.322386 0.275063
vt 0.306316 0.276241
vt 0.578634 0.618814
vt 0.574996 0.618814
vt 0.574996 0.603244
vt 0.578634 0.603244
vt 0.570566 0.618814
vt 0.570566 0.603244
vt 0.570566 0.587575
vt 0.574996 0.587575
vt 0.578634 0.587575
vt 0.578634 0.552203
vt 0.574996 0.552203
vt 0.574996 0.528873
vt 0.578634 0.528873
vt 0.570566 0.552203
vt 0.570566 0.528873
vt 0.570566 0.506258
vt 0.574996 0.506258
vt 0.578634 0.506258
vt 0.980284 0.603175
vt 0.984797 0.619905
vt 0.969444 0.619792
vt 0.966055 0.602434
vt 0.986337 0.637089
vt 0.970599 0.637089
vt 0.949402 0.637089
vt 0.948706 0.619616
vt 0.946672 0.601579
vt 0.238885 0.358332
vt 0.243431 0.357834
vt 0.240516 0.374930
vt 0.237000 0.374949
vt 0.247708 0.357455
vt 0.243784 0.374962
vt 0.272871 0.005607
vt 0.287591 0.004011
vt 0.287866 0.016542
vt 0.273256 0.017442
vt 0.287763 0.033482
vt 0.273152 0.033702
vt 0.287614 0.051228
vt 0.272990 0.051168
vt 0.287486 0.069020
vt 0.272856 0.068942
vt 0.287379 0.086821
vt 0.272746 0.086770
vt 0.287291 0.104619
vt 0.272660 0.104600
vt 0.287226 0.122409
vt 0.272601 0.122427
vt 0.287187 0.140184
vt 0.272574 0.140249
vt 0.287185 0.157936
vt 0.272590 0.158062
vt 0.287234 0.175654
vt 0.272666 0.175860
vt 0.287354 0.193323
vt 0.272829 0.193636
vt 0.287576 0.210922
vt 0.273114 0.211376
vt 0.287941 0.228422
vt 0.273575 0.229061
vt 0.288506 0.245781
vt 0.274286 0.246656
vt 0.289317 0.262728
vt 0.275266 0.263982
vt 0.290289 0.278141
vt 0.276220 0.280381
vt 0.574996 0.571245
vt 0.578634 0.571245
vt 0.570566 0.571245
vt 0.207119 0.055990
vt 0.210593 0.055990
vt 0.210593 0.071743
vt 0.207119 0.071743
vt 0.214832 0.055990
vt 0.214832 0.071743
vt 0.214832 0.087519
vt 0.210593 0.087519
vt 0.207119 0.087519
vt 0.260200 0.598167
vt 0.270018 0.606119
vt 0.268716 0.607135
vt 0.258230 0.598952
vt 0.266990 0.608265
vt 0.255797 0.599781
vt 0.244624 0.440714
vt 0.241224 0.440821
vt 0.247778 0.440606
vt 0.248097 0.457609
vt 0.244897 0.457604
vt 0.241449 0.457581
vt 0.245905 0.588776
vt 0.248959 0.588062
vt 0.239342 0.576970
vt 0.242824 0.576234
vt 0.246004 0.575511
vt 0.251616 0.587351
vt 0.325349 0.627908
vt 0.325237 0.629283
vt 0.341236 0.627839
vt 0.341347 0.629205
vt 0.341483 0.630838
vt 0.325051 0.630930
vt 0.256239 0.176119
vt 0.262673 0.176016
vt 0.262859 0.193872
vt 0.256435 0.194028
vt 0.263179 0.211721
vt 0.256770 0.211949
vt 0.578634 0.439079
vt 0.574996 0.439079
vt 0.574996 0.422050
vt 0.578634 0.422050
vt 0.570566 0.439079
vt 0.570566 0.422050
vt 0.570566 0.405020
vt 0.574996 0.405020
vt 0.578634 0.405020
vt 0.250993 0.337736
vt 0.257816 0.335978
vt 0.244124 0.339656
vt 0.250916 0.320379
vt 0.259890 0.317256
vt 0.273333 0.312074
vt 0.578634 0.311286
vt 0.574996 0.311286
vt 0.574996 0.298856
vt 0.578634 0.298856
vt 0.570566 0.311286
vt 0.570566 0.298856
vt 0.570566 0.288195
vt 0.574996 0.288195
vt 0.578634 0.288195
vt 0.703269 0.425810
vt 0.686209 0.425830
vt 0.686217 0.408413
vt 0.703279 0.408400
vt 0.686223 0.390998
vt 0.703288 0.390988
vt 0.703277 0.288832
vt 0.686220 0.288834
vt 0.686353 0.276479
vt 0.703490 0.276490
vt 0.687285 0.266648
vt 0.705117 0.266676
vt 0.703254 0.460625
vt 0.686199 0.460668
vt 0.686203 0.443248
vt 0.703260 0.443219
vt 0.703303 0.321334
vt 0.686234 0.321346
vt 0.686228 0.304223
vt 0.703295 0.304213
vt 0.703295 0.495438
vt 0.686225 0.495519
vt 0.686203 0.478092
vt 0.703260 0.478030
vt 0.703300 0.356162
vt 0.686233 0.356171
vt 0.686235 0.338758
vt 0.703303 0.338748
vt 0.701421 0.530359
vt 0.685141 0.530429
vt 0.686122 0.512947
vt 0.703119 0.512859
vt 0.686228 0.373584
vt 0.703295 0.373576
vt 0.676643 0.637596
vt 0.670955 0.637600
vt 0.671099 0.620213
vt 0.676895 0.620229
vt 0.672279 0.602715
vt 0.678959 0.602748
vt 0.676640 0.672405
vt 0.670951 0.672408
vt 0.670958 0.654999
vt 0.676648 0.654992
vt 0.676624 0.707233
vt 0.670939 0.707233
vt 0.670945 0.689820
vt 0.676632 0.689819
vt 0.676609 0.742060
vt 0.670925 0.742059
vt 0.670932 0.724646
vt 0.676616 0.724647
vt 0.676607 0.775518
vt 0.670920 0.775529
vt 0.670921 0.759302
vt 0.676605 0.759303
vt 0.690825 0.566345
vt 0.679056 0.566347
vt 0.682638 0.548192
vt 0.697070 0.548157
vt 0.574996 0.387991
vt 0.578634 0.387991
vt 0.570566 0.387991
vt 0.570566 0.370962
vt 0.574996 0.370962
vt 0.578634 0.370962
vt 0.256178 0.104581
vt 0.262629 0.104588
vt 0.262574 0.122443
vt 0.256126 0.122454
vt 0.262554 0.140300
vt 0.256109 0.140333
vt 0.256664 0.035109
vt 0.263121 0.034391
vt 0.262958 0.051189
vt 0.256506 0.051235
vt 0.262821 0.068886
vt 0.256369 0.068848
vt 0.916663 0.549454
vt 0.921288 0.563980
vt 0.672701 0.829078
vt 0.677000 0.841392
vt 0.679710 0.828757
vt 0.687507 0.840718
vt 0.927187 0.549507
vt 0.939515 0.564651
vt 0.578634 0.472568
vt 0.574996 0.472568
vt 0.574996 0.456037
vt 0.578634 0.456037
vt 0.570566 0.472568
vt 0.570566 0.456037
vt 0.263691 0.229549
vt 0.257306 0.229876
vt 0.264480 0.247335
vt 0.258130 0.247795
vt 0.676574 0.803475
vt 0.676855 0.816543
vt 0.671050 0.816706
vt 0.670892 0.803565
vt 0.262712 0.086736
vt 0.256260 0.086713
vt 0.291158 0.290884
vt 0.276389 0.295488
vt 0.307072 0.287470
vt 0.307739 0.294867
vt 0.291773 0.300060
vt 0.244422 0.474743
vt 0.240935 0.474633
vt 0.247638 0.474834
vt 0.247089 0.492196
vt 0.243846 0.492099
vt 0.240322 0.491985
vt 0.262581 0.158158
vt 0.256140 0.158221
vt 0.675211 0.584707
vt 0.684097 0.584729
vt 0.257773 0.014099
vt 0.262859 0.009609
vt 0.263250 0.019714
vt 0.256971 0.022010
vt 0.574996 0.488593
vt 0.578634 0.488593
vt 0.570566 0.488593
vt 0.265461 0.264982
vt 0.259054 0.265678
vt 0.265794 0.282223
vt 0.258679 0.283548
vt 0.926489 0.619472
vt 0.925566 0.601086
vt 0.926807 0.637089
vt 0.255970 0.301695
vt 0.264468 0.299144
vt 0.322700 0.285453
vt 0.338205 0.285195
vt 0.338000 0.291697
vt 0.323020 0.292033
vt 0.238404 0.552920
vt 0.242032 0.552128
vt 0.241673 0.564477
vt 0.237992 0.565386
vt 0.245366 0.551381
vt 0.245151 0.563571
vt 0.578634 0.266640
vt 0.578634 0.277890
vt 0.574996 0.277890
vt 0.574996 0.266640
vt 0.570566 0.277890
vt 0.570566 0.266640
vt 0.943525 0.582907
vt 0.924021 0.581796
vt 0.574996 0.354108
vt 0.578634 0.354108
vt 0.570566 0.354108
vt 0.570566 0.338310
vt 0.574996 0.338310
vt 0.578634 0.338310
vt 0.210593 0.040522
vt 0.207119 0.040522
vt 0.214832 0.040522
vt 0.989352 0.603085
vt 0.986895 0.603411
vt 0.978996 0.588452
vt 0.981299 0.587883
vt 0.973396 0.587990
vt 0.967164 0.578342
vt 0.969109 0.576586
vt 0.971045 0.575481
vt 0.996094 0.637089
vt 0.993560 0.637089
vt 0.991870 0.619919
vt 0.994390 0.619753
vt 0.712214 0.390983
vt 0.712208 0.408392
vt 0.717194 0.390980
vt 0.717191 0.408388
vt 0.717188 0.425793
vt 0.712202 0.425799
vt 0.714158 0.266877
vt 0.712391 0.276403
vt 0.717620 0.267803
vt 0.717192 0.275588
vt 0.717161 0.288398
vt 0.712193 0.288763
vt 0.712197 0.443201
vt 0.717187 0.443191
vt 0.717190 0.460580
vt 0.712195 0.460596
vt 0.712215 0.304191
vt 0.717186 0.304138
vt 0.717195 0.321319
vt 0.712223 0.321325
vt 0.712207 0.477984
vt 0.717206 0.477957
vt 0.717255 0.495311
vt 0.712249 0.495364
vt 0.712224 0.338741
vt 0.717198 0.338737
vt 0.717198 0.356154
vt 0.712223 0.356157
vt 0.712056 0.512743
vt 0.717112 0.512612
vt 0.715480 0.529816
vt 0.710121 0.530185
vt 0.712219 0.373571
vt 0.717197 0.373568
vt 0.683869 0.637678
vt 0.680611 0.637617
vt 0.680915 0.620289
vt 0.684246 0.620427
vt 0.683433 0.602762
vt 0.687309 0.602729
vt 0.683890 0.672401
vt 0.680620 0.672403
vt 0.680623 0.654990
vt 0.683887 0.654995
vt 0.683900 0.707234
vt 0.680617 0.707233
vt 0.680618 0.689819
vt 0.683894 0.689819
vt 0.683918 0.742064
vt 0.680619 0.742062
vt 0.680617 0.724647
vt 0.683908 0.724648
vt 0.683956 0.775356
vt 0.680639 0.775463
vt 0.680625 0.759299
vt 0.683933 0.759288
vt 0.689692 0.584587
vt 0.694776 0.584022
vt 0.697788 0.566082
vt 0.703848 0.565129
vt 0.705115 0.547906
vt 0.711068 0.547133
vt 0.947541 0.558801
vt 0.944642 0.560036
vt 0.932996 0.549116
vt 0.936479 0.548476
vt 0.693185 0.839509
vt 0.684306 0.828243
vt 0.696456 0.838274
vt 0.687691 0.827313
vt 0.680626 0.803153
vt 0.680969 0.816111
vt 0.683969 0.802524
vt 0.684338 0.815263
vt 0.957445 0.568188
vt 0.957183 0.573102
vt 0.959447 0.566753
vt 0.961027 0.585647
vt 0.866514 0.866046
vt 0.868823 0.849367
vt 0.865688 0.883645
vt 0.835763 0.883439
vt 0.837147 0.866219
vt 0.841218 0.849879
vt 0.823578 0.866184
vt 0.828485 0.849843
vt 0.821894 0.883344
vt 0.815717 0.883301
vt 0.817455 0.865675
vt 0.822593 0.848710
vt 0.863284 0.805719
vt 0.859990 0.814432
vt 0.850516 0.815036
vt 0.853767 0.806533
vt 0.854611 0.823532
vt 0.844388 0.823839
vt 0.839626 0.821143
vt 0.846475 0.812405
vt 0.849997 0.806518
vt 0.879638 0.813771
vt 0.881747 0.805154
vt 0.876384 0.822766
vt 0.872462 0.834565
vt 0.847730 0.835306
vt 0.836226 0.835303
vt 0.830738 0.833352
vt 0.580957 0.338310
vt 0.580957 0.354108
vt 0.251788 0.525512
vt 0.250106 0.525415
vt 0.250547 0.509550
vt 0.252231 0.509598
vt 0.251050 0.492305
vt 0.252723 0.492347
vt 0.580957 0.370962
vt 0.248421 0.525384
vt 0.248865 0.509509
vt 0.246108 0.525405
vt 0.246561 0.509458
vt 0.249379 0.492260
vt 0.580957 0.387991
vt 0.251565 0.474937
vt 0.253224 0.474979
vt 0.252013 0.457599
vt 0.253672 0.457589
vt 0.580957 0.405020
vt 0.249910 0.474894
vt 0.250362 0.457605
vt 0.580957 0.422050
vt 0.251628 0.440458
vt 0.253255 0.440391
vt 0.250802 0.423560
vt 0.252415 0.423448
vt 0.580957 0.439079
vt 0.250006 0.440522
vt 0.249193 0.423671
vt 0.580957 0.456037
vt 0.249452 0.406909
vt 0.251045 0.406773
vt 0.248098 0.390802
vt 0.249688 0.390714
vt 0.580957 0.472568
vt 0.247861 0.407041
vt 0.246507 0.390882
vt 0.580957 0.488593
vt 0.247630 0.375133
vt 0.249206 0.375269
vt 0.251883 0.357800
vt 0.253372 0.358271
vt 0.580957 0.506258
vt 0.246038 0.375033
vt 0.250333 0.357480
vt 0.580957 0.587575
vt 0.580957 0.603244
vt 0.308702 0.301317
vt 0.308418 0.300012
vt 0.323331 0.296762
vt 0.323458 0.298052
vt 0.337823 0.296364
vt 0.337765 0.297657
vt 0.580957 0.618814
vt 0.308176 0.298496
vt 0.323217 0.295299
vt 0.337884 0.294908
vt 0.309926 0.623796
vt 0.325446 0.626645
vt 0.310266 0.622528
vt 0.325546 0.625350
vt 0.341030 0.625279
vt 0.341134 0.626578
vt 0.310666 0.621054
vt 0.325663 0.623845
vt 0.204849 0.055990
vt 0.204849 0.071743
vt 0.204849 0.087519
vt 0.340911 0.623766
vt 0.580957 0.552203
vt 0.580957 0.571245
vt 0.278180 0.318669
vt 0.277410 0.317599
vt 0.292871 0.305778
vt 0.293317 0.307004
vt 0.276509 0.316294
vt 0.292456 0.304264
vt 0.282174 0.611155
vt 0.295097 0.618334
vt 0.282897 0.610010
vt 0.295668 0.617142
vt 0.283699 0.608603
vt 0.296336 0.615761
vt 0.204849 0.026550
vt 0.204849 0.040522
vt 0.580957 0.528873
vt 0.262457 0.336684
vt 0.263620 0.337480
vt 0.261139 0.336044
vt 0.248236 0.575171
vt 0.253515 0.586855
vt 0.249783 0.575178
vt 0.254864 0.586478
vt 0.262847 0.596768
vt 0.261692 0.597487
vt 0.251308 0.575466
vt 0.256163 0.586025
vt 0.580957 0.288195
vt 0.580957 0.277890
vt 0.580957 0.266640
vt 0.263896 0.595790
vt 0.580957 0.311286
vt 0.580957 0.324270
vt 0.578634 0.324270
vt 0.251040 0.551395
vt 0.249390 0.550999
vt 0.249744 0.538887
vt 0.251410 0.539113
vt 0.247710 0.551002
vt 0.248063 0.538873
vt 0.245744 0.539058
vt 0.271054 0.605204
vt 0.271935 0.604224
vt 0.272775 0.602957
vt 0.204849 0.003906
vt 0.204849 0.014893
vt 0.243301 0.509387
vt 0.239753 0.509302
vt 0.242835 0.525473
vt 0.239269 0.525542
vt 0.247623 0.563138
vt 0.249363 0.563217
vt 0.580957 0.298856
vt 0.251064 0.563852
vt 0.680655 0.789839
vt 0.676611 0.790015
vt 0.683982 0.789499
vt 0.242456 0.539439
vt 0.238869 0.539851
vt 0.670919 0.790062
vt 0.574996 0.324270
vt 0.570566 0.324270
vt 0.014592 0.389187
vt 0.018050 0.388837
vt 0.020350 0.405495
vt 0.016886 0.405860
vt 0.021259 0.388522
vt 0.023584 0.405152
vt 0.025108 0.422419
vt 0.021831 0.422535
vt 0.018342 0.422656
vt 0.048927 0.612707
vt 0.063384 0.617645
vt 0.062932 0.619051
vt 0.048168 0.614010
vt 0.079753 0.621304
vt 0.079496 0.622760
vt 0.079080 0.624483
vt 0.062253 0.620687
vt 0.047088 0.615508
vt 0.014144 0.015310
vt 0.014144 0.026251
vt 0.009747 0.026251
vt 0.009747 0.015310
vt 0.014144 0.037862
vt 0.009747 0.037862
vt 0.006174 0.037862
vt 0.006174 0.026251
vt 0.006174 0.015310
vt 0.078821 0.004157
vt 0.096221 0.004132
vt 0.096415 0.016620
vt 0.079117 0.016638
vt 0.096473 0.033433
vt 0.079167 0.033460
vt 0.096515 0.050984
vt 0.079189 0.051024
vt 0.096564 0.068547
vt 0.079225 0.068599
vt 0.096619 0.086115
vt 0.079274 0.086179
vt 0.096680 0.103681
vt 0.079337 0.103759
vt 0.096748 0.121237
vt 0.079414 0.121330
vt 0.096824 0.138772
vt 0.079507 0.138886
vt 0.096911 0.156274
vt 0.079623 0.156416
vt 0.097015 0.173729
vt 0.079770 0.173911
vt 0.097232 0.190625
vt 0.080050 0.191331
vt 0.098154 0.204189
vt 0.081078 0.209587
vt 0.093250 0.264113
vt 0.103045 0.269599
vt 0.101439 0.272146
vt 0.090327 0.267153
vt 0.114606 0.271050
vt 0.114629 0.273019
vt 0.099689 0.276870
vt 0.083252 0.273635
vt 0.114359 0.212106
vt 0.102177 0.214211
vt 0.100343 0.211320
vt 0.114350 0.209677
vt 0.092209 0.220471
vt 0.088985 0.217323
vt 0.596604 0.613008
vt 0.592989 0.613008
vt 0.600993 0.613008
vt 0.600993 0.628685
vt 0.596604 0.628685
vt 0.592989 0.628685
vt 0.592989 0.664075
vt 0.596604 0.664075
vt 0.596604 0.687418
vt 0.592989 0.687418
vt 0.600993 0.664075
vt 0.600993 0.687418
vt 0.600993 0.710045
vt 0.596604 0.710045
vt 0.592989 0.710045
vt 0.827508 0.671004
vt 0.822994 0.654274
vt 0.838348 0.654387
vt 0.841737 0.671745
vt 0.859085 0.654563
vt 0.861119 0.672600
vt 0.013813 0.355274
vt 0.018406 0.354747
vt 0.016378 0.372340
vt 0.012757 0.372546
vt 0.022676 0.354358
vt 0.019743 0.372193
vt 0.047290 0.006089
vt 0.061818 0.004397
vt 0.062193 0.016779
vt 0.047769 0.017782
vt 0.062233 0.033517
vt 0.047800 0.033847
vt 0.062236 0.051055
vt 0.047786 0.051108
vt 0.062260 0.068643
vt 0.047801 0.068675
vt 0.062305 0.086243
vt 0.047843 0.086297
vt 0.062368 0.103844
vt 0.047908 0.103920
vt 0.062452 0.121439
vt 0.047996 0.121541
vt 0.062559 0.139025
vt 0.048112 0.139158
vt 0.062695 0.156594
vt 0.048262 0.156766
vt 0.062871 0.174139
vt 0.048457 0.174362
vt 0.063120 0.191666
vt 0.048714 0.191940
vt 0.063385 0.209187
vt 0.049060 0.209486
vt 0.063361 0.226528
vt 0.049551 0.226979
vt 0.076452 0.226935
vt 0.076099 0.243080
vt 0.063832 0.243651
vt 0.050281 0.244407
vt 0.064869 0.260395
vt 0.051288 0.261607
vt 0.077609 0.258798
vt 0.066331 0.275772
vt 0.052238 0.277926
vt 0.596604 0.645024
vt 0.592989 0.645024
vt 0.600993 0.645024
vt 0.006174 0.067187
vt 0.009747 0.067187
vt 0.009747 0.082878
vt 0.006174 0.082878
vt 0.014144 0.067187
vt 0.014144 0.082878
vt 0.026482 0.599527
vt 0.036963 0.607111
vt 0.035663 0.608215
vt 0.024483 0.600405
vt 0.033927 0.609457
vt 0.022004 0.601344
vt 0.021643 0.439671
vt 0.018145 0.439463
vt 0.024923 0.439859
vt 0.023149 0.457202
vt 0.019901 0.456845
vt 0.016390 0.456450
vt 0.011480 0.590279
vt 0.014639 0.589526
vt 0.004787 0.577910
vt 0.008432 0.577259
vt 0.011753 0.576615
vt 0.017374 0.588779
vt 0.096938 0.623027
vt 0.096838 0.624528
vt 0.096656 0.626318
vt 0.032201 0.174628
vt 0.038568 0.174523
vt 0.038840 0.192153
vt 0.032477 0.192292
vt 0.039209 0.209777
vt 0.032852 0.209966
vt 0.592989 0.777258
vt 0.596604 0.777258
vt 0.596604 0.794297
vt 0.592989 0.794297
vt 0.600993 0.777258
vt 0.600993 0.794297
vt 0.600993 0.811335
vt 0.596604 0.811335
vt 0.592989 0.811335
vt 0.026399 0.335090
vt 0.033325 0.333441
vt 0.019474 0.336869
vt 0.026508 0.317562
vt 0.035577 0.314556
vt 0.049099 0.309526
vt 0.592989 0.905118
vt 0.596604 0.905118
vt 0.596604 0.917554
vt 0.592989 0.917554
vt 0.600993 0.905118
vt 0.600993 0.917554
vt 0.600993 0.928220
vt 0.596604 0.928220
vt 0.592989 0.928220
vt 0.819816 0.425810
vt 0.802756 0.425830
vt 0.802764 0.408413
vt 0.819826 0.408400
vt 0.780734 0.425839
vt 0.780734 0.408420
vt 0.780734 0.391003
vt 0.802770 0.390998
vt 0.819835 0.390988
vt 0.819824 0.288832
vt 0.802767 0.288834
vt 0.802900 0.276479
vt 0.820038 0.276490
vt 0.780734 0.288830
vt 0.780734 0.276474
vt 0.780734 0.266640
vt 0.803832 0.266648
vt 0.821664 0.266676
vt 0.819801 0.460625
vt 0.802746 0.460668
vt 0.802750 0.443248
vt 0.819807 0.443219
vt 0.780734 0.460688
vt 0.780734 0.443262
vt 0.819850 0.321334
vt 0.802781 0.321346
vt 0.802775 0.304223
vt 0.819843 0.304213
vt 0.780734 0.321350
vt 0.780734 0.304224
vt 0.819842 0.495438
vt 0.802772 0.495519
vt 0.802751 0.478092
vt 0.819807 0.478030
vt 0.780734 0.495549
vt 0.780734 0.478118
vt 0.819847 0.356162
vt 0.802780 0.356171
vt 0.802782 0.338758
vt 0.819850 0.338748
vt 0.780734 0.356175
vt 0.780734 0.338763
vt 0.817968 0.530359
vt 0.801688 0.530428
vt 0.802669 0.512947
vt 0.819666 0.512859
vt 0.780734 0.530442
vt 0.780734 0.512975
vt 0.802775 0.373584
vt 0.819842 0.373576
vt 0.780734 0.373589
vt 0.793190 0.637596
vt 0.787502 0.637600
vt 0.787646 0.620213
vt 0.793442 0.620229
vt 0.780734 0.637607
vt 0.780734 0.620210
vt 0.780734 0.602694
vt 0.788826 0.602715
vt 0.795506 0.602748
vt 0.793187 0.672405
vt 0.787499 0.672408
vt 0.787505 0.654999
vt 0.793195 0.654992
vt 0.780734 0.672410
vt 0.780734 0.655004
vt 0.793171 0.707233
vt 0.787486 0.707233
vt 0.787492 0.689820
vt 0.793179 0.689819
vt 0.780734 0.707233
vt 0.780734 0.689821
vt 0.793156 0.742060
vt 0.787472 0.742059
vt 0.787479 0.724646
vt 0.793163 0.724647
vt 0.780734 0.742059
vt 0.780734 0.724646
vt 0.793154 0.775518
vt 0.787467 0.775529
vt 0.787468 0.759302
vt 0.793152 0.759303
vt 0.780734 0.775524
vt 0.780734 0.759300
vt 0.807372 0.566345
vt 0.795603 0.566347
vt 0.799185 0.548191
vt 0.813617 0.548157
vt 0.780734 0.566318
vt 0.780734 0.548182
vt 0.596604 0.828373
vt 0.592989 0.828373
vt 0.600993 0.828373
vt 0.600993 0.845411
vt 0.596604 0.845411
vt 0.592989 0.845411
vt 0.031612 0.104007
vt 0.037990 0.103973
vt 0.038083 0.121613
vt 0.031706 0.121660
vt 0.038204 0.139252
vt 0.031830 0.139314
vt 0.031516 0.035366
vt 0.037893 0.034606
vt 0.037870 0.051205
vt 0.031491 0.051301
vt 0.037882 0.068694
vt 0.031503 0.068705
vt 0.903896 0.710331
vt 0.903896 0.724816
vt 0.891129 0.724725
vt 0.886504 0.710199
vt 0.780734 0.841594
vt 0.780734 0.829191
vt 0.789248 0.829078
vt 0.793547 0.841392
vt 0.796257 0.828757
vt 0.804054 0.840718
vt 0.880605 0.724672
vt 0.868277 0.709528
vt 0.592989 0.743752
vt 0.596604 0.743752
vt 0.596604 0.760291
vt 0.592989 0.760291
vt 0.600993 0.743752
vt 0.600993 0.760291
vt 0.039734 0.227391
vt 0.033384 0.227659
vt 0.040514 0.244995
vt 0.034178 0.245382
vt 0.793121 0.803475
vt 0.793402 0.816543
vt 0.787597 0.816706
vt 0.787439 0.803565
vt 0.780734 0.816743
vt 0.780734 0.803565
vt 0.037924 0.086333
vt 0.031544 0.086356
vt 0.067208 0.288489
vt 0.052331 0.292986
vt 0.083278 0.285179
vt 0.083740 0.292382
vt 0.067735 0.297658
vt 0.017911 0.474211
vt 0.014357 0.473789
vt 0.021188 0.474592
vt 0.019200 0.492128
vt 0.015901 0.491747
vt 0.012316 0.491326
vt 0.038362 0.156889
vt 0.031991 0.156969
vt 0.791758 0.584707
vt 0.800644 0.584729
vt 0.780734 0.584674
vt 0.032442 0.014599
vt 0.037431 0.010122
vt 0.037901 0.020104
vt 0.031714 0.022421
vt 0.596604 0.727719
vt 0.592989 0.727719
vt 0.600993 0.727719
vt 0.041484 0.262504
vt 0.035065 0.263114
vt 0.041781 0.279649
vt 0.034630 0.280868
vt 0.881302 0.654707
vt 0.882225 0.673093
vt 0.903896 0.654757
vt 0.903896 0.673214
vt 0.031765 0.298913
vt 0.040334 0.296500
vt 0.099343 0.283980
vt 0.099655 0.290438
vt 0.005282 0.552921
vt 0.009061 0.552417
vt 0.007758 0.565051
vt 0.003906 0.565747
vt 0.012537 0.551932
vt 0.011397 0.564346
vt 0.006174 0.003906
vt 0.009747 0.003906
vt 0.592989 0.938531
vt 0.596604 0.938531
vt 0.600993 0.938531
vt 0.014144 0.003906
vt 0.864266 0.691272
vt 0.883770 0.692383
vt 0.903896 0.692569
vt 0.596604 0.862273
vt 0.592989 0.862273
vt 0.600993 0.862273
vt 0.600993 0.878079
vt 0.596604 0.878079
vt 0.592989 0.878079
vt 0.009747 0.051779
vt 0.006174 0.051779
vt 0.014144 0.051779
vt 0.818439 0.671094
vt 0.820896 0.670767
vt 0.828796 0.685727
vt 0.826493 0.686296
vt 0.834395 0.686189
vt 0.840628 0.695837
vt 0.838682 0.697593
vt 0.836746 0.698698
vt 0.815921 0.654260
vt 0.813401 0.654426
vt 0.828761 0.390983
vt 0.828755 0.408392
vt 0.833741 0.390980
vt 0.833738 0.408388
vt 0.833735 0.425793
vt 0.828749 0.425799
vt 0.830705 0.266877
vt 0.828938 0.276403
vt 0.834167 0.267803
vt 0.833739 0.275588
vt 0.833708 0.288398
vt 0.828740 0.288762
vt 0.828744 0.443201
vt 0.833734 0.443191
vt 0.833737 0.460580
vt 0.828742 0.460596
vt 0.828762 0.304191
vt 0.833733 0.304138
vt 0.833742 0.321318
vt 0.828770 0.321324
vt 0.828754 0.477984
vt 0.833753 0.477957
vt 0.833802 0.495311
vt 0.828797 0.495363
vt 0.828771 0.338741
vt 0.833745 0.338737
vt 0.833745 0.356154
vt 0.828770 0.356157
vt 0.828603 0.512743
vt 0.833659 0.512612
vt 0.832027 0.529816
vt 0.826668 0.530184
vt 0.828766 0.373571
vt 0.833744 0.373568
vt 0.800416 0.637678
vt 0.797158 0.637617
vt 0.797462 0.620289
vt 0.800793 0.620427
vt 0.799980 0.602762
vt 0.803856 0.602729
vt 0.800437 0.672401
vt 0.797167 0.672403
vt 0.797170 0.654990
vt 0.800434 0.654995
vt 0.800447 0.707234
vt 0.797164 0.707233
vt 0.797165 0.689819
vt 0.800441 0.689819
vt 0.800465 0.742064
vt 0.797166 0.742062
vt 0.797164 0.724647
vt 0.800455 0.724648
vt 0.800503 0.775356
vt 0.797186 0.775463
vt 0.797172 0.759299
vt 0.800480 0.759288
vt 0.806239 0.584587
vt 0.811323 0.584022
vt 0.814335 0.566082
vt 0.820395 0.565129
vt 0.821662 0.547906
vt 0.827615 0.547133
vt 0.860251 0.715378
vt 0.863150 0.714143
vt 0.874795 0.725063
vt 0.871312 0.725702
vt 0.809732 0.839509
vt 0.800853 0.828242
vt 0.813003 0.838274
vt 0.804238 0.827313
vt 0.797174 0.803153
vt 0.797516 0.816111
vt 0.800516 0.802523
vt 0.800885 0.815263
vt 0.850347 0.705991
vt 0.850608 0.701077
vt 0.848345 0.707426
vt 0.846764 0.688532
vt 0.904659 0.918764
vt 0.904775 0.901852
vt 0.943283 0.901784
vt 0.940974 0.918463
vt 0.972650 0.901612
vt 0.968579 0.917951
vt 0.986219 0.901646
vt 0.981312 0.917987
vt 0.992342 0.902155
vt 0.987204 0.919120
vt 0.946513 0.962112
vt 0.949807 0.953398
vt 0.959281 0.952794
vt 0.956030 0.961297
vt 0.955186 0.944298
vt 0.965409 0.943992
vt 0.970171 0.946687
vt 0.963322 0.955425
vt 0.959800 0.961312
vt 0.904356 0.962676
vt 0.904416 0.954096
vt 0.930159 0.954059
vt 0.928050 0.962676
vt 0.904477 0.945197
vt 0.933413 0.945064
vt 0.904557 0.933558
vt 0.937335 0.933265
vt 0.962067 0.932524
vt 0.973571 0.932528
vt 0.979059 0.934478
vt 0.590660 0.878079
vt 0.590660 0.862273
vt 0.021234 0.526267
vt 0.019528 0.526019
vt 0.021292 0.510000
vt 0.023004 0.510198
vt 0.023228 0.492587
vt 0.024930 0.492778
vt 0.590660 0.845411
vt 0.017813 0.525838
vt 0.019582 0.509810
vt 0.015454 0.525655
vt 0.017239 0.509555
vt 0.021530 0.492394
vt 0.590660 0.828373
vt 0.025185 0.475048
vt 0.026873 0.475238
vt 0.027120 0.457637
vt 0.028797 0.457823
vt 0.590660 0.811335
vt 0.023501 0.474857
vt 0.025446 0.457453
vt 0.590660 0.794297
vt 0.028967 0.440092
vt 0.030687 0.440193
vt 0.029151 0.422273
vt 0.030875 0.422208
vt 0.590660 0.777258
vt 0.027258 0.439992
vt 0.027443 0.422335
vt 0.590660 0.760291
vt 0.027543 0.404711
vt 0.029219 0.404512
vt 0.025157 0.388126
vt 0.026794 0.387945
vt 0.590660 0.743752
vt 0.025875 0.404901
vt 0.023520 0.388297
vt 0.590660 0.727719
vt 0.023698 0.372134
vt 0.025323 0.372167
vt 0.026827 0.354678
vt 0.028303 0.355121
vt 0.590660 0.710045
vt 0.022062 0.372133
vt 0.025283 0.354375
vt 0.590660 0.628685
vt 0.590660 0.613008
vt 0.084386 0.298769
vt 0.084184 0.297468
vt 0.100095 0.295435
vt 0.100255 0.296801
vt 0.084024 0.295954
vt 0.099946 0.293900
vt 0.079973 0.619969
vt 0.097016 0.621644
vt 0.080200 0.618598
vt 0.097091 0.620216
vt 0.080460 0.617000
vt 0.097168 0.618549
vt 0.003906 0.067187
vt 0.003906 0.082878
vt 0.590660 0.664075
vt 0.590660 0.645024
vt 0.053885 0.316161
vt 0.053122 0.315082
vt 0.068806 0.303386
vt 0.069250 0.304610
vt 0.052229 0.313768
vt 0.068397 0.301875
vt 0.049557 0.611532
vt 0.063774 0.616365
vt 0.050153 0.610323
vt 0.064176 0.615054
vt 0.050792 0.608865
vt 0.064641 0.613521
vt 0.003906 0.037862
vt 0.003906 0.051779
vt 0.590660 0.687418
vt 0.038012 0.334241
vt 0.039170 0.335074
vt 0.036694 0.333566
vt 0.014069 0.576335
vt 0.019322 0.588258
vt 0.015663 0.576384
vt 0.020701 0.587863
vt 0.029144 0.597993
vt 0.027989 0.598773
vt 0.017224 0.576715
vt 0.022024 0.587395
vt 0.590660 0.928220
vt 0.590660 0.938531
vt 0.003906 0.003906
vt 0.003906 0.015310
vt 0.030179 0.596956
vt 0.590660 0.905118
vt 0.590660 0.892126
vt 0.592989 0.892126
vt 0.018346 0.552433
vt 0.016689 0.551886
vt 0.018042 0.539634
vt 0.019724 0.540012
vt 0.014968 0.551744
vt 0.016327 0.539472
vt 0.013943 0.539455
vt 0.037991 0.606124
vt 0.038857 0.605079
vt 0.039672 0.603742
vt 0.003906 0.026251
vt 0.013923 0.509196
vt 0.010315 0.508800
vt 0.012112 0.525434
vt 0.008471 0.525188
vt 0.013968 0.564061
vt 0.015753 0.564250
vt 0.590660 0.917554
vt 0.017462 0.564992
vt 0.797202 0.789839
vt 0.793158 0.790015
vt 0.800529 0.789499
vt 0.010554 0.539551
vt 0.006857 0.539650
vt 0.787467 0.790061
vt 0.780734 0.790057
vt 0.596604 0.892126
vt 0.600993 0.892126
vt 0.442860 0.389599
vt 0.441469 0.405819
vt 0.438118 0.405535
vt 0.439490 0.389427
vt 0.440030 0.422080
vt 0.436692 0.421780
vt 0.433604 0.421505
vt 0.435016 0.405277
vt 0.436366 0.389281
vt 0.396762 0.604387
vt 0.397829 0.605367
vt 0.386218 0.614367
vt 0.385408 0.613232
vt 0.399231 0.606431
vt 0.387298 0.615648
vt 0.373106 0.623393
vt 0.372327 0.621936
vt 0.371751 0.620686
vt 0.214832 0.171128
vt 0.210593 0.171128
vt 0.210593 0.160144
vt 0.214832 0.160144
vt 0.207119 0.171128
vt 0.207119 0.160144
vt 0.207119 0.148487
vt 0.210593 0.148487
vt 0.214832 0.148487
vt 0.375402 0.004280
vt 0.375077 0.016907
vt 0.357559 0.016848
vt 0.357779 0.004213
vt 0.374993 0.033934
vt 0.357469 0.033865
vt 0.374936 0.051705
vt 0.357394 0.051623
vt 0.374865 0.069482
vt 0.357312 0.069384
vt 0.374781 0.087259
vt 0.357223 0.087145
vt 0.374682 0.105030
vt 0.357126 0.104896
vt 0.374567 0.122787
vt 0.357022 0.122628
vt 0.374433 0.140521
vt 0.356907 0.140332
vt 0.374272 0.158222
vt 0.356778 0.157993
vt 0.374075 0.175875
vt 0.356631 0.175595
vt 0.373826 0.193464
vt 0.356456 0.193116
vt 0.373505 0.210967
vt 0.356243 0.210528
vt 0.373080 0.228358
vt 0.355975 0.227797
vt 0.372507 0.245614
vt 0.355624 0.244881
vt 0.371735 0.262426
vt 0.355155 0.261401
vt 0.370785 0.277356
vt 0.354556 0.275706
vt 0.578634 0.634383
vt 0.574996 0.634383
vt 0.578634 0.650052
vt 0.574996 0.650052
vt 0.570566 0.650052
vt 0.570566 0.634383
vt 0.578634 0.685424
vt 0.578634 0.708754
vt 0.574996 0.708754
vt 0.574996 0.685424
vt 0.578634 0.731369
vt 0.574996 0.731369
vt 0.570566 0.731369
vt 0.570566 0.708754
vt 0.570566 0.685424
vt 0.980284 0.671004
vt 0.966055 0.671745
vt 0.969444 0.654387
vt 0.984797 0.654274
vt 0.946672 0.672600
vt 0.948706 0.654563
vt 0.441889 0.356747
vt 0.443703 0.373431
vt 0.440168 0.373401
vt 0.437347 0.356382
vt 0.436879 0.373422
vt 0.433117 0.356145
vt 0.407321 0.006318
vt 0.406810 0.018149
vt 0.392211 0.017094
vt 0.392618 0.004567
vt 0.406743 0.034410
vt 0.392135 0.034036
vt 0.406720 0.051877
vt 0.392097 0.051783
vt 0.406667 0.069653
vt 0.392036 0.069576
vt 0.406588 0.087483
vt 0.391955 0.087378
vt 0.406485 0.105314
vt 0.391854 0.105179
vt 0.406355 0.123144
vt 0.391731 0.122972
vt 0.406193 0.140970
vt 0.391580 0.140751
vt 0.405987 0.158787
vt 0.391393 0.158509
vt 0.405721 0.176592
vt 0.391154 0.176237
vt 0.405370 0.194378
vt 0.390844 0.193923
vt 0.404901 0.212133
vt 0.390434 0.211551
vt 0.404265 0.229841
vt 0.389883 0.229099
vt 0.403406 0.247475
vt 0.389139 0.246545
vt 0.402338 0.264866
vt 0.388172 0.263645
vt 0.401432 0.281355
vt 0.387114 0.279291
vt 0.578634 0.666382
vt 0.574996 0.666382
vt 0.570566 0.666382
vt 0.207119 0.119047
vt 0.207119 0.103294
vt 0.210593 0.103294
vt 0.210593 0.119047
vt 0.214832 0.103294
vt 0.214832 0.119047
vt 0.413923 0.586783
vt 0.415970 0.587119
vt 0.407786 0.597022
vt 0.406319 0.596329
vt 0.418463 0.587400
vt 0.409683 0.597734
vt 0.438605 0.438313
vt 0.435275 0.438018
vt 0.437209 0.454519
vt 0.433885 0.454230
vt 0.430817 0.453964
vt 0.432198 0.437746
vt 0.422544 0.575107
vt 0.425531 0.575282
vt 0.419899 0.574862
vt 0.423825 0.563039
vt 0.426846 0.563549
vt 0.430080 0.564012
vt 0.357186 0.627000
vt 0.356855 0.625674
vt 0.357635 0.628579
vt 0.422148 0.177015
vt 0.421765 0.194924
vt 0.415341 0.194708
vt 0.415714 0.176849
vt 0.421249 0.212841
vt 0.414839 0.212560
vt 0.578634 0.798548
vt 0.578634 0.815578
vt 0.574996 0.815578
vt 0.574996 0.798548
vt 0.578634 0.832607
vt 0.574996 0.832607
vt 0.570566 0.832607
vt 0.570566 0.815578
vt 0.570566 0.798548
vt 0.422060 0.335850
vt 0.428895 0.337178
vt 0.405241 0.313146
vt 0.418976 0.317562
vt 0.428040 0.320165
vt 0.435771 0.338683
vt 0.578634 0.926341
vt 0.578634 0.938771
vt 0.574996 0.938771
vt 0.574996 0.926341
vt 0.578634 0.949432
vt 0.574996 0.949432
vt 0.570566 0.949432
vt 0.570566 0.938771
vt 0.570566 0.926341
vt 0.741652 0.425810
vt 0.741643 0.408400
vt 0.758705 0.408413
vt 0.758712 0.425830
vt 0.741634 0.390988
vt 0.758698 0.390998
vt 0.741644 0.288832
vt 0.741431 0.276490
vt 0.758568 0.276479
vt 0.758701 0.288834
vt 0.739805 0.266676
vt 0.757636 0.266648
vt 0.741668 0.460625
vt 0.741662 0.443219
vt 0.758719 0.443248
vt 0.758723 0.460668
vt 0.741619 0.321334
vt 0.741626 0.304213
vt 0.758694 0.304223
vt 0.758688 0.321346
vt 0.741627 0.495438
vt 0.741661 0.478030
vt 0.758718 0.478092
vt 0.758696 0.495519
vt 0.741621 0.356162
vt 0.741618 0.338748
vt 0.758687 0.338758
vt 0.758689 0.356171
vt 0.743501 0.530359
vt 0.741803 0.512859
vt 0.758800 0.512947
vt 0.759781 0.530429
vt 0.741627 0.373576
vt 0.758693 0.373584
vt 0.768279 0.637596
vt 0.768027 0.620229
vt 0.773822 0.620213
vt 0.773966 0.637600
vt 0.765962 0.602748
vt 0.772643 0.602715
vt 0.768282 0.672405
vt 0.768273 0.654992
vt 0.773964 0.654999
vt 0.773970 0.672408
vt 0.768298 0.707233
vt 0.768290 0.689819
vt 0.773977 0.689820
vt 0.773983 0.707233
vt 0.768313 0.742060
vt 0.768305 0.724647
vt 0.773990 0.724646
vt 0.773996 0.742059
vt 0.768315 0.775518
vt 0.768317 0.759303
vt 0.774001 0.759302
vt 0.774002 0.775529
vt 0.754096 0.566345
vt 0.747852 0.548157
vt 0.762284 0.548191
vt 0.765866 0.566347
vt 0.578634 0.849636
vt 0.574996 0.849636
vt 0.578634 0.866665
vt 0.574996 0.866665
vt 0.570566 0.866665
vt 0.570566 0.849636
vt 0.422967 0.105469
vt 0.422830 0.123344
vt 0.416382 0.123266
vt 0.416516 0.105409
vt 0.422657 0.141226
vt 0.416212 0.141125
vt 0.423216 0.035991
vt 0.423204 0.052118
vt 0.416752 0.052004
vt 0.416766 0.035204
vt 0.423154 0.069733
vt 0.416702 0.069702
vt 0.921288 0.710199
vt 0.916663 0.724725
vt 0.939515 0.709528
vt 0.927187 0.724672
vt 0.767922 0.841392
vt 0.757414 0.840718
vt 0.765212 0.828757
vt 0.772221 0.829078
vt 0.578634 0.765059
vt 0.578634 0.781590
vt 0.574996 0.781590
vt 0.574996 0.765059
vt 0.570566 0.781590
vt 0.570566 0.765059
vt 0.420546 0.230756
vt 0.414158 0.230391
vt 0.419589 0.248647
vt 0.413233 0.248174
vt 0.768348 0.803475
vt 0.774029 0.803565
vt 0.773872 0.816706
vt 0.768066 0.816543
vt 0.423074 0.087599
vt 0.416622 0.087554
vt 0.401522 0.296564
vt 0.386297 0.292321
vt 0.385907 0.301732
vt 0.369005 0.296740
vt 0.369803 0.288976
vt 0.435842 0.470710
vt 0.432523 0.470427
vt 0.434502 0.486893
vt 0.431187 0.486615
vt 0.428135 0.486360
vt 0.429464 0.470166
vt 0.422436 0.159115
vt 0.415995 0.158987
vt 0.760824 0.584729
vt 0.769710 0.584707
vt 0.422328 0.014970
vt 0.423047 0.022889
vt 0.416792 0.020526
vt 0.417290 0.010425
vt 0.578634 0.749034
vt 0.574996 0.749034
vt 0.570566 0.749034
vt 0.418607 0.266473
vt 0.412187 0.265813
vt 0.419070 0.284215
vt 0.411937 0.283025
vt 0.925566 0.673093
vt 0.926489 0.654707
vt 0.413635 0.299829
vt 0.422206 0.302042
vt 0.353864 0.286264
vt 0.353195 0.292954
vt 0.430805 0.542611
vt 0.431257 0.553696
vt 0.427908 0.552904
vt 0.427482 0.541794
vt 0.424764 0.552125
vt 0.424382 0.541011
vt 0.578634 0.970987
vt 0.574996 0.970987
vt 0.574996 0.959737
vt 0.578634 0.959737
vt 0.570566 0.970987
vt 0.570566 0.959737
vt 0.924021 0.692383
vt 0.943525 0.691272
vt 0.578634 0.883519
vt 0.574996 0.883519
vt 0.578634 0.899317
vt 0.574996 0.899317
vt 0.570566 0.899317
vt 0.570566 0.883519
vt 0.207119 0.134515
vt 0.210593 0.134515
vt 0.214832 0.134515
vt 0.989352 0.671094
vt 0.981299 0.686296
vt 0.978996 0.685727
vt 0.986895 0.670767
vt 0.971045 0.698698
vt 0.969109 0.697593
vt 0.967164 0.695837
vt 0.973396 0.686189
vt 0.994390 0.654426
vt 0.991870 0.654260
vt 0.732713 0.408392
vt 0.732707 0.390983
vt 0.732719 0.425799
vt 0.727733 0.425793
vt 0.727730 0.408388
vt 0.727727 0.390980
vt 0.732531 0.276403
vt 0.730764 0.266877
vt 0.732729 0.288763
vt 0.727761 0.288398
vt 0.727729 0.275588
vt 0.727302 0.267803
vt 0.732725 0.443201
vt 0.732726 0.460596
vt 0.727731 0.460580
vt 0.727735 0.443191
vt 0.732707 0.304191
vt 0.732699 0.321324
vt 0.727727 0.321318
vt 0.727735 0.304138
vt 0.732715 0.477984
vt 0.732672 0.495363
vt 0.727667 0.495311
vt 0.727715 0.477957
vt 0.732697 0.338741
vt 0.732699 0.356157
vt 0.727724 0.356154
vt 0.727724 0.338737
vt 0.732865 0.512743
vt 0.734800 0.530184
vt 0.729442 0.529816
vt 0.727810 0.512612
vt 0.732702 0.373571
vt 0.727725 0.373568
vt 0.761053 0.637678
vt 0.760676 0.620427
vt 0.764006 0.620289
vt 0.764311 0.637617
vt 0.757612 0.602729
vt 0.761488 0.602762
vt 0.761032 0.672401
vt 0.761035 0.654995
vt 0.764299 0.654990
vt 0.764302 0.672403
vt 0.761021 0.707234
vt 0.761028 0.689819
vt 0.764304 0.689819
vt 0.764304 0.707233
vt 0.761004 0.742064
vt 0.761014 0.724648
vt 0.764304 0.724647
vt 0.764302 0.742062
vt 0.760965 0.775356
vt 0.760988 0.759288
vt 0.764296 0.759299
vt 0.764282 0.775463
vt 0.750145 0.584022
vt 0.755230 0.584587
vt 0.741074 0.565129
vt 0.747133 0.566082
vt 0.733854 0.547133
vt 0.739807 0.547906
vt 0.947541 0.715378
vt 0.936479 0.725702
vt 0.932996 0.725063
vt 0.944642 0.714143
vt 0.748465 0.838274
vt 0.757230 0.827313
vt 0.760616 0.828242
vt 0.751737 0.839509
vt 0.763952 0.816111
vt 0.764295 0.803152
vt 0.760583 0.815263
vt 0.760952 0.802523
vt 0.957184 0.701077
vt 0.957445 0.705991
vt 0.959447 0.707426
vt 0.961027 0.688531
vt 0.868351 0.917963
vt 0.866271 0.901254
vt 0.840756 0.917071
vt 0.836910 0.900677
vt 0.828023 0.916932
vt 0.823342 0.900526
vt 0.822116 0.917984
vt 0.817212 0.900950
vt 0.862212 0.961531
vt 0.852707 0.960586
vt 0.849573 0.952039
vt 0.859038 0.952774
vt 0.848937 0.960549
vt 0.845497 0.954615
vt 0.838768 0.945783
vt 0.843567 0.943153
vt 0.853785 0.943600
vt 0.880665 0.962350
vt 0.878675 0.953704
vt 0.875545 0.944666
vt 0.871786 0.932814
vt 0.847066 0.931732
vt 0.835563 0.931578
vt 0.830049 0.933452
vt 0.580957 0.883519
vt 0.580957 0.899317
vt 0.580957 0.866665
vt 0.421547 0.501896
vt 0.422833 0.485916
vt 0.424408 0.486048
vt 0.423123 0.502019
vt 0.420405 0.516583
vt 0.421980 0.516653
vt 0.424695 0.502150
vt 0.423551 0.516783
vt 0.425980 0.486180
vt 0.426847 0.502335
vt 0.425698 0.517021
vt 0.580957 0.849636
vt 0.580957 0.832607
vt 0.424159 0.469716
vt 0.425506 0.453506
vt 0.427082 0.453642
vt 0.425734 0.469849
vt 0.427305 0.469983
vt 0.428655 0.453777
vt 0.580957 0.815578
vt 0.580957 0.798548
vt 0.426878 0.437281
vt 0.428271 0.421034
vt 0.429851 0.421173
vt 0.428455 0.437418
vt 0.430030 0.437556
vt 0.431429 0.421312
vt 0.580957 0.781590
vt 0.580957 0.765059
vt 0.429667 0.404830
vt 0.430986 0.389022
vt 0.432577 0.389104
vt 0.431250 0.404964
vt 0.432833 0.405096
vt 0.434168 0.389181
vt 0.580957 0.749034
vt 0.580957 0.731369
vt 0.431429 0.373692
vt 0.427579 0.357092
vt 0.429025 0.356602
vt 0.433015 0.373571
vt 0.434613 0.373482
vt 0.430540 0.356251
vt 0.580957 0.634383
vt 0.580957 0.650052
vt 0.352308 0.299071
vt 0.352547 0.297763
vt 0.367890 0.303570
vt 0.368202 0.302185
vt 0.352778 0.296276
vt 0.368473 0.300581
vt 0.356558 0.624456
vt 0.371236 0.619538
vt 0.356253 0.623205
vt 0.370705 0.618363
vt 0.355902 0.621753
vt 0.370085 0.616997
vt 0.204849 0.103294
vt 0.204849 0.119047
vt 0.580957 0.666382
vt 0.580957 0.685424
vt 0.384649 0.308955
vt 0.385036 0.307667
vt 0.400762 0.320047
vt 0.401469 0.318920
vt 0.385381 0.306080
vt 0.402296 0.317552
vt 0.384686 0.612195
vt 0.395844 0.603484
vt 0.383944 0.611140
vt 0.394941 0.602536
vt 0.383078 0.609914
vt 0.393917 0.601364
vt 0.204849 0.134515
vt 0.204849 0.148487
vt 0.580957 0.708754
vt 0.416423 0.337695
vt 0.417522 0.336836
vt 0.418784 0.336122
vt 0.417994 0.574697
vt 0.421671 0.562803
vt 0.412350 0.586453
vt 0.411090 0.586017
vt 0.416624 0.574560
vt 0.420178 0.562869
vt 0.415289 0.574346
vt 0.418687 0.563211
vt 0.409875 0.585320
vt 0.580957 0.959737
vt 0.580957 0.970987
vt 0.580957 0.949432
vt 0.578634 0.913357
vt 0.580957 0.913357
vt 0.580957 0.926341
vt 0.419517 0.529184
vt 0.421095 0.529115
vt 0.418968 0.540903
vt 0.420567 0.540551
vt 0.422667 0.529240
vt 0.422171 0.540593
vt 0.424816 0.529591
vt 0.405131 0.595678
vt 0.404075 0.594936
vt 0.402994 0.593918
vt 0.204849 0.160144
vt 0.204849 0.171128
vt 0.433202 0.502892
vt 0.429891 0.502602
vt 0.432028 0.517792
vt 0.428729 0.517390
vt 0.420966 0.551844
vt 0.422536 0.551761
vt 0.580957 0.938771
vt 0.419444 0.552414
vt 0.768310 0.790015
vt 0.764266 0.789839
vt 0.760940 0.789499
vt 0.431132 0.530827
vt 0.427843 0.530186
vt 0.774002 0.790061
vt 0.574996 0.913357
vt 0.570566 0.913357
vt 0.958570 0.056520
vt 0.958570 0.046004
vt 0.966418 0.046004
vt 0.966418 0.056520
vt 0.976665 0.046004
vt 0.976665 0.056520
vt 0.136546 0.220370
vt 0.126554 0.214147
vt 0.128373 0.211243
vt 0.139758 0.217209
vt 0.958570 0.119676
vt 0.958570 0.109145
vt 0.966418 0.109145
vt 0.966418 0.119676
vt 0.976665 0.109145
vt 0.976665 0.119676
vt 0.958570 0.067038
vt 0.966418 0.067038
vt 0.976665 0.067038
vt 0.958570 0.161779
vt 0.958570 0.151243
vt 0.966418 0.151243
vt 0.966418 0.161779
vt 0.958570 0.140724
vt 0.966418 0.140724
vt 0.976665 0.140724
vt 0.976665 0.151243
vt 0.976665 0.161779
vt 0.958570 0.130208
vt 0.966418 0.130208
vt 0.976665 0.130208
vt 0.084712 0.242750
vt 0.087052 0.254608
vt 0.084360 0.256478
vt 0.082408 0.242828
vt 0.958570 0.003906
vt 0.966418 0.003906
vt 0.958570 0.172314
vt 0.966418 0.172314
vt 0.976665 0.172314
vt 0.976665 0.003906
vt 0.086387 0.230628
vt 0.083524 0.228874
vt 0.126107 0.269296
vt 0.127745 0.271750
vt 0.135723 0.263764
vt 0.138638 0.266744
vt 0.144103 0.242546
vt 0.142392 0.230487
vt 0.145241 0.228726
vt 0.146398 0.242610
vt 0.954732 0.067038
vt 0.954732 0.056520
vt 0.954732 0.077574
vt 0.953332 0.077574
vt 0.953332 0.067038
vt 0.953332 0.056520
vt 0.952358 0.067038
vt 0.952358 0.056520
vt 0.952358 0.077574
vt 0.138998 0.252545
vt 0.141351 0.242480
vt 0.142074 0.242496
vt 0.139690 0.252903
vt 0.133049 0.260816
vt 0.133644 0.261496
vt 0.140496 0.253359
vt 0.134344 0.262275
vt 0.142906 0.242516
vt 0.141828 0.254336
vt 0.954732 0.088110
vt 0.954732 0.098629
vt 0.953332 0.098629
vt 0.953332 0.088110
vt 0.952358 0.088110
vt 0.952358 0.098629
vt 0.139413 0.232181
vt 0.133640 0.223339
vt 0.134284 0.222651
vt 0.140137 0.231845
vt 0.140982 0.231417
vt 0.135043 0.221865
vt 0.954732 0.109145
vt 0.954732 0.119676
vt 0.953332 0.119676
vt 0.953332 0.109145
vt 0.952358 0.109145
vt 0.952358 0.119676
vt 0.124743 0.217641
vt 0.114372 0.215723
vt 0.114368 0.214566
vt 0.125143 0.216632
vt 0.125608 0.215607
vt 0.114364 0.213435
vt 0.125248 0.267904
vt 0.114592 0.269793
vt 0.114581 0.268718
vt 0.124829 0.266927
vt 0.124470 0.265965
vt 0.114569 0.267611
vt 0.952358 0.046004
vt 0.952358 0.035472
vt 0.953332 0.035472
vt 0.953332 0.046004
vt 0.954732 0.046004
vt 0.954732 0.035472
vt 0.088387 0.253615
vt 0.094626 0.262592
vt 0.085914 0.242712
vt 0.086750 0.242688
vt 0.089195 0.253150
vt 0.095323 0.261795
vt 0.089891 0.252783
vt 0.095914 0.261100
vt 0.087476 0.242666
vt 0.952358 0.172314
vt 0.952358 0.161779
vt 0.953332 0.161779
vt 0.953332 0.172314
vt 0.952358 0.014424
vt 0.952358 0.003906
vt 0.953332 0.003906
vt 0.953332 0.014424
vt 0.954732 0.003906
vt 0.954732 0.014424
vt 0.954732 0.161779
vt 0.954732 0.172314
vt 0.087805 0.231556
vt 0.093721 0.221960
vt 0.094485 0.222742
vt 0.088655 0.231981
vt 0.089383 0.232313
vt 0.095135 0.223426
vt 0.952358 0.151243
vt 0.952358 0.140724
vt 0.953332 0.140724
vt 0.953332 0.151243
vt 0.954732 0.151243
vt 0.954732 0.140724
vt 0.103132 0.215665
vt 0.103604 0.216686
vt 0.104012 0.217691
vt 0.952358 0.130208
vt 0.953332 0.130208
vt 0.954732 0.130208
vt 0.954732 0.024941
vt 0.953332 0.024941
vt 0.952358 0.024941
vt 0.104626 0.266185
vt 0.104285 0.267167
vt 0.103883 0.268165
vt 0.144512 0.256181
vt 0.952416 0.241006
vt 0.952407 0.231204
vt 0.959857 0.231197
vt 0.959866 0.240999
vt 0.952397 0.220783
vt 0.959847 0.220775
vt 0.967667 0.220768
vt 0.967677 0.231189
vt 0.967686 0.240992
vt 0.952493 0.321830
vt 0.952484 0.312045
vt 0.959934 0.312038
vt 0.959943 0.321823
vt 0.952474 0.301624
vt 0.959924 0.301617
vt 0.967744 0.301609
vt 0.967754 0.312031
vt 0.967763 0.321815
vt 0.135357 0.315600
vt 0.138048 0.321808
vt 0.130186 0.320775
vt 0.129151 0.312909
vt 0.139401 0.331111
vt 0.130861 0.331117
vt 0.119847 0.331120
vt 0.119849 0.320103
vt 0.119852 0.311559
vt 0.952464 0.291203
vt 0.959914 0.291196
vt 0.952455 0.281418
vt 0.959905 0.281411
vt 0.967725 0.281404
vt 0.967734 0.291188
vt 0.952387 0.210362
vt 0.959837 0.210354
vt 0.952377 0.200577
vt 0.959827 0.200570
vt 0.967648 0.200562
vt 0.967657 0.210347
vt 0.952435 0.261212
vt 0.952425 0.250791
vt 0.959875 0.250784
vt 0.959885 0.261205
vt 0.967696 0.250777
vt 0.967706 0.261198
vt 0.952513 0.342036
vt 0.952503 0.331615
vt 0.959953 0.331608
vt 0.959963 0.342029
vt 0.967773 0.331600
vt 0.967783 0.342021
vt 0.952368 0.190792
vt 0.959818 0.190785
vt 0.952358 0.180371
vt 0.959808 0.180364
vt 0.967628 0.180356
vt 0.967638 0.190777
vt 0.138057 0.340418
vt 0.130190 0.341457
vt 0.135369 0.346633
vt 0.129152 0.349320
vt 0.119842 0.350666
vt 0.119845 0.342131
vt 0.104341 0.315595
vt 0.110549 0.312909
vt 0.109511 0.320772
vt 0.101647 0.321801
vt 0.108833 0.331112
vt 0.100293 0.331102
vt 0.952445 0.271633
vt 0.959895 0.271626
vt 0.967716 0.271619
vt 0.141950 0.340450
vt 0.136924 0.348186
vt 0.143748 0.331105
vt 0.145556 0.331100
vt 0.143591 0.340936
vt 0.138043 0.349302
vt 0.145257 0.341623
vt 0.139312 0.350561
vt 0.147373 0.331091
vt 0.972070 0.331596
vt 0.972080 0.342017
vt 0.972061 0.321811
vt 0.141936 0.321770
vt 0.136911 0.314044
vt 0.138028 0.312925
vt 0.143574 0.321277
vt 0.145234 0.320576
vt 0.139287 0.311656
vt 0.971936 0.190773
vt 0.971945 0.200558
vt 0.971926 0.180352
vt 0.129186 0.309016
vt 0.119848 0.307212
vt 0.119845 0.305404
vt 0.129674 0.307376
vt 0.130362 0.305710
vt 0.119838 0.303587
vt 0.971954 0.210343
vt 0.971964 0.220764
vt 0.972052 0.312026
vt 0.972042 0.301605
vt 0.130378 0.356507
vt 0.119855 0.358639
vt 0.119849 0.356822
vt 0.129678 0.354847
vt 0.129187 0.353209
vt 0.119846 0.355014
vt 0.972013 0.271615
vt 0.972022 0.281399
vt 0.972003 0.261194
vt 0.094447 0.341630
vt 0.092321 0.331109
vt 0.094138 0.331104
vt 0.096108 0.340932
vt 0.100387 0.350567
vt 0.101648 0.349299
vt 0.097747 0.340442
vt 0.102765 0.348182
vt 0.095946 0.331102
vt 0.101636 0.340411
vt 0.104320 0.346628
vt 0.971993 0.250773
vt 0.971984 0.240988
vt 0.094450 0.320584
vt 0.100402 0.311661
vt 0.101669 0.312922
vt 0.096115 0.321274
vt 0.097755 0.321763
vt 0.102787 0.314040
vt 0.971974 0.231185
vt 0.109324 0.305720
vt 0.110023 0.307381
vt 0.110514 0.309019
vt 0.110535 0.349319
vt 0.110500 0.353212
vt 0.110012 0.354852
vt 0.109323 0.356517
vt 0.972032 0.291184
vt 0.109502 0.341454
vt 0.032038 0.898861
vt 0.032038 0.768914
vt 0.048282 0.768914
vt 0.048282 0.898861
vt 0.032038 0.638967
vt 0.048282 0.638967
vt 0.064525 0.638967
vt 0.064525 0.768914
vt 0.064525 0.898861
vt 0.080769 0.768914
vt 0.080768 0.898861
vt 0.080768 0.638967
vt 0.097012 0.638967
vt 0.097012 0.768914
vt 0.097012 0.898861
vt 0.113255 0.768914
vt 0.113255 0.898861
vt 0.113255 0.638967
vt 0.129499 0.638967
vt 0.129499 0.768914
vt 0.129499 0.898861
vt 0.145742 0.768914
vt 0.145742 0.898861
vt 0.145742 0.638967
vt 0.161986 0.638967
vt 0.161985 0.768914
vt 0.161986 0.898861
vt 0.178229 0.768914
vt 0.178229 0.898861
vt 0.178229 0.638967
vt 0.194472 0.638967
vt 0.194472 0.768914
vt 0.194472 0.898861
vt 0.210716 0.768914
vt 0.210716 0.898861
vt 0.210716 0.638967
vt 0.226959 0.638967
vt 0.226959 0.768914
vt 0.226959 0.898861
vt 0.243202 0.768914
vt 0.243202 0.898861
vt 0.243202 0.638967
vt 0.259446 0.638967
vt 0.259446 0.768914
vt 0.259446 0.898861
vt 0.275689 0.768914
vt 0.275689 0.898861
vt 0.275689 0.638967
vt 0.291933 0.638967
vt 0.291933 0.768914
vt 0.291933 0.898861
vt 0.308176 0.768914
vt 0.308176 0.898861
vt 0.308176 0.638967
vt 0.324419 0.638967
vt 0.324419 0.768914
vt 0.324419 0.898861
vt 0.340663 0.768914
vt 0.340663 0.898861
vt 0.340663 0.638967
vt 0.356906 0.638967
vt 0.356906 0.768914
vt 0.356906 0.898861
vt 0.373150 0.768914
vt 0.373150 0.898861
vt 0.373150 0.638967
vt 0.389393 0.638967
vt 0.389393 0.768914
vt 0.389393 0.898861
vt 0.405636 0.768914
vt 0.405636 0.898861
vt 0.405636 0.638967
vt 0.421880 0.638967
vt 0.421880 0.768914
vt 0.421880 0.898861
vt 0.438123 0.768914
vt 0.438123 0.898861
vt 0.438123 0.638967
vt 0.454367 0.638967
vt 0.454367 0.768914
vt 0.454367 0.898861
vt 0.470610 0.768914
vt 0.470610 0.898861
vt 0.470610 0.638967
vt 0.486853 0.638967
vt 0.486853 0.768914
vt 0.486853 0.898861
vt 0.503097 0.768914
vt 0.503097 0.898861
vt 0.503097 0.638967
vt 0.519340 0.638967
vt 0.519340 0.768914
vt 0.519340 0.898861
vt 0.535584 0.768914
vt 0.535584 0.898861
vt 0.535584 0.638967
vt 0.551827 0.638967
vt 0.551827 0.768914
vt 0.551827 0.898861
vt 0.433925 0.258603
vt 0.433925 0.131254
vt 0.449843 0.131254
vt 0.449843 0.258603
vt 0.433925 0.003906
vt 0.449843 0.003906
vt 0.465762 0.003906
vt 0.465762 0.131254
vt 0.465762 0.258603
vt 0.481680 0.131254
vt 0.481680 0.258603
vt 0.481680 0.003906
vt 0.497599 0.003906
vt 0.497599 0.131254
vt 0.497599 0.258603
vt 0.513517 0.131254
vt 0.513517 0.258603
vt 0.513517 0.003906
vt 0.529436 0.003906
vt 0.529436 0.131254
vt 0.529436 0.258603
vt 0.545354 0.131254
vt 0.545354 0.258603
vt 0.545354 0.003906
vt 0.561273 0.003906
vt 0.561273 0.131254
vt 0.561273 0.258603
vt 0.577191 0.131254
vt 0.577191 0.258603
vt 0.577191 0.003906
vt 0.593110 0.003906
vt 0.593110 0.131254
vt 0.593110 0.258603
vt 0.609029 0.131254
vt 0.609028 0.258603
vt 0.609028 0.003906
vt 0.624947 0.003906
vt 0.624947 0.131254
vt 0.624947 0.258603
vt 0.640866 0.131254
vt 0.640866 0.258603
vt 0.640866 0.003906
vt 0.656784 0.003906
vt 0.656784 0.131254
vt 0.656784 0.258603
vt 0.672703 0.131254
vt 0.672703 0.258603
vt 0.672703 0.003906
vt 0.688621 0.003906
vt 0.688621 0.131254
vt 0.688621 0.258603
vt 0.704540 0.131254
vt 0.704540 0.258603
vt 0.704540 0.003906
vt 0.720458 0.003906
vt 0.720458 0.131254
vt 0.720458 0.258603
vt 0.736377 0.131254
vt 0.736377 0.258603
vt 0.736377 0.003906
vt 0.752295 0.003906
vt 0.752295 0.131254
vt 0.752295 0.258603
vt 0.768214 0.131254
vt 0.768214 0.258603
vt 0.768214 0.003906
vt 0.784132 0.003906
vt 0.784132 0.131254
vt 0.784132 0.258603
vt 0.800051 0.131254
vt 0.800051 0.258603
vt 0.800051 0.003906
vt 0.815969 0.003906
vt 0.815969 0.131254
vt 0.815969 0.258603
vt 0.831888 0.131254
vt 0.831888 0.258603
vt 0.831888 0.003906
vt 0.847806 0.003906
vt 0.847806 0.131254
vt 0.847806 0.258603
vt 0.863725 0.131254
vt 0.863725 0.258603
vt 0.863725 0.003906
vt 0.879643 0.003906
vt 0.879643 0.131254
vt 0.879643 0.258603
vt 0.895562 0.131254
vt 0.895562 0.258603
vt 0.895562 0.003906
vt 0.911481 0.003906
vt 0.911481 0.131254
vt 0.911481 0.258603
vt 0.927399 0.131254
vt 0.927399 0.258603
vt 0.927399 0.003906
vt 0.943318 0.003906
vt 0.943318 0.131254
vt 0.943318 0.258603
s 1
usemtl MicroPhone
f 86/1/69 696/2/606 1732/3/1499 842/4/741
f 696/2/606 90/5/73 841/6/740 1732/3/1499
f 1732/3/1499 841/6/740 118/7/101 786/8/687
f 842/4/741 1732/3/1499 786/8/687 121/9/104
f 127/10/110 852/11/751 1733/12/1500 812/13/713
f 852/11/751 60/14/44 660/15/577 1733/12/1500
f 1733/12/1500 660/15/577 62/16/46 853/17/752
f 812/13/713 1733/12/1500 853/17/752 133/18/116
f 52/19/37 848/20/747 1734/21/1501 635/22/564
f 848/20/747 148/23/131 831/24/732 1734/21/1501
f 1734/21/1501 831/24/732 126/25/109 849/26/748
f 635/22/564 1734/21/1501 849/26/748 30/27/23
f 105/28/88 761/29/665 1735/30/1502 762/31/666
f 761/29/665 15/32/13 609/33/547 1735/30/1502
f 1735/30/1502 609/33/547 22/34/18 589/35/538
f 762/31/666 1735/30/1502 589/35/538 2/36/2
f 15/32/13 603/37/12 1736/38/548 609/33/547
f 603/37/12 14/39/12 610/40/548 1736/38/548
f 1736/38/548 610/40/548 21/41/17 608/42/17
f 609/33/547 1736/38/548 608/42/17 22/34/18
f 14/39/12 602/43/12 1737/44/548 610/40/548
f 602/43/12 13/45/12 611/46/548 1737/44/548
f 1737/44/548 611/46/548 20/47/17 607/48/17
f 610/40/548 1737/44/548 607/48/17 21/41/17
f 13/45/12 601/49/12 1738/50/548 611/46/548
f 601/49/12 12/51/12 612/52/548 1738/50/548
f 1738/50/548 612/52/548 19/53/17 606/54/17
f 611/46/548 1738/50/548 606/54/17 20/47/17
f 12/51/12 600/55/12 1739/56/548 612/52/548
f 600/55/12 11/57/11 613/58/549 1739/56/548
f 1739/56/548 613/58/549 18/59/16 605/60/17
f 612/52/548 1739/56/548 605/60/17 19/53/17
f 11/57/11 599/61/545 1740/62/1503 613/58/549
f 599/61/545 544/63/493 614/64/550 1740/62/1503
f 1740/62/1503 614/64/550 17/65/15 604/66/546
f 613/58/549 1740/62/1503 604/66/546 18/59/16
f 564/67/513 1670/68/1437 1741/69/1504 1722/70/1489
f 1670/68/1437 560/71/509 1721/72/1488 1741/69/1504
f 1741/69/1504 1721/72/1488 550/73/499 1653/74/1420
f 1722/70/1489 1741/69/1504 1653/74/1420 553/75/502
f 585/76/534 1712/77/1479 1742/78/1505 1719/79/1486
f 1712/77/1479 568/80/517 1726/81/1493 1742/78/1505
f 1742/78/1505 1726/81/1493 554/82/503 1659/83/1426
f 1719/79/1486 1742/78/1505 1659/83/1426 548/84/497
f 142/85/125 793/86/694 1743/87/1506 860/88/759
f 793/86/694 136/89/119 856/90/755 1743/87/1506
f 1743/87/1506 856/90/755 33/91/26 631/92/560
f 860/88/759 1743/87/1506 631/92/560 35/93/28
f 130/94/113 816/95/717 1744/96/1507 846/97/745
f 816/95/717 123/98/106 845/99/744 1744/96/1507
f 1744/96/1507 845/99/744 29/100/22 636/101/565
f 846/97/745 1744/96/1507 636/101/565 31/102/24
f 61/103/45 721/104/631 1745/105/1508 665/106/582
f 721/104/631 55/107/39 654/108/571 1745/105/1508
f 1745/105/1508 654/108/571 54/109/38 722/110/632
f 665/106/582 1745/105/1508 722/110/632 64/111/48
f 93/112/76 692/113/602 1746/114/1509 844/115/743
f 692/113/602 86/1/69 842/4/741 1746/114/1509
f 1746/114/1509 842/4/741 121/9/104 791/116/692
f 844/115/743 1746/114/1509 791/116/692 124/117/107
f 1/118/1 588/119/537 1747/120/1510 760/121/664
f 588/119/537 10/122/10 616/123/552 1747/120/1510
f 1747/120/1510 616/123/552 15/32/13 761/29/665
f 760/121/664 1747/120/1510 761/29/665 105/28/88
f 10/122/10 596/124/9 1748/125/553 616/123/552
f 596/124/9 9/126/9 617/127/553 1748/125/553
f 1748/125/553 617/127/553 14/39/12 603/37/12
f 616/123/552 1748/125/553 603/37/12 15/32/13
f 9/126/9 595/128/8 1749/129/553 617/127/553
f 595/128/8 8/130/8 618/131/553 1749/129/553
f 1749/129/553 618/131/553 13/45/12 602/43/12
f 617/127/553 1749/129/553 602/43/12 14/39/12
f 8/130/8 594/132/7 1750/133/553 618/131/553
f 594/132/7 7/134/7 619/135/553 1750/133/553
f 1750/133/553 619/135/553 12/51/12 601/49/12
f 618/131/553 1750/133/553 601/49/12 13/45/12
f 7/134/7 593/136/542 1751/137/553 619/135/553
f 593/136/542 6/138/6 620/139/554 1751/137/553
f 1751/137/553 620/139/554 11/57/11 600/55/12
f 619/135/553 1751/137/553 600/55/12 12/51/12
f 6/138/6 592/140/541 1752/141/1511 620/139/554
f 592/140/541 5/142/5 621/143/555 1752/141/1511
f 1752/141/1511 621/143/555 544/63/493 599/61/545
f 620/139/554 1752/141/1511 599/61/545 11/57/11
f 5/142/5 591/144/540 1753/145/1512 621/143/555
f 591/144/540 4/146/4 622/147/556 1753/145/1512
f 1753/145/1512 622/147/556 543/148/492 598/149/544
f 621/143/555 1753/145/1512 598/149/544 544/63/493
f 4/146/4 590/150/539 1754/151/1513 622/147/556
f 590/150/539 3/152/3 623/153/557 1754/151/1513
f 1754/151/1513 623/153/557 542/154/491 597/155/543
f 622/147/556 1754/151/1513 597/155/543 543/148/492
f 136/89/119 807/156/708 1755/157/1514 856/90/755
f 807/156/708 130/94/113 846/97/745 1755/157/1514
f 1755/157/1514 846/97/745 31/102/24 633/158/562
f 856/90/755 1755/157/1514 633/158/562 33/91/26
f 132/159/115 805/160/706 1756/161/1515 850/162/749
f 805/160/706 138/163/121 857/164/756 1756/161/1515
f 1756/161/1515 857/164/756 34/165/27 632/166/561
f 850/162/749 1756/161/1515 632/166/561 32/167/25
f 147/168/130 851/169/750 1757/170/1516 829/171/730
f 851/169/750 98/172/81 719/173/629 1757/170/1516
f 1757/170/1516 719/173/629 60/14/44 852/11/751
f 829/171/730 1757/170/1516 852/11/751 127/10/110
f 90/5/73 699/174/609 1758/175/1517 841/6/740
f 699/174/609 92/176/75 838/177/739 1758/175/1517
f 1758/175/1517 838/177/739 115/178/98 781/179/682
f 841/6/740 1758/175/1517 781/179/682 118/7/101
f 98/172/81 851/169/750 1759/180/1518 713/181/623
f 851/169/750 147/168/130 820/182/721 1759/180/1518
f 1759/180/1518 820/182/721 145/183/128 837/184/738
f 713/181/623 1759/180/1518 837/184/738 99/185/82
f 133/18/116 853/17/752 1760/186/1519 800/187/701
f 853/17/752 62/16/46 664/188/581 1760/186/1519
f 1760/186/1519 664/188/581 63/189/47 858/190/757
f 800/187/701 1760/186/1519 858/190/757 139/191/122
f 68/192/52 676/193/52 1761/194/637 727/195/637
f 676/193/52 70/196/54 728/197/637 1761/194/637
f 1761/194/637 728/197/637 5/142/5 592/140/541
f 727/195/637 1761/194/637 592/140/541 6/138/6
f 117/198/100 777/199/100 1762/200/735 840/201/735
f 777/199/100 114/202/97 839/203/735 1762/200/735
f 1762/200/735 839/203/735 26/204/20 628/205/20
f 840/201/735 1762/200/735 628/205/20 27/206/20
f 124/117/107 818/207/719 1763/208/1520 844/115/743
f 818/207/719 129/209/112 847/210/746 1763/208/1520
f 1763/208/1520 847/210/746 65/211/49 707/212/617
f 844/115/743 1763/208/1520 707/212/617 93/112/76
f 154/213/137 865/214/763 1764/215/1521 873/216/771
f 865/214/763 144/217/127 836/218/737 1764/215/1521
f 1764/215/1521 836/218/737 23/219/19 861/220/760
f 873/216/771 1764/215/1521 861/220/760 150/221/133
f 67/222/51 667/223/584 1765/224/641 730/225/639
f 667/223/584 84/226/67 732/227/641 1765/224/641
f 1765/224/641 732/227/641 39/228/32 648/229/32
f 730/225/639 1765/224/641 648/229/32 45/230/32
f 73/231/57 671/232/587 1766/233/1522 738/234/646
f 671/232/587 81/235/64 740/236/648 1766/233/1522
f 1766/233/1522 740/236/648 38/237/31 649/238/569
f 738/234/646 1766/233/1522 649/238/569 48/239/33
f 69/240/53 674/241/590 1767/242/639 729/243/638
f 674/241/590 67/222/51 730/225/639 1767/242/639
f 1767/242/639 730/225/639 45/230/32 642/244/32
f 729/243/638 1767/242/639 642/244/32 46/245/32
f 77/246/61 677/247/61 1768/248/645 737/249/645
f 677/247/61 73/231/57 738/234/646 1768/248/645
f 1768/248/645 738/234/646 48/239/33 643/250/32
f 737/249/645 1768/248/645 643/250/32 49/251/32
f 71/252/55 680/253/593 1769/254/638 734/255/643
f 680/253/593 69/240/53 729/243/638 1769/254/638
f 1769/254/638 729/243/638 46/245/32 644/256/32
f 734/255/643 1769/254/638 644/256/32 47/257/35
f 79/258/63 683/259/63 1770/260/641 742/261/641
f 683/259/63 77/246/61 737/249/645 1770/260/641
f 1770/260/641 737/249/645 49/251/32 645/262/32
f 742/261/641 1770/260/641 645/262/32 50/263/32
f 75/264/59 686/265/597 1771/266/1523 724/267/634
f 686/265/597 71/252/55 734/255/643 1771/266/1523
f 1771/266/1523 734/255/643 47/257/35 650/268/570
f 724/267/634 1771/266/1523 650/268/570 37/269/30
f 84/226/67 689/270/600 1772/271/641 732/227/641
f 689/270/600 79/258/63 742/261/641 1772/271/641
f 1772/271/641 742/261/641 50/263/32 651/272/32
f 732/227/641 1772/271/641 651/272/32 39/228/32
f 85/273/68 694/274/604 1773/275/1524 744/276/650
f 694/274/604 94/277/77 725/278/635 1773/275/1524
f 1773/275/1524 725/278/635 43/279/34 637/280/566
f 744/276/650 1773/275/1524 637/280/566 40/281/33
f 89/282/72 697/283/607 1774/284/1525 743/285/649
f 697/283/607 85/273/68 744/276/650 1774/284/1525
f 1774/284/1525 744/276/650 40/281/33 638/286/32
f 743/285/649 1774/284/1525 638/286/32 42/287/32
f 91/288/74 700/289/610 1775/290/1526 748/291/654
f 700/289/610 89/282/72 743/285/649 1775/290/1526
f 1775/290/1526 743/285/649 42/287/32 652/292/32
f 748/291/654 1775/290/1526 652/292/32 53/293/32
f 95/294/78 703/295/613 1776/296/1527 746/297/652
f 703/295/613 91/288/74 748/291/654 1776/296/1527
f 1776/296/1527 748/291/654 53/293/32 653/298/32
f 746/297/652 1776/296/1527 653/298/32 44/299/32
f 87/300/70 706/301/616 1777/302/1528 745/303/651
f 706/301/616 95/294/78 746/297/652 1777/302/1528
f 1777/302/1528 746/297/652 44/299/32 639/304/32
f 745/303/651 1777/302/1528 639/304/32 41/305/32
f 66/306/50 711/307/621 1778/308/1529 723/309/633
f 711/307/621 75/264/59 724/267/634 1778/308/1529
f 1778/308/1529 724/267/634 37/269/30 641/310/568
f 723/309/633 1778/308/1529 641/310/568 36/311/29
f 114/202/97 772/312/100 1779/313/735 839/203/735
f 772/312/100 111/314/94 834/315/735 1779/313/735
f 1779/313/735 834/315/735 25/316/20 627/317/20
f 839/203/735 1779/313/735 627/317/20 26/204/20
f 80/318/62 690/319/62 1780/320/640 741/321/640
f 690/319/62 83/322/66 731/323/640 1780/320/640
f 1780/320/640 731/323/640 7/134/7 594/132/7
f 741/321/640 1780/320/640 594/132/7 8/130/8
f 74/324/58 679/325/62 1781/326/640 735/327/644
f 679/325/62 78/328/62 736/329/640 1781/326/640
f 1781/326/640 736/329/640 9/126/9 596/124/9
f 735/327/644 1781/326/640 596/124/9 10/122/10
f 57/330/41 749/331/655 1782/332/1530 656/333/573
f 749/331/655 97/334/80 715/335/625 1782/332/1530
f 1782/336/1530 715/337/625 100/338/83 747/339/653
f 656/340/573 1782/336/1530 747/339/653 58/341/42
f 120/342/103 782/343/683 1783/344/735 843/345/742
f 782/343/683 117/198/100 840/201/735 1783/344/735
f 1783/344/735 840/201/735 27/206/20 629/346/20
f 843/345/742 1783/344/735 629/346/20 28/347/21
f 70/196/54 682/348/595 1784/349/637 728/197/637
f 682/348/595 72/350/56 733/351/642 1784/349/637
f 1784/349/637 733/351/642 4/146/4 591/144/540
f 728/197/637 1784/349/637 591/144/540 5/142/5
f 152/352/135 872/353/770 1785/354/1531 716/355/626
f 872/353/770 151/356/134 657/357/574 1785/354/1531
f 1785/354/1531 657/357/574 58/341/42 747/339/653
f 716/355/626 1785/354/1531 747/339/653 100/338/83
f 78/328/62 685/358/62 1786/359/640 736/329/640
f 685/358/62 80/318/62 741/321/640 1786/359/640
f 1786/359/640 741/321/640 8/130/8 595/128/8
f 736/329/640 1786/359/640 595/128/8 9/126/9
f 3/152/3 854/360/753 1787/361/1532 623/153/557
f 854/360/753 129/209/112 810/362/711 1787/361/1532
f 1787/361/1532 810/362/711 135/363/118 855/364/754
f 623/153/557 1787/361/1532 855/364/754 542/154/491
f 92/176/75 702/365/612 1788/366/1533 838/177/739
f 702/365/612 96/367/79 832/368/733 1788/366/1533
f 1788/366/1533 832/368/733 112/369/95 776/370/679
f 838/177/739 1788/366/1533 776/370/679 115/178/98
f 83/322/66 669/371/52 1789/372/640 731/323/640
f 669/371/52 68/192/52 727/195/637 1789/372/640
f 1789/372/640 727/195/637 6/138/6 593/136/542
f 731/323/640 1789/372/640 593/136/542 7/134/7
f 94/277/77 709/373/619 1790/374/1534 725/278/635
f 709/373/619 66/306/50 723/309/633 1790/374/1534
f 1790/374/1534 723/309/633 36/311/29 640/375/567
f 725/278/635 1790/374/1534 640/375/567 43/279/34
f 82/376/65 673/377/589 1791/378/1535 739/379/647
f 673/377/589 74/324/58 735/327/644 1791/378/1535
f 1791/378/1535 735/327/644 10/122/10 588/119/537
f 739/379/647 1791/378/1535 588/119/537 1/118/1
f 123/98/106 787/380/688 1792/381/1536 845/99/744
f 787/380/688 120/342/103 843/345/742 1792/381/1536
f 1792/381/1536 843/345/742 28/347/21 630/382/559
f 845/99/744 1792/381/1536 630/382/559 29/100/22
f 72/350/56 688/383/599 1793/384/1537 733/351/642
f 688/383/599 76/385/60 726/386/636 1793/384/1537
f 1793/384/1537 726/386/636 3/152/3 590/150/539
f 733/351/642 1793/384/1537 590/150/539 4/146/4
f 55/107/39 624/387/558 1794/388/36 654/108/571
f 624/387/558 56/389/40 646/390/36 1794/388/36
f 1794/388/36 646/390/36 51/391/36 647/392/36
f 654/108/571 1794/388/36 647/392/36 54/109/38
f 65/211/49 847/210/746 1795/393/1538 710/394/620
f 847/210/746 129/209/112 854/360/753 1795/393/1538
f 1795/393/1538 854/360/753 3/152/3 726/386/636
f 710/394/620 1795/393/1538 726/386/636 76/385/60
f 542/154/491 855/364/754 1796/395/1539 615/396/551
f 855/364/754 135/363/118 798/397/699 1796/395/1539
f 1796/395/1539 798/397/699 141/398/124 859/399/758
f 615/396/551 1796/395/1539 859/399/758 16/400/14
f 153/401/136 864/402/762 1797/403/1540 871/404/769
f 864/402/762 99/185/82 837/184/738 1797/403/1540
f 1797/403/1540 837/184/738 145/183/128 828/405/729
f 871/404/769 1797/403/1540 828/405/729 156/406/139
f 148/23/131 848/20/747 1798/407/1541 825/408/726
f 848/20/747 52/19/37 655/409/572 1798/407/1541
f 1798/407/1541 655/409/572 23/410/19 836/411/737
f 825/408/726 1798/407/1541 836/411/737 144/412/127
f 97/334/80 749/331/655 1799/413/1542 720/414/630
f 749/331/655 57/330/41 658/415/575 1799/413/1542
f 1799/413/1542 658/415/575 56/389/40 624/387/558
f 720/414/630 1799/413/1542 624/387/558 55/107/39
f 111/314/94 766/416/670 1800/417/735 834/315/735
f 766/416/670 109/418/92 835/419/736 1800/417/735
f 1800/417/735 835/419/736 24/420/20 626/421/20
f 834/315/735 1800/417/735 626/421/20 25/316/20
f 126/25/109 815/422/716 1801/423/1543 849/26/748
f 815/422/716 132/159/115 850/162/749 1801/423/1543
f 1801/423/1543 850/162/749 32/167/25 634/424/563
f 849/26/748 1801/423/1543 634/424/563 30/27/23
f 62/425/46 660/426/577 1802/427/1544 659/428/576
f 660/426/577 60/429/44 661/430/578 1802/427/1544
f 1802/427/1544 661/430/578 59/431/43 662/432/579
f 659/428/576 1802/427/1544 662/432/579 61/103/45
f 63/433/47 664/434/581 1803/435/1545 663/436/580
f 664/434/581 62/425/46 659/428/576 1803/435/1545
f 1803/435/1545 659/428/576 61/103/45 665/106/582
f 663/436/580 1803/435/1545 665/106/582 64/111/48
f 84/226/67 667/223/584 1804/437/1546 666/438/583
f 667/223/584 67/222/51 668/439/585 1804/437/1546
f 1804/437/1546 668/439/585 68/440/52 669/441/52
f 666/438/583 1804/437/1546 669/441/52 83/442/66
f 81/235/64 671/232/587 1805/443/1547 670/444/586
f 671/232/587 73/231/57 672/445/588 1805/443/1547
f 1805/443/1547 672/445/588 74/446/58 673/447/589
f 670/444/586 1805/443/1547 673/447/589 82/448/65
f 67/222/51 674/241/590 1806/449/1548 668/439/585
f 674/241/590 69/240/53 675/450/591 1806/449/1548
f 1806/449/1548 675/450/591 70/451/54 676/452/52
f 668/439/585 1806/449/1548 676/452/52 68/440/52
f 73/231/57 677/247/61 1807/453/592 672/445/588
f 677/247/61 77/246/61 678/454/592 1807/453/592
f 1807/453/592 678/454/592 78/455/62 679/456/62
f 672/445/588 1807/453/592 679/456/62 74/446/58
f 69/240/53 680/253/593 1808/457/1549 675/450/591
f 680/253/593 71/252/55 681/458/594 1808/457/1549
f 1808/457/1549 681/458/594 72/459/56 682/460/595
f 675/450/591 1808/457/1549 682/460/595 70/451/54
f 77/246/61 683/259/63 1809/461/596 678/454/592
f 683/259/63 79/258/63 684/462/596 1809/461/596
f 1809/461/596 684/462/596 80/463/62 685/464/62
f 678/454/592 1809/461/596 685/464/62 78/455/62
f 71/252/55 686/265/597 1810/465/1550 681/458/594
f 686/265/597 75/264/59 687/466/598 1810/465/1550
f 1810/465/1550 687/466/598 76/467/60 688/468/599
f 681/458/594 1810/465/1550 688/468/599 72/459/56
f 79/258/63 689/270/600 1811/469/1551 684/462/596
f 689/270/600 84/226/67 666/438/583 1811/469/1551
f 1811/469/1551 666/438/583 83/442/66 690/470/62
f 684/462/596 1811/469/1551 690/470/62 80/463/62
f 86/471/69 692/472/602 1812/473/1552 691/474/601
f 692/472/602 93/475/76 693/476/603 1812/473/1552
f 1812/473/1552 693/476/603 94/277/77 694/274/604
f 691/474/601 1812/473/1552 694/274/604 85/273/68
f 90/477/73 696/478/606 1813/479/1553 695/480/605
f 696/478/606 86/471/69 691/474/601 1813/479/1553
f 1813/479/1553 691/474/601 85/273/68 697/283/607
f 695/480/605 1813/479/1553 697/283/607 89/282/72
f 92/481/75 699/482/609 1814/483/1554 698/484/608
f 699/482/609 90/477/73 695/480/605 1814/483/1554
f 1814/483/1554 695/480/605 89/282/72 700/289/610
f 698/484/608 1814/483/1554 700/289/610 91/288/74
f 96/485/79 702/486/612 1815/487/614 701/488/611
f 702/486/612 92/481/75 698/484/608 1815/487/614
f 1815/487/614 698/484/608 91/288/74 703/295/613
f 701/488/611 1815/487/614 703/295/613 95/294/78
f 88/489/71 705/490/615 1816/491/1555 704/492/614
f 705/490/615 96/485/79 701/488/611 1816/491/1555
f 1816/491/1555 701/488/611 95/294/78 706/301/616
f 704/492/614 1816/491/1555 706/301/616 87/300/70
f 93/475/76 707/493/617 1817/494/1556 693/476/603
f 707/493/617 65/495/49 708/496/618 1817/494/1556
f 1817/494/1556 708/496/618 66/306/50 709/373/619
f 693/476/603 1817/494/1556 709/373/619 94/277/77
f 65/495/49 710/497/620 1818/498/1557 708/496/618
f 710/497/620 76/467/60 687/466/598 1818/498/1557
f 1818/498/1557 687/466/598 75/264/59 711/307/621
f 708/496/618 1818/498/1557 711/307/621 66/306/50
f 98/499/81 713/500/623 1819/501/1558 712/502/622
f 713/503/623 99/504/82 714/505/624 1819/506/1558
f 1819/506/1558 714/505/624 100/338/83 715/337/625
f 712/502/622 1819/501/1558 715/335/625 97/334/80
f 152/352/135 716/355/626 1820/507/1559 870/508/768
f 716/355/626 100/338/83 714/505/624 1820/507/1559
f 1820/507/1559 714/505/624 99/504/82 864/509/762
f 870/508/768 1820/507/1559 864/509/762 153/510/136
f 97/334/80 718/511/628 1821/512/1560 712/502/622
f 718/511/628 59/431/43 661/430/578 1821/512/1560
f 1821/512/1560 661/430/578 60/429/44 719/513/629
f 712/502/622 1821/512/1560 719/513/629 98/499/81
f 59/431/43 718/511/628 1822/514/1561 662/432/579
f 718/511/628 97/334/80 720/414/630 1822/514/1561
f 1822/514/1561 720/414/630 55/107/39 721/104/631
f 662/432/579 1822/514/1561 721/104/631 61/103/45
f 103/515/86 756/516/660 1823/517/84 753/518/84
f 756/516/660 104/519/87 752/520/657 1823/517/84
f 1823/517/84 752/520/657 102/521/85 750/522/84
f 753/518/84 1823/517/84 750/522/84 101/523/84
f 104/519/87 755/524/659 1824/525/1562 752/520/657
f 755/524/659 105/526/88 762/527/666 1824/525/1562
f 1824/525/1562 762/527/666 2/528/2 763/529/667
f 752/520/657 1824/525/1562 763/529/667 102/521/85
f 81/530/64 670/531/586 1825/532/1563 758/533/662
f 670/531/586 82/534/65 739/535/647 1825/532/1563
f 1825/532/1563 739/535/647 1/536/1 764/537/668
f 758/533/662 1825/532/1563 764/537/668 107/538/90
f 38/539/31 740/540/648 1826/541/1564 751/542/656
f 740/540/648 81/530/64 758/533/662 1826/541/1564
f 1826/541/1564 758/533/662 107/538/90 759/543/663
f 751/542/656 1826/541/1564 759/543/663 106/544/89
f 106/544/89 759/543/663 1827/545/1565 757/546/661
f 759/543/663 107/538/90 754/547/658 1827/545/1565
f 1827/545/1565 754/547/658 104/519/87 756/516/660
f 757/546/661 1827/545/1565 756/516/660 103/515/86
f 107/538/90 764/537/668 1828/548/1566 754/547/658
f 764/537/668 1/536/1 760/549/664 1828/548/1566
f 1828/548/1566 760/549/664 105/526/88 755/524/659
f 754/547/658 1828/548/1566 755/524/659 104/519/87
f 109/418/92 766/416/670 1829/550/1567 765/551/669
f 766/416/670 111/314/94 767/552/671 1829/550/1567
f 1829/553/1567 767/554/671 113/555/96 768/556/672
f 765/557/669 1829/553/1567 768/556/672 110/558/93
f 110/558/93 768/556/672 1830/559/1568 769/560/673
f 768/556/672 113/555/96 770/561/674 1830/559/1568
f 1830/559/1568 770/561/674 112/369/95 771/562/675
f 769/560/673 1830/559/1568 771/562/675 108/563/91
f 111/314/94 772/312/100 1831/564/676 767/552/671
f 772/312/100 114/202/97 773/565/676 1831/564/676
f 1831/566/676 773/567/676 116/568/99 774/569/677
f 767/554/671 1831/566/676 774/569/677 113/555/96
f 113/555/96 774/569/677 1832/570/674 770/561/674
f 774/569/677 116/568/99 775/571/678 1832/570/674
f 1832/570/674 775/571/678 115/178/98 776/370/679
f 770/561/674 1832/570/674 776/370/679 112/369/95
f 114/202/97 777/199/100 1833/572/676 773/565/676
f 777/199/100 117/198/100 778/573/671 1833/572/676
f 1833/574/676 778/575/671 119/576/102 779/577/680
f 773/567/676 1833/574/676 779/577/680 116/568/99
f 116/568/99 779/577/680 1834/578/1569 775/571/678
f 779/577/680 119/576/102 780/579/681 1834/578/1569
f 1834/578/1569 780/579/681 118/7/101 781/179/682
f 775/571/678 1834/578/1569 781/179/682 115/178/98
f 117/198/100 782/343/683 1835/580/1570 778/573/671
f 782/343/683 120/342/103 783/581/684 1835/580/1570
f 1835/582/1570 783/583/684 122/584/105 784/585/685
f 778/575/671 1835/582/1570 784/585/685 119/576/102
f 119/576/102 784/585/685 1836/586/1571 780/579/681
f 784/585/685 122/584/105 785/587/686 1836/586/1571
f 1836/586/1571 785/587/686 121/9/104 786/8/687
f 780/579/681 1836/586/1571 786/8/687 118/7/101
f 120/342/103 787/380/688 1837/588/1572 783/581/684
f 787/380/688 123/98/106 788/589/689 1837/588/1572
f 1837/590/1572 788/591/689 125/592/108 789/593/690
f 783/583/684 1837/590/1572 789/593/690 122/584/105
f 122/584/105 789/593/690 1838/594/1573 785/587/686
f 789/593/690 125/592/108 790/595/691 1838/594/1573
f 1838/594/1573 790/595/691 124/117/107 791/116/692
f 785/587/686 1838/594/1573 791/116/692 121/9/104
f 136/89/119 793/86/694 1839/596/1574 792/597/693
f 793/86/694 142/85/125 794/598/695 1839/596/1574
f 1839/599/1574 794/600/695 143/601/126 795/602/696
f 792/603/693 1839/599/1574 795/602/696 137/604/120
f 137/604/120 795/602/696 1840/605/1575 796/606/697
f 795/602/696 143/601/126 797/607/698 1840/605/1575
f 1840/605/1575 797/607/698 141/398/124 798/397/699
f 796/606/697 1840/605/1575 798/397/699 135/363/118
f 133/18/116 800/187/701 1841/608/1576 799/609/700
f 800/187/701 139/191/122 801/610/702 1841/608/1576
f 1841/608/1576 801/610/702 140/611/123 802/612/703
f 799/609/700 1841/608/1576 802/612/703 134/613/117
f 134/613/117 802/612/703 1842/614/1577 803/615/704
f 802/612/703 140/611/123 804/616/705 1842/614/1577
f 1842/617/1577 804/618/705 138/163/121 805/160/706
f 803/619/704 1842/617/1577 805/160/706 132/159/115
f 130/94/113 807/156/708 1843/620/1578 806/621/707
f 807/156/708 136/89/119 792/597/693 1843/620/1578
f 1843/622/1578 792/603/693 137/604/120 808/623/709
f 806/624/707 1843/622/1578 808/623/709 131/625/114
f 131/625/114 808/623/709 1844/626/1579 809/627/710
f 808/623/709 137/604/120 796/606/697 1844/626/1579
f 1844/626/1579 796/606/697 135/363/118 810/362/711
f 809/627/710 1844/626/1579 810/362/711 129/209/112
f 127/10/110 812/13/713 1845/628/1580 811/629/712
f 812/13/713 133/18/116 799/609/700 1845/628/1580
f 1845/628/1580 799/609/700 134/613/117 813/630/714
f 811/629/712 1845/628/1580 813/630/714 128/631/111
f 128/631/111 813/630/714 1846/632/1581 814/633/715
f 813/630/714 134/613/117 803/615/704 1846/632/1581
f 1846/634/1581 803/619/704 132/159/115 815/422/716
f 814/635/715 1846/634/1581 815/422/716 126/25/109
f 123/98/106 816/95/717 1847/636/1582 788/589/689
f 816/95/717 130/94/113 806/621/707 1847/636/1582
f 1847/637/1582 806/624/707 131/625/114 817/638/718
f 788/591/689 1847/637/1582 817/638/718 125/592/108
f 125/592/108 817/638/718 1848/639/1583 790/595/691
f 817/638/718 131/625/114 809/627/710 1848/639/1583
f 1848/639/1583 809/627/710 129/209/112 818/207/719
f 790/595/691 1848/639/1583 818/207/719 124/117/107
f 145/183/128 820/182/721 1849/640/1584 819/641/720
f 820/182/721 147/168/130 821/642/722 1849/640/1584
f 1849/640/1584 821/642/722 149/643/132 822/644/723
f 819/641/720 1849/640/1584 822/644/723 146/645/129
f 146/645/129 822/644/723 1850/646/1585 823/647/724
f 822/644/723 149/643/132 824/648/725 1850/646/1585
f 1850/649/1585 824/650/725 148/23/131 825/408/726
f 823/651/724 1850/649/1585 825/408/726 144/412/127
f 154/213/137 826/652/727 1851/653/1586 869/654/767
f 826/652/727 109/418/92 765/551/669 1851/653/1586
f 1851/655/1586 765/557/669 110/558/93 866/656/764
f 869/657/767 1851/655/1586 866/656/764 155/658/138
f 155/658/138 866/656/764 1852/659/1587 868/660/766
f 866/656/764 110/558/93 769/560/673 1852/659/1587
f 1852/659/1587 769/560/673 108/563/91 867/661/765
f 868/660/766 1852/659/1587 867/661/765 156/406/139
f 147/168/130 829/171/730 1853/662/1588 821/642/722
f 829/171/730 127/10/110 811/629/712 1853/662/1588
f 1853/662/1588 811/629/712 128/631/111 830/663/731
f 821/642/722 1853/662/1588 830/663/731 149/643/132
f 149/643/132 830/663/731 1854/664/1589 824/648/725
f 830/663/731 128/631/111 814/633/715 1854/664/1589
f 1854/665/1589 814/635/715 126/25/109 831/24/732
f 824/650/725 1854/665/1589 831/24/732 148/23/131
f 96/367/79 705/666/615 1855/667/1590 832/368/733
f 705/666/615 88/668/71 833/669/734 1855/667/1590
f 1855/667/1590 833/669/734 108/563/91 771/562/675
f 832/368/733 1855/667/1590 771/562/675 112/369/95
f 146/645/129 827/670/728 1856/671/1591 819/641/720
f 827/670/728 155/658/138 868/660/766 1856/671/1591
f 1856/671/1591 868/660/766 156/406/139 828/405/729
f 819/641/720 1856/671/1591 828/405/729 145/183/128
f 144/217/127 865/214/763 1857/672/1592 823/673/724
f 865/214/763 154/213/137 869/654/767 1857/672/1592
f 1857/674/1592 869/657/767 155/658/138 827/670/728
f 823/647/724 1857/674/1592 827/670/728 146/645/129
f 87/300/70 863/675/761 1858/676/608 704/492/614
f 863/675/761 152/352/135 870/508/768 1858/676/608
f 1858/676/608 870/508/768 153/510/136 717/677/627
f 704/492/614 1858/676/608 717/677/627 88/489/71
f 88/668/71 717/678/627 1859/679/1593 833/669/734
f 717/678/627 153/401/136 871/404/769 1859/679/1593
f 1859/679/1593 871/404/769 156/406/139 867/661/765
f 833/669/734 1859/679/1593 867/661/765 108/563/91
f 87/300/70 745/303/651 1860/680/1594 863/675/761
f 745/303/651 41/305/32 862/681/32 1860/680/1594
f 1860/680/1594 862/681/32 151/356/134 872/353/770
f 863/675/761 1860/680/1594 872/353/770 152/352/135
f 109/418/92 826/652/727 1861/682/1595 835/419/736
f 826/652/727 154/213/137 873/216/771 1861/682/1595
f 1861/682/1595 873/216/771 150/221/133 625/683/20
f 835/419/736 1861/682/1595 625/683/20 24/420/20
f 226/684/197 1109/685/960 1862/686/1596 966/687/827
f 1109/685/960 258/688/229 1053/689/906 1862/686/1596
f 1862/686/1596 1053/689/906 255/690/226 1108/691/959
f 966/687/827 1862/686/1596 1108/691/959 230/692/201
f 264/693/235 1079/694/932 1863/695/1597 1119/696/970
f 1079/694/932 270/697/241 1120/698/971 1863/695/1597
f 1863/695/1597 1120/698/971 202/699/174 930/700/798
f 1119/696/970 1863/695/1597 930/700/798 200/701/172
f 196/702/168 924/703/793 1864/704/1598 1115/705/966
f 924/703/793 190/706/162 1116/707/967 1864/704/1598
f 1864/704/1598 1116/707/967 263/708/234 1098/709/951
f 1115/705/966 1864/704/1598 1098/709/951 285/710/256
f 243/711/214 1029/712/885 1865/713/1599 1028/714/884
f 1029/712/885 158/715/141 875/716/773 1865/713/1599
f 1865/713/1599 875/716/773 182/717/157 897/718/779
f 1028/714/884 1865/713/1599 897/718/779 174/719/154
f 174/719/154 897/718/779 1866/720/780 889/721/153
f 897/718/779 182/717/157 896/722/156 1866/720/780
f 1866/720/780 896/722/156 181/723/156 898/724/780
f 889/721/153 1866/720/780 898/724/780 173/725/153
f 173/725/153 898/724/780 1867/726/780 888/727/153
f 898/724/780 181/723/156 895/728/156 1867/726/780
f 1867/726/780 895/728/156 180/729/156 899/730/780
f 888/727/153 1867/726/780 899/730/780 172/731/153
f 172/731/153 899/730/780 1868/732/780 887/733/153
f 899/730/780 180/729/156 894/734/156 1868/732/780
f 1868/732/780 894/734/156 179/735/156 900/736/780
f 887/733/153 1868/732/780 900/736/780 171/737/153
f 171/737/153 900/736/780 1869/738/780 886/739/153
f 900/736/780 179/735/156 893/740/156 1869/738/780
f 1869/738/780 893/740/156 178/741/156 901/742/780
f 886/739/153 1869/738/780 901/742/780 170/743/153
f 170/743/153 901/742/780 1870/744/780 885/745/152
f 901/742/780 178/741/156 892/746/156 1870/744/780
f 1870/744/780 892/746/156 177/747/156 902/748/780
f 885/745/152 1870/744/780 902/748/780 169/749/152
f 169/749/152 902/748/780 1871/750/780 884/751/152
f 902/748/780 177/747/156 891/752/156 1871/750/780
f 1871/750/780 891/752/156 176/753/156 903/754/780
f 884/751/152 1871/750/780 903/754/780 168/755/151
f 168/755/151 903/754/780 1872/756/1600 883/757/777
f 903/754/780 176/753/156 890/758/778 1872/756/1600
f 1872/756/1600 890/758/778 175/759/155 904/760/781
f 883/757/777 1872/756/1600 904/760/781 167/761/150
f 279/762/250 1127/763/978 1873/764/1601 1060/765/913
f 1127/763/978 195/766/167 920/767/789 1873/764/1601
f 1873/764/1601 920/767/789 193/768/165 1123/769/974
f 1060/765/913 1873/764/1601 1123/769/974 273/770/244
f 267/771/238 1113/772/964 1874/773/1602 1083/774/936
f 1113/772/964 191/775/163 925/776/794 1874/773/1602
f 1874/773/1602 925/776/794 189/777/161 1112/778/963
f 1083/774/936 1874/773/1602 1112/778/963 260/779/231
f 201/780/173 935/781/803 1875/782/1603 991/783/852
f 935/781/803 204/784/176 992/785/853 1875/782/1603
f 1875/782/1603 992/785/853 197/786/169 927/787/795
f 991/783/852 1875/782/1603 927/787/795 198/788/170
f 233/789/204 1111/790/962 1876/791/1604 962/792/823
f 1111/790/962 261/793/232 1058/794/911 1876/791/1604
f 1876/791/1604 1058/794/911 258/688/229 1109/685/960
f 962/792/823 1876/791/1604 1109/685/960 226/684/197
f 157/795/140 1027/796/883 1877/797/1605 874/798/772
f 1027/796/883 243/711/214 1028/714/884 1877/797/1605
f 1877/797/1605 1028/714/884 174/719/154 905/799/782
f 874/798/772 1877/797/1605 905/799/782 166/800/149
f 166/800/149 905/799/782 1878/801/783 882/802/148
f 905/799/782 174/719/154 889/721/153 1878/801/783
f 1878/801/783 889/721/153 173/725/153 906/803/783
f 882/802/148 1878/801/783 906/803/783 165/804/148
f 165/804/148 906/803/783 1879/805/783 881/806/147
f 906/803/783 173/725/153 888/727/153 1879/805/783
f 1879/805/783 888/727/153 172/731/153 907/807/783
f 881/806/147 1879/805/783 907/807/783 164/808/147
f 164/808/147 907/807/783 1880/809/783 880/810/146
f 907/807/783 172/731/153 887/733/153 1880/809/783
f 1880/809/783 887/733/153 171/737/153 908/811/783
f 880/810/146 1880/809/783 908/811/783 163/812/146
f 163/812/146 908/811/783 1881/813/783 879/814/776
f 908/811/783 171/737/153 886/739/153 1881/813/783
f 1881/813/783 886/739/153 170/743/153 909/815/783
f 879/814/776 1881/813/783 909/815/783 162/816/145
f 162/816/145 909/815/783 1882/817/784 878/818/145
f 909/815/783 170/743/153 885/745/152 1882/817/784
f 1882/817/784 885/745/152 169/749/152 910/819/784
f 878/818/145 1882/817/784 910/819/784 161/820/144
f 161/820/144 910/819/784 1883/821/784 877/822/775
f 910/819/784 169/749/152 884/751/152 1883/821/784
f 1883/821/784 884/751/152 168/755/151 911/823/785
f 877/822/775 1883/821/784 911/823/785 160/824/143
f 160/824/143 911/823/785 1884/825/1606 876/826/774
f 911/823/785 168/755/151 883/757/777 1884/825/1606
f 1884/825/1606 883/757/777 167/761/150 912/827/786
f 876/826/774 1884/825/1606 912/827/786 159/828/142
f 273/770/244 1123/769/974 1885/829/1607 1074/830/927
f 1123/769/974 193/768/165 922/831/791 1885/829/1607
f 1885/829/1607 922/831/791 191/775/163 1113/772/964
f 1074/830/927 1885/829/1607 1113/772/964 267/771/238
f 269/832/240 1117/833/968 1886/834/1608 1072/835/925
f 1117/833/968 192/836/164 921/837/790 1886/834/1608
f 1886/834/1608 921/837/790 194/838/166 1124/839/975
f 1072/835/925 1886/834/1608 1124/839/975 275/840/246
f 284/841/255 1096/842/949 1887/843/1609 1118/844/969
f 1096/842/949 264/693/235 1119/696/970 1887/843/1609
f 1887/843/1609 1119/696/970 200/701/172 989/845/850
f 1118/844/969 1887/843/1609 989/845/850 238/846/209
f 230/692/201 1108/691/959 1888/847/1610 969/848/830
f 1108/691/959 255/690/226 1048/849/901 1888/847/1610
f 1888/847/1610 1048/849/901 252/850/223 1105/851/958
f 969/848/830 1888/847/1610 1105/851/958 232/852/203
f 238/846/209 983/853/844 1889/854/1611 1118/844/969
f 983/853/844 239/855/210 1104/856/957 1889/854/1611
f 1889/854/1611 1104/856/957 282/857/253 1087/858/940
f 1118/844/969 1889/854/1611 1087/858/940 284/841/255
f 270/697/241 1067/859/920 1890/860/1612 1120/698/971
f 1067/859/920 276/861/247 1125/862/976 1890/860/1612
f 1890/860/1612 1125/862/976 203/863/175 934/864/802
f 1120/698/971 1890/860/1612 934/864/802 202/699/174
f 208/865/180 997/866/858 1891/867/858 946/868/180
f 997/866/858 162/816/145 878/818/145 1891/867/858
f 1891/867/858 878/818/145 161/820/144 998/869/858
f 946/868/180 1891/867/858 998/869/858 210/870/182
f 254/871/225 1107/872/954 1892/873/954 1044/874/225
f 1107/872/954 187/875/159 917/876/159 1892/873/954
f 1892/873/954 917/876/159 186/877/159 1106/878/954
f 1044/874/225 1892/873/954 1106/878/954 251/879/222
f 261/793/232 1111/790/962 1893/880/1613 1085/881/938
f 1111/790/962 233/789/204 977/882/838 1893/880/1613
f 1893/880/1613 977/882/838 205/883/177 1114/884/965
f 1085/881/938 1893/880/1613 1114/884/965 266/885/237
f 290/886/261 1139/887/990 1894/888/1614 1131/889/982
f 1139/887/990 287/890/258 1128/891/979 1894/888/1614
f 1894/888/1614 1128/891/979 183/892/158 1103/893/956
f 1131/889/982 1894/888/1614 1103/893/956 281/894/252
f 207/895/179 1000/896/860 1895/897/862 937/898/805
f 1000/896/860 45/230/32 648/229/32 1895/897/862
f 1895/897/862 648/229/32 39/228/32 1002/899/862
f 937/898/805 1895/897/862 1002/899/862 224/900/195
f 213/901/185 1008/902/867 1896/903/1615 941/904/808
f 1008/902/867 48/239/33 649/238/569 1896/903/1615
f 1896/903/1615 649/238/569 38/237/31 1010/905/869
f 941/904/808 1896/903/1615 1010/905/869 221/906/192
f 209/907/181 999/908/859 1897/909/860 944/910/811
f 999/908/859 46/245/32 642/244/32 1897/909/860
f 1897/909/860 642/244/32 45/230/32 1000/896/860
f 944/910/811 1897/909/860 1000/896/860 207/895/179
f 217/911/189 1007/912/866 1898/913/866 947/914/189
f 1007/912/866 49/251/32 643/250/32 1898/913/866
f 1898/913/866 643/250/32 48/239/33 1008/902/867
f 947/914/189 1898/913/866 1008/902/867 213/901/185
f 211/915/183 1004/916/864 1899/917/859 950/918/814
f 1004/916/864 47/257/35 644/256/32 1899/917/859
f 1899/917/859 644/256/32 46/245/32 999/908/859
f 950/918/814 1899/917/859 999/908/859 209/907/181
f 219/919/191 1012/920/862 1900/921/862 953/922/191
f 1012/920/862 50/263/32 645/262/32 1900/921/862
f 1900/921/862 645/262/32 49/251/32 1007/912/866
f 953/922/191 1900/921/862 1007/912/866 217/911/189
f 215/923/187 994/924/855 1901/925/1616 956/926/818
f 994/924/855 37/269/30 650/268/570 1901/925/1616
f 1901/925/1616 650/268/570 47/257/35 1004/916/864
f 956/926/818 1901/925/1616 1004/916/864 211/915/183
f 224/900/195 1002/899/862 1902/927/862 959/928/821
f 1002/899/862 39/228/32 651/272/32 1902/927/862
f 1902/927/862 651/272/32 50/263/32 1012/920/862
f 959/928/821 1902/927/862 1012/920/862 219/919/191
f 225/929/196 1014/930/871 1903/931/1617 964/932/825
f 1014/930/871 40/281/33 637/280/566 1903/931/1617
f 1903/931/1617 637/280/566 43/279/34 995/933/856
f 964/932/825 1903/931/1617 995/933/856 234/934/205
f 229/935/200 1013/936/870 1904/937/1618 967/938/828
f 1013/936/870 42/287/32 638/286/32 1904/937/1618
f 1904/937/1618 638/286/32 40/281/33 1014/930/871
f 967/938/828 1904/937/1618 1014/930/871 225/929/196
f 231/939/202 1018/940/875 1905/941/1619 970/942/831
f 1018/940/875 53/293/32 652/292/32 1905/941/1619
f 1905/941/1619 652/292/32 42/287/32 1013/936/870
f 970/942/831 1905/941/1619 1013/936/870 229/935/200
f 235/943/206 1016/944/873 1906/945/1620 973/946/834
f 1016/944/873 44/299/32 653/298/32 1906/945/1620
f 1906/945/1620 653/298/32 53/293/32 1018/940/875
f 973/946/834 1906/945/1620 1018/940/875 231/939/202
f 227/947/198 1015/948/872 1907/949/1621 976/950/837
f 1015/948/872 41/305/32 639/304/32 1907/949/1621
f 1907/949/1621 639/304/32 44/299/32 1016/944/873
f 976/950/837 1907/949/1621 1016/944/873 235/943/206
f 206/951/178 993/952/854 1908/953/1622 981/954/842
f 993/952/854 36/311/29 641/310/568 1908/953/1622
f 1908/953/1622 641/310/568 37/269/30 994/924/855
f 981/954/842 1908/953/1622 994/924/855 215/923/187
f 251/879/222 1106/878/954 1909/955/954 1039/956/225
f 1106/878/954 186/877/159 916/957/159 1909/955/954
f 1909/955/954 916/957/159 185/958/159 1101/959/954
f 1039/956/225 1909/955/954 1101/959/954 248/960/219
f 220/961/190 1011/962/861 1910/963/861 960/964/190
f 1011/962/861 164/808/147 880/810/146 1910/963/861
f 1910/963/861 880/810/146 163/812/146 1001/965/861
f 960/964/190 1910/963/861 1001/965/861 223/966/194
f 214/967/186 1005/968/865 1911/969/861 949/970/190
f 1005/968/865 166/800/149 882/802/148 1911/969/861
f 1911/969/861 882/802/148 165/804/148 1006/971/861
f 949/970/190 1911/969/861 1006/971/861 218/972/190
f 57/330/41 656/333/573 1912/973/1623 1019/974/876
f 656/340/573 58/341/42 1017/975/874 1912/976/1623
f 1912/976/1623 1017/975/874 240/977/211 985/978/846
f 1019/974/876 1912/973/1623 985/979/846 237/980/208
f 257/981/228 1110/982/961 1913/983/954 1049/984/902
f 1110/982/961 188/985/160 918/986/159 1913/983/954
f 1913/983/954 918/986/159 187/875/159 1107/872/954
f 1049/984/902 1913/983/954 1107/872/954 254/871/225
f 210/870/182 998/869/858 1914/987/858 952/988/816
f 998/869/858 161/820/144 877/822/775 1914/987/858
f 1914/987/858 877/822/775 160/824/143 1003/989/863
f 952/988/816 1914/987/858 1003/989/863 212/990/184
f 288/991/259 986/992/847 1915/993/1624 1138/994/989
f 986/992/847 240/977/211 1017/975/874 1915/993/1624
f 1915/993/1624 1017/975/874 58/341/42 657/357/574
f 1138/994/989 1915/993/1624 657/357/574 151/356/134
f 218/972/190 1006/971/861 1916/995/861 955/996/190
f 1006/971/861 165/804/148 881/806/147 1916/995/861
f 1916/995/861 881/806/147 164/808/147 1011/962/861
f 955/996/190 1916/995/861 1011/962/861 220/961/190
f 159/828/142 912/827/786 1917/997/1625 1121/998/972
f 912/827/786 167/761/150 1122/999/973 1917/997/1625
f 1917/997/1625 1122/999/973 272/1000/243 1077/1001/930
f 1121/998/972 1917/997/1625 1077/1001/930 266/885/237
f 232/852/203 1105/851/958 1918/1002/1626 972/1003/833
f 1105/851/958 252/850/223 1043/1004/898 1918/1002/1626
f 1918/1002/1626 1043/1004/898 249/1005/220 1099/1006/952
f 972/1003/833 1918/1002/1626 1099/1006/952 236/1007/207
f 223/966/194 1001/965/861 1919/1008/861 939/1009/180
f 1001/965/861 163/812/146 879/814/776 1919/1008/861
f 1919/1008/861 879/814/776 162/816/145 997/866/858
f 939/1009/180 1919/1008/861 997/866/858 208/865/180
f 234/934/205 995/933/856 1920/1010/1627 979/1011/840
f 995/933/856 43/279/34 640/375/567 1920/1010/1627
f 1920/1010/1627 640/375/567 36/311/29 993/952/854
f 979/1011/840 1920/1010/1627 993/952/854 206/951/178
f 222/1012/193 1009/1013/868 1921/1014/1628 943/1015/810
f 1009/1013/868 157/795/140 874/798/772 1921/1014/1628
f 1921/1014/1628 874/798/772 166/800/149 1005/968/865
f 943/1015/810 1921/1014/1628 1005/968/865 214/967/186
f 260/779/231 1112/778/963 1922/1016/1629 1054/1017/907
f 1112/778/963 189/777/161 919/1018/788 1922/1016/1629
f 1922/1016/1629 919/1018/788 188/985/160 1110/982/961
f 1054/1017/907 1922/1016/1629 1110/982/961 257/981/228
f 212/990/184 1003/989/863 1923/1019/1630 958/1020/820
f 1003/989/863 160/824/143 876/826/774 1923/1019/1630
f 1923/1019/1630 876/826/774 159/828/142 996/1021/857
f 958/1020/820 1923/1019/1630 996/1021/857 216/1022/188
f 198/788/170 927/787/795 1924/1023/36 913/1024/787
f 927/787/795 197/786/169 926/1025/36 1924/1023/36
f 1924/1023/36 926/1025/36 51/391/36 646/390/36
f 913/1024/787 1924/1023/36 646/390/36 56/389/40
f 205/883/177 980/1026/841 1925/1027/1631 1114/884/965
f 980/1026/841 216/1022/188 996/1021/857 1925/1027/1631
f 1925/1027/1631 996/1021/857 159/828/142 1121/998/972
f 1114/884/965 1925/1027/1631 1121/998/972 266/885/237
f 167/761/150 904/760/781 1926/1028/1632 1122/999/973
f 904/760/781 175/759/155 1126/1029/977 1926/1028/1632
f 1926/1028/1632 1126/1029/977 278/1030/249 1065/1031/918
f 1122/999/973 1926/1028/1632 1065/1031/918 272/1000/243
f 289/1032/260 1137/1033/988 1927/1034/1633 1130/1035/981
f 1137/1033/988 292/1036/263 1095/1037/948 1927/1034/1633
f 1927/1034/1633 1095/1037/948 282/857/253 1104/856/957
f 1130/1035/981 1927/1034/1633 1104/856/957 239/855/210
f 285/1038/256 1092/1039/945 1928/1040/1634 1115/1041/966
f 1092/1039/945 281/894/252 1103/893/956 1928/1040/1634
f 1928/1040/1634 1103/893/956 183/892/158 928/1042/796
f 1115/1041/966 1928/1040/1634 928/1042/796 196/1043/168
f 237/980/208 990/1044/851 1929/1045/1635 1019/974/876
f 990/1044/851 198/788/170 913/1024/787 1929/1045/1635
f 1929/1045/1635 913/1024/787 56/389/40 658/415/575
f 1019/974/876 1929/1045/1635 658/415/575 57/330/41
f 248/960/219 1101/959/954 1930/1046/954 1033/1047/889
f 1101/959/954 185/958/159 915/1048/159 1930/1046/954
f 1930/1046/954 915/1048/159 184/1049/159 1102/1050/955
f 1033/1047/889 1930/1046/954 1102/1050/955 246/1051/217
f 263/708/234 1116/707/967 1931/1052/1636 1082/1053/935
f 1116/707/967 190/706/162 923/1054/792 1931/1052/1636
f 1931/1052/1636 923/1054/792 192/836/164 1117/833/968
f 1082/1053/935 1931/1052/1636 1117/833/968 269/832/240
f 202/1055/174 929/1056/797 1932/1057/1637 930/1058/798
f 929/1056/797 201/780/173 932/1059/800 1932/1057/1637
f 1932/1057/1637 932/1059/800 199/1060/171 931/1061/799
f 930/1058/798 1932/1057/1637 931/1061/799 200/1062/172
f 203/1063/175 933/1064/801 1933/1065/1638 934/1066/802
f 933/1064/801 204/784/176 935/781/803 1933/1065/1638
f 1933/1065/1638 935/781/803 201/780/173 929/1056/797
f 934/1066/802 1933/1065/1638 929/1056/797 202/1055/174
f 224/900/195 936/1067/804 1934/1068/1639 937/898/805
f 936/1067/804 223/1069/194 939/1070/180 1934/1068/1639
f 1934/1068/1639 939/1070/180 208/1071/180 938/1072/806
f 937/898/805 1934/1068/1639 938/1072/806 207/895/179
f 221/906/192 940/1073/807 1935/1074/1640 941/904/808
f 940/1073/807 222/1075/193 943/1076/810 1935/1074/1640
f 1935/1074/1640 943/1076/810 214/1077/186 942/1078/809
f 941/904/808 1935/1074/1640 942/1078/809 213/901/185
f 207/895/179 938/1072/806 1936/1079/1641 944/910/811
f 938/1072/806 208/1071/180 946/1080/180 1936/1079/1641
f 1936/1079/1641 946/1080/180 210/1081/182 945/1082/812
f 944/910/811 1936/1079/1641 945/1082/812 209/907/181
f 213/901/185 942/1078/809 1937/1083/813 947/914/189
f 942/1078/809 214/1077/186 949/1084/190 1937/1083/813
f 1937/1083/813 949/1084/190 218/1085/190 948/1086/813
f 947/914/189 1937/1083/813 948/1086/813 217/911/189
f 209/907/181 945/1082/812 1938/1087/1642 950/918/814
f 945/1082/812 210/1081/182 952/1088/816 1938/1087/1642
f 1938/1087/1642 952/1088/816 212/1089/184 951/1090/815
f 950/918/814 1938/1087/1642 951/1090/815 211/915/183
f 217/911/189 948/1086/813 1939/1091/817 953/922/191
f 948/1086/813 218/1085/190 955/1092/190 1939/1091/817
f 1939/1091/817 955/1092/190 220/1093/190 954/1094/817
f 953/922/191 1939/1091/817 954/1094/817 219/919/191
f 211/915/183 951/1090/815 1940/1095/1643 956/926/818
f 951/1090/815 212/1089/184 958/1096/820 1940/1095/1643
f 1940/1095/1643 958/1096/820 216/1097/188 957/1098/819
f 956/926/818 1940/1095/1643 957/1098/819 215/923/187
f 219/919/191 954/1094/817 1941/1099/1644 959/928/821
f 954/1094/817 220/1093/190 960/1100/190 1941/1099/1644
f 1941/1099/1644 960/1100/190 223/1069/194 936/1067/804
f 959/928/821 1941/1099/1644 936/1067/804 224/900/195
f 226/1101/197 961/1102/822 1942/1103/1645 962/1104/823
f 961/1102/822 225/929/196 964/932/825 1942/1103/1645
f 1942/1103/1645 964/932/825 234/934/205 963/1105/824
f 962/1104/823 1942/1103/1645 963/1105/824 233/1106/204
f 230/1107/201 965/1108/826 1943/1109/1646 966/1110/827
f 965/1108/826 229/935/200 967/938/828 1943/1109/1646
f 1943/1109/1646 967/938/828 225/929/196 961/1102/822
f 966/1110/827 1943/1109/1646 961/1102/822 226/1101/197
f 232/1111/203 968/1112/829 1944/1113/1647 969/1114/830
f 968/1112/829 231/939/202 970/942/831 1944/1113/1647
f 1944/1113/1647 970/942/831 229/935/200 965/1108/826
f 969/1114/830 1944/1113/1647 965/1108/826 230/1107/201
f 236/1115/207 971/1116/832 1945/1117/835 972/1118/833
f 971/1116/832 235/943/206 973/946/834 1945/1117/835
f 1945/1117/835 973/946/834 231/939/202 968/1112/829
f 972/1118/833 1945/1117/835 968/1112/829 232/1111/203
f 228/1119/199 974/1120/835 1946/1121/1648 975/1122/836
f 974/1120/835 227/947/198 976/950/837 1946/1121/1648
f 1946/1121/1648 976/950/837 235/943/206 971/1116/832
f 975/1122/836 1946/1121/1648 971/1116/832 236/1115/207
f 233/1106/204 963/1105/824 1947/1123/1649 977/1124/838
f 963/1105/824 234/934/205 979/1011/840 1947/1123/1649
f 1947/1123/1649 979/1011/840 206/951/178 978/1125/839
f 977/1124/838 1947/1123/1649 978/1125/839 205/1126/177
f 205/1126/177 978/1125/839 1948/1127/1650 980/1128/841
f 978/1125/839 206/951/178 981/954/842 1948/1127/1650
f 1948/1127/1650 981/954/842 215/923/187 957/1098/819
f 980/1128/841 1948/1127/1650 957/1098/819 216/1097/188
f 238/1129/209 982/1130/843 1949/1131/1651 983/1132/844
f 982/1130/843 237/980/208 985/979/846 1949/1131/1651
f 1949/1133/1651 985/978/846 240/977/211 984/1134/845
f 983/1135/844 1949/1133/1651 984/1134/845 239/1136/210
f 288/991/259 1136/1137/987 1950/1138/1652 986/992/847
f 1136/1137/987 289/1139/260 1130/1140/981 1950/1138/1652
f 1950/1138/1652 1130/1140/981 239/1136/210 984/1134/845
f 986/992/847 1950/1138/1652 984/1134/845 240/977/211
f 237/980/208 982/1130/843 1951/1141/1653 988/1142/849
f 982/1130/843 238/1129/209 989/1143/850 1951/1141/1653
f 1951/1141/1653 989/1143/850 200/1062/172 931/1061/799
f 988/1142/849 1951/1141/1653 931/1061/799 199/1060/171
f 199/1060/171 932/1059/800 1952/1144/1654 988/1142/849
f 932/1059/800 201/780/173 991/783/852 1952/1144/1654
f 1952/1144/1654 991/783/852 198/788/170 990/1044/851
f 988/1142/849 1952/1144/1654 990/1044/851 237/980/208
f 103/515/86 753/518/84 1953/1145/84 1024/1146/880
f 753/518/84 101/523/84 1020/1147/84 1953/1145/84
f 1953/1145/84 1020/1147/84 241/1148/212 1021/1149/877
f 1024/1146/880 1953/1145/84 1021/1149/877 242/1150/213
f 242/1150/213 1021/1149/877 1954/1151/1655 1023/1152/879
f 1021/1149/877 241/1148/212 1030/1153/886 1954/1151/1655
f 1954/1151/1655 1030/1153/886 158/1154/141 1029/1155/885
f 1023/1152/879 1954/1151/1655 1029/1155/885 243/1156/214
f 221/1157/192 1025/1158/881 1955/1159/1656 940/1160/807
f 1025/1158/881 244/1161/215 1031/1162/887 1955/1159/1656
f 1955/1159/1656 1031/1162/887 157/1163/140 1009/1164/868
f 940/1160/807 1955/1159/1656 1009/1164/868 222/1165/193
f 38/539/31 751/542/656 1956/1166/1657 1010/1167/869
f 751/542/656 106/544/89 1026/1168/882 1956/1166/1657
f 1956/1166/1657 1026/1168/882 244/1161/215 1025/1158/881
f 1010/1167/869 1956/1166/1657 1025/1158/881 221/1157/192
f 106/544/89 757/546/661 1957/1169/1658 1026/1168/882
f 757/546/661 103/515/86 1024/1146/880 1957/1169/1658
f 1957/1169/1658 1024/1146/880 242/1150/213 1022/1170/878
f 1026/1168/882 1957/1169/1658 1022/1170/878 244/1161/215
f 244/1161/215 1022/1170/878 1958/1171/1659 1031/1162/887
f 1022/1170/878 242/1150/213 1023/1152/879 1958/1171/1659
f 1958/1171/1659 1023/1152/879 243/1156/214 1027/1172/883
f 1031/1162/887 1958/1171/1659 1027/1172/883 157/1163/140
f 246/1051/217 1032/1173/888 1959/1174/1660 1033/1047/889
f 1032/1175/888 247/1176/218 1035/1177/891 1959/1178/1660
f 1959/1178/1660 1035/1177/891 250/1179/221 1034/1180/890
f 1033/1047/889 1959/1174/1660 1034/1181/890 248/960/219
f 247/1176/218 1036/1182/892 1960/1183/1661 1035/1177/891
f 1036/1182/892 245/1184/216 1038/1185/894 1960/1183/1661
f 1960/1183/1661 1038/1185/894 249/1005/220 1037/1186/893
f 1035/1177/891 1960/1183/1661 1037/1186/893 250/1179/221
f 248/960/219 1034/1181/890 1961/1187/895 1039/956/225
f 1034/1180/890 250/1179/221 1041/1188/896 1961/1189/895
f 1961/1189/895 1041/1188/896 253/1190/224 1040/1191/895
f 1039/956/225 1961/1187/895 1040/1192/895 251/879/222
f 250/1179/221 1037/1186/893 1962/1193/893 1041/1188/896
f 1037/1186/893 249/1005/220 1043/1004/898 1962/1193/893
f 1962/1193/893 1043/1004/898 252/850/223 1042/1194/897
f 1041/1188/896 1962/1193/893 1042/1194/897 253/1190/224
f 251/879/222 1040/1192/895 1963/1195/895 1044/874/225
f 1040/1191/895 253/1190/224 1046/1196/899 1963/1197/895
f 1963/1197/895 1046/1196/899 256/1198/227 1045/1199/890
f 1044/874/225 1963/1195/895 1045/1200/890 254/871/225
f 253/1190/224 1042/1194/897 1964/1201/1662 1046/1196/899
f 1042/1194/897 252/850/223 1048/849/901 1964/1201/1662
f 1964/1201/1662 1048/849/901 255/690/226 1047/1202/900
f 1046/1196/899 1964/1201/1662 1047/1202/900 256/1198/227
f 254/871/225 1045/1200/890 1965/1203/1663 1049/984/902
f 1045/1199/890 256/1198/227 1051/1204/904 1965/1205/1663
f 1965/1205/1663 1051/1204/904 259/1206/230 1050/1207/903
f 1049/984/902 1965/1203/1663 1050/1208/903 257/981/228
f 256/1198/227 1047/1202/900 1966/1209/1664 1051/1204/904
f 1047/1202/900 255/690/226 1053/689/906 1966/1209/1664
f 1966/1209/1664 1053/689/906 258/688/229 1052/1210/905
f 1051/1204/904 1966/1209/1664 1052/1210/905 259/1206/230
f 257/981/228 1050/1208/903 1967/1211/1665 1054/1017/907
f 1050/1207/903 259/1206/230 1056/1212/909 1967/1213/1665
f 1967/1213/1665 1056/1212/909 262/1214/233 1055/1215/908
f 1054/1017/907 1967/1211/1665 1055/1216/908 260/779/231
f 259/1206/230 1052/1210/905 1968/1217/1666 1056/1212/909
f 1052/1210/905 258/688/229 1058/794/911 1968/1217/1666
f 1968/1217/1666 1058/794/911 261/793/232 1057/1218/910
f 1056/1212/909 1968/1217/1666 1057/1218/910 262/1214/233
f 273/770/244 1059/1219/912 1969/1220/1667 1060/765/913
f 1059/1221/912 274/1222/245 1062/1223/915 1969/1224/1667
f 1969/1224/1667 1062/1223/915 280/1225/251 1061/1226/914
f 1060/765/913 1969/1220/1667 1061/1227/914 279/762/250
f 274/1222/245 1063/1228/916 1970/1229/1668 1062/1223/915
f 1063/1228/916 272/1000/243 1065/1031/918 1970/1229/1668
f 1970/1229/1668 1065/1031/918 278/1030/249 1064/1230/917
f 1062/1223/915 1970/1229/1668 1064/1230/917 280/1225/251
f 270/697/241 1066/1231/919 1971/1232/1669 1067/859/920
f 1066/1231/919 271/1233/242 1069/1234/922 1971/1232/1669
f 1971/1232/1669 1069/1234/922 277/1235/248 1068/1236/921
f 1067/859/920 1971/1232/1669 1068/1236/921 276/861/247
f 271/1233/242 1070/1237/923 1972/1238/1670 1069/1234/922
f 1070/1239/923 269/832/240 1072/835/925 1972/1240/1670
f 1972/1240/1670 1072/835/925 275/840/246 1071/1241/924
f 1069/1234/922 1972/1238/1670 1071/1242/924 277/1235/248
f 267/771/238 1073/1243/926 1973/1244/1671 1074/830/927
f 1073/1245/926 268/1246/239 1075/1247/928 1973/1248/1671
f 1973/1248/1671 1075/1247/928 274/1222/245 1059/1221/912
f 1074/830/927 1973/1244/1671 1059/1219/912 273/770/244
f 268/1246/239 1076/1249/929 1974/1250/1672 1075/1247/928
f 1076/1249/929 266/885/237 1077/1001/930 1974/1250/1672
f 1974/1250/1672 1077/1001/930 272/1000/243 1063/1228/916
f 1075/1247/928 1974/1250/1672 1063/1228/916 274/1222/245
f 264/693/235 1078/1251/931 1975/1252/1673 1079/694/932
f 1078/1251/931 265/1253/236 1080/1254/933 1975/1252/1673
f 1975/1252/1673 1080/1254/933 271/1233/242 1066/1231/919
f 1079/694/932 1975/1252/1673 1066/1231/919 270/697/241
f 265/1253/236 1081/1255/934 1976/1256/1674 1080/1254/933
f 1081/1257/934 263/708/234 1082/1053/935 1976/1258/1674
f 1976/1258/1674 1082/1053/935 269/832/240 1070/1239/923
f 1080/1254/933 1976/1256/1674 1070/1237/923 271/1233/242
f 260/779/231 1055/1216/908 1977/1259/1675 1083/774/936
f 1055/1215/908 262/1214/233 1084/1260/937 1977/1261/1675
f 1977/1261/1675 1084/1260/937 268/1246/239 1073/1245/926
f 1083/774/936 1977/1259/1675 1073/1243/926 267/771/238
f 262/1214/233 1057/1218/910 1978/1262/1676 1084/1260/937
f 1057/1218/910 261/793/232 1085/881/938 1978/1262/1676
f 1978/1262/1676 1085/881/938 266/885/237 1076/1249/929
f 1084/1260/937 1978/1262/1676 1076/1249/929 268/1246/239
f 282/857/253 1086/1263/939 1979/1264/1677 1087/858/940
f 1086/1263/939 283/1265/254 1089/1266/942 1979/1264/1677
f 1979/1264/1677 1089/1266/942 286/1267/257 1088/1268/941
f 1087/858/940 1979/1264/1677 1088/1268/941 284/841/255
f 283/1265/254 1090/1269/943 1980/1270/1678 1089/1266/942
f 1090/1271/943 281/894/252 1092/1039/945 1980/1272/1678
f 1980/1272/1678 1092/1039/945 285/1038/256 1091/1273/944
f 1089/1266/942 1980/1270/1678 1091/1274/944 286/1267/257
f 290/886/261 1135/1275/986 1981/1276/1679 1093/1277/946
f 1135/1278/986 291/1279/262 1132/1280/983 1981/1281/1679
f 1981/1281/1679 1132/1280/983 247/1176/218 1032/1175/888
f 1093/1277/946 1981/1276/1679 1032/1173/888 246/1051/217
f 291/1279/262 1134/1282/985 1982/1283/1680 1132/1280/983
f 1134/1282/985 292/1036/263 1133/1284/984 1982/1283/1680
f 1982/1283/1680 1133/1284/984 245/1184/216 1036/1182/892
f 1132/1280/983 1982/1283/1680 1036/1182/892 247/1176/218
f 284/841/255 1088/1268/941 1983/1285/1681 1096/842/949
f 1088/1268/941 286/1267/257 1097/1286/950 1983/1285/1681
f 1983/1285/1681 1097/1286/950 265/1253/236 1078/1251/931
f 1096/842/949 1983/1285/1681 1078/1251/931 264/693/235
f 286/1267/257 1091/1274/944 1984/1287/1682 1097/1286/950
f 1091/1288/944 285/710/256 1098/709/951 1984/1289/1682
f 1984/1289/1682 1098/709/951 263/708/234 1081/1257/934
f 1097/1286/950 1984/1287/1682 1081/1255/934 265/1253/236
f 236/1007/207 1099/1006/952 1985/1290/1683 975/1291/836
f 1099/1006/952 249/1005/220 1038/1185/894 1985/1290/1683
f 1985/1290/1683 1038/1185/894 245/1184/216 1100/1292/953
f 975/1291/836 1985/1290/1683 1100/1292/953 228/1293/199
f 283/1265/254 1086/1263/939 1986/1294/1684 1094/1295/947
f 1086/1263/939 282/857/253 1095/1037/948 1986/1294/1684
f 1986/1294/1684 1095/1037/948 292/1036/263 1134/1282/985
f 1094/1295/947 1986/1294/1684 1134/1282/985 291/1279/262
f 281/894/252 1090/1271/943 1987/1296/1685 1131/889/982
f 1090/1269/943 283/1265/254 1094/1295/947 1987/1297/1685
f 1987/1297/1685 1094/1295/947 291/1279/262 1135/1278/986
f 1131/889/982 1987/1296/1685 1135/1275/986 290/886/261
f 227/947/198 974/1120/835 1988/1298/829 1129/1299/980
f 974/1120/835 228/1119/199 987/1300/848 1988/1298/829
f 1988/1298/829 987/1300/848 289/1139/260 1136/1137/987
f 1129/1299/980 1988/1298/829 1136/1137/987 288/991/259
f 228/1293/199 1100/1292/953 1989/1301/1686 987/1302/848
f 1100/1292/953 245/1184/216 1133/1284/984 1989/1301/1686
f 1989/1301/1686 1133/1284/984 292/1036/263 1137/1033/988
f 987/1302/848 1989/1301/1686 1137/1033/988 289/1032/260
f 227/947/198 1129/1299/980 1990/1303/1687 1015/948/872
f 1129/1299/980 288/991/259 1138/994/989 1990/1303/1687
f 1990/1303/1687 1138/994/989 151/356/134 862/681/32
f 1015/948/872 1990/1303/1687 862/681/32 41/305/32
f 246/1051/217 1102/1050/955 1991/1304/1688 1093/1277/946
f 1102/1050/955 184/1049/159 914/1305/159 1991/1304/1688
f 1991/1304/1688 914/1305/159 287/890/258 1139/887/990
f 1093/1277/946 1991/1304/1688 1139/887/990 290/886/261
f 364/1306/320 1379/1307/1186 1992/1308/1689 1240/1309/1057
f 1379/1307/1186 397/1310/353 1327/1311/1136 1992/1308/1689
f 1992/1308/1689 1327/1311/1136 394/1312/350 1378/1313/1185
f 1240/1309/1057 1992/1308/1689 1378/1313/1185 368/1314/324
f 403/1315/359 1349/1316/1158 1993/1317/1690 1389/1318/1196
f 1349/1316/1158 409/1319/365 1390/1320/1197 1993/1317/1690
f 1993/1317/1690 1390/1320/1197 342/1321/299 1205/1322/1029
f 1389/1318/1196 1993/1317/1690 1205/1322/1029 340/1323/297
f 333/1324/291 1181/1325/1016 1994/1326/1691 1385/1327/1192
f 1181/1325/1016 314/1328/280 1386/1329/1193 1994/1326/1691
f 1994/1326/1691 1386/1329/1193 402/1330/358 1368/1331/1177
f 1385/1327/1192 1994/1326/1691 1368/1331/1177 418/1332/374
f 381/1333/337 1304/1334/1116 1995/1335/1692 1303/1336/1115
f 1304/1334/1116 2/36/2 589/35/538 1995/1335/1692
f 1995/1335/1692 589/35/538 22/34/18 1155/1337/999
f 1303/1336/1115 1995/1335/1692 1155/1337/999 306/1338/275
f 306/1338/275 1155/1337/999 1996/1339/1000 1154/1340/274
f 1155/1337/999 22/34/18 608/42/17 1996/1339/1000
f 1996/1339/1000 608/42/17 21/41/17 1156/1341/1000
f 1154/1340/274 1996/1339/1000 1156/1341/1000 305/1342/274
f 305/1342/274 1156/1341/1000 1997/1343/1000 1153/1344/274
f 1156/1341/1000 21/41/17 607/48/17 1997/1343/1000
f 1997/1343/1000 607/48/17 20/47/17 1157/1345/1000
f 1153/1344/274 1997/1343/1000 1157/1345/1000 304/1346/274
f 304/1346/274 1157/1345/1000 1998/1347/1000 1152/1348/274
f 1157/1345/1000 20/47/17 606/54/17 1998/1347/1000
f 1998/1347/1000 606/54/17 19/53/17 1158/1349/1000
f 1152/1348/274 1998/1347/1000 1158/1349/1000 303/1350/274
f 303/1350/274 1158/1349/1000 1999/1351/1000 1151/1352/274
f 1158/1349/1000 19/53/17 605/60/17 1999/1351/1000
f 1999/1351/1000 605/60/17 18/59/16 1159/1353/1001
f 1151/1352/274 1999/1351/1000 1159/1353/1001 302/1354/273
f 302/1354/273 1159/1353/1001 2000/1355/1693 1150/1356/998
f 1159/1353/1001 18/59/16 604/66/546 2000/1355/1693
f 2000/1355/1693 604/66/546 17/65/15 1160/1357/1002
f 1150/1356/998 2000/1355/1693 1160/1357/1002 547/1358/496
f 569/1359/518 1715/1360/1482 2001/1361/1694 1728/1362/1495
f 1715/1360/1482 584/1363/533 1720/1364/1487 2001/1361/1694
f 2001/1361/1694 1720/1364/1487 16/400/14 1161/1365/1003
f 1728/1362/1495 2001/1361/1694 1161/1365/1003 545/1366/494
f 581/1367/530 1708/1368/1475 2002/1369/1695 1724/1370/1491
f 1708/1368/1475 576/1371/525 1731/1372/1498 2002/1369/1695
f 2002/1369/1695 1731/1372/1498 547/1358/496 1160/1357/1002
f 1724/1370/1491 2002/1369/1695 1160/1357/1002 17/65/15
f 142/85/125 860/88/759 2003/1373/1696 1334/1374/1143
f 860/88/759 35/93/28 1177/1375/1012 2003/1373/1696
f 2003/1373/1696 1177/1375/1012 317/1376/283 1393/1377/1200
f 1334/1374/1143 2003/1373/1696 1393/1377/1200 412/1378/368
f 406/1379/362 1383/1380/1190 2004/1381/1697 1353/1382/1162
f 1383/1380/1190 315/1383/281 1182/1384/1017 2004/1381/1697
f 2004/1381/1697 1182/1384/1017 313/1385/279 1382/1386/1189
f 1353/1382/1162 2004/1381/1697 1382/1386/1189 399/1387/355
f 341/1388/298 1209/1389/1033 2005/1390/1698 1265/1391/1082
f 1209/1389/1033 64/111/48 722/110/632 2005/1390/1698
f 2005/1390/1698 722/110/632 54/109/38 1199/1392/1023
f 1265/1391/1082 2005/1390/1698 1199/1392/1023 335/1393/292
f 371/1394/327 1381/1395/1188 2006/1396/1699 1236/1397/1053
f 1381/1395/1188 400/1398/356 1332/1399/1141 2006/1396/1699
f 2006/1396/1699 1332/1399/1141 397/1310/353 1379/1307/1186
f 1236/1397/1053 2006/1396/1699 1379/1307/1186 364/1306/320
f 293/1400/264 1302/1401/1114 2007/1402/1700 1140/1403/991
f 1302/1401/1114 381/1333/337 1303/1336/1115 2007/1402/1700
f 2007/1402/1700 1303/1336/1115 306/1338/275 1162/1404/1004
f 1140/1403/991 2007/1402/1700 1162/1404/1004 301/1405/272
f 301/1405/272 1162/1404/1004 2008/1406/1005 1147/1407/271
f 1162/1404/1004 306/1338/275 1154/1340/274 2008/1406/1005
f 2008/1406/1005 1154/1340/274 305/1342/274 1163/1408/1005
f 1147/1407/271 2008/1406/1005 1163/1408/1005 300/1409/271
f 300/1409/271 1163/1408/1005 2009/1410/1005 1146/1411/270
f 1163/1408/1005 305/1342/274 1153/1344/274 2009/1410/1005
f 2009/1410/1005 1153/1344/274 304/1346/274 1164/1412/1005
f 1146/1411/270 2009/1410/1005 1164/1412/1005 299/1413/270
f 299/1413/270 1164/1412/1005 2010/1414/1005 1145/1415/269
f 1164/1412/1005 304/1346/274 1152/1348/274 2010/1414/1005
f 2010/1414/1005 1152/1348/274 303/1350/274 1165/1416/1005
f 1145/1415/269 2010/1414/1005 1165/1416/1005 298/1417/269
f 298/1417/269 1165/1416/1005 2011/1418/1005 1144/1419/995
f 1165/1416/1005 303/1350/274 1151/1352/274 2011/1418/1005
f 2011/1418/1005 1151/1352/274 302/1354/273 1166/1420/1006
f 1144/1419/995 2011/1418/1005 1166/1420/1006 297/1421/268
f 297/1421/268 1166/1420/1006 2012/1422/1701 1143/1423/994
f 1166/1420/1006 302/1354/273 1150/1356/998 2012/1422/1701
f 2012/1422/1701 1150/1356/998 547/1358/496 1167/1424/1007
f 1143/1423/994 2012/1422/1701 1167/1424/1007 296/1425/267
f 296/1425/267 1167/1424/1007 2013/1426/1702 1142/1427/993
f 1167/1424/1007 547/1358/496 1149/1428/997 2013/1426/1702
f 2013/1426/1702 1149/1428/997 546/1429/495 1168/1430/1008
f 1142/1427/993 2013/1426/1702 1168/1430/1008 295/1431/266
f 295/1431/266 1168/1430/1008 2014/1432/1703 1141/1433/992
f 1168/1430/1008 546/1429/495 1148/1434/996 2014/1432/1703
f 2014/1432/1703 1148/1434/996 545/1366/494 1169/1435/1009
f 1141/1433/992 2014/1432/1703 1169/1435/1009 294/1436/265
f 412/1378/368 1393/1377/1200 2015/1437/1704 1344/1438/1153
f 1393/1377/1200 317/1376/283 1179/1439/1014 2015/1437/1704
f 2015/1437/1704 1179/1439/1014 315/1383/281 1383/1380/1190
f 1344/1438/1153 2015/1437/1704 1383/1380/1190 406/1379/362
f 408/1440/364 1387/1441/1194 2016/1442/1705 1342/1443/1151
f 1387/1441/1194 316/1444/282 1178/1445/1013 2016/1442/1705
f 2016/1442/1705 1178/1445/1013 34/165/27 857/164/756
f 1342/1443/1151 2016/1442/1705 857/164/756 138/163/121
f 417/1446/373 1366/1447/1175 2017/1448/1706 1388/1449/1195
f 1366/1447/1175 403/1315/359 1389/1318/1196 2017/1448/1706
f 2017/1448/1706 1389/1318/1196 340/1323/297 1263/1450/1080
f 1388/1449/1195 2017/1448/1706 1263/1450/1080 376/1451/332
f 368/1314/324 1378/1313/1185 2018/1452/1707 1243/1453/1060
f 1378/1313/1185 394/1312/350 1322/1454/1131 2018/1452/1707
f 2018/1452/1707 1322/1454/1131 391/1455/347 1375/1456/1184
f 1243/1453/1060 2018/1452/1707 1375/1456/1184 370/1457/326
f 376/1451/332 1257/1458/1074 2019/1459/1708 1388/1449/1195
f 1257/1458/1074 377/1460/333 1374/1461/1183 2019/1459/1708
f 2019/1459/1708 1374/1461/1183 415/1462/371 1357/1463/1166
f 1388/1449/1195 2019/1459/1708 1357/1463/1166 417/1446/373
f 409/1319/365 1339/1464/1148 2020/1465/1709 1390/1320/1197
f 1339/1464/1148 139/191/122 858/190/757 2020/1465/1709
f 2020/1465/1709 858/190/757 63/189/47 1208/1466/1032
f 1390/1320/1197 2020/1465/1709 1208/1466/1032 342/1321/299
f 346/1467/303 1270/1468/1087 2021/1469/1087 1220/1470/303
f 1270/1468/1087 297/1421/268 1143/1423/994 2021/1469/1087
f 2021/1469/1087 1143/1423/994 296/1425/267 1271/1471/1087
f 1220/1470/303 2021/1469/1087 1271/1471/1087 348/1472/305
f 393/1473/349 1377/1474/1180 2022/1475/1180 1318/1476/349
f 1377/1474/1180 311/1477/277 1174/1478/277 2022/1475/1180
f 2022/1475/1180 1174/1478/277 310/1479/277 1376/1480/1180
f 1318/1476/349 2022/1475/1180 1376/1480/1180 390/1481/346
f 400/1398/356 1381/1395/1188 2023/1482/1710 1355/1483/1164
f 1381/1395/1188 371/1394/327 1251/1484/1068 2023/1482/1710
f 2023/1482/1710 1251/1484/1068 343/1485/300 1384/1486/1191
f 1355/1483/1164 2023/1482/1710 1384/1486/1191 405/1487/361
f 424/1488/380 1406/1489/1212 2024/1490/1711 1398/1491/1204
f 1406/1489/1212 420/1492/376 1394/1493/1201 2024/1490/1711
f 2024/1490/1711 1394/1493/1201 307/1494/276 1373/1495/1182
f 1398/1491/1204 2024/1490/1711 1373/1495/1182 414/1496/370
f 345/1497/302 1273/1498/1089 2025/1499/1091 1211/1500/1035
f 1273/1498/1089 327/1501/287 1193/1502/287 2025/1499/1091
f 2025/1499/1091 1193/1502/287 321/1503/287 1275/1504/1091
f 1211/1500/1035 2025/1499/1091 1275/1504/1091 362/1505/318
f 351/1506/308 1281/1507/1096 2026/1508/1712 1215/1509/1038
f 1281/1507/1096 330/1510/288 1194/1511/1021 2026/1508/1712
f 2026/1508/1712 1194/1511/1021 320/1512/286 1283/1513/1098
f 1215/1509/1038 2026/1508/1712 1283/1513/1098 359/1514/315
f 347/1515/304 1272/1516/1088 2027/1517/1089 1218/1518/1041
f 1272/1516/1088 328/1519/287 1188/1520/287 2027/1517/1089
f 2027/1517/1089 1188/1520/287 327/1501/287 1273/1498/1089
f 1218/1518/1041 2027/1517/1089 1273/1498/1089 345/1497/302
f 355/1521/312 1280/1522/1095 2028/1523/1095 1221/1524/312
f 1280/1522/1095 331/1525/287 1189/1526/287 2028/1523/1095
f 2028/1523/1095 1189/1526/287 330/1510/288 1281/1507/1096
f 1221/1524/312 2028/1523/1095 1281/1507/1096 351/1506/308
f 349/1527/306 1277/1528/1093 2029/1529/1088 1224/1530/1044
f 1277/1528/1093 329/1531/290 1190/1532/287 2029/1529/1088
f 2029/1529/1088 1190/1532/287 328/1519/287 1272/1516/1088
f 1224/1530/1044 2029/1529/1088 1272/1516/1088 347/1515/304
f 357/1533/314 1285/1534/1091 2030/1535/1091 1227/1536/314
f 1285/1534/1091 332/1537/287 1191/1538/287 2030/1535/1091
f 2030/1535/1091 1191/1538/287 331/1525/287 1280/1522/1095
f 1227/1536/314 2030/1535/1091 1280/1522/1095 355/1521/312
f 353/1539/310 1267/1540/1084 2031/1541/1713 1230/1542/1048
f 1267/1540/1084 319/1543/285 1195/1544/1022 2031/1541/1713
f 2031/1541/1713 1195/1544/1022 329/1531/290 1277/1528/1093
f 1230/1542/1048 2031/1541/1713 1277/1528/1093 349/1527/306
f 362/1505/318 1275/1504/1091 2032/1545/1091 1233/1546/1051
f 1275/1504/1091 321/1503/287 1196/1547/287 2032/1545/1091
f 2032/1545/1091 1196/1547/287 332/1537/287 1285/1534/1091
f 1233/1546/1051 2032/1545/1091 1285/1534/1091 357/1533/314
f 363/1548/319 1287/1549/1100 2033/1550/1714 1238/1551/1055
f 1287/1549/1100 322/1552/288 1183/1553/1018 2033/1550/1714
f 2033/1550/1714 1183/1553/1018 325/1554/289 1268/1555/1085
f 1238/1551/1055 2033/1550/1714 1268/1555/1085 372/1556/328
f 367/1557/323 1286/1558/1099 2034/1559/1715 1241/1560/1058
f 1286/1558/1099 324/1561/287 1184/1562/287 2034/1559/1715
f 2034/1559/1715 1184/1562/287 322/1552/288 1287/1549/1100
f 1241/1560/1058 2034/1559/1715 1287/1549/1100 363/1548/319
f 369/1563/325 1291/1564/1104 2035/1565/1716 1244/1566/1061
f 1291/1564/1104 334/1567/287 1197/1568/287 2035/1565/1716
f 2035/1565/1716 1197/1568/287 324/1561/287 1286/1558/1099
f 1244/1566/1061 2035/1565/1716 1286/1558/1099 367/1557/323
f 373/1569/329 1289/1570/1102 2036/1571/1717 1247/1572/1064
f 1289/1570/1102 326/1573/287 1198/1574/287 2036/1571/1717
f 2036/1571/1717 1198/1574/287 334/1567/287 1291/1564/1104
f 1247/1572/1064 2036/1571/1717 1291/1564/1104 369/1563/325
f 365/1575/321 1288/1576/1101 2037/1577/1718 1250/1578/1067
f 1288/1576/1101 323/1579/287 1185/1580/287 2037/1577/1718
f 2037/1577/1718 1185/1580/287 326/1573/287 1289/1570/1102
f 1250/1578/1067 2037/1577/1718 1289/1570/1102 373/1569/329
f 344/1581/301 1266/1582/1083 2038/1583/1719 1255/1584/1072
f 1266/1582/1083 318/1585/284 1187/1586/1020 2038/1583/1719
f 2038/1583/1719 1187/1586/1020 319/1543/285 1267/1540/1084
f 1255/1584/1072 2038/1583/1719 1267/1540/1084 353/1539/310
f 390/1481/346 1376/1480/1180 2039/1587/1180 1313/1588/349
f 1376/1480/1180 310/1479/277 1173/1589/277 2039/1587/1180
f 2039/1587/1180 1173/1589/277 309/1590/277 1371/1591/1180
f 1313/1588/349 2039/1587/1180 1371/1591/1180 387/1592/343
f 358/1593/313 1284/1594/1090 2040/1595/1090 1234/1596/313
f 1284/1594/1090 299/1413/270 1145/1415/269 2040/1595/1090
f 2040/1595/1090 1145/1415/269 298/1417/269 1274/1597/1090
f 1234/1596/313 2040/1595/1090 1274/1597/1090 361/1598/317
f 352/1599/309 1278/1600/1094 2041/1601/1090 1223/1602/313
f 1278/1600/1094 301/1405/272 1147/1407/271 2041/1601/1090
f 2041/1601/1090 1147/1407/271 300/1409/271 1279/1603/1090
f 1223/1602/313 2041/1601/1090 1279/1603/1090 356/1604/313
f 337/1605/294 1201/1606/1025 2042/1607/1720 1292/1608/1105
f 1201/1609/1025 338/1610/295 1290/1611/1103 2042/1612/1720
f 2042/1612/1720 1290/1611/1103 378/1613/334 1259/1614/1076
f 1292/1608/1105 2042/1607/1720 1259/1615/1076 375/1616/331
f 396/1617/352 1380/1618/1187 2043/1619/1180 1323/1620/1132
f 1380/1618/1187 312/1621/278 1175/1622/277 2043/1619/1180
f 2043/1619/1180 1175/1622/277 311/1477/277 1377/1474/1180
f 1323/1620/1132 2043/1619/1180 1377/1474/1180 393/1473/349
f 348/1472/305 1271/1471/1087 2044/1623/1087 1226/1624/1046
f 1271/1471/1087 296/1425/267 1142/1427/993 2044/1623/1087
f 2044/1623/1087 1142/1427/993 295/1431/266 1276/1625/1092
f 1226/1624/1046 2044/1623/1087 1276/1625/1092 350/1626/307
f 422/1627/378 1260/1628/1077 2045/1629/1721 1405/1630/1211
f 1260/1628/1077 378/1613/334 1290/1611/1103 2045/1629/1721
f 2045/1629/1721 1290/1611/1103 338/1610/295 1202/1631/1026
f 1405/1630/1211 2045/1629/1721 1202/1631/1026 421/1632/377
f 356/1604/313 1279/1603/1090 2046/1633/1090 1229/1634/313
f 1279/1603/1090 300/1409/271 1146/1411/270 2046/1633/1090
f 2046/1633/1090 1146/1411/270 299/1413/270 1284/1594/1090
f 1229/1634/313 2046/1633/1090 1284/1594/1090 358/1593/313
f 294/1436/265 1169/1435/1009 2047/1635/1722 1391/1636/1198
f 1169/1435/1009 545/1366/494 1392/1637/1199 2047/1635/1722
f 2047/1635/1722 1392/1637/1199 411/1638/367 1347/1639/1156
f 1391/1636/1198 2047/1635/1722 1347/1639/1156 405/1487/361
f 370/1457/326 1375/1456/1184 2048/1640/1723 1246/1641/1063
f 1375/1456/1184 391/1455/347 1317/1642/1128 2048/1640/1723
f 2048/1640/1723 1317/1642/1128 388/1643/344 1369/1644/1178
f 1246/1641/1063 2048/1640/1723 1369/1644/1178 374/1645/330
f 361/1598/317 1274/1597/1090 2049/1646/1090 1213/1647/303
f 1274/1597/1090 298/1417/269 1144/1419/995 2049/1646/1090
f 2049/1646/1090 1144/1419/995 297/1421/268 1270/1468/1087
f 1213/1647/303 2049/1646/1090 1270/1468/1087 346/1467/303
f 372/1556/328 1268/1555/1085 2050/1648/1724 1253/1649/1070
f 1268/1555/1085 325/1554/289 1186/1650/1019 2050/1648/1724
f 2050/1648/1724 1186/1650/1019 318/1585/284 1266/1582/1083
f 1253/1649/1070 2050/1648/1724 1266/1582/1083 344/1581/301
f 360/1651/316 1282/1652/1097 2051/1653/1725 1217/1654/1040
f 1282/1652/1097 293/1400/264 1140/1403/991 2051/1653/1725
f 2051/1653/1725 1140/1403/991 301/1405/272 1278/1600/1094
f 1217/1654/1040 2051/1653/1725 1278/1600/1094 352/1599/309
f 399/1387/355 1382/1386/1189 2052/1655/1726 1328/1656/1137
f 1382/1386/1189 313/1385/279 1176/1657/1011 2052/1655/1726
f 2052/1655/1726 1176/1657/1011 312/1621/278 1380/1618/1187
f 1328/1656/1137 2052/1655/1726 1380/1618/1187 396/1617/352
f 350/1626/307 1276/1625/1092 2053/1658/1727 1232/1659/1050
f 1276/1625/1092 295/1431/266 1141/1433/992 2053/1658/1727
f 2053/1658/1727 1141/1433/992 294/1436/265 1269/1660/1086
f 1232/1659/1050 2053/1658/1727 1269/1660/1086 354/1661/311
f 335/1393/292 1199/1392/1023 2054/1662/36 1170/1663/1010
f 1199/1392/1023 54/109/38 647/392/36 2054/1662/36
f 2054/1662/36 647/392/36 51/391/36 1192/1664/36
f 1170/1663/1010 2054/1662/36 1192/1664/36 336/1665/293
f 343/1485/300 1254/1666/1071 2055/1667/1728 1384/1486/1191
f 1254/1666/1071 354/1661/311 1269/1660/1086 2055/1667/1728
f 2055/1667/1728 1269/1660/1086 294/1436/265 1391/1636/1198
f 1384/1486/1191 2055/1667/1728 1391/1636/1198 405/1487/361
f 545/1366/494 1161/1365/1003 2056/1668/1729 1392/1637/1199
f 1161/1365/1003 16/400/14 859/399/758 2056/1668/1729
f 2056/1668/1729 859/399/758 141/398/124 1337/1669/1146
f 1392/1637/1199 2056/1668/1729 1337/1669/1146 411/1638/367
f 423/1670/379 1404/1671/1210 2057/1672/1730 1397/1673/1203
f 1404/1671/1210 426/1674/382 1365/1675/1174 2057/1672/1730
f 2057/1672/1730 1365/1675/1174 415/1462/371 1374/1461/1183
f 1397/1673/1203 2057/1672/1730 1374/1461/1183 377/1460/333
f 418/1332/374 1362/1676/1171 2058/1677/1731 1385/1327/1192
f 1362/1678/1171 414/1496/370 1373/1495/1182 2058/1679/1731
f 2058/1679/1731 1373/1495/1182 307/1494/276 1200/1680/1024
f 1385/1327/1192 2058/1677/1731 1200/1681/1024 333/1324/291
f 375/1616/331 1264/1682/1081 2059/1683/1732 1292/1608/1105
f 1264/1682/1081 335/1393/292 1170/1663/1010 2059/1683/1732
f 2059/1683/1732 1170/1663/1010 336/1665/293 1203/1684/1027
f 1292/1608/1105 2059/1683/1732 1203/1684/1027 337/1605/294
f 387/1592/343 1371/1591/1180 2060/1685/1180 1307/1686/1119
f 1371/1591/1180 309/1590/277 1172/1687/277 2060/1685/1180
f 2060/1685/1180 1172/1687/277 308/1688/277 1372/1689/1181
f 1307/1686/1119 2060/1685/1180 1372/1689/1181 385/1690/341
f 402/1330/358 1386/1329/1193 2061/1691/1733 1352/1692/1161
f 1386/1329/1193 314/1328/280 1180/1693/1015 2061/1691/1733
f 2061/1691/1733 1180/1693/1015 316/1444/282 1387/1441/1194
f 1352/1692/1161 2061/1691/1733 1387/1441/1194 408/1440/364
f 342/1694/299 1204/1695/1028 2062/1696/1734 1205/1697/1029
f 1204/1695/1028 341/1388/298 1207/1698/1031 2062/1696/1734
f 2062/1696/1734 1207/1698/1031 339/1699/296 1206/1700/1030
f 1205/1697/1029 2062/1696/1734 1206/1700/1030 340/1701/297
f 63/433/47 663/436/580 2063/1702/1735 1208/1703/1032
f 663/436/580 64/111/48 1209/1389/1033 2063/1702/1735
f 2063/1702/1735 1209/1389/1033 341/1388/298 1204/1695/1028
f 1208/1703/1032 2063/1702/1735 1204/1695/1028 342/1694/299
f 362/1505/318 1210/1704/1034 2064/1705/1736 1211/1500/1035
f 1210/1704/1034 361/1706/317 1213/1707/303 2064/1705/1736
f 2064/1705/1736 1213/1707/303 346/1708/303 1212/1709/1036
f 1211/1500/1035 2064/1705/1736 1212/1709/1036 345/1497/302
f 359/1514/315 1214/1710/1037 2065/1711/1737 1215/1509/1038
f 1214/1710/1037 360/1712/316 1217/1713/1040 2065/1711/1737
f 2065/1711/1737 1217/1713/1040 352/1714/309 1216/1715/1039
f 1215/1509/1038 2065/1711/1737 1216/1715/1039 351/1506/308
f 345/1497/302 1212/1709/1036 2066/1716/1738 1218/1518/1041
f 1212/1709/1036 346/1708/303 1220/1717/303 2066/1716/1738
f 2066/1716/1738 1220/1717/303 348/1718/305 1219/1719/1042
f 1218/1518/1041 2066/1716/1738 1219/1719/1042 347/1515/304
f 351/1506/308 1216/1715/1039 2067/1720/1043 1221/1524/312
f 1216/1715/1039 352/1714/309 1223/1721/313 2067/1720/1043
f 2067/1720/1043 1223/1721/313 356/1722/313 1222/1723/1043
f 1221/1524/312 2067/1720/1043 1222/1723/1043 355/1521/312
f 347/1515/304 1219/1719/1042 2068/1724/1739 1224/1530/1044
f 1219/1719/1042 348/1718/305 1226/1725/1046 2068/1724/1739
f 2068/1724/1739 1226/1725/1046 350/1726/307 1225/1727/1045
f 1224/1530/1044 2068/1724/1739 1225/1727/1045 349/1527/306
f 355/1521/312 1222/1723/1043 2069/1728/1047 1227/1536/314
f 1222/1723/1043 356/1722/313 1229/1729/313 2069/1728/1047
f 2069/1728/1047 1229/1729/313 358/1730/313 1228/1731/1047
f 1227/1536/314 2069/1728/1047 1228/1731/1047 357/1533/314
f 349/1527/306 1225/1727/1045 2070/1732/1740 1230/1542/1048
f 1225/1727/1045 350/1726/307 1232/1733/1050 2070/1732/1740
f 2070/1732/1740 1232/1733/1050 354/1734/311 1231/1735/1049
f 1230/1542/1048 2070/1732/1740 1231/1735/1049 353/1539/310
f 357/1533/314 1228/1731/1047 2071/1736/1741 1233/1546/1051
f 1228/1731/1047 358/1730/313 1234/1737/313 2071/1736/1741
f 2071/1736/1741 1234/1737/313 361/1706/317 1210/1704/1034
f 1233/1546/1051 2071/1736/1741 1210/1704/1034 362/1505/318
f 364/1738/320 1235/1739/1052 2072/1740/1742 1236/1741/1053
f 1235/1739/1052 363/1548/319 1238/1551/1055 2072/1740/1742
f 2072/1740/1742 1238/1551/1055 372/1556/328 1237/1742/1054
f 1236/1741/1053 2072/1740/1742 1237/1742/1054 371/1743/327
f 368/1744/324 1239/1745/1056 2073/1746/1743 1240/1747/1057
f 1239/1745/1056 367/1557/323 1241/1560/1058 2073/1746/1743
f 2073/1746/1743 1241/1560/1058 363/1548/319 1235/1739/1052
f 1240/1747/1057 2073/1746/1743 1235/1739/1052 364/1738/320
f 370/1748/326 1242/1749/1059 2074/1750/1744 1243/1751/1060
f 1242/1749/1059 369/1563/325 1244/1566/1061 2074/1750/1744
f 2074/1750/1744 1244/1566/1061 367/1557/323 1239/1745/1056
f 1243/1751/1060 2074/1750/1744 1239/1745/1056 368/1744/324
f 374/1752/330 1245/1753/1062 2075/1754/1065 1246/1755/1063
f 1245/1753/1062 373/1569/329 1247/1572/1064 2075/1754/1065
f 2075/1754/1065 1247/1572/1064 369/1563/325 1242/1749/1059
f 1246/1755/1063 2075/1754/1065 1242/1749/1059 370/1748/326
f 366/1756/322 1248/1757/1065 2076/1758/1745 1249/1759/1066
f 1248/1757/1065 365/1575/321 1250/1578/1067 2076/1758/1745
f 2076/1758/1745 1250/1578/1067 373/1569/329 1245/1753/1062
f 1249/1759/1066 2076/1758/1745 1245/1753/1062 374/1752/330
f 371/1743/327 1237/1742/1054 2077/1760/1746 1251/1761/1068
f 1237/1742/1054 372/1556/328 1253/1649/1070 2077/1760/1746
f 2077/1760/1746 1253/1649/1070 344/1581/301 1252/1762/1069
f 1251/1761/1068 2077/1760/1746 1252/1762/1069 343/1763/300
f 343/1763/300 1252/1762/1069 2078/1764/1747 1254/1765/1071
f 1252/1762/1069 344/1581/301 1255/1584/1072 2078/1764/1747
f 2078/1764/1747 1255/1584/1072 353/1539/310 1231/1735/1049
f 1254/1765/1071 2078/1764/1747 1231/1735/1049 354/1734/311
f 376/1766/332 1256/1767/1073 2079/1768/1748 1257/1769/1074
f 1256/1767/1073 375/1616/331 1259/1615/1076 2079/1768/1748
f 2079/1770/1748 1259/1614/1076 378/1613/334 1258/1771/1075
f 1257/1772/1074 2079/1770/1748 1258/1771/1075 377/1773/333
f 422/1627/378 1403/1774/1209 2080/1775/1749 1260/1628/1077
f 1403/1774/1209 423/1776/379 1397/1777/1203 2080/1775/1749
f 2080/1775/1749 1397/1777/1203 377/1773/333 1258/1771/1075
f 1260/1628/1077 2080/1775/1749 1258/1771/1075 378/1613/334
f 375/1616/331 1256/1767/1073 2081/1778/1750 1262/1779/1079
f 1256/1767/1073 376/1766/332 1263/1780/1080 2081/1778/1750
f 2081/1778/1750 1263/1780/1080 340/1701/297 1206/1700/1030
f 1262/1779/1079 2081/1778/1750 1206/1700/1030 339/1699/296
f 339/1699/296 1207/1698/1031 2082/1781/1751 1262/1779/1079
f 1207/1698/1031 341/1388/298 1265/1391/1082 2082/1781/1751
f 2082/1781/1751 1265/1391/1082 335/1393/292 1264/1682/1081
f 1262/1779/1079 2082/1781/1751 1264/1682/1081 375/1616/331
f 379/1782/335 1295/1783/84 2083/1784/84 1298/1785/1110
f 1295/1783/84 101/523/84 750/522/84 2083/1784/84
f 2083/1784/84 750/522/84 102/521/85 1294/1786/1107
f 1298/1785/1110 2083/1784/84 1294/1786/1107 380/1787/336
f 380/1787/336 1294/1786/1107 2084/1788/1752 1297/1789/1109
f 1294/1786/1107 102/521/85 763/529/667 2084/1788/1752
f 2084/1788/1752 763/529/667 2/528/2 1304/1790/1116
f 1297/1789/1109 2084/1788/1752 1304/1790/1116 381/1791/337
f 359/1792/315 1300/1793/1112 2085/1794/1753 1214/1795/1037
f 1300/1793/1112 383/1796/339 1305/1797/1117 2085/1794/1753
f 2085/1794/1753 1305/1797/1117 293/1798/264 1282/1799/1097
f 1214/1795/1037 2085/1794/1753 1282/1799/1097 360/1800/316
f 320/1801/286 1293/1802/1106 2086/1803/1754 1283/1804/1098
f 1293/1802/1106 382/1805/338 1301/1806/1113 2086/1803/1754
f 2086/1803/1754 1301/1806/1113 383/1796/339 1300/1793/1112
f 1283/1804/1098 2086/1803/1754 1300/1793/1112 359/1792/315
f 382/1805/338 1299/1807/1111 2087/1808/1755 1301/1806/1113
f 1299/1807/1111 379/1782/335 1298/1785/1110 2087/1808/1755
f 2087/1808/1755 1298/1785/1110 380/1787/336 1296/1809/1108
f 1301/1806/1113 2087/1808/1755 1296/1809/1108 383/1796/339
f 383/1796/339 1296/1809/1108 2088/1810/1756 1305/1797/1117
f 1296/1809/1108 380/1787/336 1297/1789/1109 2088/1810/1756
f 2088/1810/1756 1297/1789/1109 381/1791/337 1302/1811/1114
f 1305/1797/1117 2088/1810/1756 1302/1811/1114 293/1798/264
f 385/1690/341 1306/1812/1118 2089/1813/1757 1307/1686/1119
f 1306/1814/1118 386/1815/342 1309/1816/1121 2089/1817/1757
f 2089/1817/1757 1309/1816/1121 389/1818/345 1308/1819/1120
f 1307/1686/1119 2089/1813/1757 1308/1820/1120 387/1592/343
f 386/1815/342 1310/1821/1122 2090/1822/1758 1309/1816/1121
f 1310/1821/1122 384/1823/340 1312/1824/1124 2090/1822/1758
f 2090/1822/1758 1312/1824/1124 388/1643/344 1311/1825/1123
f 1309/1816/1121 2090/1822/1758 1311/1825/1123 389/1818/345
f 387/1592/343 1308/1820/1120 2091/1826/1125 1313/1588/349
f 1308/1819/1120 389/1818/345 1315/1827/1126 2091/1828/1125
f 2091/1828/1125 1315/1827/1126 392/1829/348 1314/1830/1125
f 1313/1588/349 2091/1826/1125 1314/1831/1125 390/1481/346
f 389/1818/345 1311/1825/1123 2092/1832/1123 1315/1827/1126
f 1311/1825/1123 388/1643/344 1317/1642/1128 2092/1832/1123
f 2092/1832/1123 1317/1642/1128 391/1455/347 1316/1833/1127
f 1315/1827/1126 2092/1832/1123 1316/1833/1127 392/1829/348
f 390/1481/346 1314/1831/1125 2093/1834/1125 1318/1476/349
f 1314/1830/1125 392/1829/348 1320/1835/1129 2093/1836/1125
f 2093/1836/1125 1320/1835/1129 395/1837/351 1319/1838/1120
f 1318/1476/349 2093/1834/1125 1319/1839/1120 393/1473/349
f 392/1829/348 1316/1833/1127 2094/1840/1759 1320/1835/1129
f 1316/1833/1127 391/1455/347 1322/1454/1131 2094/1840/1759
f 2094/1840/1759 1322/1454/1131 394/1312/350 1321/1841/1130
f 1320/1835/1129 2094/1840/1759 1321/1841/1130 395/1837/351
f 393/1473/349 1319/1839/1120 2095/1842/1760 1323/1620/1132
f 1319/1838/1120 395/1837/351 1325/1843/1134 2095/1844/1760
f 2095/1844/1760 1325/1843/1134 398/1845/354 1324/1846/1133
f 1323/1620/1132 2095/1842/1760 1324/1847/1133 396/1617/352
f 395/1837/351 1321/1841/1130 2096/1848/1761 1325/1843/1134
f 1321/1841/1130 394/1312/350 1327/1311/1136 2096/1848/1761
f 2096/1848/1761 1327/1311/1136 397/1310/353 1326/1849/1135
f 1325/1843/1134 2096/1848/1761 1326/1849/1135 398/1845/354
f 396/1617/352 1324/1847/1133 2097/1850/1762 1328/1656/1137
f 1324/1846/1133 398/1845/354 1330/1851/1139 2097/1852/1762
f 2097/1852/1762 1330/1851/1139 401/1853/357 1329/1854/1138
f 1328/1656/1137 2097/1850/1762 1329/1855/1138 399/1387/355
f 398/1845/354 1326/1849/1135 2098/1856/1763 1330/1851/1139
f 1326/1849/1135 397/1310/353 1332/1399/1141 2098/1856/1763
f 2098/1856/1763 1332/1399/1141 400/1398/356 1331/1857/1140
f 1330/1851/1139 2098/1856/1763 1331/1857/1140 401/1853/357
f 412/1378/368 1333/1858/1142 2099/1859/1764 1334/1374/1143
f 1333/1860/1142 413/1861/369 1335/1862/1144 2099/1863/1764
f 2099/1863/1764 1335/1862/1144 143/601/126 794/600/695
f 1334/1374/1143 2099/1859/1764 794/598/695 142/85/125
f 413/1861/369 1336/1864/1145 2100/1865/1765 1335/1862/1144
f 1336/1864/1145 411/1638/367 1337/1669/1146 2100/1865/1765
f 2100/1865/1765 1337/1669/1146 141/398/124 797/607/698
f 1335/1862/1144 2100/1865/1765 797/607/698 143/601/126
f 409/1319/365 1338/1866/1147 2101/1867/1766 1339/1464/1148
f 1338/1866/1147 410/1868/366 1340/1869/1149 2101/1867/1766
f 2101/1867/1766 1340/1869/1149 140/611/123 801/610/702
f 1339/1464/1148 2101/1867/1766 801/610/702 139/191/122
f 410/1868/366 1341/1870/1150 2102/1871/1767 1340/1869/1149
f 1341/1872/1150 408/1440/364 1342/1443/1151 2102/1873/1767
f 2102/1873/1767 1342/1443/1151 138/163/121 804/618/705
f 1340/1869/1149 2102/1871/1767 804/616/705 140/611/123
f 406/1379/362 1343/1874/1152 2103/1875/1768 1344/1438/1153
f 1343/1876/1152 407/1877/363 1345/1878/1154 2103/1879/1768
f 2103/1879/1768 1345/1878/1154 413/1861/369 1333/1860/1142
f 1344/1438/1153 2103/1875/1768 1333/1858/1142 412/1378/368
f 407/1877/363 1346/1880/1155 2104/1881/1769 1345/1878/1154
f 1346/1880/1155 405/1487/361 1347/1639/1156 2104/1881/1769
f 2104/1881/1769 1347/1639/1156 411/1638/367 1336/1864/1145
f 1345/1878/1154 2104/1881/1769 1336/1864/1145 413/1861/369
f 403/1315/359 1348/1882/1157 2105/1883/1770 1349/1316/1158
f 1348/1882/1157 404/1884/360 1350/1885/1159 2105/1883/1770
f 2105/1883/1770 1350/1885/1159 410/1868/366 1338/1866/1147
f 1349/1316/1158 2105/1883/1770 1338/1866/1147 409/1319/365
f 404/1884/360 1351/1886/1160 2106/1887/1771 1350/1885/1159
f 1351/1888/1160 402/1330/358 1352/1692/1161 2106/1889/1771
f 2106/1889/1771 1352/1692/1161 408/1440/364 1341/1872/1150
f 1350/1885/1159 2106/1887/1771 1341/1870/1150 410/1868/366
f 399/1387/355 1329/1855/1138 2107/1890/1772 1353/1382/1162
f 1329/1854/1138 401/1853/357 1354/1891/1163 2107/1892/1772
f 2107/1892/1772 1354/1891/1163 407/1877/363 1343/1876/1152
f 1353/1382/1162 2107/1890/1772 1343/1874/1152 406/1379/362
f 401/1853/357 1331/1857/1140 2108/1893/1773 1354/1891/1163
f 1331/1857/1140 400/1398/356 1355/1483/1164 2108/1893/1773
f 2108/1893/1773 1355/1483/1164 405/1487/361 1346/1880/1155
f 1354/1891/1163 2108/1893/1773 1346/1880/1155 407/1877/363
f 415/1462/371 1356/1894/1165 2109/1895/1774 1357/1463/1166
f 1356/1894/1165 416/1896/372 1359/1897/1168 2109/1895/1774
f 2109/1895/1774 1359/1897/1168 419/1898/375 1358/1899/1167
f 1357/1463/1166 2109/1895/1774 1358/1899/1167 417/1446/373
f 416/1896/372 1360/1900/1169 2110/1901/1775 1359/1897/1168
f 1360/1902/1169 414/1496/370 1362/1678/1171 2110/1903/1775
f 2110/1904/1775 1362/1676/1171 418/1332/374 1361/1905/1170
f 1359/1897/1168 2110/1901/1775 1361/1906/1170 419/1898/375
f 424/1488/380 1402/1907/1208 2111/1908/1776 1363/1909/1172
f 1402/1910/1208 425/1911/381 1399/1912/1205 2111/1913/1776
f 2111/1913/1776 1399/1912/1205 386/1815/342 1306/1814/1118
f 1363/1909/1172 2111/1908/1776 1306/1812/1118 385/1690/341
f 425/1911/381 1401/1914/1207 2112/1915/1777 1399/1912/1205
f 1401/1914/1207 426/1674/382 1400/1916/1206 2112/1915/1777
f 2112/1915/1777 1400/1916/1206 384/1823/340 1310/1821/1122
f 1399/1912/1205 2112/1915/1777 1310/1821/1122 386/1815/342
f 417/1446/373 1358/1899/1167 2113/1917/1778 1366/1447/1175
f 1358/1899/1167 419/1898/375 1367/1918/1176 2113/1917/1778
f 2113/1917/1778 1367/1918/1176 404/1884/360 1348/1882/1157
f 1366/1447/1175 2113/1917/1778 1348/1882/1157 403/1315/359
f 419/1898/375 1361/1906/1170 2114/1919/1779 1367/1918/1176
f 1361/1905/1170 418/1332/374 1368/1331/1177 2114/1920/1779
f 2114/1920/1779 1368/1331/1177 402/1330/358 1351/1888/1160
f 1367/1918/1176 2114/1919/1779 1351/1886/1160 404/1884/360
f 374/1645/330 1369/1644/1178 2115/1921/1780 1249/1922/1066
f 1369/1644/1178 388/1643/344 1312/1824/1124 2115/1921/1780
f 2115/1921/1780 1312/1824/1124 384/1823/340 1370/1923/1179
f 1249/1922/1066 2115/1921/1780 1370/1923/1179 366/1924/322
f 416/1896/372 1356/1894/1165 2116/1925/1781 1364/1926/1173
f 1356/1894/1165 415/1462/371 1365/1675/1174 2116/1925/1781
f 2116/1925/1781 1365/1675/1174 426/1674/382 1401/1914/1207
f 1364/1926/1173 2116/1925/1781 1401/1914/1207 425/1911/381
f 414/1496/370 1360/1902/1169 2117/1927/1782 1398/1491/1204
f 1360/1900/1169 416/1896/372 1364/1926/1173 2117/1928/1782
f 2117/1928/1782 1364/1926/1173 425/1911/381 1402/1910/1208
f 1398/1491/1204 2117/1927/1782 1402/1907/1208 424/1488/380
f 365/1575/321 1248/1757/1065 2118/1929/1059 1396/1930/1202
f 1248/1757/1065 366/1756/322 1261/1931/1078 2118/1929/1059
f 2118/1929/1059 1261/1931/1078 423/1776/379 1403/1774/1209
f 1396/1930/1202 2118/1929/1059 1403/1774/1209 422/1627/378
f 366/1924/322 1370/1923/1179 2119/1932/1783 1261/1933/1078
f 1370/1923/1179 384/1823/340 1400/1916/1206 2119/1932/1783
f 2119/1932/1783 1400/1916/1206 426/1674/382 1404/1671/1210
f 1261/1933/1078 2119/1932/1783 1404/1671/1210 423/1670/379
f 365/1575/321 1396/1930/1202 2120/1934/1784 1288/1576/1101
f 1396/1930/1202 422/1627/378 1405/1630/1211 2120/1934/1784
f 2120/1934/1784 1405/1630/1211 421/1632/377 1395/1935/287
f 1288/1576/1101 2120/1934/1784 1395/1935/287 323/1579/287
f 385/1690/341 1372/1689/1181 2121/1936/1785 1363/1909/1172
f 1372/1689/1181 308/1688/277 1171/1937/277 2121/1936/1785
f 2121/1936/1785 1171/1937/277 420/1492/376 1406/1489/1212
f 1363/1909/1172 2121/1936/1785 1406/1489/1212 424/1488/380
f 482/1938/431 1489/1939/1265 2122/1940/1786 1625/1941/1392
f 1489/1939/1265 486/1942/435 1624/1943/1391 2122/1940/1786
f 2122/1940/1786 1624/1943/1391 510/1944/459 1573/1945/1342
f 1625/1941/1392 2122/1940/1786 1573/1945/1342 513/1946/462
f 519/1947/468 1635/1948/1402 2123/1949/1787 1595/1950/1364
f 1635/1948/1402 458/1951/408 1454/1952/1237 2123/1949/1787
f 2123/1949/1787 1454/1952/1237 460/1953/410 1636/1954/1403
f 1595/1950/1364 2123/1949/1787 1636/1954/1403 525/1955/474
f 455/1956/405 1631/1957/1398 2124/1958/1788 1449/1959/1232
f 1631/1957/1398 534/1960/483 1614/1961/1383 2124/1958/1788
f 2124/1958/1788 1614/1961/1383 518/1962/467 1632/1963/1399
f 1449/1959/1232 2124/1958/1788 1632/1963/1399 451/1964/401
f 498/1965/447 1549/1966/1321 2125/1967/1789 1550/1968/1322
f 1549/1966/1321 443/1969/396 1422/1970/1218 2125/1967/1789
f 2125/1967/1789 1422/1970/1218 182/717/157 875/716/773
f 1550/1968/1322 2125/1967/1789 875/716/773 158/715/141
f 443/1969/396 1421/1971/395 2126/1972/1219 1422/1970/1218
f 1421/1971/395 442/1973/395 1423/1974/1219 2126/1972/1219
f 2126/1972/1219 1423/1974/1219 181/723/156 896/722/156
f 1422/1970/1218 2126/1972/1219 896/722/156 182/717/157
f 442/1973/395 1420/1975/395 2127/1976/1219 1423/1974/1219
f 1420/1975/395 441/1977/395 1424/1978/1219 2127/1976/1219
f 2127/1976/1219 1424/1978/1219 180/729/156 895/728/156
f 1423/1974/1219 2127/1976/1219 895/728/156 181/723/156
f 441/1977/395 1419/1979/395 2128/1980/1219 1424/1978/1219
f 1419/1979/395 440/1981/395 1425/1982/1219 2128/1980/1219
f 2128/1980/1219 1425/1982/1219 179/735/156 894/734/156
f 1424/1978/1219 2128/1980/1219 894/734/156 180/729/156
f 440/1981/395 1418/1983/395 2129/1984/1219 1425/1982/1219
f 1418/1983/395 439/1985/395 1426/1986/1219 2129/1984/1219
f 2129/1984/1219 1426/1986/1219 178/741/156 893/740/156
f 1425/1982/1219 2129/1984/1219 893/740/156 179/735/156
f 439/1985/395 1417/1987/394 2130/1988/1219 1426/1986/1219
f 1417/1987/394 438/1989/394 1427/1990/1219 2130/1988/1219
f 2130/1988/1219 1427/1990/1219 177/747/156 892/746/156
f 1426/1986/1219 2130/1988/1219 892/746/156 178/741/156
f 438/1989/394 1416/1991/394 2131/1992/1219 1427/1990/1219
f 1416/1991/394 437/1993/393 1428/1994/1219 2131/1992/1219
f 2131/1992/1219 1428/1994/1219 176/753/156 891/752/156
f 1427/1990/1219 2131/1992/1219 891/752/156 177/747/156
f 437/1993/393 1415/1995/1217 2132/1996/1790 1428/1994/1219
f 1415/1995/1217 436/1997/392 1429/1998/1220 2132/1996/1790
f 2132/1996/1790 1429/1998/1220 175/759/155 890/758/778
f 1428/1994/1219 2132/1996/1790 890/758/778 176/753/156
f 279/762/250 1580/1999/1349 2133/2000/1791 1127/763/978
f 1580/1999/1349 528/2001/477 1639/2002/1406 2133/2000/1791
f 2133/2000/1791 1639/2002/1406 454/2003/404 1445/2004/1228
f 1127/763/978 2133/2000/1791 1445/2004/1228 195/766/167
f 522/2005/471 1599/2006/1368 2134/2007/1792 1629/2008/1396
f 1599/2006/1368 515/2009/464 1628/2010/1395 2134/2007/1792
f 2134/2007/1792 1628/2010/1395 450/2011/400 1450/2012/1233
f 1629/2008/1396 2134/2007/1792 1450/2012/1233 452/2013/402
f 459/2014/409 1514/2015/1290 2135/2016/1793 1458/2017/1241
f 1514/2015/1290 456/2018/406 1451/2019/1234 2135/2016/1793
f 2135/2016/1793 1451/2019/1234 197/786/169 992/785/853
f 1458/2017/1241 2135/2016/1793 992/785/853 204/784/176
f 489/2020/438 1485/2021/1261 2136/2022/1794 1627/2023/1394
f 1485/2021/1261 482/1938/431 1625/1941/1392 2136/2022/1794
f 2136/2022/1794 1625/1941/1392 513/1946/462 1578/2024/1347
f 1627/2023/1394 2136/2022/1794 1578/2024/1347 516/2025/465
f 427/2026/383 1407/2027/1213 2137/2028/1795 1548/2029/1320
f 1407/2027/1213 435/2030/391 1430/2031/1221 2137/2028/1795
f 2137/2028/1795 1430/2031/1221 443/1969/396 1549/1966/1321
f 1548/2029/1320 2137/2028/1795 1549/1966/1321 498/1965/447
f 435/2030/391 1414/2032/390 2138/2033/1222 1430/2031/1221
f 1414/2032/390 434/2034/390 1431/2035/1222 2138/2033/1222
f 2138/2033/1222 1431/2035/1222 442/1973/395 1421/1971/395
f 1430/2031/1221 2138/2033/1222 1421/1971/395 443/1969/396
f 434/2034/390 1413/2036/389 2139/2037/1222 1431/2035/1222
f 1413/2036/389 433/2038/389 1432/2039/1222 2139/2037/1222
f 2139/2037/1222 1432/2039/1222 441/1977/395 1420/1975/395
f 1431/2035/1222 2139/2037/1222 1420/1975/395 442/1973/395
f 433/2038/389 1412/2040/388 2140/2041/1222 1432/2039/1222
f 1412/2040/388 432/2042/388 1433/2043/1222 2140/2041/1222
f 2140/2041/1222 1433/2043/1222 440/1981/395 1419/1979/395
f 1432/2039/1222 2140/2041/1222 1419/1979/395 441/1977/395
f 432/2042/388 1411/2044/1216 2141/2045/1222 1433/2043/1222
f 1411/2044/1216 431/2046/387 1434/2047/1222 2141/2045/1222
f 2141/2045/1222 1434/2047/1222 439/1985/395 1418/1983/395
f 1433/2043/1222 2141/2045/1222 1418/1983/395 440/1981/395
f 431/2046/387 1410/2048/387 2142/2049/1223 1434/2047/1222
f 1410/2048/387 430/2050/386 1435/2051/1223 2142/2049/1223
f 2142/2049/1223 1435/2051/1223 438/1989/394 1417/1987/394
f 1434/2047/1222 2142/2049/1223 1417/1987/394 439/1985/395
f 430/2050/386 1409/2052/1215 2143/2053/1223 1435/2051/1223
f 1409/2052/1215 429/2054/385 1436/2055/1224 2143/2053/1223
f 2143/2053/1223 1436/2055/1224 437/1993/393 1416/1991/394
f 1435/2051/1223 2143/2053/1223 1416/1991/394 438/1989/394
f 429/2054/385 1408/2056/1214 2144/2057/1796 1436/2055/1224
f 1408/2056/1214 428/2058/384 1437/2059/1225 2144/2057/1796
f 2144/2057/1796 1437/2059/1225 436/1997/392 1415/1995/1217
f 1436/2055/1224 2144/2057/1796 1415/1995/1217 437/1993/393
f 528/2001/477 1590/2060/1359 2145/2061/1797 1639/2002/1406
f 1590/2060/1359 522/2005/471 1629/2008/1396 2145/2061/1797
f 2145/2061/1797 1629/2008/1396 452/2013/402 1447/2062/1230
f 1639/2002/1406 2145/2061/1797 1447/2062/1230 454/2003/404
f 524/2063/473 1588/2064/1357 2146/2065/1798 1633/2066/1400
f 1588/2064/1357 275/840/246 1124/839/975 2146/2065/1798
f 2146/2065/1798 1124/839/975 194/838/166 1446/2067/1229
f 1633/2066/1400 2146/2065/1798 1446/2067/1229 453/2068/403
f 533/2069/482 1634/2070/1401 2147/2071/1799 1612/2072/1381
f 1634/2070/1401 494/2073/443 1512/2074/1288 2147/2071/1799
f 2147/2071/1799 1512/2074/1288 458/1951/408 1635/1948/1402
f 1612/2072/1381 2147/2071/1799 1635/1948/1402 519/1947/468
f 486/1942/435 1492/2075/1268 2148/2076/1800 1624/1943/1391
f 1492/2075/1268 488/2077/437 1621/2078/1390 2148/2076/1800
f 2148/2076/1800 1621/2078/1390 507/2079/456 1568/2080/1337
f 1624/1943/1391 2148/2076/1800 1568/2080/1337 510/1944/459
f 494/2073/443 1634/2070/1401 2149/2081/1801 1506/2082/1282
f 1634/2070/1401 533/2069/482 1603/2083/1372 2149/2081/1801
f 2149/2081/1801 1603/2083/1372 531/2084/480 1620/2085/1389
f 1506/2082/1282 2149/2081/1801 1620/2085/1389 495/2086/444
f 525/1955/474 1636/1954/1403 2150/2087/1802 1585/2088/1354
f 1636/1954/1403 460/1953/410 1457/2089/1240 2150/2087/1802
f 2150/2087/1802 1457/2089/1240 203/863/175 1125/862/976
f 1585/2088/1354 2150/2087/1802 1125/862/976 276/861/247
f 464/2090/414 1469/2091/414 2151/2092/1295 1519/2093/1295
f 1469/2091/414 466/2094/416 1520/2095/1295 2151/2092/1295
f 2151/2092/1295 1520/2095/1295 430/2050/386 1410/2048/387
f 1519/2093/1295 2151/2092/1295 1410/2048/387 431/2046/387
f 509/2096/458 1564/2097/458 2152/2098/1386 1623/2099/1386
f 1564/2097/458 506/2100/455 1622/2101/1386 2152/2098/1386
f 2152/2098/1386 1622/2101/1386 447/2102/398 1442/2103/398
f 1623/2099/1386 2152/2098/1386 1442/2103/398 448/2104/398
f 516/2025/465 1601/2105/1370 2153/2106/1803 1627/2023/1394
f 1601/2105/1370 521/2107/470 1630/2108/1397 2153/2106/1803
f 2153/2106/1803 1630/2108/1397 461/2109/411 1500/2110/1276
f 1627/2023/1394 2153/2106/1803 1500/2110/1276 489/2020/438
f 539/2111/488 1643/2112/1410 2154/2113/1804 1651/2114/1418
f 1643/2112/1410 530/2115/479 1619/2116/1388 2154/2113/1804
f 2154/2113/1804 1619/2116/1388 444/2117/397 1640/2118/1407
f 1651/2114/1418 2154/2113/1804 1640/2118/1407 536/2119/485
f 463/2120/413 1460/2121/1243 2155/2122/1299 1522/2123/1297
f 1460/2121/1243 480/2124/429 1524/2125/1299 2155/2122/1299
f 2155/2122/1299 1524/2125/1299 321/1503/287 1193/1502/287
f 1522/2123/1297 2155/2122/1299 1193/1502/287 327/1501/287
f 469/2126/419 1464/2127/1246 2156/2128/1805 1530/2129/1304
f 1464/2127/1246 477/2130/426 1532/2131/1306 2156/2128/1805
f 2156/2128/1805 1532/2131/1306 320/1512/286 1194/1511/1021
f 1530/2129/1304 2156/2128/1805 1194/1511/1021 330/1510/288
f 465/2132/415 1467/2133/1249 2157/2134/1297 1521/2135/1296
f 1467/2133/1249 463/2120/413 1522/2123/1297 2157/2134/1297
f 2157/2134/1297 1522/2123/1297 327/1501/287 1188/1520/287
f 1521/2135/1296 2157/2134/1297 1188/1520/287 328/1519/287
f 473/2136/423 1470/2137/423 2158/2138/1303 1529/2139/1303
f 1470/2137/423 469/2126/419 1530/2129/1304 2158/2138/1303
f 2158/2138/1303 1530/2129/1304 330/1510/288 1189/1526/287
f 1529/2139/1303 2158/2138/1303 1189/1526/287 331/1525/287
f 467/2140/417 1473/2141/1252 2159/2142/1296 1526/2143/1301
f 1473/2141/1252 465/2132/415 1521/2135/1296 2159/2142/1296
f 2159/2142/1296 1521/2135/1296 328/1519/287 1190/1532/287
f 1526/2143/1301 2159/2142/1296 1190/1532/287 329/1531/290
f 475/2144/425 1476/2145/425 2160/2146/1299 1534/2147/1299
f 1476/2145/425 473/2136/423 1529/2139/1303 2160/2146/1299
f 2160/2146/1299 1529/2139/1303 331/1525/287 1191/1538/287
f 1534/2147/1299 2160/2146/1299 1191/1538/287 332/1537/287
f 471/2148/421 1479/2149/1256 2161/2150/1806 1516/2151/1292
f 1479/2149/1256 467/2140/417 1526/2143/1301 2161/2150/1806
f 2161/2150/1806 1526/2143/1301 329/1531/290 1195/1544/1022
f 1516/2151/1292 2161/2150/1806 1195/1544/1022 319/1543/285
f 480/2124/429 1482/2152/1259 2162/2153/1299 1524/2125/1299
f 1482/2152/1259 475/2144/425 1534/2147/1299 2162/2153/1299
f 2162/2153/1299 1534/2147/1299 332/1537/287 1196/1547/287
f 1524/2125/1299 2162/2153/1299 1196/1547/287 321/1503/287
f 481/2154/430 1487/2155/1263 2163/2156/1807 1536/2157/1308
f 1487/2155/1263 490/2158/439 1517/2159/1293 2163/2156/1807
f 2163/2156/1807 1517/2159/1293 325/1554/289 1183/1553/1018
f 1536/2157/1308 2163/2156/1807 1183/1553/1018 322/1552/288
f 485/2160/434 1490/2161/1266 2164/2162/1808 1535/2163/1307
f 1490/2161/1266 481/2154/430 1536/2157/1308 2164/2162/1808
f 2164/2162/1808 1536/2157/1308 322/1552/288 1184/1562/287
f 1535/2163/1307 2164/2162/1808 1184/1562/287 324/1561/287
f 487/2164/436 1493/2165/1269 2165/2166/1809 1540/2167/1312
f 1493/2165/1269 485/2160/434 1535/2163/1307 2165/2166/1809
f 2165/2166/1809 1535/2163/1307 324/1561/287 1197/1568/287
f 1540/2167/1312 2165/2166/1809 1197/1568/287 334/1567/287
f 491/2168/440 1496/2169/1272 2166/2170/1810 1538/2171/1310
f 1496/2169/1272 487/2164/436 1540/2167/1312 2166/2170/1810
f 2166/2170/1810 1540/2167/1312 334/1567/287 1198/1574/287
f 1538/2171/1310 2166/2170/1810 1198/1574/287 326/1573/287
f 483/2172/432 1499/2173/1275 2167/2174/1811 1537/2175/1309
f 1499/2173/1275 491/2168/440 1538/2171/1310 2167/2174/1811
f 2167/2174/1811 1538/2171/1310 326/1573/287 1185/1580/287
f 1537/2175/1309 2167/2174/1811 1185/1580/287 323/1579/287
f 462/2176/412 1504/2177/1280 2168/2178/1812 1515/2179/1291
f 1504/2177/1280 471/2148/421 1516/2151/1292 2168/2178/1812
f 2168/2178/1812 1516/2151/1292 319/1543/285 1187/1586/1020
f 1515/2179/1291 2168/2178/1812 1187/1586/1020 318/1585/284
f 506/2100/455 1559/2180/458 2169/2181/1386 1622/2101/1386
f 1559/2180/458 503/2182/452 1617/2183/1386 2169/2181/1386
f 2169/2181/1386 1617/2183/1386 446/2184/398 1441/2185/398
f 1622/2101/1386 2169/2181/1386 1441/2185/398 447/2102/398
f 476/2186/424 1483/2187/424 2170/2188/1298 1533/2189/1298
f 1483/2187/424 479/2190/428 1523/2191/1298 2170/2188/1298
f 2170/2188/1298 1523/2191/1298 432/2042/388 1412/2040/388
f 1533/2189/1298 2170/2188/1298 1412/2040/388 433/2038/389
f 470/2192/420 1472/2193/424 2171/2194/1298 1527/2195/1302
f 1472/2193/424 474/2196/424 1528/2197/1298 2171/2194/1298
f 2171/2194/1298 1528/2197/1298 434/2034/390 1414/2032/390
f 1527/2195/1302 2171/2194/1298 1414/2032/390 435/2030/391
f 337/1605/294 1541/2198/1313 2172/2199/1813 1201/1606/1025
f 1541/2198/1313 493/2200/442 1508/2201/1284 2172/2199/1813
f 2172/2202/1813 1508/2203/1284 496/2204/445 1539/2205/1311
f 1201/1609/1025 2172/2202/1813 1539/2205/1311 338/1610/295
f 512/2206/461 1569/2207/1338 2173/2208/1386 1626/2209/1393
f 1569/2207/1338 509/2096/458 1623/2099/1386 2173/2208/1386
f 2173/2208/1386 1623/2099/1386 448/2104/398 1443/2210/398
f 1626/2209/1393 2173/2208/1386 1443/2210/398 449/2211/399
f 466/2094/416 1475/2212/1254 2174/2213/1295 1520/2095/1295
f 1475/2212/1254 468/2214/418 1525/2215/1300 2174/2213/1295
f 2174/2213/1295 1525/2215/1300 429/2054/385 1409/2052/1215
f 1520/2095/1295 2174/2213/1295 1409/2052/1215 430/2050/386
f 537/2216/486 1650/2217/1417 2175/2218/1814 1509/2219/1285
f 1650/2217/1417 421/1632/377 1202/1631/1026 2175/2218/1814
f 2175/2218/1814 1202/1631/1026 338/1610/295 1539/2205/1311
f 1509/2219/1285 2175/2218/1814 1539/2205/1311 496/2204/445
f 474/2196/424 1478/2220/424 2176/2221/1298 1528/2197/1298
f 1478/2220/424 476/2186/424 1533/2189/1298 2176/2221/1298
f 2176/2221/1298 1533/2189/1298 433/2038/389 1413/2036/389
f 1528/2197/1298 2176/2221/1298 1413/2036/389 434/2034/390
f 428/2058/384 1637/2222/1404 2177/2223/1815 1437/2059/1225
f 1637/2222/1404 521/2107/470 1593/2224/1362 2177/2223/1815
f 2177/2223/1815 1593/2224/1362 527/2225/476 1638/2226/1405
f 1437/2059/1225 2177/2223/1815 1638/2226/1405 436/1997/392
f 488/2077/437 1495/2227/1271 2178/2228/1816 1621/2078/1390
f 1495/2227/1271 492/2229/441 1615/2230/1384 2178/2228/1816
f 2178/2228/1816 1615/2230/1384 504/2231/453 1563/2232/1334
f 1621/2078/1390 2178/2228/1816 1563/2232/1334 507/2079/456
f 479/2190/428 1462/2233/414 2179/2234/1298 1523/2191/1298
f 1462/2233/414 464/2090/414 1519/2093/1295 2179/2234/1298
f 2179/2234/1298 1519/2093/1295 431/2046/387 1411/2044/1216
f 1523/2191/1298 2179/2234/1298 1411/2044/1216 432/2042/388
f 490/2158/439 1502/2235/1278 2180/2236/1817 1517/2159/1293
f 1502/2235/1278 462/2176/412 1515/2179/1291 2180/2236/1817
f 2180/2236/1817 1515/2179/1291 318/1585/284 1186/1650/1019
f 1517/2159/1293 2180/2236/1817 1186/1650/1019 325/1554/289
f 478/2237/427 1466/2238/1248 2181/2239/1818 1531/2240/1305
f 1466/2238/1248 470/2192/420 1527/2195/1302 2181/2239/1818
f 2181/2239/1818 1527/2195/1302 435/2030/391 1407/2027/1213
f 1531/2240/1305 2181/2239/1818 1407/2027/1213 427/2026/383
f 515/2009/464 1574/2241/1343 2182/2242/1819 1628/2010/1395
f 1574/2241/1343 512/2206/461 1626/2209/1393 2182/2242/1819
f 2182/2242/1819 1626/2209/1393 449/2211/399 1444/2243/1227
f 1628/2010/1395 2182/2242/1819 1444/2243/1227 450/2011/400
f 468/2214/418 1481/2244/1258 2183/2245/1820 1525/2215/1300
f 1481/2244/1258 472/2246/422 1518/2247/1294 2183/2245/1820
f 2183/2245/1820 1518/2247/1294 428/2058/384 1408/2056/1214
f 1525/2215/1300 2183/2245/1820 1408/2056/1214 429/2054/385
f 456/2018/406 1438/2248/1226 2184/2249/36 1451/2019/1234
f 1438/2248/1226 336/1665/293 1192/1664/36 2184/2249/36
f 2184/2249/36 1192/1664/36 51/391/36 926/1025/36
f 1451/2019/1234 2184/2249/36 926/1025/36 197/786/169
f 461/2109/411 1630/2108/1397 2185/2250/1821 1503/2251/1279
f 1630/2108/1397 521/2107/470 1637/2222/1404 2185/2250/1821
f 2185/2250/1821 1637/2222/1404 428/2058/384 1518/2247/1294
f 1503/2251/1279 2185/2250/1821 1518/2247/1294 472/2246/422
f 436/1997/392 1638/2226/1405 2186/2252/1822 1429/1998/1220
f 1638/2226/1405 527/2225/476 1583/2253/1352 2186/2252/1822
f 2186/2252/1822 1583/2253/1352 278/1030/249 1126/1029/977
f 1429/1998/1220 2186/2252/1822 1126/1029/977 175/759/155
f 538/2254/487 1642/2255/1409 2187/2256/1823 1649/2257/1416
f 1642/2255/1409 495/2086/444 1620/2085/1389 2187/2256/1823
f 2187/2256/1823 1620/2085/1389 531/2084/480 1611/2258/1380
f 1649/2257/1416 2187/2256/1823 1611/2258/1380 541/2259/490
f 534/2260/483 1631/2261/1398 2188/2262/1824 1608/2263/1377
f 1631/2261/1398 455/2264/405 1452/2265/1235 2188/2262/1824
f 2188/2262/1824 1452/2265/1235 444/2117/397 1619/2116/1388
f 1608/2263/1377 2188/2262/1824 1619/2116/1388 530/2115/479
f 493/2200/442 1541/2198/1313 2189/2266/1825 1513/2267/1289
f 1541/2198/1313 337/1605/294 1203/1684/1027 2189/2266/1825
f 2189/2266/1825 1203/1684/1027 336/1665/293 1438/2248/1226
f 1513/2267/1289 2189/2266/1825 1438/2248/1226 456/2018/406
f 503/2182/452 1553/2268/1325 2190/2269/1386 1617/2183/1386
f 1553/2268/1325 501/2270/450 1618/2271/1387 2190/2269/1386
f 2190/2269/1386 1618/2271/1387 445/2272/398 1440/2273/398
f 1617/2183/1386 2190/2269/1386 1440/2273/398 446/2184/398
f 518/1962/467 1598/2274/1367 2191/2275/1826 1632/1963/1399
f 1598/2274/1367 524/2063/473 1633/2066/1400 2191/2275/1826
f 2191/2275/1826 1633/2066/1400 453/2068/403 1448/2276/1231
f 1632/1963/1399 2191/2275/1826 1448/2276/1231 451/1964/401
f 460/2277/410 1454/2278/1237 2192/2279/1827 1453/2280/1236
f 1454/2278/1237 458/2281/408 1455/2282/1238 2192/2279/1827
f 2192/2279/1827 1455/2282/1238 457/2283/407 1456/2284/1239
f 1453/2280/1236 2192/2279/1827 1456/2284/1239 459/2014/409
f 203/1063/175 1457/2285/1240 2193/2286/1828 933/1064/801
f 1457/2285/1240 460/2277/410 1453/2280/1236 2193/2286/1828
f 2193/2286/1828 1453/2280/1236 459/2014/409 1458/2017/1241
f 933/1064/801 2193/2286/1828 1458/2017/1241 204/784/176
f 480/2124/429 1460/2121/1243 2194/2287/1829 1459/2288/1242
f 1460/2121/1243 463/2120/413 1461/2289/1244 2194/2287/1829
f 2194/2287/1829 1461/2289/1244 464/2290/414 1462/2291/414
f 1459/2288/1242 2194/2287/1829 1462/2291/414 479/2292/428
f 477/2130/426 1464/2127/1246 2195/2293/1830 1463/2294/1245
f 1464/2127/1246 469/2126/419 1465/2295/1247 2195/2293/1830
f 2195/2293/1830 1465/2295/1247 470/2296/420 1466/2297/1248
f 1463/2294/1245 2195/2293/1830 1466/2297/1248 478/2298/427
f 463/2120/413 1467/2133/1249 2196/2299/1831 1461/2289/1244
f 1467/2133/1249 465/2132/415 1468/2300/1250 2196/2299/1831
f 2196/2299/1831 1468/2300/1250 466/2301/416 1469/2302/414
f 1461/2289/1244 2196/2299/1831 1469/2302/414 464/2290/414
f 469/2126/419 1470/2137/423 2197/2303/1251 1465/2295/1247
f 1470/2137/423 473/2136/423 1471/2304/1251 2197/2303/1251
f 2197/2303/1251 1471/2304/1251 474/2305/424 1472/2306/424
f 1465/2295/1247 2197/2303/1251 1472/2306/424 470/2296/420
f 465/2132/415 1473/2141/1252 2198/2307/1832 1468/2300/1250
f 1473/2141/1252 467/2140/417 1474/2308/1253 2198/2307/1832
f 2198/2307/1832 1474/2308/1253 468/2309/418 1475/2310/1254
f 1468/2300/1250 2198/2307/1832 1475/2310/1254 466/2301/416
f 473/2136/423 1476/2145/425 2199/2311/1255 1471/2304/1251
f 1476/2145/425 475/2144/425 1477/2312/1255 2199/2311/1255
f 2199/2311/1255 1477/2312/1255 476/2313/424 1478/2314/424
f 1471/2304/1251 2199/2311/1255 1478/2314/424 474/2305/424
f 467/2140/417 1479/2149/1256 2200/2315/1833 1474/2308/1253
f 1479/2149/1256 471/2148/421 1480/2316/1257 2200/2315/1833
f 2200/2315/1833 1480/2316/1257 472/2317/422 1481/2318/1258
f 1474/2308/1253 2200/2315/1833 1481/2318/1258 468/2309/418
f 475/2144/425 1482/2152/1259 2201/2319/1834 1477/2312/1255
f 1482/2152/1259 480/2124/429 1459/2288/1242 2201/2319/1834
f 2201/2319/1834 1459/2288/1242 479/2292/428 1483/2320/424
f 1477/2312/1255 2201/2319/1834 1483/2320/424 476/2313/424
f 482/2321/431 1485/2322/1261 2202/2323/1835 1484/2324/1260
f 1485/2322/1261 489/2325/438 1486/2326/1262 2202/2323/1835
f 2202/2323/1835 1486/2326/1262 490/2158/439 1487/2155/1263
f 1484/2324/1260 2202/2323/1835 1487/2155/1263 481/2154/430
f 486/2327/435 1489/2328/1265 2203/2329/1836 1488/2330/1264
f 1489/2328/1265 482/2321/431 1484/2324/1260 2203/2329/1836
f 2203/2329/1836 1484/2324/1260 481/2154/430 1490/2161/1266
f 1488/2330/1264 2203/2329/1836 1490/2161/1266 485/2160/434
f 488/2331/437 1492/2332/1268 2204/2333/1837 1491/2334/1267
f 1492/2332/1268 486/2327/435 1488/2330/1264 2204/2333/1837
f 2204/2333/1837 1488/2330/1264 485/2160/434 1493/2165/1269
f 1491/2334/1267 2204/2333/1837 1493/2165/1269 487/2164/436
f 492/2335/441 1495/2336/1271 2205/2337/1273 1494/2338/1270
f 1495/2336/1271 488/2331/437 1491/2334/1267 2205/2337/1273
f 2205/2337/1273 1491/2334/1267 487/2164/436 1496/2169/1272
f 1494/2338/1270 2205/2337/1273 1496/2169/1272 491/2168/440
f 484/2339/433 1498/2340/1274 2206/2341/1838 1497/2342/1273
f 1498/2340/1274 492/2335/441 1494/2338/1270 2206/2341/1838
f 2206/2341/1838 1494/2338/1270 491/2168/440 1499/2173/1275
f 1497/2342/1273 2206/2341/1838 1499/2173/1275 483/2172/432
f 489/2325/438 1500/2343/1276 2207/2344/1839 1486/2326/1262
f 1500/2343/1276 461/2345/411 1501/2346/1277 2207/2344/1839
f 2207/2344/1839 1501/2346/1277 462/2176/412 1502/2235/1278
f 1486/2326/1262 2207/2344/1839 1502/2235/1278 490/2158/439
f 461/2345/411 1503/2347/1279 2208/2348/1840 1501/2346/1277
f 1503/2347/1279 472/2317/422 1480/2316/1257 2208/2348/1840
f 2208/2348/1840 1480/2316/1257 471/2148/421 1504/2177/1280
f 1501/2346/1277 2208/2348/1840 1504/2177/1280 462/2176/412
f 494/2349/443 1506/2350/1282 2209/2351/1841 1505/2352/1281
f 1506/2353/1282 495/2354/444 1507/2355/1283 2209/2356/1841
f 2209/2356/1841 1507/2355/1283 496/2204/445 1508/2203/1284
f 1505/2352/1281 2209/2351/1841 1508/2201/1284 493/2200/442
f 537/2216/486 1509/2219/1285 2210/2357/1842 1648/2358/1415
f 1509/2219/1285 496/2204/445 1507/2355/1283 2210/2357/1842
f 2210/2357/1842 1507/2355/1283 495/2354/444 1642/2359/1409
f 1648/2358/1415 2210/2357/1842 1642/2359/1409 538/2360/487
f 493/2200/442 1511/2361/1287 2211/2362/1843 1505/2352/1281
f 1511/2361/1287 457/2283/407 1455/2282/1238 2211/2362/1843
f 2211/2362/1843 1455/2282/1238 458/2281/408 1512/2363/1288
f 1505/2352/1281 2211/2362/1843 1512/2363/1288 494/2349/443
f 457/2283/407 1511/2361/1287 2212/2364/1844 1456/2284/1239
f 1511/2361/1287 493/2200/442 1513/2267/1289 2212/2364/1844
f 2212/2364/1844 1513/2267/1289 456/2018/406 1514/2015/1290
f 1456/2284/1239 2212/2364/1844 1514/2015/1290 459/2014/409
f 379/1782/335 1545/2365/1317 2213/2366/84 1295/1783/84
f 1545/2365/1317 497/2367/446 1542/2368/1314 2213/2366/84
f 2213/2366/84 1542/2368/1314 241/1148/212 1020/1147/84
f 1295/1783/84 2213/2366/84 1020/1147/84 101/523/84
f 497/2367/446 1544/2369/1316 2214/2370/1845 1542/2368/1314
f 1544/2369/1316 498/2371/447 1550/2372/1322 2214/2370/1845
f 2214/2370/1845 1550/2372/1322 158/1154/141 1030/1153/886
f 1542/2368/1314 2214/2370/1845 1030/1153/886 241/1148/212
f 477/2373/426 1463/2374/1245 2215/2375/1846 1546/2376/1318
f 1463/2374/1245 478/2377/427 1531/2378/1305 2215/2375/1846
f 2215/2375/1846 1531/2378/1305 427/2379/383 1551/2380/1323
f 1546/2376/1318 2215/2375/1846 1551/2380/1323 499/2381/448
f 320/1801/286 1532/2382/1306 2216/2383/1847 1293/1802/1106
f 1532/2382/1306 477/2373/426 1546/2376/1318 2216/2383/1847
f 2216/2383/1847 1546/2376/1318 499/2381/448 1547/2384/1319
f 1293/1802/1106 2216/2383/1847 1547/2384/1319 382/1805/338
f 382/1805/338 1547/2384/1319 2217/2385/1848 1299/1807/1111
f 1547/2384/1319 499/2381/448 1543/2386/1315 2217/2385/1848
f 2217/2385/1848 1543/2386/1315 497/2367/446 1545/2365/1317
f 1299/1807/1111 2217/2385/1848 1545/2365/1317 379/1782/335
f 499/2381/448 1551/2380/1323 2218/2387/1849 1543/2386/1315
f 1551/2380/1323 427/2379/383 1548/2388/1320 2218/2387/1849
f 2218/2387/1849 1548/2388/1320 498/2371/447 1544/2369/1316
f 1543/2386/1315 2218/2387/1849 1544/2369/1316 497/2367/446
f 501/2270/450 1553/2268/1325 2219/2389/1850 1552/2390/1324
f 1553/2268/1325 503/2182/452 1554/2391/1326 2219/2389/1850
f 2219/2392/1850 1554/2393/1326 505/2394/454 1555/2395/1327
f 1552/2396/1324 2219/2392/1850 1555/2395/1327 502/2397/451
f 502/2397/451 1555/2395/1327 2220/2398/1851 1556/2399/1328
f 1555/2395/1327 505/2394/454 1557/2400/1329 2220/2398/1851
f 2220/2398/1851 1557/2400/1329 504/2231/453 1558/2401/1330
f 1556/2399/1328 2220/2398/1851 1558/2401/1330 500/2402/449
f 503/2182/452 1559/2180/458 2221/2403/1331 1554/2391/1326
f 1559/2180/458 506/2100/455 1560/2404/1331 2221/2403/1331
f 2221/2405/1331 1560/2406/1331 508/2407/457 1561/2408/1332
f 1554/2393/1326 2221/2405/1331 1561/2408/1332 505/2394/454
f 505/2394/454 1561/2408/1332 2222/2409/1329 1557/2400/1329
f 1561/2408/1332 508/2407/457 1562/2410/1333 2222/2409/1329
f 2222/2409/1329 1562/2410/1333 507/2079/456 1563/2232/1334
f 1557/2400/1329 2222/2409/1329 1563/2232/1334 504/2231/453
f 506/2100/455 1564/2097/458 2223/2411/1331 1560/2404/1331
f 1564/2097/458 509/2096/458 1565/2412/1326 2223/2411/1331
f 2223/2413/1331 1565/2414/1326 511/2415/460 1566/2416/1335
f 1560/2406/1331 2223/2413/1331 1566/2416/1335 508/2407/457
f 508/2407/457 1566/2416/1335 2224/2417/1852 1562/2410/1333
f 1566/2416/1335 511/2415/460 1567/2418/1336 2224/2417/1852
f 2224/2417/1852 1567/2418/1336 510/1944/459 1568/2080/1337
f 1562/2410/1333 2224/2417/1852 1568/2080/1337 507/2079/456
f 509/2096/458 1569/2207/1338 2225/2419/1853 1565/2412/1326
f 1569/2207/1338 512/2206/461 1570/2420/1339 2225/2419/1853
f 2225/2421/1853 1570/2422/1339 514/2423/463 1571/2424/1340
f 1565/2414/1326 2225/2421/1853 1571/2424/1340 511/2415/460
f 511/2415/460 1571/2424/1340 2226/2425/1854 1567/2418/1336
f 1571/2424/1340 514/2423/463 1572/2426/1341 2226/2425/1854
f 2226/2425/1854 1572/2426/1341 513/1946/462 1573/1945/1342
f 1567/2418/1336 2226/2425/1854 1573/1945/1342 510/1944/459
f 512/2206/461 1574/2241/1343 2227/2427/1855 1570/2420/1339
f 1574/2241/1343 515/2009/464 1575/2428/1344 2227/2427/1855
f 2227/2429/1855 1575/2430/1344 517/2431/466 1576/2432/1345
f 1570/2422/1339 2227/2429/1855 1576/2432/1345 514/2423/463
f 514/2423/463 1576/2432/1345 2228/2433/1856 1572/2426/1341
f 1576/2432/1345 517/2431/466 1577/2434/1346 2228/2433/1856
f 2228/2433/1856 1577/2434/1346 516/2025/465 1578/2024/1347
f 1572/2426/1341 2228/2433/1856 1578/2024/1347 513/1946/462
f 528/2001/477 1580/1999/1349 2229/2435/1857 1579/2436/1348
f 1580/1999/1349 279/762/250 1061/1227/914 2229/2435/1857
f 2229/2437/1857 1061/1226/914 280/1225/251 1581/2438/1350
f 1579/2439/1348 2229/2437/1857 1581/2438/1350 529/2440/478
f 529/2440/478 1581/2438/1350 2230/2441/1858 1582/2442/1351
f 1581/2438/1350 280/1225/251 1064/1230/917 2230/2441/1858
f 2230/2441/1858 1064/1230/917 278/1030/249 1583/2253/1352
f 1582/2442/1351 2230/2441/1858 1583/2253/1352 527/2225/476
f 525/1955/474 1585/2088/1354 2231/2443/1859 1584/2444/1353
f 1585/2088/1354 276/861/247 1068/1236/921 2231/2443/1859
f 2231/2443/1859 1068/1236/921 277/1235/248 1586/2445/1355
f 1584/2444/1353 2231/2443/1859 1586/2445/1355 526/2446/475
f 526/2446/475 1586/2445/1355 2232/2447/1860 1587/2448/1356
f 1586/2445/1355 277/1235/248 1071/1242/924 2232/2447/1860
f 2232/2449/1860 1071/1241/924 275/840/246 1588/2064/1357
f 1587/2450/1356 2232/2449/1860 1588/2064/1357 524/2063/473
f 522/2005/471 1590/2060/1359 2233/2451/1861 1589/2452/1358
f 1590/2060/1359 528/2001/477 1579/2436/1348 2233/2451/1861
f 2233/2453/1861 1579/2439/1348 529/2440/478 1591/2454/1360
f 1589/2455/1358 2233/2453/1861 1591/2454/1360 523/2456/472
f 523/2456/472 1591/2454/1360 2234/2457/1862 1592/2458/1361
f 1591/2454/1360 529/2440/478 1582/2442/1351 2234/2457/1862
f 2234/2457/1862 1582/2442/1351 527/2225/476 1593/2224/1362
f 1592/2458/1361 2234/2457/1862 1593/2224/1362 521/2107/470
f 519/1947/468 1595/1950/1364 2235/2459/1863 1594/2460/1363
f 1595/1950/1364 525/1955/474 1584/2444/1353 2235/2459/1863
f 2235/2459/1863 1584/2444/1353 526/2446/475 1596/2461/1365
f 1594/2460/1363 2235/2459/1863 1596/2461/1365 520/2462/469
f 520/2462/469 1596/2461/1365 2236/2463/1864 1597/2464/1366
f 1596/2461/1365 526/2446/475 1587/2448/1356 2236/2463/1864
f 2236/2465/1864 1587/2450/1356 524/2063/473 1598/2274/1367
f 1597/2466/1366 2236/2465/1864 1598/2274/1367 518/1962/467
f 515/2009/464 1599/2006/1368 2237/2467/1865 1575/2428/1344
f 1599/2006/1368 522/2005/471 1589/2452/1358 2237/2467/1865
f 2237/2468/1865 1589/2455/1358 523/2456/472 1600/2469/1369
f 1575/2430/1344 2237/2468/1865 1600/2469/1369 517/2431/466
f 517/2431/466 1600/2469/1369 2238/2470/1866 1577/2434/1346
f 1600/2469/1369 523/2456/472 1592/2458/1361 2238/2470/1866
f 2238/2470/1866 1592/2458/1361 521/2107/470 1601/2105/1370
f 1577/2434/1346 2238/2470/1866 1601/2105/1370 516/2025/465
f 531/2084/480 1603/2083/1372 2239/2471/1867 1602/2472/1371
f 1603/2083/1372 533/2069/482 1604/2473/1373 2239/2471/1867
f 2239/2471/1867 1604/2473/1373 535/2474/484 1605/2475/1374
f 1602/2472/1371 2239/2471/1867 1605/2475/1374 532/2476/481
f 532/2476/481 1605/2475/1374 2240/2477/1868 1606/2478/1375
f 1605/2475/1374 535/2474/484 1607/2479/1376 2240/2477/1868
f 2240/2480/1868 1607/2481/1376 534/2260/483 1608/2263/1377
f 1606/2482/1375 2240/2480/1868 1608/2263/1377 530/2115/479
f 539/2111/488 1609/2483/1378 2241/2484/1869 1647/2485/1414
f 1609/2483/1378 501/2270/450 1552/2390/1324 2241/2484/1869
f 2241/2486/1869 1552/2396/1324 502/2397/451 1644/2487/1411
f 1647/2488/1414 2241/2486/1869 1644/2487/1411 540/2489/489
f 540/2489/489 1644/2487/1411 2242/2490/1870 1646/2491/1413
f 1644/2487/1411 502/2397/451 1556/2399/1328 2242/2490/1870
f 2242/2490/1870 1556/2399/1328 500/2402/449 1645/2492/1412
f 1646/2491/1413 2242/2490/1870 1645/2492/1412 541/2259/490
f 533/2069/482 1612/2072/1381 2243/2493/1871 1604/2473/1373
f 1612/2072/1381 519/1947/468 1594/2460/1363 2243/2493/1871
f 2243/2493/1871 1594/2460/1363 520/2462/469 1613/2494/1382
f 1604/2473/1373 2243/2493/1871 1613/2494/1382 535/2474/484
f 535/2474/484 1613/2494/1382 2244/2495/1872 1607/2479/1376
f 1613/2494/1382 520/2462/469 1597/2464/1366 2244/2495/1872
f 2244/2496/1872 1597/2466/1366 518/1962/467 1614/1961/1383
f 1607/2497/1376 2244/2496/1872 1614/1961/1383 534/1960/483
f 492/2229/441 1498/2498/1274 2245/2499/1873 1615/2230/1384
f 1498/2498/1274 484/2500/433 1616/2501/1385 2245/2499/1873
f 2245/2499/1873 1616/2501/1385 500/2402/449 1558/2401/1330
f 1615/2230/1384 2245/2499/1873 1558/2401/1330 504/2231/453
f 532/2476/481 1610/2502/1379 2246/2503/1874 1602/2472/1371
f 1610/2502/1379 540/2489/489 1646/2491/1413 2246/2503/1874
f 2246/2503/1874 1646/2491/1413 541/2259/490 1611/2258/1380
f 1602/2472/1371 2246/2503/1874 1611/2258/1380 531/2084/480
f 530/2115/479 1643/2112/1410 2247/2504/1875 1606/2482/1375
f 1643/2112/1410 539/2111/488 1647/2485/1414 2247/2504/1875
f 2247/2505/1875 1647/2488/1414 540/2489/489 1610/2502/1379
f 1606/2478/1375 2247/2505/1875 1610/2502/1379 532/2476/481
f 483/2172/432 1641/2506/1408 2248/2507/1267 1497/2342/1273
f 1641/2506/1408 537/2216/486 1648/2358/1415 2248/2507/1267
f 2248/2507/1267 1648/2358/1415 538/2360/487 1510/2508/1286
f 1497/2342/1273 2248/2507/1267 1510/2508/1286 484/2339/433
f 484/2500/433 1510/2509/1286 2249/2510/1876 1616/2501/1385
f 1510/2509/1286 538/2254/487 1649/2257/1416 2249/2510/1876
f 2249/2510/1876 1649/2257/1416 541/2259/490 1645/2492/1412
f 1616/2501/1385 2249/2510/1876 1645/2492/1412 500/2402/449
f 483/2172/432 1537/2175/1309 2250/2511/1877 1641/2506/1408
f 1537/2175/1309 323/1579/287 1395/1935/287 2250/2511/1877
f 2250/2511/1877 1395/1935/287 421/1632/377 1650/2217/1417
f 1641/2506/1408 2250/2511/1877 1650/2217/1417 537/2216/486
f 501/2270/450 1609/2483/1378 2251/2512/1878 1618/2271/1387
f 1609/2483/1378 539/2111/488 1651/2114/1418 2251/2512/1878
f 2251/2512/1878 1651/2114/1418 536/2119/485 1439/2513/398
f 1618/2271/1387 2251/2512/1878 1439/2513/398 445/2272/398
f 557/2514/506 1690/2515/1457 2252/2516/1879 1718/2517/1485
f 1690/2515/1457 585/76/534 1719/79/1486 2252/2516/1879
f 2252/2516/1879 1719/79/1486 548/84/497 1655/2518/1422
f 1718/2517/1485 2252/2516/1879 1655/2518/1422 552/2519/501
f 565/2520/514 1683/2521/1450 2253/2522/1880 1723/2523/1490
f 1683/2521/1450 581/1367/530 1724/1370/1491 2253/2522/1880
f 2253/2522/1880 1724/1370/1491 17/65/15 614/64/550
f 1723/2523/1490 2253/2522/1880 614/64/550 544/63/493
f 580/2524/529 1677/2525/1444 2254/2526/1881 1725/2527/1492
f 1677/2525/1444 564/67/513 1722/70/1489 2254/2526/1881
f 2254/2526/1881 1722/70/1489 553/75/502 1654/2528/1421
f 1725/2527/1492 2254/2526/1881 1654/2528/1421 549/2529/498
f 560/71/509 1661/2530/1428 2255/2531/1882 1721/72/1488
f 1661/2530/1428 557/2514/506 1718/2517/1485 2255/2531/1882
f 2255/2531/1882 1718/2517/1485 552/2519/501 1652/2532/1419
f 1721/72/1488 2255/2531/1882 1652/2532/1419 550/73/499
f 573/2533/522 1707/2534/1474 2256/2535/1883 1727/2536/1494
f 1707/2534/1474 577/2537/526 1730/2538/1497 2256/2535/1883
f 2256/2535/1883 1730/2538/1497 555/2539/504 1657/2540/1424
f 1727/2536/1494 2256/2535/1883 1657/2540/1424 551/2541/500
f 577/2537/526 1711/2542/1478 2257/2543/1884 1730/2538/1497
f 1711/2542/1478 580/2524/529 1725/2527/1492 2257/2543/1884
f 2257/2543/1884 1725/2527/1492 549/2529/498 1658/2544/1425
f 1730/2538/1497 2257/2543/1884 1658/2544/1425 555/2539/504
f 572/2545/521 1692/2546/1459 2258/2547/1885 1729/2548/1496
f 1692/2546/1459 569/1359/518 1728/1362/1495 2258/2547/1885
f 2258/2547/1885 1728/1362/1495 545/1366/494 1148/1434/996
f 1729/2548/1496 2258/2547/1885 1148/1434/996 546/1429/495
f 568/80/517 1700/2549/1467 2259/2550/1886 1726/81/1493
f 1700/2551/1467 573/2533/522 1727/2536/1494 2259/2552/1886
f 2259/2552/1886 1727/2536/1494 551/2541/500 1656/2553/1423
f 1726/81/1493 2259/2550/1886 1656/2554/1423 554/82/503
f 576/1371/525 1701/2555/1468 2260/2556/1887 1731/1372/1498
f 1701/2555/1468 572/2545/521 1729/2548/1496 2260/2556/1887
f 2260/2556/1887 1729/2548/1496 546/1429/495 1149/1428/997
f 1731/1372/1498 2260/2556/1887 1149/1428/997 547/1358/496
f 584/1363/533 1684/2557/1451 2261/2558/1888 1720/1364/1487
f 1684/2557/1451 556/2559/505 1716/2560/1483 2261/2558/1888
f 2261/2558/1888 1716/2560/1483 542/154/491 615/396/551
f 1720/1364/1487 2261/2558/1888 615/396/551 16/400/14
f 561/2561/510 1676/2562/1443 2262/2563/1889 1717/2564/1484
f 1676/2562/1443 565/2520/514 1723/2523/1490 2262/2563/1889
f 2262/2563/1889 1723/2523/1490 544/63/493 598/149/544
f 1717/2564/1484 2262/2563/1889 598/149/544 543/148/492
f 557/2514/506 1661/2530/1428 2263/2565/1890 1660/2566/1427
f 1661/2530/1428 560/71/509 1662/2567/1429 2263/2565/1890
f 2263/2565/1890 1662/2567/1429 562/2568/511 1663/2569/1430
f 1660/2566/1427 2263/2565/1890 1663/2569/1430 559/2570/508
f 559/2570/508 1663/2569/1430 2264/2571/1891 1664/2572/1431
f 1663/2569/1430 562/2568/511 1665/2573/1432 2264/2571/1891
f 2264/2574/1891 1665/2575/1432 563/2576/512 1666/2577/1433
f 1664/2578/1431 2264/2574/1891 1666/2577/1433 558/2579/507
f 558/2579/507 1666/2577/1433 2265/2580/1892 1667/2581/1434
f 1666/2577/1433 563/2576/512 1668/2582/1435 2265/2580/1892
f 2265/2580/1892 1668/2582/1435 561/2561/510 1669/2583/1436
f 1667/2581/1434 2265/2580/1892 1669/2583/1436 556/2559/505
f 560/71/509 1670/68/1437 2266/2584/1893 1662/2567/1429
f 1670/68/1437 564/67/513 1671/2585/1438 2266/2584/1893
f 2266/2584/1893 1671/2585/1438 566/2586/515 1672/2587/1439
f 1662/2567/1429 2266/2584/1893 1672/2587/1439 562/2568/511
f 562/2568/511 1672/2587/1439 2267/2588/1894 1665/2573/1432
f 1672/2587/1439 566/2586/515 1673/2589/1440 2267/2588/1894
f 2267/2590/1894 1673/2591/1440 567/2592/516 1674/2593/1441
f 1665/2575/1432 2267/2590/1894 1674/2593/1441 563/2576/512
f 563/2576/512 1674/2593/1441 2268/2594/1895 1668/2582/1435
f 1674/2593/1441 567/2592/516 1675/2595/1442 2268/2594/1895
f 2268/2594/1895 1675/2595/1442 565/2520/514 1676/2562/1443
f 1668/2582/1435 2268/2594/1895 1676/2562/1443 561/2561/510
f 564/67/513 1677/2525/1444 2269/2596/1896 1671/2585/1438
f 1677/2525/1444 580/2524/529 1678/2597/1445 2269/2596/1896
f 2269/2596/1896 1678/2597/1445 582/2598/531 1679/2599/1446
f 1671/2585/1438 2269/2596/1896 1679/2599/1446 566/2586/515
f 566/2586/515 1679/2599/1446 2270/2600/1897 1673/2589/1440
f 1679/2599/1446 582/2598/531 1680/2601/1447 2270/2600/1897
f 2270/2602/1897 1680/2603/1447 583/2604/532 1681/2605/1448
f 1673/2591/1440 2270/2602/1897 1681/2605/1448 567/2592/516
f 567/2592/516 1681/2605/1448 2271/2606/1898 1675/2595/1442
f 1681/2605/1448 583/2604/532 1682/2607/1449 2271/2606/1898
f 2271/2606/1898 1682/2607/1449 581/1367/530 1683/2521/1450
f 1675/2595/1442 2271/2606/1898 1683/2521/1450 565/2520/514
f 556/2559/505 1684/2557/1451 2272/2608/1899 1667/2581/1434
f 1684/2557/1451 584/1363/533 1685/2609/1452 2272/2608/1899
f 2272/2608/1899 1685/2609/1452 586/2610/535 1686/2611/1453
f 1667/2581/1434 2272/2608/1899 1686/2611/1453 558/2579/507
f 558/2579/507 1686/2611/1453 2273/2612/1900 1664/2578/1431
f 1686/2611/1453 586/2610/535 1687/2613/1454 2273/2612/1900
f 2273/2614/1900 1687/2615/1454 587/2616/536 1688/2617/1455
f 1664/2572/1431 2273/2614/1900 1688/2617/1455 559/2570/508
f 559/2570/508 1688/2617/1455 2274/2618/1901 1660/2566/1427
f 1688/2617/1455 587/2616/536 1689/2619/1456 2274/2618/1901
f 2274/2618/1901 1689/2619/1456 585/76/534 1690/2515/1457
f 1660/2566/1427 2274/2618/1901 1690/2515/1457 557/2514/506
f 569/1359/518 1692/2546/1459 2275/2620/1902 1691/2621/1458
f 1692/2546/1459 572/2545/521 1693/2622/1460 2275/2620/1902
f 2275/2620/1902 1693/2622/1460 574/2623/523 1694/2624/1461
f 1691/2621/1458 2275/2620/1902 1694/2624/1461 571/2625/520
f 571/2625/520 1694/2624/1461 2276/2626/1903 1695/2627/1462
f 1694/2624/1461 574/2623/523 1696/2628/1463 2276/2626/1903
f 2276/2629/1903 1696/2630/1463 575/2631/524 1697/2632/1464
f 1695/2633/1462 2276/2634/1903 1697/2635/1464 570/2636/519
f 570/2636/519 1697/2635/1464 2277/2637/1904 1698/2638/1465
f 1697/2632/1464 575/2631/524 1699/2639/1466 2277/2640/1904
f 2277/2640/1904 1699/2639/1466 573/2533/522 1700/2551/1467
f 1698/2638/1465 2277/2637/1904 1700/2549/1467 568/80/517
f 572/2545/521 1701/2555/1468 2278/2641/1905 1693/2622/1460
f 1701/2555/1468 576/1371/525 1702/2642/1469 2278/2641/1905
f 2278/2641/1905 1702/2642/1469 578/2643/527 1703/2644/1470
f 1693/2622/1460 2278/2641/1905 1703/2644/1470 574/2623/523
f 574/2623/523 1703/2644/1470 2279/2645/1906 1696/2628/1463
f 1703/2644/1470 578/2643/527 1704/2646/1471 2279/2645/1906
f 2279/2647/1906 1704/2648/1471 579/2649/528 1705/2650/1472
f 1696/2630/1463 2279/2647/1906 1705/2650/1472 575/2631/524
f 575/2631/524 1705/2650/1472 2280/2651/1907 1699/2639/1466
f 1705/2650/1472 579/2649/528 1706/2652/1473 2280/2651/1907
f 2280/2651/1907 1706/2652/1473 577/2537/526 1707/2534/1474
f 1699/2639/1466 2280/2651/1907 1707/2534/1474 573/2533/522
f 576/1371/525 1708/1368/1475 2281/2653/1908 1702/2642/1469
f 1708/1368/1475 581/1367/530 1682/2607/1449 2281/2653/1908
f 2281/2653/1908 1682/2607/1449 583/2604/532 1709/2654/1476
f 1702/2642/1469 2281/2653/1908 1709/2654/1476 578/2643/527
f 578/2643/527 1709/2654/1476 2282/2655/1909 1704/2646/1471
f 1709/2654/1476 583/2604/532 1680/2603/1447 2282/2655/1909
f 2282/2656/1909 1680/2601/1447 582/2598/531 1710/2657/1477
f 1704/2648/1471 2282/2656/1909 1710/2657/1477 579/2649/528
f 579/2649/528 1710/2657/1477 2283/2658/1910 1706/2652/1473
f 1710/2657/1477 582/2598/531 1678/2597/1445 2283/2658/1910
f 2283/2658/1910 1678/2597/1445 580/2524/529 1711/2542/1478
f 1706/2652/1473 2283/2658/1910 1711/2542/1478 577/2537/526
f 568/80/517 1712/77/1479 2284/2659/1911 1698/2638/1465
f 1712/77/1479 585/76/534 1689/2619/1456 2284/2659/1911
f 2284/2659/1911 1689/2619/1456 587/2616/536 1713/2660/1480
f 1698/2638/1465 2284/2659/1911 1713/2660/1480 570/2636/519
f 570/2636/519 1713/2660/1480 2285/2661/1912 1695/2633/1462
f 1713/2660/1480 587/2616/536 1687/2615/1454 2285/2661/1912
f 2285/2662/1912 1687/2613/1454 586/2610/535 1714/2663/1481
f 1695/2627/1462 2285/2662/1912 1714/2663/1481 571/2625/520
f 571/2625/520 1714/2663/1481 2286/2664/1913 1691/2621/1458
f 1714/2663/1481 586/2610/535 1685/2609/1452 2286/2664/1913
f 2286/2664/1913 1685/2609/1452 584/1363/533 1715/1360/1482
f 1691/2621/1458 2286/2664/1913 1715/1360/1482 569/1359/518
f 556/2559/505 1669/2583/1436 2287/2665/1914 1716/2560/1483
f 1669/2583/1436 561/2561/510 1717/2564/1484 2287/2665/1914
f 2287/2665/1914 1717/2564/1484 543/148/492 597/155/543
f 1716/2560/1483 2287/2665/1914 597/155/543 542/154/491
f 2295/2666/1922 2327/2667/1953 2381/2668/2007 2376/2669/2002
f 2327/2667/1953 2289/2670/1916 2377/2671/2003 2381/2668/2007
f 2381/2668/2007 2377/2671/2003 2301/2672/1927 2363/2673/1989
f 2376/2669/2002 2381/2668/2007 2363/2673/1989 2318/2674/1944
f 2292/2675/1919 2324/2676/1950 2382/2677/2008 2374/2678/2000
f 2324/2676/1950 2288/2679/1915 2371/2680/1997 2382/2677/2008
f 2382/2677/2008 2371/2680/1997 2297/2681/1923 2346/2682/1972
f 2374/2678/2000 2382/2677/2008 2346/2682/1972 2309/2683/1935
f 2312/2684/1938 2336/2685/1962 2383/2686/2009 2341/2687/1967
f 2336/2685/1962 2303/2688/1929 2373/2689/1999 2383/2686/2009
f 2383/2686/2009 2373/2689/1999 2296/2690/17 2375/2691/2001
f 2341/2687/1967 2383/2686/2009 2375/2691/2001 2300/2692/1926
f 2288/2679/1915 2328/2693/1954 2384/2694/2010 2371/2680/1997
f 2328/2693/1954 2294/2695/1921 2372/2696/1998 2384/2694/2010
f 2384/2694/2010 2372/2696/1998 2316/2697/1942 2368/2698/1994
f 2371/2680/1997 2384/2694/2010 2368/2698/1994 2297/2681/1923
f 2289/2670/1916 2323/2699/1949 2385/2700/2011 2377/2671/2003
f 2323/2699/1949 2293/2701/1920 2378/2702/2004 2385/2700/2011
f 2385/2700/2011 2378/2702/2004 2313/2703/1939 2345/2704/1971
f 2377/2671/2003 2385/2700/2011 2345/2704/1971 2301/2672/1927
f 2291/2705/1918 2326/2706/1952 2386/2707/2012 2380/2708/2006
f 2326/2706/1952 2295/2666/1922 2376/2669/2002 2386/2707/2012
f 2386/2707/2012 2376/2669/2002 2318/2674/1944 2358/2709/1984
f 2380/2708/2006 2386/2707/2012 2358/2709/1984 2306/2710/1932
f 2290/2711/1917 2321/2712/1947 2387/2713/2013 2379/2714/2005
f 2321/2712/1947 2292/2675/1919 2374/2678/2000 2387/2713/2013
f 2387/2713/2013 2374/2678/2000 2309/2683/1935 2335/2715/1961
f 2379/2714/2005 2387/2713/2013 2335/2715/1961 2304/2716/1930
f 2293/2701/1920 2322/2717/1948 2388/2718/2014 2378/2702/2004
f 2322/2717/1948 2290/2719/1917 2379/2720/2005 2388/2718/2014
f 2388/2718/2014 2379/2720/2005 2304/2721/1930 2340/2722/1966
f 2378/2702/2004 2388/2718/2014 2340/2722/1966 2313/2703/1939
f 2303/2688/1929 2330/2723/1956 2389/2724/2015 2373/2689/1999
f 2330/2723/1956 2310/2725/1936 2350/2726/1976 2389/2724/2015
f 2389/2724/2015 2350/2726/1976 2298/2727/1924 2370/2728/1996
f 2373/2689/1999 2389/2724/2015 2370/2728/1996 2296/2690/17
f 2319/2729/1945 2365/2730/1991 2390/2731/2016 2362/2732/1988
f 2365/2730/1991 2300/2692/1926 2375/2691/2001 2390/2731/2016
f 2390/2731/2016 2375/2691/2001 2296/2690/17 2369/2733/1995
f 2362/2732/1988 2390/2731/2016 2369/2733/1995 2307/2734/1933
f 2294/2695/1921 2325/2735/1951 2391/2736/2017 2372/2696/1998
f 2325/2735/1951 2291/2705/1918 2380/2708/2006 2391/2736/2017
f 2391/2736/2017 2380/2708/2006 2306/2710/1932 2352/2737/1978
f 2372/2696/1998 2391/2736/2017 2352/2737/1978 2316/2697/1942
f 2310/2725/1936 2330/2723/1956 2392/2738/2018 2329/2739/1955
f 2330/2723/1956 2303/2688/1929 2331/2740/1957 2392/2738/2018
f 2392/2738/2018 2331/2740/1957 2305/2741/1931 2332/2742/1958
f 2329/2739/1955 2392/2738/2018 2332/2742/1958 2311/2743/1937
f 2311/2743/1937 2332/2742/1958 2393/2744/2019 2333/2745/1959
f 2332/2742/1958 2305/2741/1931 2334/2746/1960 2393/2744/2019
f 2393/2747/2019 2334/2748/1960 2304/2716/1930 2335/2715/1961
f 2333/2749/1959 2393/2747/2019 2335/2715/1961 2309/2683/1935
f 2303/2688/1929 2336/2685/1962 2394/2750/2020 2331/2740/1957
f 2336/2685/1962 2312/2684/1938 2337/2751/1963 2394/2750/2020
f 2394/2750/2020 2337/2751/1963 2314/2752/1940 2338/2753/1964
f 2331/2740/1957 2394/2750/2020 2338/2753/1964 2305/2741/1931
f 2305/2741/1931 2338/2753/1964 2395/2754/2021 2334/2746/1960
f 2338/2753/1964 2314/2752/1940 2339/2755/1965 2395/2754/2021
f 2395/2756/2021 2339/2757/1965 2313/2703/1939 2340/2722/1966
f 2334/2758/1960 2395/2756/2021 2340/2722/1966 2304/2721/1930
f 2312/2684/1938 2341/2687/1967 2396/2759/2022 2337/2751/1963
f 2341/2687/1967 2300/2692/1926 2342/2760/1968 2396/2759/2022
f 2396/2759/2022 2342/2760/1968 2302/2761/1928 2343/2762/1969
f 2337/2751/1963 2396/2759/2022 2343/2762/1969 2314/2752/1940
f 2314/2752/1940 2343/2762/1969 2397/2763/2023 2339/2755/1965
f 2343/2762/1969 2302/2761/1928 2344/2764/1970 2397/2763/2023
f 2397/2765/2023 2344/2766/1970 2301/2672/1927 2345/2704/1971
f 2339/2757/1965 2397/2765/2023 2345/2704/1971 2313/2703/1939
f 2309/2683/1935 2346/2682/1972 2398/2767/2024 2333/2749/1959
f 2346/2682/1972 2297/2681/1923 2347/2768/1973 2398/2767/2024
f 2398/2769/2024 2347/2770/1973 2299/2771/1925 2348/2772/1974
f 2333/2745/1959 2398/2769/2024 2348/2772/1974 2311/2743/1937
f 2311/2743/1937 2348/2772/1974 2399/2773/2025 2329/2739/1955
f 2348/2772/1974 2299/2771/1925 2349/2774/1975 2399/2773/2025
f 2399/2773/2025 2349/2774/1975 2298/2727/1924 2350/2726/1976
f 2329/2739/1955 2399/2773/2025 2350/2726/1976 2310/2725/1936
f 2316/2697/1942 2352/2737/1978 2400/2775/2026 2351/2776/1977
f 2352/2737/1978 2306/2710/1932 2353/2777/1979 2400/2775/2026
f 2400/2778/2026 2353/2779/1979 2308/2780/1934 2354/2781/1980
f 2351/2782/1977 2400/2778/2026 2354/2781/1980 2317/2783/1943
f 2317/2783/1943 2354/2781/1980 2401/2784/2027 2355/2785/1981
f 2354/2781/1980 2308/2780/1934 2356/2786/1982 2401/2784/2027
f 2401/2784/2027 2356/2786/1982 2307/2734/1933 2357/2787/1983
f 2355/2785/1981 2401/2784/2027 2357/2787/1983 2315/2788/1941
f 2306/2710/1932 2358/2709/1984 2402/2789/2028 2353/2777/1979
f 2358/2709/1984 2318/2674/1944 2359/2790/1985 2402/2789/2028
f 2402/2791/2028 2359/2792/1985 2320/2793/1946 2360/2794/1986
f 2353/2779/1979 2402/2791/2028 2360/2794/1986 2308/2780/1934
f 2308/2780/1934 2360/2794/1986 2403/2795/2029 2356/2786/1982
f 2360/2794/1986 2320/2793/1946 2361/2796/1987 2403/2795/2029
f 2403/2795/2029 2361/2796/1987 2319/2729/1945 2362/2732/1988
f 2356/2786/1982 2403/2795/2029 2362/2732/1988 2307/2734/1933
f 2318/2674/1944 2363/2673/1989 2404/2797/2030 2359/2790/1985
f 2363/2673/1989 2301/2672/1927 2344/2766/1970 2404/2797/2030
f 2404/2798/2030 2344/2764/1970 2302/2761/1928 2364/2799/1990
f 2359/2792/1985 2404/2798/2030 2364/2799/1990 2320/2793/1946
f 2320/2793/1946 2364/2799/1990 2405/2800/2031 2361/2796/1987
f 2364/2799/1990 2302/2761/1928 2342/2760/1968 2405/2800/2031
f 2405/2800/2031 2342/2760/1968 2300/2692/1926 2365/2730/1991
f 2361/2796/1987 2405/2800/2031 2365/2730/1991 2319/2729/1945
f 2315/2788/1941 2366/2801/1992 2406/2802/2032 2355/2785/1981
f 2366/2801/1992 2298/2727/1924 2349/2774/1975 2406/2802/2032
f 2406/2802/2032 2349/2774/1975 2299/2771/1925 2367/2803/1993
f 2355/2785/1981 2406/2802/2032 2367/2803/1993 2317/2783/1943
f 2317/2783/1943 2367/2803/1993 2407/2804/2033 2351/2782/1977
f 2367/2803/1993 2299/2771/1925 2347/2770/1973 2407/2804/2033
f 2407/2805/2033 2347/2768/1973 2297/2681/1923 2368/2698/1994
f 2351/2776/1977 2407/2805/2033 2368/2698/1994 2316/2697/1942
f 2307/2734/1933 2369/2733/1995 2408/2806/2034 2357/2787/1983
f 2369/2733/1995 2296/2690/17 2370/2728/1996 2408/2806/2034
f 2408/2806/2034 2370/2728/1996 2298/2727/1924 2366/2801/1992
f 2357/2787/1983 2408/2806/2034 2366/2801/1992 2315/2788/1941
f 2409/2807/287 2443/2808/287 2489/2809/2047 2441/2810/2047
f 2443/2808/287 2410/2811/287 2442/2812/2047 2489/2809/2047
f 2489/2809/2047 2442/2812/2047 2412/2813/2035 2444/2814/2035
f 2441/2810/2047 2489/2809/2047 2444/2814/2035 2411/2815/2035
f 2411/2815/2035 2444/2814/2035 2490/2816/2048 2445/2817/2048
f 2444/2814/2035 2412/2813/2035 2446/2818/2048 2490/2816/2048
f 2490/2816/2048 2446/2818/2048 2414/2819/2036 2447/2820/2036
f 2445/2817/2048 2490/2816/2048 2447/2820/2036 2413/2821/2036
f 2413/2821/2036 2447/2820/2036 2491/2822/2049 2448/2823/2049
f 2447/2820/2036 2414/2819/2036 2449/2824/2049 2491/2822/2049
f 2491/2822/2049 2449/2824/2049 2416/2825/2037 2450/2826/2037
f 2448/2823/2049 2491/2822/2049 2450/2826/2037 2415/2827/2037
f 2415/2827/2037 2450/2826/2037 2492/2828/1219 2451/2829/1219
f 2450/2826/2037 2416/2825/2037 2452/2830/1219 2492/2828/1219
f 2492/2828/1219 2452/2830/1219 2418/2831/156 2453/2832/156
f 2451/2829/1219 2492/2828/1219 2453/2832/156 2417/2833/156
f 2417/2833/156 2453/2832/156 2493/2834/780 2454/2835/780
f 2453/2832/156 2418/2831/156 2455/2836/780 2493/2834/780
f 2493/2834/780 2455/2836/780 2420/2837/2038 2456/2838/2038
f 2454/2835/780 2493/2834/780 2456/2838/2038 2419/2839/2038
f 2419/2839/2038 2456/2838/2038 2494/2840/2050 2457/2841/2050
f 2456/2838/2038 2420/2837/2038 2458/2842/2050 2494/2840/2050
f 2494/2840/2050 2458/2842/2050 2422/2843/2039 2459/2844/2039
f 2457/2841/2050 2494/2840/2050 2459/2844/2039 2421/2845/2039
f 2421/2845/2039 2459/2844/2039 2495/2846/2051 2460/2847/2051
f 2459/2844/2039 2422/2843/2039 2461/2848/2051 2495/2846/2051
f 2495/2846/2051 2461/2848/2051 2424/2849/2040 2462/2850/2040
f 2460/2847/2051 2495/2846/2051 2462/2850/2040 2423/2851/2040
f 2423/2851/2040 2462/2850/2040 2496/2852/2052 2463/2853/2052
f 2462/2850/2040 2424/2849/2040 2464/2854/2052 2496/2852/2052
f 2496/2852/2052 2464/2854/2052 2426/2855/32 2465/2856/32
f 2463/2853/2052 2496/2852/2052 2465/2856/32 2425/2857/32
f 2425/2857/32 2465/2856/32 2497/2858/2053 2466/2859/2053
f 2465/2856/32 2426/2855/32 2467/2860/2053 2497/2858/2053
f 2497/2858/2053 2467/2860/2053 2428/2861/2041 2468/2862/2041
f 2466/2859/2053 2497/2858/2053 2468/2862/2041 2427/2863/2041
f 2427/2863/2041 2468/2862/2041 2498/2864/2054 2469/2865/2054
f 2468/2862/2041 2428/2861/2041 2470/2866/2054 2498/2864/2054
f 2498/2864/2054 2470/2866/2054 2430/2867/2042 2471/2868/2042
f 2469/2865/2054 2498/2864/2054 2471/2868/2042 2429/2869/2042
f 2429/2869/2042 2471/2868/2042 2499/2870/2055 2472/2871/2055
f 2471/2868/2042 2430/2867/2042 2473/2872/2055 2499/2870/2055
f 2499/2870/2055 2473/2872/2055 2432/2873/2043 2474/2874/2043
f 2472/2871/2055 2499/2870/2055 2474/2874/2043 2431/2875/2043
f 2431/2875/2043 2474/2874/2043 2500/2876/548 2475/2877/548
f 2474/2874/2043 2432/2873/2043 2476/2878/548 2500/2876/548
f 2500/2876/548 2476/2878/548 2434/2879/17 2477/2880/17
f 2475/2877/548 2500/2876/548 2477/2880/17 2433/2881/17
f 2433/2881/17 2477/2880/17 2501/2882/1000 2478/2883/1000
f 2477/2880/17 2434/2879/17 2479/2884/1000 2501/2882/1000
f 2501/2882/1000 2479/2884/1000 2436/2885/2044 2480/2886/2044
f 2478/2883/1000 2501/2882/1000 2480/2886/2044 2435/2887/2044
f 2435/2887/2044 2480/2886/2044 2502/2888/2056 2481/2889/2056
f 2480/2886/2044 2436/2885/2044 2482/2890/2056 2502/2888/2056
f 2502/2888/2056 2482/2890/2056 2438/2891/2045 2483/2892/2045
f 2481/2889/2056 2502/2888/2056 2483/2892/2045 2437/2893/2045
f 2437/2893/2045 2483/2892/2045 2503/2894/2057 2484/2895/2057
f 2483/2892/2045 2438/2891/2045 2485/2896/2057 2503/2894/2057
f 2503/2894/2057 2485/2896/2057 2440/2897/2046 2486/2898/2046
f 2484/2895/2057 2503/2894/2057 2486/2898/2046 2439/2899/2046
f 2439/2899/2046 2486/2898/2046 2504/2900/2058 2487/2901/2058
f 2486/2898/2046 2440/2897/2046 2488/2902/2058 2504/2900/2058
f 2504/2900/2058 2488/2902/2058 2410/2903/287 2443/2904/287
f 2487/2901/2058 2504/2900/2058 2443/2904/287 2409/2905/287
f 2505/2906/287 2539/2907/287 2585/2908/2047 2537/2909/2047
f 2539/2907/287 2506/2910/287 2538/2911/2047 2585/2908/2047
f 2585/2908/2047 2538/2911/2047 2508/2912/2035 2540/2913/2035
f 2537/2909/2047 2585/2908/2047 2540/2913/2035 2507/2914/2035
f 2507/2914/2035 2540/2913/2035 2586/2915/2048 2541/2916/2048
f 2540/2913/2035 2508/2912/2035 2542/2917/2048 2586/2915/2048
f 2586/2915/2048 2542/2917/2048 2510/2918/2036 2543/2919/2036
f 2541/2916/2048 2586/2915/2048 2543/2919/2036 2509/2920/2036
f 2509/2920/2036 2543/2919/2036 2587/2921/2049 2544/2922/2049
f 2543/2919/2036 2510/2918/2036 2545/2923/2049 2587/2921/2049
f 2587/2921/2049 2545/2923/2049 2512/2924/2037 2546/2925/2037
f 2544/2922/2049 2587/2921/2049 2546/2925/2037 2511/2926/2037
f 2511/2926/2037 2546/2925/2037 2588/2927/1219 2547/2928/1219
f 2546/2925/2037 2512/2924/2037 2548/2929/1219 2588/2927/1219
f 2588/2927/1219 2548/2929/1219 2514/2930/156 2549/2931/156
f 2547/2928/1219 2588/2927/1219 2549/2931/156 2513/2932/156
f 2513/2932/156 2549/2931/156 2589/2933/780 2550/2934/780
f 2549/2931/156 2514/2930/156 2551/2935/780 2589/2933/780
f 2589/2933/780 2551/2935/780 2516/2936/2038 2552/2937/2038
f 2550/2934/780 2589/2933/780 2552/2937/2038 2515/2938/2038
f 2515/2938/2038 2552/2937/2038 2590/2939/2050 2553/2940/2050
f 2552/2937/2038 2516/2936/2038 2554/2941/2050 2590/2939/2050
f 2590/2939/2050 2554/2941/2050 2518/2942/2039 2555/2943/2039
f 2553/2940/2050 2590/2939/2050 2555/2943/2039 2517/2944/2039
f 2517/2944/2039 2555/2943/2039 2591/2945/2051 2556/2946/2051
f 2555/2943/2039 2518/2942/2039 2557/2947/2051 2591/2945/2051
f 2591/2945/2051 2557/2947/2051 2520/2948/2040 2558/2949/2040
f 2556/2946/2051 2591/2945/2051 2558/2949/2040 2519/2950/2040
f 2519/2950/2040 2558/2949/2040 2592/2951/2052 2559/2952/2052
f 2558/2949/2040 2520/2948/2040 2560/2953/2052 2592/2951/2052
f 2592/2951/2052 2560/2953/2052 2522/2954/32 2561/2955/32
f 2559/2952/2052 2592/2951/2052 2561/2955/32 2521/2956/32
f 2521/2956/32 2561/2955/32 2593/2957/2053 2562/2958/2053
f 2561/2955/32 2522/2954/32 2563/2959/2053 2593/2957/2053
f 2593/2957/2053 2563/2959/2053 2524/2960/2041 2564/2961/2041
f 2562/2958/2053 2593/2957/2053 2564/2961/2041 2523/2962/2041
f 2523/2962/2041 2564/2961/2041 2594/2963/2054 2565/2964/2054
f 2564/2961/2041 2524/2960/2041 2566/2965/2054 2594/2963/2054
f 2594/2963/2054 2566/2965/2054 2526/2966/2042 2567/2967/2042
f 2565/2964/2054 2594/2963/2054 2567/2967/2042 2525/2968/2042
f 2525/2968/2042 2567/2967/2042 2595/2969/2055 2568/2970/2055
f 2567/2967/2042 2526/2966/2042 2569/2971/2055 2595/2969/2055
f 2595/2969/2055 2569/2971/2055 2528/2972/2043 2570/2973/2043
f 2568/2970/2055 2595/2969/2055 2570/2973/2043 2527/2974/2043
f 2527/2974/2043 2570/2973/2043 2596/2975/548 2571/2976/548
f 2570/2973/2043 2528/2972/2043 2572/2977/548 2596/2975/548
f 2596/2975/548 2572/2977/548 2530/2978/17 2573/2979/17
f 2571/2976/548 2596/2975/548 2573/2979/17 2529/2980/17
f 2529/2980/17 2573/2979/17 2597/2981/1000 2574/2982/1000
f 2573/2979/17 2530/2978/17 2575/2983/1000 2597/2981/1000
f 2597/2981/1000 2575/2983/1000 2532/2984/2044 2576/2985/2044
f 2574/2982/1000 2597/2981/1000 2576/2985/2044 2531/2986/2044
f 2531/2986/2044 2576/2985/2044 2598/2987/2056 2577/2988/2056
f 2576/2985/2044 2532/2984/2044 2578/2989/2056 2598/2987/2056
f 2598/2987/2056 2578/2989/2056 2534/2990/2045 2579/2991/2045
f 2577/2988/2056 2598/2987/2056 2579/2991/2045 2533/2992/2045
f 2533/2992/2045 2579/2991/2045 2599/2993/2057 2580/2994/2057
f 2579/2991/2045 2534/2990/2045 2581/2995/2057 2599/2993/2057
f 2599/2993/2057 2581/2995/2057 2536/2996/2046 2582/2997/2046
f 2580/2994/2057 2599/2993/2057 2582/2997/2046 2535/2998/2046
f 2535/2998/2046 2582/2997/2046 2600/2999/2058 2583/3000/2058
f 2582/2997/2046 2536/2996/2046 2584/3001/2058 2600/2999/2058
f 2600/2999/2058 2584/3001/2058 2506/3002/287 2539/3003/287
f 2583/3000/2058 2600/2999/2058 2539/3003/287 2505/3004/287
